run_id,environment_id,source_commit,classification,sample_recorded_unix_ns,suite,layer,algorithm,operation,payload_profile,message_bytes,iteration,warmup_iterations,wall_ns,cpu_ns,max_rss_bytes,valid,result,work_units,item_count,public_key_bytes,private_key_bytes,signature_bytes,ciphertext_bytes,shared_secret_bytes,unsigned_serialized_bytes,serialized_bytes,authentication_bytes,notes
local-1786752604326628000,macmini-m2-macos26.5.2-rust1.97.1-aarch64-20260814,9d3ab807a08ef4cf1077dbc23213e2314ce37c87,MEASURED,1786752604327225000,lifecycle,aegis_key_registry,ML-DSA-65,public_key_lookup,registry1,0,0,10,375,2000,6897664,true,found,1,0,1952,0,0,0,0,0,0,0,
local-1786752604326628000,macmini-m2-macos26.5.2-rust1.97.1-aarch64-20260814,9d3ab807a08ef4cf1077dbc23213e2314ce37c87,MEASURED,1786752604327242000,lifecycle,aegis_key_registry,ML-DSA-65,role_authorization_check,registry1,0,0,10,208,1000,6946816,true,authorized,1,0,0,0,0,0,0,0,0,0,
local-1786752604326628000,macmini-m2-macos26.5.2-rust1.97.1-aarch64-20260814,9d3ab807a08ef4cf1077dbc23213e2314ce37c87,MEASURED,1786752604327246000,lifecycle,aegis_key_registry,ML-DSA-65,active_key_check,registry1,0,0,10,84,0,6946816,true,active,1,0,0,0,0,0,0,0,0,0,
local-1786752604326628000,macmini-m2-macos26.5.2-rust1.97.1-aarch64-20260814,9d3ab807a08ef4cf1077dbc23213e2314ce37c87,MEASURED,1786752604327249000,lifecycle,aegis_key_registry,ML-DSA-65,revocation_check,registry1,0,0,10,41,0,6946816,true,not_revoked,1,0,0,0,0,0,0,0,0,0,
local-1786752604326628000,macmini-m2-macos26.5.2-rust1.97.1-aarch64-20260814,9d3ab807a08ef4cf1077dbc23213e2314ce37c87,MEASURED,1786752604327252000,lifecycle,aegis_key_registry,ML-DSA-65,public_key_lookup,registry1,0,1,10,208,0,6946816,true,found,1,0,1952,0,0,0,0,0,0,0,
local-1786752604326628000,macmini-m2-macos26.5.2-rust1.97.1-aarch64-20260814,9d3ab807a08ef4cf1077dbc23213e2314ce37c87,MEASURED,1786752604327255000,lifecycle,aegis_key_registry,ML-DSA-65,role_authorization_check,registry1,0,1,10,42,0,6946816,true,authorized,1,0,0,0,0,0,0,0,0,0,
local-1786752604326628000,macmini-m2-macos26.5.2-rust1.97.1-aarch64-20260814,9d3ab807a08ef4cf1077dbc23213e2314ce37c87,MEASURED,1786752604327257000,lifecycle,aegis_key_registry,ML-DSA-65,active_key_check,registry1,0,1,10,41,0,6946816,true,active,1,0,0,0,0,0,0,0,0,0,
local-1786752604326628000,macmini-m2-macos26.5.2-rust1.97.1-aarch64-20260814,9d3ab807a08ef4cf1077dbc23213e2314ce37c87,MEASURED,1786752604327259000,lifecycle,aegis_key_registry,ML-DSA-65,revocation_check,registry1,0,1,10,0,0,6946816,true,not_revoked,1,0,0,0,0,0,0,0,0,0,
local-1786752604326628000,macmini-m2-macos26.5.2-rust1.97.1-aarch64-20260814,9d3ab807a08ef4cf1077dbc23213e2314ce37c87,MEASURED,1786752604327262000,lifecycle,aegis_key_registry,ML-DSA-65,public_key_lookup,registry1,0,2,10,167,0,6946816,true,found,1,0,1952,0,0,0,0,0,0,0,
local-1786752604326628000,macmini-m2-macos26.5.2-rust1.97.1-aarch64-20260814,9d3ab807a08ef4cf1077dbc23213e2314ce37c87,MEASURED,1786752604327264000,lifecycle,aegis_key_registry,ML-DSA-65,role_authorization_check,registry1,0,2,10,42,0,6946816,true,authorized,1,0,0,0,0,0,0,0,0,0,
local-1786752604326628000,macmini-m2-macos26.5.2-rust1.97.1-aarch64-20260814,9d3ab807a08ef4cf1077dbc23213e2314ce37c87,MEASURED,1786752604327266000,lifecycle,aegis_key_registry,ML-DSA-65,active_key_check,registry1,0,2,10,42,0,6946816,true,active,1,0,0,0,0,0,0,0,0,0,
local-1786752604326628000,macmini-m2-macos26.5.2-rust1.97.1-aarch64-20260814,9d3ab807a08ef4cf1077dbc23213e2314ce37c87,MEASURED,1786752604327268000,lifecycle,aegis_key_registry,ML-DSA-65,revocation_check,registry1,0,2,10,41,0,6946816,true,not_revoked,1,0,0,0,0,0,0,0,0,0,
local-1786752604326628000,macmini-m2-macos26.5.2-rust1.97.1-aarch64-20260814,9d3ab807a08ef4cf1077dbc23213e2314ce37c87,MEASURED,1786752604327270000,lifecycle,aegis_key_registry,ML-DSA-65,public_key_lookup,registry1,0,3,10,167,1000,6946816,true,found,1,0,1952,0,0,0,0,0,0,0,
local-1786752604326628000,macmini-m2-macos26.5.2-rust1.97.1-aarch64-20260814,9d3ab807a08ef4cf1077dbc23213e2314ce37c87,MEASURED,1786752604327274000,lifecycle,aegis_key_registry,ML-DSA-65,role_authorization_check,registry1,0,3,10,41,0,6963200,true,authorized,1,0,0,0,0,0,0,0,0,0,
local-1786752604326628000,macmini-m2-macos26.5.2-rust1.97.1-aarch64-20260814,9d3ab807a08ef4cf1077dbc23213e2314ce37c87,MEASURED,1786752604327276000,lifecycle,aegis_key_registry,ML-DSA-65,active_key_check,registry1,0,3,10,42,0,6963200,true,active,1,0,0,0,0,0,0,0,0,0,
local-1786752604326628000,macmini-m2-macos26.5.2-rust1.97.1-aarch64-20260814,9d3ab807a08ef4cf1077dbc23213e2314ce37c87,MEASURED,1786752604327278000,lifecycle,aegis_key_registry,ML-DSA-65,revocation_check,registry1,0,3,10,42,0,6963200,true,not_revoked,1,0,0,0,0,0,0,0,0,0,
local-1786752604326628000,macmini-m2-macos26.5.2-rust1.97.1-aarch64-20260814,9d3ab807a08ef4cf1077dbc23213e2314ce37c87,MEASURED,1786752604327284000,lifecycle,aegis_key_registry,ML-DSA-65,public_key_lookup,registry1,0,4,10,208,1000,6979584,true,found,1,0,1952,0,0,0,0,0,0,0,
local-1786752604326628000,macmini-m2-macos26.5.2-rust1.97.1-aarch64-20260814,9d3ab807a08ef4cf1077dbc23213e2314ce37c87,MEASURED,1786752604327287000,lifecycle,aegis_key_registry,ML-DSA-65,role_authorization_check,registry1,0,4,10,0,0,6979584,true,authorized,1,0,0,0,0,0,0,0,0,0,
local-1786752604326628000,macmini-m2-macos26.5.2-rust1.97.1-aarch64-20260814,9d3ab807a08ef4cf1077dbc23213e2314ce37c87,MEASURED,1786752604327291000,lifecycle,aegis_key_registry,ML-DSA-65,active_key_check,registry1,0,4,10,42,0,7012352,true,active,1,0,0,0,0,0,0,0,0,0,
local-1786752604326628000,macmini-m2-macos26.5.2-rust1.97.1-aarch64-20260814,9d3ab807a08ef4cf1077dbc23213e2314ce37c87,MEASURED,1786752604327294000,lifecycle,aegis_key_registry,ML-DSA-65,revocation_check,registry1,0,4,10,42,0,7012352,true,not_revoked,1,0,0,0,0,0,0,0,0,0,
local-1786752604326628000,macmini-m2-macos26.5.2-rust1.97.1-aarch64-20260814,9d3ab807a08ef4cf1077dbc23213e2314ce37c87,MEASURED,1786752604327297000,lifecycle,aegis_key_registry,ML-DSA-65,public_key_lookup,registry1,0,5,10,208,1000,7028736,true,found,1,0,1952,0,0,0,0,0,0,0,
local-1786752604326628000,macmini-m2-macos26.5.2-rust1.97.1-aarch64-20260814,9d3ab807a08ef4cf1077dbc23213e2314ce37c87,MEASURED,1786752604327301000,lifecycle,aegis_key_registry,ML-DSA-65,role_authorization_check,registry1,0,5,10,83,0,7045120,true,authorized,1,0,0,0,0,0,0,0,0,0,
local-1786752604326628000,macmini-m2-macos26.5.2-rust1.97.1-aarch64-20260814,9d3ab807a08ef4cf1077dbc23213e2314ce37c87,MEASURED,1786752604327303000,lifecycle,aegis_key_registry,ML-DSA-65,active_key_check,registry1,0,5,10,41,0,7045120,true,active,1,0,0,0,0,0,0,0,0,0,
local-1786752604326628000,macmini-m2-macos26.5.2-rust1.97.1-aarch64-20260814,9d3ab807a08ef4cf1077dbc23213e2314ce37c87,MEASURED,1786752604327306000,lifecycle,aegis_key_registry,ML-DSA-65,revocation_check,registry1,0,5,10,42,1000,7061504,true,not_revoked,1,0,0,0,0,0,0,0,0,0,
local-1786752604326628000,macmini-m2-macos26.5.2-rust1.97.1-aarch64-20260814,9d3ab807a08ef4cf1077dbc23213e2314ce37c87,MEASURED,1786752604327308000,lifecycle,aegis_key_registry,ML-DSA-65,public_key_lookup,registry1,0,6,10,208,1000,7061504,true,found,1,0,1952,0,0,0,0,0,0,0,
local-1786752604326628000,macmini-m2-macos26.5.2-rust1.97.1-aarch64-20260814,9d3ab807a08ef4cf1077dbc23213e2314ce37c87,MEASURED,1786752604327310000,lifecycle,aegis_key_registry,ML-DSA-65,role_authorization_check,registry1,0,6,10,42,0,7061504,true,authorized,1,0,0,0,0,0,0,0,0,0,
local-1786752604326628000,macmini-m2-macos26.5.2-rust1.97.1-aarch64-20260814,9d3ab807a08ef4cf1077dbc23213e2314ce37c87,MEASURED,1786752604327312000,lifecycle,aegis_key_registry,ML-DSA-65,active_key_check,registry1,0,6,10,42,1000,7061504,true,active,1,0,0,0,0,0,0,0,0,0,
local-1786752604326628000,macmini-m2-macos26.5.2-rust1.97.1-aarch64-20260814,9d3ab807a08ef4cf1077dbc23213e2314ce37c87,MEASURED,1786752604327314000,lifecycle,aegis_key_registry,ML-DSA-65,revocation_check,registry1,0,6,10,41,0,7061504,true,not_revoked,1,0,0,0,0,0,0,0,0,0,
local-1786752604326628000,macmini-m2-macos26.5.2-rust1.97.1-aarch64-20260814,9d3ab807a08ef4cf1077dbc23213e2314ce37c87,MEASURED,1786752604327316000,lifecycle,aegis_key_registry,ML-DSA-65,public_key_lookup,registry1,0,7,10,167,0,7061504,true,found,1,0,1952,0,0,0,0,0,0,0,
local-1786752604326628000,macmini-m2-macos26.5.2-rust1.97.1-aarch64-20260814,9d3ab807a08ef4cf1077dbc23213e2314ce37c87,MEASURED,1786752604327735000,lifecycle,aegis_key_registry,ML-DSA-65,role_authorization_check,registry1,0,7,10,375,2000,7061504,true,authorized,1,0,0,0,0,0,0,0,0,0,
local-1786752604326628000,macmini-m2-macos26.5.2-rust1.97.1-aarch64-20260814,9d3ab807a08ef4cf1077dbc23213e2314ce37c87,MEASURED,1786752604327738000,lifecycle,aegis_key_registry,ML-DSA-65,active_key_check,registry1,0,7,10,83,0,7061504,true,active,1,0,0,0,0,0,0,0,0,0,
local-1786752604326628000,macmini-m2-macos26.5.2-rust1.97.1-aarch64-20260814,9d3ab807a08ef4cf1077dbc23213e2314ce37c87,MEASURED,1786752604327740000,lifecycle,aegis_key_registry,ML-DSA-65,revocation_check,registry1,0,7,10,83,0,7061504,true,not_revoked,1,0,0,0,0,0,0,0,0,0,
local-1786752604326628000,macmini-m2-macos26.5.2-rust1.97.1-aarch64-20260814,9d3ab807a08ef4cf1077dbc23213e2314ce37c87,MEASURED,1786752604327743000,lifecycle,aegis_key_registry,ML-DSA-65,public_key_lookup,registry1,0,8,10,417,1000,7061504,true,found,1,0,1952,0,0,0,0,0,0,0,
local-1786752604326628000,macmini-m2-macos26.5.2-rust1.97.1-aarch64-20260814,9d3ab807a08ef4cf1077dbc23213e2314ce37c87,MEASURED,1786752604327746000,lifecycle,aegis_key_registry,ML-DSA-65,role_authorization_check,registry1,0,8,10,41,0,7061504,true,authorized,1,0,0,0,0,0,0,0,0,0,
local-1786752604326628000,macmini-m2-macos26.5.2-rust1.97.1-aarch64-20260814,9d3ab807a08ef4cf1077dbc23213e2314ce37c87,MEASURED,1786752604327748000,lifecycle,aegis_key_registry,ML-DSA-65,active_key_check,registry1,0,8,10,42,1000,7061504,true,active,1,0,0,0,0,0,0,0,0,0,
local-1786752604326628000,macmini-m2-macos26.5.2-rust1.97.1-aarch64-20260814,9d3ab807a08ef4cf1077dbc23213e2314ce37c87,MEASURED,1786752604327751000,lifecycle,aegis_key_registry,ML-DSA-65,revocation_check,registry1,0,8,10,41,0,7077888,true,not_revoked,1,0,0,0,0,0,0,0,0,0,
local-1786752604326628000,macmini-m2-macos26.5.2-rust1.97.1-aarch64-20260814,9d3ab807a08ef4cf1077dbc23213e2314ce37c87,MEASURED,1786752604327753000,lifecycle,aegis_key_registry,ML-DSA-65,public_key_lookup,registry1,0,9,10,166,0,7077888,true,found,1,0,1952,0,0,0,0,0,0,0,
local-1786752604326628000,macmini-m2-macos26.5.2-rust1.97.1-aarch64-20260814,9d3ab807a08ef4cf1077dbc23213e2314ce37c87,MEASURED,1786752604327755000,lifecycle,aegis_key_registry,ML-DSA-65,role_authorization_check,registry1,0,9,10,41,1000,7077888,true,authorized,1,0,0,0,0,0,0,0,0,0,
local-1786752604326628000,macmini-m2-macos26.5.2-rust1.97.1-aarch64-20260814,9d3ab807a08ef4cf1077dbc23213e2314ce37c87,MEASURED,1786752604327756000,lifecycle,aegis_key_registry,ML-DSA-65,active_key_check,registry1,0,9,10,42,0,7077888,true,active,1,0,0,0,0,0,0,0,0,0,
local-1786752604326628000,macmini-m2-macos26.5.2-rust1.97.1-aarch64-20260814,9d3ab807a08ef4cf1077dbc23213e2314ce37c87,MEASURED,1786752604327758000,lifecycle,aegis_key_registry,ML-DSA-65,revocation_check,registry1,0,9,10,42,0,7077888,true,not_revoked,1,0,0,0,0,0,0,0,0,0,
local-1786752604326628000,macmini-m2-macos26.5.2-rust1.97.1-aarch64-20260814,9d3ab807a08ef4cf1077dbc23213e2314ce37c87,MEASURED,1786752604327760000,lifecycle,aegis_key_registry,ML-DSA-65,public_key_lookup,registry1,0,10,10,166,0,7077888,true,found,1,0,1952,0,0,0,0,0,0,0,
local-1786752604326628000,macmini-m2-macos26.5.2-rust1.97.1-aarch64-20260814,9d3ab807a08ef4cf1077dbc23213e2314ce37c87,MEASURED,1786752604327762000,lifecycle,aegis_key_registry,ML-DSA-65,role_authorization_check,registry1,0,10,10,42,0,7077888,true,authorized,1,0,0,0,0,0,0,0,0,0,
local-1786752604326628000,macmini-m2-macos26.5.2-rust1.97.1-aarch64-20260814,9d3ab807a08ef4cf1077dbc23213e2314ce37c87,MEASURED,1786752604327763000,lifecycle,aegis_key_registry,ML-DSA-65,active_key_check,registry1,0,10,10,42,0,7077888,true,active,1,0,0,0,0,0,0,0,0,0,
local-1786752604326628000,macmini-m2-macos26.5.2-rust1.97.1-aarch64-20260814,9d3ab807a08ef4cf1077dbc23213e2314ce37c87,MEASURED,1786752604327765000,lifecycle,aegis_key_registry,ML-DSA-65,revocation_check,registry1,0,10,10,42,0,7077888,true,not_revoked,1,0,0,0,0,0,0,0,0,0,
local-1786752604326628000,macmini-m2-macos26.5.2-rust1.97.1-aarch64-20260814,9d3ab807a08ef4cf1077dbc23213e2314ce37c87,MEASURED,1786752604327767000,lifecycle,aegis_key_registry,ML-DSA-65,public_key_lookup,registry1,0,11,10,166,1000,7077888,true,found,1,0,1952,0,0,0,0,0,0,0,
local-1786752604326628000,macmini-m2-macos26.5.2-rust1.97.1-aarch64-20260814,9d3ab807a08ef4cf1077dbc23213e2314ce37c87,MEASURED,1786752604327769000,lifecycle,aegis_key_registry,ML-DSA-65,role_authorization_check,registry1,0,11,10,42,0,7077888,true,authorized,1,0,0,0,0,0,0,0,0,0,
local-1786752604326628000,macmini-m2-macos26.5.2-rust1.97.1-aarch64-20260814,9d3ab807a08ef4cf1077dbc23213e2314ce37c87,MEASURED,1786752604327770000,lifecycle,aegis_key_registry,ML-DSA-65,active_key_check,registry1,0,11,10,84,0,7077888,true,active,1,0,0,0,0,0,0,0,0,0,
local-1786752604326628000,macmini-m2-macos26.5.2-rust1.97.1-aarch64-20260814,9d3ab807a08ef4cf1077dbc23213e2314ce37c87,MEASURED,1786752604327772000,lifecycle,aegis_key_registry,ML-DSA-65,revocation_check,registry1,0,11,10,41,0,7077888,true,not_revoked,1,0,0,0,0,0,0,0,0,0,
local-1786752604326628000,macmini-m2-macos26.5.2-rust1.97.1-aarch64-20260814,9d3ab807a08ef4cf1077dbc23213e2314ce37c87,MEASURED,1786752604327774000,lifecycle,aegis_key_registry,ML-DSA-65,public_key_lookup,registry1,0,12,10,167,0,7077888,true,found,1,0,1952,0,0,0,0,0,0,0,
local-1786752604326628000,macmini-m2-macos26.5.2-rust1.97.1-aarch64-20260814,9d3ab807a08ef4cf1077dbc23213e2314ce37c87,MEASURED,1786752604327776000,lifecycle,aegis_key_registry,ML-DSA-65,role_authorization_check,registry1,0,12,10,42,1000,7077888,true,authorized,1,0,0,0,0,0,0,0,0,0,
local-1786752604326628000,macmini-m2-macos26.5.2-rust1.97.1-aarch64-20260814,9d3ab807a08ef4cf1077dbc23213e2314ce37c87,MEASURED,1786752604327777000,lifecycle,aegis_key_registry,ML-DSA-65,active_key_check,registry1,0,12,10,41,0,7077888,true,active,1,0,0,0,0,0,0,0,0,0,
local-1786752604326628000,macmini-m2-macos26.5.2-rust1.97.1-aarch64-20260814,9d3ab807a08ef4cf1077dbc23213e2314ce37c87,MEASURED,1786752604327779000,lifecycle,aegis_key_registry,ML-DSA-65,revocation_check,registry1,0,12,10,83,0,7077888,true,not_revoked,1,0,0,0,0,0,0,0,0,0,
local-1786752604326628000,macmini-m2-macos26.5.2-rust1.97.1-aarch64-20260814,9d3ab807a08ef4cf1077dbc23213e2314ce37c87,MEASURED,1786752604327781000,lifecycle,aegis_key_registry,ML-DSA-65,public_key_lookup,registry1,0,13,10,167,0,7077888,true,found,1,0,1952,0,0,0,0,0,0,0,
local-1786752604326628000,macmini-m2-macos26.5.2-rust1.97.1-aarch64-20260814,9d3ab807a08ef4cf1077dbc23213e2314ce37c87,MEASURED,1786752604327783000,lifecycle,aegis_key_registry,ML-DSA-65,role_authorization_check,registry1,0,13,10,42,1000,7077888,true,authorized,1,0,0,0,0,0,0,0,0,0,
local-1786752604326628000,macmini-m2-macos26.5.2-rust1.97.1-aarch64-20260814,9d3ab807a08ef4cf1077dbc23213e2314ce37c87,MEASURED,1786752604327784000,lifecycle,aegis_key_registry,ML-DSA-65,active_key_check,registry1,0,13,10,42,1000,7077888,true,active,1,0,0,0,0,0,0,0,0,0,
local-1786752604326628000,macmini-m2-macos26.5.2-rust1.97.1-aarch64-20260814,9d3ab807a08ef4cf1077dbc23213e2314ce37c87,MEASURED,1786752604327786000,lifecycle,aegis_key_registry,ML-DSA-65,revocation_check,registry1,0,13,10,42,0,7077888,true,not_revoked,1,0,0,0,0,0,0,0,0,0,
local-1786752604326628000,macmini-m2-macos26.5.2-rust1.97.1-aarch64-20260814,9d3ab807a08ef4cf1077dbc23213e2314ce37c87,MEASURED,1786752604327788000,lifecycle,aegis_key_registry,ML-DSA-65,public_key_lookup,registry1,0,14,10,166,1000,7077888,true,found,1,0,1952,0,0,0,0,0,0,0,
local-1786752604326628000,macmini-m2-macos26.5.2-rust1.97.1-aarch64-20260814,9d3ab807a08ef4cf1077dbc23213e2314ce37c87,MEASURED,1786752604327790000,lifecycle,aegis_key_registry,ML-DSA-65,role_authorization_check,registry1,0,14,10,41,1000,7077888,true,authorized,1,0,0,0,0,0,0,0,0,0,
local-1786752604326628000,macmini-m2-macos26.5.2-rust1.97.1-aarch64-20260814,9d3ab807a08ef4cf1077dbc23213e2314ce37c87,MEASURED,1786752604327791000,lifecycle,aegis_key_registry,ML-DSA-65,active_key_check,registry1,0,14,10,42,0,7077888,true,active,1,0,0,0,0,0,0,0,0,0,
local-1786752604326628000,macmini-m2-macos26.5.2-rust1.97.1-aarch64-20260814,9d3ab807a08ef4cf1077dbc23213e2314ce37c87,MEASURED,1786752604327805000,lifecycle,aegis_key_registry,ML-DSA-65,revocation_check,registry1,0,14,10,84,0,7077888,true,not_revoked,1,0,0,0,0,0,0,0,0,0,
local-1786752604326628000,macmini-m2-macos26.5.2-rust1.97.1-aarch64-20260814,9d3ab807a08ef4cf1077dbc23213e2314ce37c87,MEASURED,1786752604327807000,lifecycle,aegis_key_registry,ML-DSA-65,public_key_lookup,registry1,0,15,10,208,0,7077888,true,found,1,0,1952,0,0,0,0,0,0,0,
local-1786752604326628000,macmini-m2-macos26.5.2-rust1.97.1-aarch64-20260814,9d3ab807a08ef4cf1077dbc23213e2314ce37c87,MEASURED,1786752604327809000,lifecycle,aegis_key_registry,ML-DSA-65,role_authorization_check,registry1,0,15,10,84,0,7077888,true,authorized,1,0,0,0,0,0,0,0,0,0,
local-1786752604326628000,macmini-m2-macos26.5.2-rust1.97.1-aarch64-20260814,9d3ab807a08ef4cf1077dbc23213e2314ce37c87,MEASURED,1786752604327810000,lifecycle,aegis_key_registry,ML-DSA-65,active_key_check,registry1,0,15,10,83,0,7077888,true,active,1,0,0,0,0,0,0,0,0,0,
local-1786752604326628000,macmini-m2-macos26.5.2-rust1.97.1-aarch64-20260814,9d3ab807a08ef4cf1077dbc23213e2314ce37c87,MEASURED,1786752604327812000,lifecycle,aegis_key_registry,ML-DSA-65,revocation_check,registry1,0,15,10,42,0,7077888,true,not_revoked,1,0,0,0,0,0,0,0,0,0,
local-1786752604326628000,macmini-m2-macos26.5.2-rust1.97.1-aarch64-20260814,9d3ab807a08ef4cf1077dbc23213e2314ce37c87,MEASURED,1786752604327814000,lifecycle,aegis_key_registry,ML-DSA-65,public_key_lookup,registry1,0,16,10,208,0,7077888,true,found,1,0,1952,0,0,0,0,0,0,0,
local-1786752604326628000,macmini-m2-macos26.5.2-rust1.97.1-aarch64-20260814,9d3ab807a08ef4cf1077dbc23213e2314ce37c87,MEASURED,1786752604327815000,lifecycle,aegis_key_registry,ML-DSA-65,role_authorization_check,registry1,0,16,10,42,0,7077888,true,authorized,1,0,0,0,0,0,0,0,0,0,
local-1786752604326628000,macmini-m2-macos26.5.2-rust1.97.1-aarch64-20260814,9d3ab807a08ef4cf1077dbc23213e2314ce37c87,MEASURED,1786752604327817000,lifecycle,aegis_key_registry,ML-DSA-65,active_key_check,registry1,0,16,10,84,0,7077888,true,active,1,0,0,0,0,0,0,0,0,0,
local-1786752604326628000,macmini-m2-macos26.5.2-rust1.97.1-aarch64-20260814,9d3ab807a08ef4cf1077dbc23213e2314ce37c87,MEASURED,1786752604327819000,lifecycle,aegis_key_registry,ML-DSA-65,revocation_check,registry1,0,16,10,84,0,7077888,true,not_revoked,1,0,0,0,0,0,0,0,0,0,
local-1786752604326628000,macmini-m2-macos26.5.2-rust1.97.1-aarch64-20260814,9d3ab807a08ef4cf1077dbc23213e2314ce37c87,MEASURED,1786752604327821000,lifecycle,aegis_key_registry,ML-DSA-65,public_key_lookup,registry1,0,17,10,167,0,7077888,true,found,1,0,1952,0,0,0,0,0,0,0,
local-1786752604326628000,macmini-m2-macos26.5.2-rust1.97.1-aarch64-20260814,9d3ab807a08ef4cf1077dbc23213e2314ce37c87,MEASURED,1786752604327822000,lifecycle,aegis_key_registry,ML-DSA-65,role_authorization_check,registry1,0,17,10,42,0,7077888,true,authorized,1,0,0,0,0,0,0,0,0,0,
local-1786752604326628000,macmini-m2-macos26.5.2-rust1.97.1-aarch64-20260814,9d3ab807a08ef4cf1077dbc23213e2314ce37c87,MEASURED,1786752604327824000,lifecycle,aegis_key_registry,ML-DSA-65,active_key_check,registry1,0,17,10,42,0,7077888,true,active,1,0,0,0,0,0,0,0,0,0,
local-1786752604326628000,macmini-m2-macos26.5.2-rust1.97.1-aarch64-20260814,9d3ab807a08ef4cf1077dbc23213e2314ce37c87,MEASURED,1786752604327826000,lifecycle,aegis_key_registry,ML-DSA-65,revocation_check,registry1,0,17,10,41,0,7077888,true,not_revoked,1,0,0,0,0,0,0,0,0,0,
local-1786752604326628000,macmini-m2-macos26.5.2-rust1.97.1-aarch64-20260814,9d3ab807a08ef4cf1077dbc23213e2314ce37c87,MEASURED,1786752604327827000,lifecycle,aegis_key_registry,ML-DSA-65,public_key_lookup,registry1,0,18,10,167,0,7077888,true,found,1,0,1952,0,0,0,0,0,0,0,
local-1786752604326628000,macmini-m2-macos26.5.2-rust1.97.1-aarch64-20260814,9d3ab807a08ef4cf1077dbc23213e2314ce37c87,MEASURED,1786752604327829000,lifecycle,aegis_key_registry,ML-DSA-65,role_authorization_check,registry1,0,18,10,42,2000,7077888,true,authorized,1,0,0,0,0,0,0,0,0,0,
local-1786752604326628000,macmini-m2-macos26.5.2-rust1.97.1-aarch64-20260814,9d3ab807a08ef4cf1077dbc23213e2314ce37c87,MEASURED,1786752604327831000,lifecycle,aegis_key_registry,ML-DSA-65,active_key_check,registry1,0,18,10,42,0,7077888,true,active,1,0,0,0,0,0,0,0,0,0,
local-1786752604326628000,macmini-m2-macos26.5.2-rust1.97.1-aarch64-20260814,9d3ab807a08ef4cf1077dbc23213e2314ce37c87,MEASURED,1786752604327832000,lifecycle,aegis_key_registry,ML-DSA-65,revocation_check,registry1,0,18,10,41,0,7077888,true,not_revoked,1,0,0,0,0,0,0,0,0,0,
local-1786752604326628000,macmini-m2-macos26.5.2-rust1.97.1-aarch64-20260814,9d3ab807a08ef4cf1077dbc23213e2314ce37c87,MEASURED,1786752604327834000,lifecycle,aegis_key_registry,ML-DSA-65,public_key_lookup,registry1,0,19,10,166,2000,7077888,true,found,1,0,1952,0,0,0,0,0,0,0,
local-1786752604326628000,macmini-m2-macos26.5.2-rust1.97.1-aarch64-20260814,9d3ab807a08ef4cf1077dbc23213e2314ce37c87,MEASURED,1786752604327836000,lifecycle,aegis_key_registry,ML-DSA-65,role_authorization_check,registry1,0,19,10,41,0,7077888,true,authorized,1,0,0,0,0,0,0,0,0,0,
local-1786752604326628000,macmini-m2-macos26.5.2-rust1.97.1-aarch64-20260814,9d3ab807a08ef4cf1077dbc23213e2314ce37c87,MEASURED,1786752604327838000,lifecycle,aegis_key_registry,ML-DSA-65,active_key_check,registry1,0,19,10,42,0,7077888,true,active,1,0,0,0,0,0,0,0,0,0,
local-1786752604326628000,macmini-m2-macos26.5.2-rust1.97.1-aarch64-20260814,9d3ab807a08ef4cf1077dbc23213e2314ce37c87,MEASURED,1786752604327839000,lifecycle,aegis_key_registry,ML-DSA-65,revocation_check,registry1,0,19,10,41,0,7077888,true,not_revoked,1,0,0,0,0,0,0,0,0,0,
local-1786752604326628000,macmini-m2-macos26.5.2-rust1.97.1-aarch64-20260814,9d3ab807a08ef4cf1077dbc23213e2314ce37c87,MEASURED,1786752604327841000,lifecycle,aegis_key_registry,ML-DSA-65,public_key_lookup,registry1,0,20,10,166,0,7077888,true,found,1,0,1952,0,0,0,0,0,0,0,
local-1786752604326628000,macmini-m2-macos26.5.2-rust1.97.1-aarch64-20260814,9d3ab807a08ef4cf1077dbc23213e2314ce37c87,MEASURED,1786752604327843000,lifecycle,aegis_key_registry,ML-DSA-65,role_authorization_check,registry1,0,20,10,83,0,7077888,true,authorized,1,0,0,0,0,0,0,0,0,0,
local-1786752604326628000,macmini-m2-macos26.5.2-rust1.97.1-aarch64-20260814,9d3ab807a08ef4cf1077dbc23213e2314ce37c87,MEASURED,1786752604327844000,lifecycle,aegis_key_registry,ML-DSA-65,active_key_check,registry1,0,20,10,42,0,7077888,true,active,1,0,0,0,0,0,0,0,0,0,
local-1786752604326628000,macmini-m2-macos26.5.2-rust1.97.1-aarch64-20260814,9d3ab807a08ef4cf1077dbc23213e2314ce37c87,MEASURED,1786752604327846000,lifecycle,aegis_key_registry,ML-DSA-65,revocation_check,registry1,0,20,10,42,0,7077888,true,not_revoked,1,0,0,0,0,0,0,0,0,0,
local-1786752604326628000,macmini-m2-macos26.5.2-rust1.97.1-aarch64-20260814,9d3ab807a08ef4cf1077dbc23213e2314ce37c87,MEASURED,1786752604327848000,lifecycle,aegis_key_registry,ML-DSA-65,public_key_lookup,registry1,0,21,10,167,1000,7077888,true,found,1,0,1952,0,0,0,0,0,0,0,
local-1786752604326628000,macmini-m2-macos26.5.2-rust1.97.1-aarch64-20260814,9d3ab807a08ef4cf1077dbc23213e2314ce37c87,MEASURED,1786752604327849000,lifecycle,aegis_key_registry,ML-DSA-65,role_authorization_check,registry1,0,21,10,42,1000,7077888,true,authorized,1,0,0,0,0,0,0,0,0,0,
local-1786752604326628000,macmini-m2-macos26.5.2-rust1.97.1-aarch64-20260814,9d3ab807a08ef4cf1077dbc23213e2314ce37c87,MEASURED,1786752604327851000,lifecycle,aegis_key_registry,ML-DSA-65,active_key_check,registry1,0,21,10,42,0,7077888,true,active,1,0,0,0,0,0,0,0,0,0,
local-1786752604326628000,macmini-m2-macos26.5.2-rust1.97.1-aarch64-20260814,9d3ab807a08ef4cf1077dbc23213e2314ce37c87,MEASURED,1786752604327853000,lifecycle,aegis_key_registry,ML-DSA-65,revocation_check,registry1,0,21,10,42,0,7077888,true,not_revoked,1,0,0,0,0,0,0,0,0,0,
local-1786752604326628000,macmini-m2-macos26.5.2-rust1.97.1-aarch64-20260814,9d3ab807a08ef4cf1077dbc23213e2314ce37c87,MEASURED,1786752604327855000,lifecycle,aegis_key_registry,ML-DSA-65,public_key_lookup,registry1,0,22,10,167,1000,7077888,true,found,1,0,1952,0,0,0,0,0,0,0,
local-1786752604326628000,macmini-m2-macos26.5.2-rust1.97.1-aarch64-20260814,9d3ab807a08ef4cf1077dbc23213e2314ce37c87,MEASURED,1786752604327864000,lifecycle,aegis_key_registry,ML-DSA-65,role_authorization_check,registry1,0,22,10,83,1000,7077888,true,authorized,1,0,0,0,0,0,0,0,0,0,
local-1786752604326628000,macmini-m2-macos26.5.2-rust1.97.1-aarch64-20260814,9d3ab807a08ef4cf1077dbc23213e2314ce37c87,MEASURED,1786752604327866000,lifecycle,aegis_key_registry,ML-DSA-65,active_key_check,registry1,0,22,10,83,0,7077888,true,active,1,0,0,0,0,0,0,0,0,0,
local-1786752604326628000,macmini-m2-macos26.5.2-rust1.97.1-aarch64-20260814,9d3ab807a08ef4cf1077dbc23213e2314ce37c87,MEASURED,1786752604327868000,lifecycle,aegis_key_registry,ML-DSA-65,revocation_check,registry1,0,22,10,42,0,7077888,true,not_revoked,1,0,0,0,0,0,0,0,0,0,
local-1786752604326628000,macmini-m2-macos26.5.2-rust1.97.1-aarch64-20260814,9d3ab807a08ef4cf1077dbc23213e2314ce37c87,MEASURED,1786752604327870000,lifecycle,aegis_key_registry,ML-DSA-65,public_key_lookup,registry1,0,23,10,208,0,7077888,true,found,1,0,1952,0,0,0,0,0,0,0,
local-1786752604326628000,macmini-m2-macos26.5.2-rust1.97.1-aarch64-20260814,9d3ab807a08ef4cf1077dbc23213e2314ce37c87,MEASURED,1786752604327871000,lifecycle,aegis_key_registry,ML-DSA-65,role_authorization_check,registry1,0,23,10,42,0,7077888,true,authorized,1,0,0,0,0,0,0,0,0,0,
local-1786752604326628000,macmini-m2-macos26.5.2-rust1.97.1-aarch64-20260814,9d3ab807a08ef4cf1077dbc23213e2314ce37c87,MEASURED,1786752604327873000,lifecycle,aegis_key_registry,ML-DSA-65,active_key_check,registry1,0,23,10,42,0,7077888,true,active,1,0,0,0,0,0,0,0,0,0,
local-1786752604326628000,macmini-m2-macos26.5.2-rust1.97.1-aarch64-20260814,9d3ab807a08ef4cf1077dbc23213e2314ce37c87,MEASURED,1786752604327875000,lifecycle,aegis_key_registry,ML-DSA-65,revocation_check,registry1,0,23,10,42,0,7077888,true,not_revoked,1,0,0,0,0,0,0,0,0,0,
local-1786752604326628000,macmini-m2-macos26.5.2-rust1.97.1-aarch64-20260814,9d3ab807a08ef4cf1077dbc23213e2314ce37c87,MEASURED,1786752604327877000,lifecycle,aegis_key_registry,ML-DSA-65,public_key_lookup,registry1,0,24,10,291,1000,7077888,true,found,1,0,1952,0,0,0,0,0,0,0,
local-1786752604326628000,macmini-m2-macos26.5.2-rust1.97.1-aarch64-20260814,9d3ab807a08ef4cf1077dbc23213e2314ce37c87,MEASURED,1786752604327879000,lifecycle,aegis_key_registry,ML-DSA-65,role_authorization_check,registry1,0,24,10,42,0,7077888,true,authorized,1,0,0,0,0,0,0,0,0,0,
local-1786752604326628000,macmini-m2-macos26.5.2-rust1.97.1-aarch64-20260814,9d3ab807a08ef4cf1077dbc23213e2314ce37c87,MEASURED,1786752604327880000,lifecycle,aegis_key_registry,ML-DSA-65,active_key_check,registry1,0,24,10,42,1000,7077888,true,active,1,0,0,0,0,0,0,0,0,0,
local-1786752604326628000,macmini-m2-macos26.5.2-rust1.97.1-aarch64-20260814,9d3ab807a08ef4cf1077dbc23213e2314ce37c87,MEASURED,1786752604327882000,lifecycle,aegis_key_registry,ML-DSA-65,revocation_check,registry1,0,24,10,42,0,7077888,true,not_revoked,1,0,0,0,0,0,0,0,0,0,
local-1786752604326628000,macmini-m2-macos26.5.2-rust1.97.1-aarch64-20260814,9d3ab807a08ef4cf1077dbc23213e2314ce37c87,MEASURED,1786752604327884000,lifecycle,aegis_key_registry,ML-DSA-65,public_key_lookup,registry1,0,25,10,166,0,7077888,true,found,1,0,1952,0,0,0,0,0,0,0,
local-1786752604326628000,macmini-m2-macos26.5.2-rust1.97.1-aarch64-20260814,9d3ab807a08ef4cf1077dbc23213e2314ce37c87,MEASURED,1786752604327885000,lifecycle,aegis_key_registry,ML-DSA-65,role_authorization_check,registry1,0,25,10,41,0,7077888,true,authorized,1,0,0,0,0,0,0,0,0,0,
local-1786752604326628000,macmini-m2-macos26.5.2-rust1.97.1-aarch64-20260814,9d3ab807a08ef4cf1077dbc23213e2314ce37c87,MEASURED,1786752604327887000,lifecycle,aegis_key_registry,ML-DSA-65,active_key_check,registry1,0,25,10,42,0,7077888,true,active,1,0,0,0,0,0,0,0,0,0,
local-1786752604326628000,macmini-m2-macos26.5.2-rust1.97.1-aarch64-20260814,9d3ab807a08ef4cf1077dbc23213e2314ce37c87,MEASURED,1786752604327889000,lifecycle,aegis_key_registry,ML-DSA-65,revocation_check,registry1,0,25,10,41,0,7077888,true,not_revoked,1,0,0,0,0,0,0,0,0,0,
local-1786752604326628000,macmini-m2-macos26.5.2-rust1.97.1-aarch64-20260814,9d3ab807a08ef4cf1077dbc23213e2314ce37c87,MEASURED,1786752604327891000,lifecycle,aegis_key_registry,ML-DSA-65,public_key_lookup,registry1,0,26,10,167,0,7077888,true,found,1,0,1952,0,0,0,0,0,0,0,
local-1786752604326628000,macmini-m2-macos26.5.2-rust1.97.1-aarch64-20260814,9d3ab807a08ef4cf1077dbc23213e2314ce37c87,MEASURED,1786752604327892000,lifecycle,aegis_key_registry,ML-DSA-65,role_authorization_check,registry1,0,26,10,42,0,7077888,true,authorized,1,0,0,0,0,0,0,0,0,0,
local-1786752604326628000,macmini-m2-macos26.5.2-rust1.97.1-aarch64-20260814,9d3ab807a08ef4cf1077dbc23213e2314ce37c87,MEASURED,1786752604327894000,lifecycle,aegis_key_registry,ML-DSA-65,active_key_check,registry1,0,26,10,42,1000,7077888,true,active,1,0,0,0,0,0,0,0,0,0,
local-1786752604326628000,macmini-m2-macos26.5.2-rust1.97.1-aarch64-20260814,9d3ab807a08ef4cf1077dbc23213e2314ce37c87,MEASURED,1786752604327896000,lifecycle,aegis_key_registry,ML-DSA-65,revocation_check,registry1,0,26,10,42,0,7077888,true,not_revoked,1,0,0,0,0,0,0,0,0,0,
local-1786752604326628000,macmini-m2-macos26.5.2-rust1.97.1-aarch64-20260814,9d3ab807a08ef4cf1077dbc23213e2314ce37c87,MEASURED,1786752604327897000,lifecycle,aegis_key_registry,ML-DSA-65,public_key_lookup,registry1,0,27,10,167,0,7077888,true,found,1,0,1952,0,0,0,0,0,0,0,
local-1786752604326628000,macmini-m2-macos26.5.2-rust1.97.1-aarch64-20260814,9d3ab807a08ef4cf1077dbc23213e2314ce37c87,MEASURED,1786752604327899000,lifecycle,aegis_key_registry,ML-DSA-65,role_authorization_check,registry1,0,27,10,42,1000,7077888,true,authorized,1,0,0,0,0,0,0,0,0,0,
local-1786752604326628000,macmini-m2-macos26.5.2-rust1.97.1-aarch64-20260814,9d3ab807a08ef4cf1077dbc23213e2314ce37c87,MEASURED,1786752604327901000,lifecycle,aegis_key_registry,ML-DSA-65,active_key_check,registry1,0,27,10,41,0,7077888,true,active,1,0,0,0,0,0,0,0,0,0,
local-1786752604326628000,macmini-m2-macos26.5.2-rust1.97.1-aarch64-20260814,9d3ab807a08ef4cf1077dbc23213e2314ce37c87,MEASURED,1786752604327902000,lifecycle,aegis_key_registry,ML-DSA-65,revocation_check,registry1,0,27,10,41,0,7077888,true,not_revoked,1,0,0,0,0,0,0,0,0,0,
local-1786752604326628000,macmini-m2-macos26.5.2-rust1.97.1-aarch64-20260814,9d3ab807a08ef4cf1077dbc23213e2314ce37c87,MEASURED,1786752604327904000,lifecycle,aegis_key_registry,ML-DSA-65,public_key_lookup,registry1,0,28,10,167,1000,7077888,true,found,1,0,1952,0,0,0,0,0,0,0,
local-1786752604326628000,macmini-m2-macos26.5.2-rust1.97.1-aarch64-20260814,9d3ab807a08ef4cf1077dbc23213e2314ce37c87,MEASURED,1786752604327906000,lifecycle,aegis_key_registry,ML-DSA-65,role_authorization_check,registry1,0,28,10,42,0,7077888,true,authorized,1,0,0,0,0,0,0,0,0,0,
local-1786752604326628000,macmini-m2-macos26.5.2-rust1.97.1-aarch64-20260814,9d3ab807a08ef4cf1077dbc23213e2314ce37c87,MEASURED,1786752604327907000,lifecycle,aegis_key_registry,ML-DSA-65,active_key_check,registry1,0,28,10,42,0,7077888,true,active,1,0,0,0,0,0,0,0,0,0,
local-1786752604326628000,macmini-m2-macos26.5.2-rust1.97.1-aarch64-20260814,9d3ab807a08ef4cf1077dbc23213e2314ce37c87,MEASURED,1786752604327909000,lifecycle,aegis_key_registry,ML-DSA-65,revocation_check,registry1,0,28,10,42,1000,7077888,true,not_revoked,1,0,0,0,0,0,0,0,0,0,
local-1786752604326628000,macmini-m2-macos26.5.2-rust1.97.1-aarch64-20260814,9d3ab807a08ef4cf1077dbc23213e2314ce37c87,MEASURED,1786752604327911000,lifecycle,aegis_key_registry,ML-DSA-65,public_key_lookup,registry1,0,29,10,167,0,7077888,true,found,1,0,1952,0,0,0,0,0,0,0,
local-1786752604326628000,macmini-m2-macos26.5.2-rust1.97.1-aarch64-20260814,9d3ab807a08ef4cf1077dbc23213e2314ce37c87,MEASURED,1786752604327912000,lifecycle,aegis_key_registry,ML-DSA-65,role_authorization_check,registry1,0,29,10,42,0,7077888,true,authorized,1,0,0,0,0,0,0,0,0,0,
local-1786752604326628000,macmini-m2-macos26.5.2-rust1.97.1-aarch64-20260814,9d3ab807a08ef4cf1077dbc23213e2314ce37c87,MEASURED,1786752604327919000,lifecycle,aegis_key_registry,ML-DSA-65,active_key_check,registry1,0,29,10,83,1000,7077888,true,active,1,0,0,0,0,0,0,0,0,0,
local-1786752604326628000,macmini-m2-macos26.5.2-rust1.97.1-aarch64-20260814,9d3ab807a08ef4cf1077dbc23213e2314ce37c87,MEASURED,1786752604327921000,lifecycle,aegis_key_registry,ML-DSA-65,revocation_check,registry1,0,29,10,41,0,7077888,true,not_revoked,1,0,0,0,0,0,0,0,0,0,
local-1786752604326628000,macmini-m2-macos26.5.2-rust1.97.1-aarch64-20260814,9d3ab807a08ef4cf1077dbc23213e2314ce37c87,MEASURED,1786752604327923000,lifecycle,aegis_key_registry,ML-DSA-65,public_key_lookup,registry1,0,30,10,250,1000,7077888,true,found,1,0,1952,0,0,0,0,0,0,0,
local-1786752604326628000,macmini-m2-macos26.5.2-rust1.97.1-aarch64-20260814,9d3ab807a08ef4cf1077dbc23213e2314ce37c87,MEASURED,1786752604327925000,lifecycle,aegis_key_registry,ML-DSA-65,role_authorization_check,registry1,0,30,10,42,1000,7077888,true,authorized,1,0,0,0,0,0,0,0,0,0,
local-1786752604326628000,macmini-m2-macos26.5.2-rust1.97.1-aarch64-20260814,9d3ab807a08ef4cf1077dbc23213e2314ce37c87,MEASURED,1786752604327926000,lifecycle,aegis_key_registry,ML-DSA-65,active_key_check,registry1,0,30,10,83,0,7077888,true,active,1,0,0,0,0,0,0,0,0,0,
local-1786752604326628000,macmini-m2-macos26.5.2-rust1.97.1-aarch64-20260814,9d3ab807a08ef4cf1077dbc23213e2314ce37c87,MEASURED,1786752604327928000,lifecycle,aegis_key_registry,ML-DSA-65,revocation_check,registry1,0,30,10,42,0,7077888,true,not_revoked,1,0,0,0,0,0,0,0,0,0,
local-1786752604326628000,macmini-m2-macos26.5.2-rust1.97.1-aarch64-20260814,9d3ab807a08ef4cf1077dbc23213e2314ce37c87,MEASURED,1786752604327930000,lifecycle,aegis_key_registry,ML-DSA-65,public_key_lookup,registry1,0,31,10,167,1000,7077888,true,found,1,0,1952,0,0,0,0,0,0,0,
local-1786752604326628000,macmini-m2-macos26.5.2-rust1.97.1-aarch64-20260814,9d3ab807a08ef4cf1077dbc23213e2314ce37c87,MEASURED,1786752604327931000,lifecycle,aegis_key_registry,ML-DSA-65,role_authorization_check,registry1,0,31,10,41,1000,7077888,true,authorized,1,0,0,0,0,0,0,0,0,0,
local-1786752604326628000,macmini-m2-macos26.5.2-rust1.97.1-aarch64-20260814,9d3ab807a08ef4cf1077dbc23213e2314ce37c87,MEASURED,1786752604327933000,lifecycle,aegis_key_registry,ML-DSA-65,active_key_check,registry1,0,31,10,42,0,7077888,true,active,1,0,0,0,0,0,0,0,0,0,
local-1786752604326628000,macmini-m2-macos26.5.2-rust1.97.1-aarch64-20260814,9d3ab807a08ef4cf1077dbc23213e2314ce37c87,MEASURED,1786752604327935000,lifecycle,aegis_key_registry,ML-DSA-65,revocation_check,registry1,0,31,10,41,1000,7077888,true,not_revoked,1,0,0,0,0,0,0,0,0,0,
local-1786752604326628000,macmini-m2-macos26.5.2-rust1.97.1-aarch64-20260814,9d3ab807a08ef4cf1077dbc23213e2314ce37c87,MEASURED,1786752604327936000,lifecycle,aegis_key_registry,ML-DSA-65,public_key_lookup,registry1,0,32,10,208,1000,7077888,true,found,1,0,1952,0,0,0,0,0,0,0,
local-1786752604326628000,macmini-m2-macos26.5.2-rust1.97.1-aarch64-20260814,9d3ab807a08ef4cf1077dbc23213e2314ce37c87,MEASURED,1786752604327938000,lifecycle,aegis_key_registry,ML-DSA-65,role_authorization_check,registry1,0,32,10,42,0,7077888,true,authorized,1,0,0,0,0,0,0,0,0,0,
local-1786752604326628000,macmini-m2-macos26.5.2-rust1.97.1-aarch64-20260814,9d3ab807a08ef4cf1077dbc23213e2314ce37c87,MEASURED,1786752604327940000,lifecycle,aegis_key_registry,ML-DSA-65,active_key_check,registry1,0,32,10,42,0,7077888,true,active,1,0,0,0,0,0,0,0,0,0,
local-1786752604326628000,macmini-m2-macos26.5.2-rust1.97.1-aarch64-20260814,9d3ab807a08ef4cf1077dbc23213e2314ce37c87,MEASURED,1786752604327942000,lifecycle,aegis_key_registry,ML-DSA-65,revocation_check,registry1,0,32,10,42,1000,7077888,true,not_revoked,1,0,0,0,0,0,0,0,0,0,
local-1786752604326628000,macmini-m2-macos26.5.2-rust1.97.1-aarch64-20260814,9d3ab807a08ef4cf1077dbc23213e2314ce37c87,MEASURED,1786752604327943000,lifecycle,aegis_key_registry,ML-DSA-65,public_key_lookup,registry1,0,33,10,167,0,7077888,true,found,1,0,1952,0,0,0,0,0,0,0,
local-1786752604326628000,macmini-m2-macos26.5.2-rust1.97.1-aarch64-20260814,9d3ab807a08ef4cf1077dbc23213e2314ce37c87,MEASURED,1786752604327945000,lifecycle,aegis_key_registry,ML-DSA-65,role_authorization_check,registry1,0,33,10,42,0,7077888,true,authorized,1,0,0,0,0,0,0,0,0,0,
local-1786752604326628000,macmini-m2-macos26.5.2-rust1.97.1-aarch64-20260814,9d3ab807a08ef4cf1077dbc23213e2314ce37c87,MEASURED,1786752604327947000,lifecycle,aegis_key_registry,ML-DSA-65,active_key_check,registry1,0,33,10,42,1000,7077888,true,active,1,0,0,0,0,0,0,0,0,0,
local-1786752604326628000,macmini-m2-macos26.5.2-rust1.97.1-aarch64-20260814,9d3ab807a08ef4cf1077dbc23213e2314ce37c87,MEASURED,1786752604327948000,lifecycle,aegis_key_registry,ML-DSA-65,revocation_check,registry1,0,33,10,42,0,7077888,true,not_revoked,1,0,0,0,0,0,0,0,0,0,
local-1786752604326628000,macmini-m2-macos26.5.2-rust1.97.1-aarch64-20260814,9d3ab807a08ef4cf1077dbc23213e2314ce37c87,MEASURED,1786752604327950000,lifecycle,aegis_key_registry,ML-DSA-65,public_key_lookup,registry1,0,34,10,167,0,7077888,true,found,1,0,1952,0,0,0,0,0,0,0,
local-1786752604326628000,macmini-m2-macos26.5.2-rust1.97.1-aarch64-20260814,9d3ab807a08ef4cf1077dbc23213e2314ce37c87,MEASURED,1786752604327952000,lifecycle,aegis_key_registry,ML-DSA-65,role_authorization_check,registry1,0,34,10,41,0,7077888,true,authorized,1,0,0,0,0,0,0,0,0,0,
local-1786752604326628000,macmini-m2-macos26.5.2-rust1.97.1-aarch64-20260814,9d3ab807a08ef4cf1077dbc23213e2314ce37c87,MEASURED,1786752604327953000,lifecycle,aegis_key_registry,ML-DSA-65,active_key_check,registry1,0,34,10,42,0,7077888,true,active,1,0,0,0,0,0,0,0,0,0,
local-1786752604326628000,macmini-m2-macos26.5.2-rust1.97.1-aarch64-20260814,9d3ab807a08ef4cf1077dbc23213e2314ce37c87,MEASURED,1786752604327955000,lifecycle,aegis_key_registry,ML-DSA-65,revocation_check,registry1,0,34,10,42,0,7077888,true,not_revoked,1,0,0,0,0,0,0,0,0,0,
local-1786752604326628000,macmini-m2-macos26.5.2-rust1.97.1-aarch64-20260814,9d3ab807a08ef4cf1077dbc23213e2314ce37c87,MEASURED,1786752604327957000,lifecycle,aegis_key_registry,ML-DSA-65,public_key_lookup,registry1,0,35,10,167,1000,7077888,true,found,1,0,1952,0,0,0,0,0,0,0,
local-1786752604326628000,macmini-m2-macos26.5.2-rust1.97.1-aarch64-20260814,9d3ab807a08ef4cf1077dbc23213e2314ce37c87,MEASURED,1786752604327958000,lifecycle,aegis_key_registry,ML-DSA-65,role_authorization_check,registry1,0,35,10,41,0,7077888,true,authorized,1,0,0,0,0,0,0,0,0,0,
local-1786752604326628000,macmini-m2-macos26.5.2-rust1.97.1-aarch64-20260814,9d3ab807a08ef4cf1077dbc23213e2314ce37c87,MEASURED,1786752604327960000,lifecycle,aegis_key_registry,ML-DSA-65,active_key_check,registry1,0,35,10,41,2000,7077888,true,active,1,0,0,0,0,0,0,0,0,0,
local-1786752604326628000,macmini-m2-macos26.5.2-rust1.97.1-aarch64-20260814,9d3ab807a08ef4cf1077dbc23213e2314ce37c87,MEASURED,1786752604327962000,lifecycle,aegis_key_registry,ML-DSA-65,revocation_check,registry1,0,35,10,42,0,7077888,true,not_revoked,1,0,0,0,0,0,0,0,0,0,
local-1786752604326628000,macmini-m2-macos26.5.2-rust1.97.1-aarch64-20260814,9d3ab807a08ef4cf1077dbc23213e2314ce37c87,MEASURED,1786752604327965000,lifecycle,aegis_key_registry,ML-DSA-65,public_key_lookup,registry1,0,36,10,1583,2000,7094272,true,found,1,0,1952,0,0,0,0,0,0,0,
local-1786752604326628000,macmini-m2-macos26.5.2-rust1.97.1-aarch64-20260814,9d3ab807a08ef4cf1077dbc23213e2314ce37c87,MEASURED,1786752604327967000,lifecycle,aegis_key_registry,ML-DSA-65,role_authorization_check,registry1,0,36,10,42,1000,7094272,true,authorized,1,0,0,0,0,0,0,0,0,0,
local-1786752604326628000,macmini-m2-macos26.5.2-rust1.97.1-aarch64-20260814,9d3ab807a08ef4cf1077dbc23213e2314ce37c87,MEASURED,1786752604327968000,lifecycle,aegis_key_registry,ML-DSA-65,active_key_check,registry1,0,36,10,42,0,7094272,true,active,1,0,0,0,0,0,0,0,0,0,
local-1786752604326628000,macmini-m2-macos26.5.2-rust1.97.1-aarch64-20260814,9d3ab807a08ef4cf1077dbc23213e2314ce37c87,MEASURED,1786752604327978000,lifecycle,aegis_key_registry,ML-DSA-65,revocation_check,registry1,0,36,10,41,1000,7094272,true,not_revoked,1,0,0,0,0,0,0,0,0,0,
local-1786752604326628000,macmini-m2-macos26.5.2-rust1.97.1-aarch64-20260814,9d3ab807a08ef4cf1077dbc23213e2314ce37c87,MEASURED,1786752604327979000,lifecycle,aegis_key_registry,ML-DSA-65,public_key_lookup,registry1,0,37,10,250,1000,7094272,true,found,1,0,1952,0,0,0,0,0,0,0,
local-1786752604326628000,macmini-m2-macos26.5.2-rust1.97.1-aarch64-20260814,9d3ab807a08ef4cf1077dbc23213e2314ce37c87,MEASURED,1786752604327981000,lifecycle,aegis_key_registry,ML-DSA-65,role_authorization_check,registry1,0,37,10,42,0,7094272,true,authorized,1,0,0,0,0,0,0,0,0,0,
local-1786752604326628000,macmini-m2-macos26.5.2-rust1.97.1-aarch64-20260814,9d3ab807a08ef4cf1077dbc23213e2314ce37c87,MEASURED,1786752604327983000,lifecycle,aegis_key_registry,ML-DSA-65,active_key_check,registry1,0,37,10,41,1000,7094272,true,active,1,0,0,0,0,0,0,0,0,0,
local-1786752604326628000,macmini-m2-macos26.5.2-rust1.97.1-aarch64-20260814,9d3ab807a08ef4cf1077dbc23213e2314ce37c87,MEASURED,1786752604327985000,lifecycle,aegis_key_registry,ML-DSA-65,revocation_check,registry1,0,37,10,41,0,7094272,true,not_revoked,1,0,0,0,0,0,0,0,0,0,
local-1786752604326628000,macmini-m2-macos26.5.2-rust1.97.1-aarch64-20260814,9d3ab807a08ef4cf1077dbc23213e2314ce37c87,MEASURED,1786752604327986000,lifecycle,aegis_key_registry,ML-DSA-65,public_key_lookup,registry1,0,38,10,208,0,7094272,true,found,1,0,1952,0,0,0,0,0,0,0,
local-1786752604326628000,macmini-m2-macos26.5.2-rust1.97.1-aarch64-20260814,9d3ab807a08ef4cf1077dbc23213e2314ce37c87,MEASURED,1786752604327988000,lifecycle,aegis_key_registry,ML-DSA-65,role_authorization_check,registry1,0,38,10,41,2000,7094272,true,authorized,1,0,0,0,0,0,0,0,0,0,
local-1786752604326628000,macmini-m2-macos26.5.2-rust1.97.1-aarch64-20260814,9d3ab807a08ef4cf1077dbc23213e2314ce37c87,MEASURED,1786752604327990000,lifecycle,aegis_key_registry,ML-DSA-65,active_key_check,registry1,0,38,10,41,0,7094272,true,active,1,0,0,0,0,0,0,0,0,0,
local-1786752604326628000,macmini-m2-macos26.5.2-rust1.97.1-aarch64-20260814,9d3ab807a08ef4cf1077dbc23213e2314ce37c87,MEASURED,1786752604327992000,lifecycle,aegis_key_registry,ML-DSA-65,revocation_check,registry1,0,38,10,42,0,7094272,true,not_revoked,1,0,0,0,0,0,0,0,0,0,
local-1786752604326628000,macmini-m2-macos26.5.2-rust1.97.1-aarch64-20260814,9d3ab807a08ef4cf1077dbc23213e2314ce37c87,MEASURED,1786752604327993000,lifecycle,aegis_key_registry,ML-DSA-65,public_key_lookup,registry1,0,39,10,166,1000,7094272,true,found,1,0,1952,0,0,0,0,0,0,0,
local-1786752604326628000,macmini-m2-macos26.5.2-rust1.97.1-aarch64-20260814,9d3ab807a08ef4cf1077dbc23213e2314ce37c87,MEASURED,1786752604327995000,lifecycle,aegis_key_registry,ML-DSA-65,role_authorization_check,registry1,0,39,10,0,0,7094272,true,authorized,1,0,0,0,0,0,0,0,0,0,
local-1786752604326628000,macmini-m2-macos26.5.2-rust1.97.1-aarch64-20260814,9d3ab807a08ef4cf1077dbc23213e2314ce37c87,MEASURED,1786752604327997000,lifecycle,aegis_key_registry,ML-DSA-65,active_key_check,registry1,0,39,10,41,0,7094272,true,active,1,0,0,0,0,0,0,0,0,0,
local-1786752604326628000,macmini-m2-macos26.5.2-rust1.97.1-aarch64-20260814,9d3ab807a08ef4cf1077dbc23213e2314ce37c87,MEASURED,1786752604327998000,lifecycle,aegis_key_registry,ML-DSA-65,revocation_check,registry1,0,39,10,41,1000,7094272,true,not_revoked,1,0,0,0,0,0,0,0,0,0,
local-1786752604326628000,macmini-m2-macos26.5.2-rust1.97.1-aarch64-20260814,9d3ab807a08ef4cf1077dbc23213e2314ce37c87,MEASURED,1786752604328000000,lifecycle,aegis_key_registry,ML-DSA-65,public_key_lookup,registry1,0,40,10,166,0,7094272,true,found,1,0,1952,0,0,0,0,0,0,0,
local-1786752604326628000,macmini-m2-macos26.5.2-rust1.97.1-aarch64-20260814,9d3ab807a08ef4cf1077dbc23213e2314ce37c87,MEASURED,1786752604328002000,lifecycle,aegis_key_registry,ML-DSA-65,role_authorization_check,registry1,0,40,10,41,0,7094272,true,authorized,1,0,0,0,0,0,0,0,0,0,
local-1786752604326628000,macmini-m2-macos26.5.2-rust1.97.1-aarch64-20260814,9d3ab807a08ef4cf1077dbc23213e2314ce37c87,MEASURED,1786752604328003000,lifecycle,aegis_key_registry,ML-DSA-65,active_key_check,registry1,0,40,10,0,1000,7094272,true,active,1,0,0,0,0,0,0,0,0,0,
local-1786752604326628000,macmini-m2-macos26.5.2-rust1.97.1-aarch64-20260814,9d3ab807a08ef4cf1077dbc23213e2314ce37c87,MEASURED,1786752604328005000,lifecycle,aegis_key_registry,ML-DSA-65,revocation_check,registry1,0,40,10,42,0,7094272,true,not_revoked,1,0,0,0,0,0,0,0,0,0,
local-1786752604326628000,macmini-m2-macos26.5.2-rust1.97.1-aarch64-20260814,9d3ab807a08ef4cf1077dbc23213e2314ce37c87,MEASURED,1786752604328007000,lifecycle,aegis_key_registry,ML-DSA-65,public_key_lookup,registry1,0,41,10,167,0,7094272,true,found,1,0,1952,0,0,0,0,0,0,0,
local-1786752604326628000,macmini-m2-macos26.5.2-rust1.97.1-aarch64-20260814,9d3ab807a08ef4cf1077dbc23213e2314ce37c87,MEASURED,1786752604328008000,lifecycle,aegis_key_registry,ML-DSA-65,role_authorization_check,registry1,0,41,10,42,0,7094272,true,authorized,1,0,0,0,0,0,0,0,0,0,
local-1786752604326628000,macmini-m2-macos26.5.2-rust1.97.1-aarch64-20260814,9d3ab807a08ef4cf1077dbc23213e2314ce37c87,MEASURED,1786752604328010000,lifecycle,aegis_key_registry,ML-DSA-65,active_key_check,registry1,0,41,10,41,0,7094272,true,active,1,0,0,0,0,0,0,0,0,0,
local-1786752604326628000,macmini-m2-macos26.5.2-rust1.97.1-aarch64-20260814,9d3ab807a08ef4cf1077dbc23213e2314ce37c87,MEASURED,1786752604328012000,lifecycle,aegis_key_registry,ML-DSA-65,revocation_check,registry1,0,41,10,41,0,7094272,true,not_revoked,1,0,0,0,0,0,0,0,0,0,
local-1786752604326628000,macmini-m2-macos26.5.2-rust1.97.1-aarch64-20260814,9d3ab807a08ef4cf1077dbc23213e2314ce37c87,MEASURED,1786752604328013000,lifecycle,aegis_key_registry,ML-DSA-65,public_key_lookup,registry1,0,42,10,167,1000,7094272,true,found,1,0,1952,0,0,0,0,0,0,0,
local-1786752604326628000,macmini-m2-macos26.5.2-rust1.97.1-aarch64-20260814,9d3ab807a08ef4cf1077dbc23213e2314ce37c87,MEASURED,1786752604328015000,lifecycle,aegis_key_registry,ML-DSA-65,role_authorization_check,registry1,0,42,10,42,0,7094272,true,authorized,1,0,0,0,0,0,0,0,0,0,
local-1786752604326628000,macmini-m2-macos26.5.2-rust1.97.1-aarch64-20260814,9d3ab807a08ef4cf1077dbc23213e2314ce37c87,MEASURED,1786752604328017000,lifecycle,aegis_key_registry,ML-DSA-65,active_key_check,registry1,0,42,10,42,0,7094272,true,active,1,0,0,0,0,0,0,0,0,0,
local-1786752604326628000,macmini-m2-macos26.5.2-rust1.97.1-aarch64-20260814,9d3ab807a08ef4cf1077dbc23213e2314ce37c87,MEASURED,1786752604328018000,lifecycle,aegis_key_registry,ML-DSA-65,revocation_check,registry1,0,42,10,42,0,7094272,true,not_revoked,1,0,0,0,0,0,0,0,0,0,
local-1786752604326628000,macmini-m2-macos26.5.2-rust1.97.1-aarch64-20260814,9d3ab807a08ef4cf1077dbc23213e2314ce37c87,MEASURED,1786752604328020000,lifecycle,aegis_key_registry,ML-DSA-65,public_key_lookup,registry1,0,43,10,167,0,7094272,true,found,1,0,1952,0,0,0,0,0,0,0,
local-1786752604326628000,macmini-m2-macos26.5.2-rust1.97.1-aarch64-20260814,9d3ab807a08ef4cf1077dbc23213e2314ce37c87,MEASURED,1786752604328022000,lifecycle,aegis_key_registry,ML-DSA-65,role_authorization_check,registry1,0,43,10,42,2000,7094272,true,authorized,1,0,0,0,0,0,0,0,0,0,
local-1786752604326628000,macmini-m2-macos26.5.2-rust1.97.1-aarch64-20260814,9d3ab807a08ef4cf1077dbc23213e2314ce37c87,MEASURED,1786752604328024000,lifecycle,aegis_key_registry,ML-DSA-65,active_key_check,registry1,0,43,10,41,0,7094272,true,active,1,0,0,0,0,0,0,0,0,0,
local-1786752604326628000,macmini-m2-macos26.5.2-rust1.97.1-aarch64-20260814,9d3ab807a08ef4cf1077dbc23213e2314ce37c87,MEASURED,1786752604328025000,lifecycle,aegis_key_registry,ML-DSA-65,revocation_check,registry1,0,43,10,41,0,7094272,true,not_revoked,1,0,0,0,0,0,0,0,0,0,
local-1786752604326628000,macmini-m2-macos26.5.2-rust1.97.1-aarch64-20260814,9d3ab807a08ef4cf1077dbc23213e2314ce37c87,MEASURED,1786752604328027000,lifecycle,aegis_key_registry,ML-DSA-65,public_key_lookup,registry1,0,44,10,167,2000,7094272,true,found,1,0,1952,0,0,0,0,0,0,0,
local-1786752604326628000,macmini-m2-macos26.5.2-rust1.97.1-aarch64-20260814,9d3ab807a08ef4cf1077dbc23213e2314ce37c87,MEASURED,1786752604328034000,lifecycle,aegis_key_registry,ML-DSA-65,role_authorization_check,registry1,0,44,10,83,0,7094272,true,authorized,1,0,0,0,0,0,0,0,0,0,
local-1786752604326628000,macmini-m2-macos26.5.2-rust1.97.1-aarch64-20260814,9d3ab807a08ef4cf1077dbc23213e2314ce37c87,MEASURED,1786752604328036000,lifecycle,aegis_key_registry,ML-DSA-65,active_key_check,registry1,0,44,10,42,0,7094272,true,active,1,0,0,0,0,0,0,0,0,0,
local-1786752604326628000,macmini-m2-macos26.5.2-rust1.97.1-aarch64-20260814,9d3ab807a08ef4cf1077dbc23213e2314ce37c87,MEASURED,1786752604328038000,lifecycle,aegis_key_registry,ML-DSA-65,revocation_check,registry1,0,44,10,41,1000,7094272,true,not_revoked,1,0,0,0,0,0,0,0,0,0,
local-1786752604326628000,macmini-m2-macos26.5.2-rust1.97.1-aarch64-20260814,9d3ab807a08ef4cf1077dbc23213e2314ce37c87,MEASURED,1786752604328039000,lifecycle,aegis_key_registry,ML-DSA-65,public_key_lookup,registry1,0,45,10,167,0,7094272,true,found,1,0,1952,0,0,0,0,0,0,0,
local-1786752604326628000,macmini-m2-macos26.5.2-rust1.97.1-aarch64-20260814,9d3ab807a08ef4cf1077dbc23213e2314ce37c87,MEASURED,1786752604328041000,lifecycle,aegis_key_registry,ML-DSA-65,role_authorization_check,registry1,0,45,10,42,0,7094272,true,authorized,1,0,0,0,0,0,0,0,0,0,
local-1786752604326628000,macmini-m2-macos26.5.2-rust1.97.1-aarch64-20260814,9d3ab807a08ef4cf1077dbc23213e2314ce37c87,MEASURED,1786752604328043000,lifecycle,aegis_key_registry,ML-DSA-65,active_key_check,registry1,0,45,10,42,1000,7094272,true,active,1,0,0,0,0,0,0,0,0,0,
local-1786752604326628000,macmini-m2-macos26.5.2-rust1.97.1-aarch64-20260814,9d3ab807a08ef4cf1077dbc23213e2314ce37c87,MEASURED,1786752604328044000,lifecycle,aegis_key_registry,ML-DSA-65,revocation_check,registry1,0,45,10,42,0,7094272,true,not_revoked,1,0,0,0,0,0,0,0,0,0,
local-1786752604326628000,macmini-m2-macos26.5.2-rust1.97.1-aarch64-20260814,9d3ab807a08ef4cf1077dbc23213e2314ce37c87,MEASURED,1786752604328046000,lifecycle,aegis_key_registry,ML-DSA-65,public_key_lookup,registry1,0,46,10,208,0,7094272,true,found,1,0,1952,0,0,0,0,0,0,0,
local-1786752604326628000,macmini-m2-macos26.5.2-rust1.97.1-aarch64-20260814,9d3ab807a08ef4cf1077dbc23213e2314ce37c87,MEASURED,1786752604328048000,lifecycle,aegis_key_registry,ML-DSA-65,role_authorization_check,registry1,0,46,10,83,0,7094272,true,authorized,1,0,0,0,0,0,0,0,0,0,
local-1786752604326628000,macmini-m2-macos26.5.2-rust1.97.1-aarch64-20260814,9d3ab807a08ef4cf1077dbc23213e2314ce37c87,MEASURED,1786752604328049000,lifecycle,aegis_key_registry,ML-DSA-65,active_key_check,registry1,0,46,10,41,0,7094272,true,active,1,0,0,0,0,0,0,0,0,0,
local-1786752604326628000,macmini-m2-macos26.5.2-rust1.97.1-aarch64-20260814,9d3ab807a08ef4cf1077dbc23213e2314ce37c87,MEASURED,1786752604328051000,lifecycle,aegis_key_registry,ML-DSA-65,revocation_check,registry1,0,46,10,83,0,7094272,true,not_revoked,1,0,0,0,0,0,0,0,0,0,
local-1786752604326628000,macmini-m2-macos26.5.2-rust1.97.1-aarch64-20260814,9d3ab807a08ef4cf1077dbc23213e2314ce37c87,MEASURED,1786752604328053000,lifecycle,aegis_key_registry,ML-DSA-65,public_key_lookup,registry1,0,47,10,125,1000,7094272,true,found,1,0,1952,0,0,0,0,0,0,0,
local-1786752604326628000,macmini-m2-macos26.5.2-rust1.97.1-aarch64-20260814,9d3ab807a08ef4cf1077dbc23213e2314ce37c87,MEASURED,1786752604328054000,lifecycle,aegis_key_registry,ML-DSA-65,role_authorization_check,registry1,0,47,10,84,1000,7094272,true,authorized,1,0,0,0,0,0,0,0,0,0,
local-1786752604326628000,macmini-m2-macos26.5.2-rust1.97.1-aarch64-20260814,9d3ab807a08ef4cf1077dbc23213e2314ce37c87,MEASURED,1786752604328056000,lifecycle,aegis_key_registry,ML-DSA-65,active_key_check,registry1,0,47,10,42,0,7094272,true,active,1,0,0,0,0,0,0,0,0,0,
local-1786752604326628000,macmini-m2-macos26.5.2-rust1.97.1-aarch64-20260814,9d3ab807a08ef4cf1077dbc23213e2314ce37c87,MEASURED,1786752604328058000,lifecycle,aegis_key_registry,ML-DSA-65,revocation_check,registry1,0,47,10,42,1000,7094272,true,not_revoked,1,0,0,0,0,0,0,0,0,0,
local-1786752604326628000,macmini-m2-macos26.5.2-rust1.97.1-aarch64-20260814,9d3ab807a08ef4cf1077dbc23213e2314ce37c87,MEASURED,1786752604328059000,lifecycle,aegis_key_registry,ML-DSA-65,public_key_lookup,registry1,0,48,10,166,1000,7094272,true,found,1,0,1952,0,0,0,0,0,0,0,
local-1786752604326628000,macmini-m2-macos26.5.2-rust1.97.1-aarch64-20260814,9d3ab807a08ef4cf1077dbc23213e2314ce37c87,MEASURED,1786752604328061000,lifecycle,aegis_key_registry,ML-DSA-65,role_authorization_check,registry1,0,48,10,84,0,7094272,true,authorized,1,0,0,0,0,0,0,0,0,0,
local-1786752604326628000,macmini-m2-macos26.5.2-rust1.97.1-aarch64-20260814,9d3ab807a08ef4cf1077dbc23213e2314ce37c87,MEASURED,1786752604328063000,lifecycle,aegis_key_registry,ML-DSA-65,active_key_check,registry1,0,48,10,42,0,7094272,true,active,1,0,0,0,0,0,0,0,0,0,
local-1786752604326628000,macmini-m2-macos26.5.2-rust1.97.1-aarch64-20260814,9d3ab807a08ef4cf1077dbc23213e2314ce37c87,MEASURED,1786752604328064000,lifecycle,aegis_key_registry,ML-DSA-65,revocation_check,registry1,0,48,10,42,0,7094272,true,not_revoked,1,0,0,0,0,0,0,0,0,0,
local-1786752604326628000,macmini-m2-macos26.5.2-rust1.97.1-aarch64-20260814,9d3ab807a08ef4cf1077dbc23213e2314ce37c87,MEASURED,1786752604328066000,lifecycle,aegis_key_registry,ML-DSA-65,public_key_lookup,registry1,0,49,10,167,0,7094272,true,found,1,0,1952,0,0,0,0,0,0,0,
local-1786752604326628000,macmini-m2-macos26.5.2-rust1.97.1-aarch64-20260814,9d3ab807a08ef4cf1077dbc23213e2314ce37c87,MEASURED,1786752604328068000,lifecycle,aegis_key_registry,ML-DSA-65,role_authorization_check,registry1,0,49,10,41,1000,7094272,true,authorized,1,0,0,0,0,0,0,0,0,0,
local-1786752604326628000,macmini-m2-macos26.5.2-rust1.97.1-aarch64-20260814,9d3ab807a08ef4cf1077dbc23213e2314ce37c87,MEASURED,1786752604328070000,lifecycle,aegis_key_registry,ML-DSA-65,active_key_check,registry1,0,49,10,42,0,7094272,true,active,1,0,0,0,0,0,0,0,0,0,
local-1786752604326628000,macmini-m2-macos26.5.2-rust1.97.1-aarch64-20260814,9d3ab807a08ef4cf1077dbc23213e2314ce37c87,MEASURED,1786752604328071000,lifecycle,aegis_key_registry,ML-DSA-65,revocation_check,registry1,0,49,10,42,0,7094272,true,not_revoked,1,0,0,0,0,0,0,0,0,0,
local-1786752604326628000,macmini-m2-macos26.5.2-rust1.97.1-aarch64-20260814,9d3ab807a08ef4cf1077dbc23213e2314ce37c87,MEASURED,1786752604328073000,lifecycle,aegis_key_registry,ML-DSA-65,public_key_lookup,registry1,0,50,10,167,2000,7094272,true,found,1,0,1952,0,0,0,0,0,0,0,
local-1786752604326628000,macmini-m2-macos26.5.2-rust1.97.1-aarch64-20260814,9d3ab807a08ef4cf1077dbc23213e2314ce37c87,MEASURED,1786752604328075000,lifecycle,aegis_key_registry,ML-DSA-65,role_authorization_check,registry1,0,50,10,42,0,7094272,true,authorized,1,0,0,0,0,0,0,0,0,0,
local-1786752604326628000,macmini-m2-macos26.5.2-rust1.97.1-aarch64-20260814,9d3ab807a08ef4cf1077dbc23213e2314ce37c87,MEASURED,1786752604328076000,lifecycle,aegis_key_registry,ML-DSA-65,active_key_check,registry1,0,50,10,42,0,7094272,true,active,1,0,0,0,0,0,0,0,0,0,
local-1786752604326628000,macmini-m2-macos26.5.2-rust1.97.1-aarch64-20260814,9d3ab807a08ef4cf1077dbc23213e2314ce37c87,MEASURED,1786752604328078000,lifecycle,aegis_key_registry,ML-DSA-65,revocation_check,registry1,0,50,10,42,1000,7094272,true,not_revoked,1,0,0,0,0,0,0,0,0,0,
local-1786752604326628000,macmini-m2-macos26.5.2-rust1.97.1-aarch64-20260814,9d3ab807a08ef4cf1077dbc23213e2314ce37c87,MEASURED,1786752604328080000,lifecycle,aegis_key_registry,ML-DSA-65,public_key_lookup,registry1,0,51,10,167,0,7094272,true,found,1,0,1952,0,0,0,0,0,0,0,
local-1786752604326628000,macmini-m2-macos26.5.2-rust1.97.1-aarch64-20260814,9d3ab807a08ef4cf1077dbc23213e2314ce37c87,MEASURED,1786752604328081000,lifecycle,aegis_key_registry,ML-DSA-65,role_authorization_check,registry1,0,51,10,42,0,7094272,true,authorized,1,0,0,0,0,0,0,0,0,0,
local-1786752604326628000,macmini-m2-macos26.5.2-rust1.97.1-aarch64-20260814,9d3ab807a08ef4cf1077dbc23213e2314ce37c87,MEASURED,1786752604328089000,lifecycle,aegis_key_registry,ML-DSA-65,active_key_check,registry1,0,51,10,83,1000,7094272,true,active,1,0,0,0,0,0,0,0,0,0,
local-1786752604326628000,macmini-m2-macos26.5.2-rust1.97.1-aarch64-20260814,9d3ab807a08ef4cf1077dbc23213e2314ce37c87,MEASURED,1786752604328091000,lifecycle,aegis_key_registry,ML-DSA-65,revocation_check,registry1,0,51,10,41,1000,7094272,true,not_revoked,1,0,0,0,0,0,0,0,0,0,
local-1786752604326628000,macmini-m2-macos26.5.2-rust1.97.1-aarch64-20260814,9d3ab807a08ef4cf1077dbc23213e2314ce37c87,MEASURED,1786752604328092000,lifecycle,aegis_key_registry,ML-DSA-65,public_key_lookup,registry1,0,52,10,167,1000,7094272,true,found,1,0,1952,0,0,0,0,0,0,0,
local-1786752604326628000,macmini-m2-macos26.5.2-rust1.97.1-aarch64-20260814,9d3ab807a08ef4cf1077dbc23213e2314ce37c87,MEASURED,1786752604328094000,lifecycle,aegis_key_registry,ML-DSA-65,role_authorization_check,registry1,0,52,10,42,0,7094272,true,authorized,1,0,0,0,0,0,0,0,0,0,
local-1786752604326628000,macmini-m2-macos26.5.2-rust1.97.1-aarch64-20260814,9d3ab807a08ef4cf1077dbc23213e2314ce37c87,MEASURED,1786752604328096000,lifecycle,aegis_key_registry,ML-DSA-65,active_key_check,registry1,0,52,10,42,1000,7094272,true,active,1,0,0,0,0,0,0,0,0,0,
local-1786752604326628000,macmini-m2-macos26.5.2-rust1.97.1-aarch64-20260814,9d3ab807a08ef4cf1077dbc23213e2314ce37c87,MEASURED,1786752604328097000,lifecycle,aegis_key_registry,ML-DSA-65,revocation_check,registry1,0,52,10,42,0,7094272,true,not_revoked,1,0,0,0,0,0,0,0,0,0,
local-1786752604326628000,macmini-m2-macos26.5.2-rust1.97.1-aarch64-20260814,9d3ab807a08ef4cf1077dbc23213e2314ce37c87,MEASURED,1786752604328099000,lifecycle,aegis_key_registry,ML-DSA-65,public_key_lookup,registry1,0,53,10,167,0,7094272,true,found,1,0,1952,0,0,0,0,0,0,0,
local-1786752604326628000,macmini-m2-macos26.5.2-rust1.97.1-aarch64-20260814,9d3ab807a08ef4cf1077dbc23213e2314ce37c87,MEASURED,1786752604328101000,lifecycle,aegis_key_registry,ML-DSA-65,role_authorization_check,registry1,0,53,10,42,1000,7094272,true,authorized,1,0,0,0,0,0,0,0,0,0,
local-1786752604326628000,macmini-m2-macos26.5.2-rust1.97.1-aarch64-20260814,9d3ab807a08ef4cf1077dbc23213e2314ce37c87,MEASURED,1786752604328102000,lifecycle,aegis_key_registry,ML-DSA-65,active_key_check,registry1,0,53,10,42,0,7094272,true,active,1,0,0,0,0,0,0,0,0,0,
local-1786752604326628000,macmini-m2-macos26.5.2-rust1.97.1-aarch64-20260814,9d3ab807a08ef4cf1077dbc23213e2314ce37c87,MEASURED,1786752604328104000,lifecycle,aegis_key_registry,ML-DSA-65,revocation_check,registry1,0,53,10,42,0,7094272,true,not_revoked,1,0,0,0,0,0,0,0,0,0,
local-1786752604326628000,macmini-m2-macos26.5.2-rust1.97.1-aarch64-20260814,9d3ab807a08ef4cf1077dbc23213e2314ce37c87,MEASURED,1786752604328106000,lifecycle,aegis_key_registry,ML-DSA-65,public_key_lookup,registry1,0,54,10,209,1000,7094272,true,found,1,0,1952,0,0,0,0,0,0,0,
local-1786752604326628000,macmini-m2-macos26.5.2-rust1.97.1-aarch64-20260814,9d3ab807a08ef4cf1077dbc23213e2314ce37c87,MEASURED,1786752604328107000,lifecycle,aegis_key_registry,ML-DSA-65,role_authorization_check,registry1,0,54,10,42,1000,7094272,true,authorized,1,0,0,0,0,0,0,0,0,0,
local-1786752604326628000,macmini-m2-macos26.5.2-rust1.97.1-aarch64-20260814,9d3ab807a08ef4cf1077dbc23213e2314ce37c87,MEASURED,1786752604328109000,lifecycle,aegis_key_registry,ML-DSA-65,active_key_check,registry1,0,54,10,84,0,7094272,true,active,1,0,0,0,0,0,0,0,0,0,
local-1786752604326628000,macmini-m2-macos26.5.2-rust1.97.1-aarch64-20260814,9d3ab807a08ef4cf1077dbc23213e2314ce37c87,MEASURED,1786752604328111000,lifecycle,aegis_key_registry,ML-DSA-65,revocation_check,registry1,0,54,10,42,1000,7094272,true,not_revoked,1,0,0,0,0,0,0,0,0,0,
local-1786752604326628000,macmini-m2-macos26.5.2-rust1.97.1-aarch64-20260814,9d3ab807a08ef4cf1077dbc23213e2314ce37c87,MEASURED,1786752604328112000,lifecycle,aegis_key_registry,ML-DSA-65,public_key_lookup,registry1,0,55,10,167,1000,7094272,true,found,1,0,1952,0,0,0,0,0,0,0,
local-1786752604326628000,macmini-m2-macos26.5.2-rust1.97.1-aarch64-20260814,9d3ab807a08ef4cf1077dbc23213e2314ce37c87,MEASURED,1786752604328114000,lifecycle,aegis_key_registry,ML-DSA-65,role_authorization_check,registry1,0,55,10,0,0,7094272,true,authorized,1,0,0,0,0,0,0,0,0,0,
local-1786752604326628000,macmini-m2-macos26.5.2-rust1.97.1-aarch64-20260814,9d3ab807a08ef4cf1077dbc23213e2314ce37c87,MEASURED,1786752604328116000,lifecycle,aegis_key_registry,ML-DSA-65,active_key_check,registry1,0,55,10,41,1000,7094272,true,active,1,0,0,0,0,0,0,0,0,0,
local-1786752604326628000,macmini-m2-macos26.5.2-rust1.97.1-aarch64-20260814,9d3ab807a08ef4cf1077dbc23213e2314ce37c87,MEASURED,1786752604328117000,lifecycle,aegis_key_registry,ML-DSA-65,revocation_check,registry1,0,55,10,42,1000,7094272,true,not_revoked,1,0,0,0,0,0,0,0,0,0,
local-1786752604326628000,macmini-m2-macos26.5.2-rust1.97.1-aarch64-20260814,9d3ab807a08ef4cf1077dbc23213e2314ce37c87,MEASURED,1786752604328119000,lifecycle,aegis_key_registry,ML-DSA-65,public_key_lookup,registry1,0,56,10,167,0,7094272,true,found,1,0,1952,0,0,0,0,0,0,0,
local-1786752604326628000,macmini-m2-macos26.5.2-rust1.97.1-aarch64-20260814,9d3ab807a08ef4cf1077dbc23213e2314ce37c87,MEASURED,1786752604328121000,lifecycle,aegis_key_registry,ML-DSA-65,role_authorization_check,registry1,0,56,10,42,1000,7094272,true,authorized,1,0,0,0,0,0,0,0,0,0,
local-1786752604326628000,macmini-m2-macos26.5.2-rust1.97.1-aarch64-20260814,9d3ab807a08ef4cf1077dbc23213e2314ce37c87,MEASURED,1786752604328122000,lifecycle,aegis_key_registry,ML-DSA-65,active_key_check,registry1,0,56,10,42,1000,7094272,true,active,1,0,0,0,0,0,0,0,0,0,
local-1786752604326628000,macmini-m2-macos26.5.2-rust1.97.1-aarch64-20260814,9d3ab807a08ef4cf1077dbc23213e2314ce37c87,MEASURED,1786752604328124000,lifecycle,aegis_key_registry,ML-DSA-65,revocation_check,registry1,0,56,10,42,0,7094272,true,not_revoked,1,0,0,0,0,0,0,0,0,0,
local-1786752604326628000,macmini-m2-macos26.5.2-rust1.97.1-aarch64-20260814,9d3ab807a08ef4cf1077dbc23213e2314ce37c87,MEASURED,1786752604328126000,lifecycle,aegis_key_registry,ML-DSA-65,public_key_lookup,registry1,0,57,10,166,0,7094272,true,found,1,0,1952,0,0,0,0,0,0,0,
local-1786752604326628000,macmini-m2-macos26.5.2-rust1.97.1-aarch64-20260814,9d3ab807a08ef4cf1077dbc23213e2314ce37c87,MEASURED,1786752604328127000,lifecycle,aegis_key_registry,ML-DSA-65,role_authorization_check,registry1,0,57,10,41,0,7094272,true,authorized,1,0,0,0,0,0,0,0,0,0,
local-1786752604326628000,macmini-m2-macos26.5.2-rust1.97.1-aarch64-20260814,9d3ab807a08ef4cf1077dbc23213e2314ce37c87,MEASURED,1786752604328129000,lifecycle,aegis_key_registry,ML-DSA-65,active_key_check,registry1,0,57,10,41,0,7094272,true,active,1,0,0,0,0,0,0,0,0,0,
local-1786752604326628000,macmini-m2-macos26.5.2-rust1.97.1-aarch64-20260814,9d3ab807a08ef4cf1077dbc23213e2314ce37c87,MEASURED,1786752604328130000,lifecycle,aegis_key_registry,ML-DSA-65,revocation_check,registry1,0,57,10,42,0,7094272,true,not_revoked,1,0,0,0,0,0,0,0,0,0,
local-1786752604326628000,macmini-m2-macos26.5.2-rust1.97.1-aarch64-20260814,9d3ab807a08ef4cf1077dbc23213e2314ce37c87,MEASURED,1786752604328132000,lifecycle,aegis_key_registry,ML-DSA-65,public_key_lookup,registry1,0,58,10,167,0,7094272,true,found,1,0,1952,0,0,0,0,0,0,0,
local-1786752604326628000,macmini-m2-macos26.5.2-rust1.97.1-aarch64-20260814,9d3ab807a08ef4cf1077dbc23213e2314ce37c87,MEASURED,1786752604328134000,lifecycle,aegis_key_registry,ML-DSA-65,role_authorization_check,registry1,0,58,10,42,0,7094272,true,authorized,1,0,0,0,0,0,0,0,0,0,
local-1786752604326628000,macmini-m2-macos26.5.2-rust1.97.1-aarch64-20260814,9d3ab807a08ef4cf1077dbc23213e2314ce37c87,MEASURED,1786752604328135000,lifecycle,aegis_key_registry,ML-DSA-65,active_key_check,registry1,0,58,10,42,0,7094272,true,active,1,0,0,0,0,0,0,0,0,0,
local-1786752604326628000,macmini-m2-macos26.5.2-rust1.97.1-aarch64-20260814,9d3ab807a08ef4cf1077dbc23213e2314ce37c87,MEASURED,1786752604328142000,lifecycle,aegis_key_registry,ML-DSA-65,revocation_check,registry1,0,58,10,42,1000,7094272,true,not_revoked,1,0,0,0,0,0,0,0,0,0,
local-1786752604326628000,macmini-m2-macos26.5.2-rust1.97.1-aarch64-20260814,9d3ab807a08ef4cf1077dbc23213e2314ce37c87,MEASURED,1786752604328144000,lifecycle,aegis_key_registry,ML-DSA-65,public_key_lookup,registry1,0,59,10,166,1000,7094272,true,found,1,0,1952,0,0,0,0,0,0,0,
local-1786752604326628000,macmini-m2-macos26.5.2-rust1.97.1-aarch64-20260814,9d3ab807a08ef4cf1077dbc23213e2314ce37c87,MEASURED,1786752604328145000,lifecycle,aegis_key_registry,ML-DSA-65,role_authorization_check,registry1,0,59,10,42,0,7094272,true,authorized,1,0,0,0,0,0,0,0,0,0,
local-1786752604326628000,macmini-m2-macos26.5.2-rust1.97.1-aarch64-20260814,9d3ab807a08ef4cf1077dbc23213e2314ce37c87,MEASURED,1786752604328147000,lifecycle,aegis_key_registry,ML-DSA-65,active_key_check,registry1,0,59,10,83,0,7094272,true,active,1,0,0,0,0,0,0,0,0,0,
local-1786752604326628000,macmini-m2-macos26.5.2-rust1.97.1-aarch64-20260814,9d3ab807a08ef4cf1077dbc23213e2314ce37c87,MEASURED,1786752604328149000,lifecycle,aegis_key_registry,ML-DSA-65,revocation_check,registry1,0,59,10,83,1000,7094272,true,not_revoked,1,0,0,0,0,0,0,0,0,0,
local-1786752604326628000,macmini-m2-macos26.5.2-rust1.97.1-aarch64-20260814,9d3ab807a08ef4cf1077dbc23213e2314ce37c87,MEASURED,1786752604328150000,lifecycle,aegis_key_registry,ML-DSA-65,public_key_lookup,registry1,0,60,10,166,1000,7094272,true,found,1,0,1952,0,0,0,0,0,0,0,
local-1786752604326628000,macmini-m2-macos26.5.2-rust1.97.1-aarch64-20260814,9d3ab807a08ef4cf1077dbc23213e2314ce37c87,MEASURED,1786752604328152000,lifecycle,aegis_key_registry,ML-DSA-65,role_authorization_check,registry1,0,60,10,42,0,7094272,true,authorized,1,0,0,0,0,0,0,0,0,0,
local-1786752604326628000,macmini-m2-macos26.5.2-rust1.97.1-aarch64-20260814,9d3ab807a08ef4cf1077dbc23213e2314ce37c87,MEASURED,1786752604328154000,lifecycle,aegis_key_registry,ML-DSA-65,active_key_check,registry1,0,60,10,41,1000,7094272,true,active,1,0,0,0,0,0,0,0,0,0,
local-1786752604326628000,macmini-m2-macos26.5.2-rust1.97.1-aarch64-20260814,9d3ab807a08ef4cf1077dbc23213e2314ce37c87,MEASURED,1786752604328156000,lifecycle,aegis_key_registry,ML-DSA-65,revocation_check,registry1,0,60,10,42,0,7094272,true,not_revoked,1,0,0,0,0,0,0,0,0,0,
local-1786752604326628000,macmini-m2-macos26.5.2-rust1.97.1-aarch64-20260814,9d3ab807a08ef4cf1077dbc23213e2314ce37c87,MEASURED,1786752604328157000,lifecycle,aegis_key_registry,ML-DSA-65,public_key_lookup,registry1,0,61,10,208,0,7094272,true,found,1,0,1952,0,0,0,0,0,0,0,
local-1786752604326628000,macmini-m2-macos26.5.2-rust1.97.1-aarch64-20260814,9d3ab807a08ef4cf1077dbc23213e2314ce37c87,MEASURED,1786752604328159000,lifecycle,aegis_key_registry,ML-DSA-65,role_authorization_check,registry1,0,61,10,42,1000,7094272,true,authorized,1,0,0,0,0,0,0,0,0,0,
local-1786752604326628000,macmini-m2-macos26.5.2-rust1.97.1-aarch64-20260814,9d3ab807a08ef4cf1077dbc23213e2314ce37c87,MEASURED,1786752604328161000,lifecycle,aegis_key_registry,ML-DSA-65,active_key_check,registry1,0,61,10,41,0,7094272,true,active,1,0,0,0,0,0,0,0,0,0,
local-1786752604326628000,macmini-m2-macos26.5.2-rust1.97.1-aarch64-20260814,9d3ab807a08ef4cf1077dbc23213e2314ce37c87,MEASURED,1786752604328162000,lifecycle,aegis_key_registry,ML-DSA-65,revocation_check,registry1,0,61,10,42,0,7094272,true,not_revoked,1,0,0,0,0,0,0,0,0,0,
local-1786752604326628000,macmini-m2-macos26.5.2-rust1.97.1-aarch64-20260814,9d3ab807a08ef4cf1077dbc23213e2314ce37c87,MEASURED,1786752604328164000,lifecycle,aegis_key_registry,ML-DSA-65,public_key_lookup,registry1,0,62,10,167,0,7094272,true,found,1,0,1952,0,0,0,0,0,0,0,
local-1786752604326628000,macmini-m2-macos26.5.2-rust1.97.1-aarch64-20260814,9d3ab807a08ef4cf1077dbc23213e2314ce37c87,MEASURED,1786752604328166000,lifecycle,aegis_key_registry,ML-DSA-65,role_authorization_check,registry1,0,62,10,42,0,7094272,true,authorized,1,0,0,0,0,0,0,0,0,0,
local-1786752604326628000,macmini-m2-macos26.5.2-rust1.97.1-aarch64-20260814,9d3ab807a08ef4cf1077dbc23213e2314ce37c87,MEASURED,1786752604328167000,lifecycle,aegis_key_registry,ML-DSA-65,active_key_check,registry1,0,62,10,42,0,7094272,true,active,1,0,0,0,0,0,0,0,0,0,
local-1786752604326628000,macmini-m2-macos26.5.2-rust1.97.1-aarch64-20260814,9d3ab807a08ef4cf1077dbc23213e2314ce37c87,MEASURED,1786752604328169000,lifecycle,aegis_key_registry,ML-DSA-65,revocation_check,registry1,0,62,10,42,0,7094272,true,not_revoked,1,0,0,0,0,0,0,0,0,0,
local-1786752604326628000,macmini-m2-macos26.5.2-rust1.97.1-aarch64-20260814,9d3ab807a08ef4cf1077dbc23213e2314ce37c87,MEASURED,1786752604328171000,lifecycle,aegis_key_registry,ML-DSA-65,public_key_lookup,registry1,0,63,10,167,0,7094272,true,found,1,0,1952,0,0,0,0,0,0,0,
local-1786752604326628000,macmini-m2-macos26.5.2-rust1.97.1-aarch64-20260814,9d3ab807a08ef4cf1077dbc23213e2314ce37c87,MEASURED,1786752604328173000,lifecycle,aegis_key_registry,ML-DSA-65,role_authorization_check,registry1,0,63,10,42,0,7094272,true,authorized,1,0,0,0,0,0,0,0,0,0,
local-1786752604326628000,macmini-m2-macos26.5.2-rust1.97.1-aarch64-20260814,9d3ab807a08ef4cf1077dbc23213e2314ce37c87,MEASURED,1786752604328174000,lifecycle,aegis_key_registry,ML-DSA-65,active_key_check,registry1,0,63,10,42,0,7094272,true,active,1,0,0,0,0,0,0,0,0,0,
local-1786752604326628000,macmini-m2-macos26.5.2-rust1.97.1-aarch64-20260814,9d3ab807a08ef4cf1077dbc23213e2314ce37c87,MEASURED,1786752604328176000,lifecycle,aegis_key_registry,ML-DSA-65,revocation_check,registry1,0,63,10,41,0,7094272,true,not_revoked,1,0,0,0,0,0,0,0,0,0,
local-1786752604326628000,macmini-m2-macos26.5.2-rust1.97.1-aarch64-20260814,9d3ab807a08ef4cf1077dbc23213e2314ce37c87,MEASURED,1786752604328177000,lifecycle,aegis_key_registry,ML-DSA-65,public_key_lookup,registry1,0,64,10,166,0,7094272,true,found,1,0,1952,0,0,0,0,0,0,0,
local-1786752604326628000,macmini-m2-macos26.5.2-rust1.97.1-aarch64-20260814,9d3ab807a08ef4cf1077dbc23213e2314ce37c87,MEASURED,1786752604328179000,lifecycle,aegis_key_registry,ML-DSA-65,role_authorization_check,registry1,0,64,10,41,0,7094272,true,authorized,1,0,0,0,0,0,0,0,0,0,
local-1786752604326628000,macmini-m2-macos26.5.2-rust1.97.1-aarch64-20260814,9d3ab807a08ef4cf1077dbc23213e2314ce37c87,MEASURED,1786752604328181000,lifecycle,aegis_key_registry,ML-DSA-65,active_key_check,registry1,0,64,10,41,0,7094272,true,active,1,0,0,0,0,0,0,0,0,0,
local-1786752604326628000,macmini-m2-macos26.5.2-rust1.97.1-aarch64-20260814,9d3ab807a08ef4cf1077dbc23213e2314ce37c87,MEASURED,1786752604328182000,lifecycle,aegis_key_registry,ML-DSA-65,revocation_check,registry1,0,64,10,42,0,7094272,true,not_revoked,1,0,0,0,0,0,0,0,0,0,
local-1786752604326628000,macmini-m2-macos26.5.2-rust1.97.1-aarch64-20260814,9d3ab807a08ef4cf1077dbc23213e2314ce37c87,MEASURED,1786752604328184000,lifecycle,aegis_key_registry,ML-DSA-65,public_key_lookup,registry1,0,65,10,167,1000,7094272,true,found,1,0,1952,0,0,0,0,0,0,0,
local-1786752604326628000,macmini-m2-macos26.5.2-rust1.97.1-aarch64-20260814,9d3ab807a08ef4cf1077dbc23213e2314ce37c87,MEASURED,1786752604328186000,lifecycle,aegis_key_registry,ML-DSA-65,role_authorization_check,registry1,0,65,10,42,0,7094272,true,authorized,1,0,0,0,0,0,0,0,0,0,
local-1786752604326628000,macmini-m2-macos26.5.2-rust1.97.1-aarch64-20260814,9d3ab807a08ef4cf1077dbc23213e2314ce37c87,MEASURED,1786752604328187000,lifecycle,aegis_key_registry,ML-DSA-65,active_key_check,registry1,0,65,10,42,0,7094272,true,active,1,0,0,0,0,0,0,0,0,0,
local-1786752604326628000,macmini-m2-macos26.5.2-rust1.97.1-aarch64-20260814,9d3ab807a08ef4cf1077dbc23213e2314ce37c87,MEASURED,1786752604328189000,lifecycle,aegis_key_registry,ML-DSA-65,revocation_check,registry1,0,65,10,41,1000,7094272,true,not_revoked,1,0,0,0,0,0,0,0,0,0,
local-1786752604326628000,macmini-m2-macos26.5.2-rust1.97.1-aarch64-20260814,9d3ab807a08ef4cf1077dbc23213e2314ce37c87,MEASURED,1786752604328191000,lifecycle,aegis_key_registry,ML-DSA-65,public_key_lookup,registry1,0,66,10,166,1000,7094272,true,found,1,0,1952,0,0,0,0,0,0,0,
local-1786752604326628000,macmini-m2-macos26.5.2-rust1.97.1-aarch64-20260814,9d3ab807a08ef4cf1077dbc23213e2314ce37c87,MEASURED,1786752604328198000,lifecycle,aegis_key_registry,ML-DSA-65,role_authorization_check,registry1,0,66,10,42,0,7094272,true,authorized,1,0,0,0,0,0,0,0,0,0,
local-1786752604326628000,macmini-m2-macos26.5.2-rust1.97.1-aarch64-20260814,9d3ab807a08ef4cf1077dbc23213e2314ce37c87,MEASURED,1786752604328200000,lifecycle,aegis_key_registry,ML-DSA-65,active_key_check,registry1,0,66,10,42,0,7094272,true,active,1,0,0,0,0,0,0,0,0,0,
local-1786752604326628000,macmini-m2-macos26.5.2-rust1.97.1-aarch64-20260814,9d3ab807a08ef4cf1077dbc23213e2314ce37c87,MEASURED,1786752604328201000,lifecycle,aegis_key_registry,ML-DSA-65,revocation_check,registry1,0,66,10,83,0,7094272,true,not_revoked,1,0,0,0,0,0,0,0,0,0,
local-1786752604326628000,macmini-m2-macos26.5.2-rust1.97.1-aarch64-20260814,9d3ab807a08ef4cf1077dbc23213e2314ce37c87,MEASURED,1786752604328203000,lifecycle,aegis_key_registry,ML-DSA-65,public_key_lookup,registry1,0,67,10,167,1000,7094272,true,found,1,0,1952,0,0,0,0,0,0,0,
local-1786752604326628000,macmini-m2-macos26.5.2-rust1.97.1-aarch64-20260814,9d3ab807a08ef4cf1077dbc23213e2314ce37c87,MEASURED,1786752604328205000,lifecycle,aegis_key_registry,ML-DSA-65,role_authorization_check,registry1,0,67,10,42,0,7094272,true,authorized,1,0,0,0,0,0,0,0,0,0,
local-1786752604326628000,macmini-m2-macos26.5.2-rust1.97.1-aarch64-20260814,9d3ab807a08ef4cf1077dbc23213e2314ce37c87,MEASURED,1786752604328206000,lifecycle,aegis_key_registry,ML-DSA-65,active_key_check,registry1,0,67,10,42,0,7094272,true,active,1,0,0,0,0,0,0,0,0,0,
local-1786752604326628000,macmini-m2-macos26.5.2-rust1.97.1-aarch64-20260814,9d3ab807a08ef4cf1077dbc23213e2314ce37c87,MEASURED,1786752604328208000,lifecycle,aegis_key_registry,ML-DSA-65,revocation_check,registry1,0,67,10,42,1000,7094272,true,not_revoked,1,0,0,0,0,0,0,0,0,0,
local-1786752604326628000,macmini-m2-macos26.5.2-rust1.97.1-aarch64-20260814,9d3ab807a08ef4cf1077dbc23213e2314ce37c87,MEASURED,1786752604328210000,lifecycle,aegis_key_registry,ML-DSA-65,public_key_lookup,registry1,0,68,10,167,0,7094272,true,found,1,0,1952,0,0,0,0,0,0,0,
local-1786752604326628000,macmini-m2-macos26.5.2-rust1.97.1-aarch64-20260814,9d3ab807a08ef4cf1077dbc23213e2314ce37c87,MEASURED,1786752604328211000,lifecycle,aegis_key_registry,ML-DSA-65,role_authorization_check,registry1,0,68,10,42,0,7094272,true,authorized,1,0,0,0,0,0,0,0,0,0,
local-1786752604326628000,macmini-m2-macos26.5.2-rust1.97.1-aarch64-20260814,9d3ab807a08ef4cf1077dbc23213e2314ce37c87,MEASURED,1786752604328213000,lifecycle,aegis_key_registry,ML-DSA-65,active_key_check,registry1,0,68,10,42,0,7094272,true,active,1,0,0,0,0,0,0,0,0,0,
local-1786752604326628000,macmini-m2-macos26.5.2-rust1.97.1-aarch64-20260814,9d3ab807a08ef4cf1077dbc23213e2314ce37c87,MEASURED,1786752604328215000,lifecycle,aegis_key_registry,ML-DSA-65,revocation_check,registry1,0,68,10,41,0,7094272,true,not_revoked,1,0,0,0,0,0,0,0,0,0,
local-1786752604326628000,macmini-m2-macos26.5.2-rust1.97.1-aarch64-20260814,9d3ab807a08ef4cf1077dbc23213e2314ce37c87,MEASURED,1786752604328216000,lifecycle,aegis_key_registry,ML-DSA-65,public_key_lookup,registry1,0,69,10,167,0,7094272,true,found,1,0,1952,0,0,0,0,0,0,0,
local-1786752604326628000,macmini-m2-macos26.5.2-rust1.97.1-aarch64-20260814,9d3ab807a08ef4cf1077dbc23213e2314ce37c87,MEASURED,1786752604328218000,lifecycle,aegis_key_registry,ML-DSA-65,role_authorization_check,registry1,0,69,10,42,0,7094272,true,authorized,1,0,0,0,0,0,0,0,0,0,
local-1786752604326628000,macmini-m2-macos26.5.2-rust1.97.1-aarch64-20260814,9d3ab807a08ef4cf1077dbc23213e2314ce37c87,MEASURED,1786752604328220000,lifecycle,aegis_key_registry,ML-DSA-65,active_key_check,registry1,0,69,10,42,0,7094272,true,active,1,0,0,0,0,0,0,0,0,0,
local-1786752604326628000,macmini-m2-macos26.5.2-rust1.97.1-aarch64-20260814,9d3ab807a08ef4cf1077dbc23213e2314ce37c87,MEASURED,1786752604328221000,lifecycle,aegis_key_registry,ML-DSA-65,revocation_check,registry1,0,69,10,42,0,7094272,true,not_revoked,1,0,0,0,0,0,0,0,0,0,
local-1786752604326628000,macmini-m2-macos26.5.2-rust1.97.1-aarch64-20260814,9d3ab807a08ef4cf1077dbc23213e2314ce37c87,MEASURED,1786752604328223000,lifecycle,aegis_key_registry,ML-DSA-65,public_key_lookup,registry1,0,70,10,167,2000,7094272,true,found,1,0,1952,0,0,0,0,0,0,0,
local-1786752604326628000,macmini-m2-macos26.5.2-rust1.97.1-aarch64-20260814,9d3ab807a08ef4cf1077dbc23213e2314ce37c87,MEASURED,1786752604328225000,lifecycle,aegis_key_registry,ML-DSA-65,role_authorization_check,registry1,0,70,10,42,0,7094272,true,authorized,1,0,0,0,0,0,0,0,0,0,
local-1786752604326628000,macmini-m2-macos26.5.2-rust1.97.1-aarch64-20260814,9d3ab807a08ef4cf1077dbc23213e2314ce37c87,MEASURED,1786752604328226000,lifecycle,aegis_key_registry,ML-DSA-65,active_key_check,registry1,0,70,10,42,0,7094272,true,active,1,0,0,0,0,0,0,0,0,0,
local-1786752604326628000,macmini-m2-macos26.5.2-rust1.97.1-aarch64-20260814,9d3ab807a08ef4cf1077dbc23213e2314ce37c87,MEASURED,1786752604328228000,lifecycle,aegis_key_registry,ML-DSA-65,revocation_check,registry1,0,70,10,41,2000,7094272,true,not_revoked,1,0,0,0,0,0,0,0,0,0,
local-1786752604326628000,macmini-m2-macos26.5.2-rust1.97.1-aarch64-20260814,9d3ab807a08ef4cf1077dbc23213e2314ce37c87,MEASURED,1786752604328230000,lifecycle,aegis_key_registry,ML-DSA-65,public_key_lookup,registry1,0,71,10,167,0,7094272,true,found,1,0,1952,0,0,0,0,0,0,0,
local-1786752604326628000,macmini-m2-macos26.5.2-rust1.97.1-aarch64-20260814,9d3ab807a08ef4cf1077dbc23213e2314ce37c87,MEASURED,1786752604328232000,lifecycle,aegis_key_registry,ML-DSA-65,role_authorization_check,registry1,0,71,10,41,0,7094272,true,authorized,1,0,0,0,0,0,0,0,0,0,
local-1786752604326628000,macmini-m2-macos26.5.2-rust1.97.1-aarch64-20260814,9d3ab807a08ef4cf1077dbc23213e2314ce37c87,MEASURED,1786752604328233000,lifecycle,aegis_key_registry,ML-DSA-65,active_key_check,registry1,0,71,10,41,1000,7094272,true,active,1,0,0,0,0,0,0,0,0,0,
local-1786752604326628000,macmini-m2-macos26.5.2-rust1.97.1-aarch64-20260814,9d3ab807a08ef4cf1077dbc23213e2314ce37c87,MEASURED,1786752604328235000,lifecycle,aegis_key_registry,ML-DSA-65,revocation_check,registry1,0,71,10,42,0,7094272,true,not_revoked,1,0,0,0,0,0,0,0,0,0,
local-1786752604326628000,macmini-m2-macos26.5.2-rust1.97.1-aarch64-20260814,9d3ab807a08ef4cf1077dbc23213e2314ce37c87,MEASURED,1786752604328237000,lifecycle,aegis_key_registry,ML-DSA-65,public_key_lookup,registry1,0,72,10,167,0,7094272,true,found,1,0,1952,0,0,0,0,0,0,0,
local-1786752604326628000,macmini-m2-macos26.5.2-rust1.97.1-aarch64-20260814,9d3ab807a08ef4cf1077dbc23213e2314ce37c87,MEASURED,1786752604328238000,lifecycle,aegis_key_registry,ML-DSA-65,role_authorization_check,registry1,0,72,10,42,2000,7094272,true,authorized,1,0,0,0,0,0,0,0,0,0,
local-1786752604326628000,macmini-m2-macos26.5.2-rust1.97.1-aarch64-20260814,9d3ab807a08ef4cf1077dbc23213e2314ce37c87,MEASURED,1786752604328240000,lifecycle,aegis_key_registry,ML-DSA-65,active_key_check,registry1,0,72,10,42,0,7094272,true,active,1,0,0,0,0,0,0,0,0,0,
local-1786752604326628000,macmini-m2-macos26.5.2-rust1.97.1-aarch64-20260814,9d3ab807a08ef4cf1077dbc23213e2314ce37c87,MEASURED,1786752604328241000,lifecycle,aegis_key_registry,ML-DSA-65,revocation_check,registry1,0,72,10,41,0,7094272,true,not_revoked,1,0,0,0,0,0,0,0,0,0,
local-1786752604326628000,macmini-m2-macos26.5.2-rust1.97.1-aarch64-20260814,9d3ab807a08ef4cf1077dbc23213e2314ce37c87,MEASURED,1786752604328243000,lifecycle,aegis_key_registry,ML-DSA-65,public_key_lookup,registry1,0,73,10,167,2000,7094272,true,found,1,0,1952,0,0,0,0,0,0,0,
local-1786752604326628000,macmini-m2-macos26.5.2-rust1.97.1-aarch64-20260814,9d3ab807a08ef4cf1077dbc23213e2314ce37c87,MEASURED,1786752604328245000,lifecycle,aegis_key_registry,ML-DSA-65,role_authorization_check,registry1,0,73,10,42,0,7094272,true,authorized,1,0,0,0,0,0,0,0,0,0,
local-1786752604326628000,macmini-m2-macos26.5.2-rust1.97.1-aarch64-20260814,9d3ab807a08ef4cf1077dbc23213e2314ce37c87,MEASURED,1786752604328251000,lifecycle,aegis_key_registry,ML-DSA-65,active_key_check,registry1,0,73,10,83,0,7094272,true,active,1,0,0,0,0,0,0,0,0,0,
local-1786752604326628000,macmini-m2-macos26.5.2-rust1.97.1-aarch64-20260814,9d3ab807a08ef4cf1077dbc23213e2314ce37c87,MEASURED,1786752604328253000,lifecycle,aegis_key_registry,ML-DSA-65,revocation_check,registry1,0,73,10,42,0,7094272,true,not_revoked,1,0,0,0,0,0,0,0,0,0,
local-1786752604326628000,macmini-m2-macos26.5.2-rust1.97.1-aarch64-20260814,9d3ab807a08ef4cf1077dbc23213e2314ce37c87,MEASURED,1786752604328255000,lifecycle,aegis_key_registry,ML-DSA-65,public_key_lookup,registry1,0,74,10,167,0,7094272,true,found,1,0,1952,0,0,0,0,0,0,0,
local-1786752604326628000,macmini-m2-macos26.5.2-rust1.97.1-aarch64-20260814,9d3ab807a08ef4cf1077dbc23213e2314ce37c87,MEASURED,1786752604328256000,lifecycle,aegis_key_registry,ML-DSA-65,role_authorization_check,registry1,0,74,10,83,1000,7094272,true,authorized,1,0,0,0,0,0,0,0,0,0,
local-1786752604326628000,macmini-m2-macos26.5.2-rust1.97.1-aarch64-20260814,9d3ab807a08ef4cf1077dbc23213e2314ce37c87,MEASURED,1786752604328258000,lifecycle,aegis_key_registry,ML-DSA-65,active_key_check,registry1,0,74,10,42,0,7094272,true,active,1,0,0,0,0,0,0,0,0,0,
local-1786752604326628000,macmini-m2-macos26.5.2-rust1.97.1-aarch64-20260814,9d3ab807a08ef4cf1077dbc23213e2314ce37c87,MEASURED,1786752604328260000,lifecycle,aegis_key_registry,ML-DSA-65,revocation_check,registry1,0,74,10,42,0,7094272,true,not_revoked,1,0,0,0,0,0,0,0,0,0,
local-1786752604326628000,macmini-m2-macos26.5.2-rust1.97.1-aarch64-20260814,9d3ab807a08ef4cf1077dbc23213e2314ce37c87,MEASURED,1786752604328261000,lifecycle,aegis_key_registry,ML-DSA-65,public_key_lookup,registry1,0,75,10,167,2000,7094272,true,found,1,0,1952,0,0,0,0,0,0,0,
local-1786752604326628000,macmini-m2-macos26.5.2-rust1.97.1-aarch64-20260814,9d3ab807a08ef4cf1077dbc23213e2314ce37c87,MEASURED,1786752604328263000,lifecycle,aegis_key_registry,ML-DSA-65,role_authorization_check,registry1,0,75,10,42,0,7094272,true,authorized,1,0,0,0,0,0,0,0,0,0,
local-1786752604326628000,macmini-m2-macos26.5.2-rust1.97.1-aarch64-20260814,9d3ab807a08ef4cf1077dbc23213e2314ce37c87,MEASURED,1786752604328265000,lifecycle,aegis_key_registry,ML-DSA-65,active_key_check,registry1,0,75,10,42,0,7094272,true,active,1,0,0,0,0,0,0,0,0,0,
local-1786752604326628000,macmini-m2-macos26.5.2-rust1.97.1-aarch64-20260814,9d3ab807a08ef4cf1077dbc23213e2314ce37c87,MEASURED,1786752604328266000,lifecycle,aegis_key_registry,ML-DSA-65,revocation_check,registry1,0,75,10,42,2000,7094272,true,not_revoked,1,0,0,0,0,0,0,0,0,0,
local-1786752604326628000,macmini-m2-macos26.5.2-rust1.97.1-aarch64-20260814,9d3ab807a08ef4cf1077dbc23213e2314ce37c87,MEASURED,1786752604328268000,lifecycle,aegis_key_registry,ML-DSA-65,public_key_lookup,registry1,0,76,10,167,0,7094272,true,found,1,0,1952,0,0,0,0,0,0,0,
local-1786752604326628000,macmini-m2-macos26.5.2-rust1.97.1-aarch64-20260814,9d3ab807a08ef4cf1077dbc23213e2314ce37c87,MEASURED,1786752604328270000,lifecycle,aegis_key_registry,ML-DSA-65,role_authorization_check,registry1,0,76,10,42,0,7094272,true,authorized,1,0,0,0,0,0,0,0,0,0,
local-1786752604326628000,macmini-m2-macos26.5.2-rust1.97.1-aarch64-20260814,9d3ab807a08ef4cf1077dbc23213e2314ce37c87,MEASURED,1786752604328271000,lifecycle,aegis_key_registry,ML-DSA-65,active_key_check,registry1,0,76,10,42,1000,7094272,true,active,1,0,0,0,0,0,0,0,0,0,
local-1786752604326628000,macmini-m2-macos26.5.2-rust1.97.1-aarch64-20260814,9d3ab807a08ef4cf1077dbc23213e2314ce37c87,MEASURED,1786752604328273000,lifecycle,aegis_key_registry,ML-DSA-65,revocation_check,registry1,0,76,10,41,0,7094272,true,not_revoked,1,0,0,0,0,0,0,0,0,0,
local-1786752604326628000,macmini-m2-macos26.5.2-rust1.97.1-aarch64-20260814,9d3ab807a08ef4cf1077dbc23213e2314ce37c87,MEASURED,1786752604328275000,lifecycle,aegis_key_registry,ML-DSA-65,public_key_lookup,registry1,0,77,10,166,0,7094272,true,found,1,0,1952,0,0,0,0,0,0,0,
local-1786752604326628000,macmini-m2-macos26.5.2-rust1.97.1-aarch64-20260814,9d3ab807a08ef4cf1077dbc23213e2314ce37c87,MEASURED,1786752604328276000,lifecycle,aegis_key_registry,ML-DSA-65,role_authorization_check,registry1,0,77,10,41,2000,7094272,true,authorized,1,0,0,0,0,0,0,0,0,0,
local-1786752604326628000,macmini-m2-macos26.5.2-rust1.97.1-aarch64-20260814,9d3ab807a08ef4cf1077dbc23213e2314ce37c87,MEASURED,1786752604328278000,lifecycle,aegis_key_registry,ML-DSA-65,active_key_check,registry1,0,77,10,42,0,7094272,true,active,1,0,0,0,0,0,0,0,0,0,
local-1786752604326628000,macmini-m2-macos26.5.2-rust1.97.1-aarch64-20260814,9d3ab807a08ef4cf1077dbc23213e2314ce37c87,MEASURED,1786752604328279000,lifecycle,aegis_key_registry,ML-DSA-65,revocation_check,registry1,0,77,10,41,0,7094272,true,not_revoked,1,0,0,0,0,0,0,0,0,0,
local-1786752604326628000,macmini-m2-macos26.5.2-rust1.97.1-aarch64-20260814,9d3ab807a08ef4cf1077dbc23213e2314ce37c87,MEASURED,1786752604328281000,lifecycle,aegis_key_registry,ML-DSA-65,public_key_lookup,registry1,0,78,10,166,2000,7094272,true,found,1,0,1952,0,0,0,0,0,0,0,
local-1786752604326628000,macmini-m2-macos26.5.2-rust1.97.1-aarch64-20260814,9d3ab807a08ef4cf1077dbc23213e2314ce37c87,MEASURED,1786752604328283000,lifecycle,aegis_key_registry,ML-DSA-65,role_authorization_check,registry1,0,78,10,42,0,7094272,true,authorized,1,0,0,0,0,0,0,0,0,0,
local-1786752604326628000,macmini-m2-macos26.5.2-rust1.97.1-aarch64-20260814,9d3ab807a08ef4cf1077dbc23213e2314ce37c87,MEASURED,1786752604328284000,lifecycle,aegis_key_registry,ML-DSA-65,active_key_check,registry1,0,78,10,83,0,7094272,true,active,1,0,0,0,0,0,0,0,0,0,
local-1786752604326628000,macmini-m2-macos26.5.2-rust1.97.1-aarch64-20260814,9d3ab807a08ef4cf1077dbc23213e2314ce37c87,MEASURED,1786752604328286000,lifecycle,aegis_key_registry,ML-DSA-65,revocation_check,registry1,0,78,10,41,1000,7094272,true,not_revoked,1,0,0,0,0,0,0,0,0,0,
local-1786752604326628000,macmini-m2-macos26.5.2-rust1.97.1-aarch64-20260814,9d3ab807a08ef4cf1077dbc23213e2314ce37c87,MEASURED,1786752604328288000,lifecycle,aegis_key_registry,ML-DSA-65,public_key_lookup,registry1,0,79,10,166,0,7094272,true,found,1,0,1952,0,0,0,0,0,0,0,
local-1786752604326628000,macmini-m2-macos26.5.2-rust1.97.1-aarch64-20260814,9d3ab807a08ef4cf1077dbc23213e2314ce37c87,MEASURED,1786752604328289000,lifecycle,aegis_key_registry,ML-DSA-65,role_authorization_check,registry1,0,79,10,42,0,7094272,true,authorized,1,0,0,0,0,0,0,0,0,0,
local-1786752604326628000,macmini-m2-macos26.5.2-rust1.97.1-aarch64-20260814,9d3ab807a08ef4cf1077dbc23213e2314ce37c87,MEASURED,1786752604328291000,lifecycle,aegis_key_registry,ML-DSA-65,active_key_check,registry1,0,79,10,42,1000,7094272,true,active,1,0,0,0,0,0,0,0,0,0,
local-1786752604326628000,macmini-m2-macos26.5.2-rust1.97.1-aarch64-20260814,9d3ab807a08ef4cf1077dbc23213e2314ce37c87,MEASURED,1786752604328293000,lifecycle,aegis_key_registry,ML-DSA-65,revocation_check,registry1,0,79,10,42,0,7094272,true,not_revoked,1,0,0,0,0,0,0,0,0,0,
local-1786752604326628000,macmini-m2-macos26.5.2-rust1.97.1-aarch64-20260814,9d3ab807a08ef4cf1077dbc23213e2314ce37c87,MEASURED,1786752604328295000,lifecycle,aegis_key_registry,ML-DSA-65,public_key_lookup,registry1,0,80,10,125,0,7094272,true,found,1,0,1952,0,0,0,0,0,0,0,
local-1786752604326628000,macmini-m2-macos26.5.2-rust1.97.1-aarch64-20260814,9d3ab807a08ef4cf1077dbc23213e2314ce37c87,MEASURED,1786752604328296000,lifecycle,aegis_key_registry,ML-DSA-65,role_authorization_check,registry1,0,80,10,42,2000,7094272,true,authorized,1,0,0,0,0,0,0,0,0,0,
local-1786752604326628000,macmini-m2-macos26.5.2-rust1.97.1-aarch64-20260814,9d3ab807a08ef4cf1077dbc23213e2314ce37c87,MEASURED,1786752604328298000,lifecycle,aegis_key_registry,ML-DSA-65,active_key_check,registry1,0,80,10,0,0,7094272,true,active,1,0,0,0,0,0,0,0,0,0,
local-1786752604326628000,macmini-m2-macos26.5.2-rust1.97.1-aarch64-20260814,9d3ab807a08ef4cf1077dbc23213e2314ce37c87,MEASURED,1786752604328305000,lifecycle,aegis_key_registry,ML-DSA-65,revocation_check,registry1,0,80,10,41,0,7094272,true,not_revoked,1,0,0,0,0,0,0,0,0,0,
local-1786752604326628000,macmini-m2-macos26.5.2-rust1.97.1-aarch64-20260814,9d3ab807a08ef4cf1077dbc23213e2314ce37c87,MEASURED,1786752604328307000,lifecycle,aegis_key_registry,ML-DSA-65,public_key_lookup,registry1,0,81,10,209,0,7094272,true,found,1,0,1952,0,0,0,0,0,0,0,
local-1786752604326628000,macmini-m2-macos26.5.2-rust1.97.1-aarch64-20260814,9d3ab807a08ef4cf1077dbc23213e2314ce37c87,MEASURED,1786752604328309000,lifecycle,aegis_key_registry,ML-DSA-65,role_authorization_check,registry1,0,81,10,41,1000,7094272,true,authorized,1,0,0,0,0,0,0,0,0,0,
local-1786752604326628000,macmini-m2-macos26.5.2-rust1.97.1-aarch64-20260814,9d3ab807a08ef4cf1077dbc23213e2314ce37c87,MEASURED,1786752604328311000,lifecycle,aegis_key_registry,ML-DSA-65,active_key_check,registry1,0,81,10,84,1000,7094272,true,active,1,0,0,0,0,0,0,0,0,0,
local-1786752604326628000,macmini-m2-macos26.5.2-rust1.97.1-aarch64-20260814,9d3ab807a08ef4cf1077dbc23213e2314ce37c87,MEASURED,1786752604328312000,lifecycle,aegis_key_registry,ML-DSA-65,revocation_check,registry1,0,81,10,42,0,7094272,true,not_revoked,1,0,0,0,0,0,0,0,0,0,
local-1786752604326628000,macmini-m2-macos26.5.2-rust1.97.1-aarch64-20260814,9d3ab807a08ef4cf1077dbc23213e2314ce37c87,MEASURED,1786752604328314000,lifecycle,aegis_key_registry,ML-DSA-65,public_key_lookup,registry1,0,82,10,166,1000,7094272,true,found,1,0,1952,0,0,0,0,0,0,0,
local-1786752604326628000,macmini-m2-macos26.5.2-rust1.97.1-aarch64-20260814,9d3ab807a08ef4cf1077dbc23213e2314ce37c87,MEASURED,1786752604328316000,lifecycle,aegis_key_registry,ML-DSA-65,role_authorization_check,registry1,0,82,10,42,0,7094272,true,authorized,1,0,0,0,0,0,0,0,0,0,
local-1786752604326628000,macmini-m2-macos26.5.2-rust1.97.1-aarch64-20260814,9d3ab807a08ef4cf1077dbc23213e2314ce37c87,MEASURED,1786752604328317000,lifecycle,aegis_key_registry,ML-DSA-65,active_key_check,registry1,0,82,10,42,0,7094272,true,active,1,0,0,0,0,0,0,0,0,0,
local-1786752604326628000,macmini-m2-macos26.5.2-rust1.97.1-aarch64-20260814,9d3ab807a08ef4cf1077dbc23213e2314ce37c87,MEASURED,1786752604328319000,lifecycle,aegis_key_registry,ML-DSA-65,revocation_check,registry1,0,82,10,42,1000,7094272,true,not_revoked,1,0,0,0,0,0,0,0,0,0,
local-1786752604326628000,macmini-m2-macos26.5.2-rust1.97.1-aarch64-20260814,9d3ab807a08ef4cf1077dbc23213e2314ce37c87,MEASURED,1786752604328321000,lifecycle,aegis_key_registry,ML-DSA-65,public_key_lookup,registry1,0,83,10,166,1000,7094272,true,found,1,0,1952,0,0,0,0,0,0,0,
local-1786752604326628000,macmini-m2-macos26.5.2-rust1.97.1-aarch64-20260814,9d3ab807a08ef4cf1077dbc23213e2314ce37c87,MEASURED,1786752604328322000,lifecycle,aegis_key_registry,ML-DSA-65,role_authorization_check,registry1,0,83,10,41,1000,7094272,true,authorized,1,0,0,0,0,0,0,0,0,0,
local-1786752604326628000,macmini-m2-macos26.5.2-rust1.97.1-aarch64-20260814,9d3ab807a08ef4cf1077dbc23213e2314ce37c87,MEASURED,1786752604328324000,lifecycle,aegis_key_registry,ML-DSA-65,active_key_check,registry1,0,83,10,41,0,7094272,true,active,1,0,0,0,0,0,0,0,0,0,
local-1786752604326628000,macmini-m2-macos26.5.2-rust1.97.1-aarch64-20260814,9d3ab807a08ef4cf1077dbc23213e2314ce37c87,MEASURED,1786752604328326000,lifecycle,aegis_key_registry,ML-DSA-65,revocation_check,registry1,0,83,10,42,1000,7094272,true,not_revoked,1,0,0,0,0,0,0,0,0,0,
local-1786752604326628000,macmini-m2-macos26.5.2-rust1.97.1-aarch64-20260814,9d3ab807a08ef4cf1077dbc23213e2314ce37c87,MEASURED,1786752604328327000,lifecycle,aegis_key_registry,ML-DSA-65,public_key_lookup,registry1,0,84,10,167,0,7094272,true,found,1,0,1952,0,0,0,0,0,0,0,
local-1786752604326628000,macmini-m2-macos26.5.2-rust1.97.1-aarch64-20260814,9d3ab807a08ef4cf1077dbc23213e2314ce37c87,MEASURED,1786752604328329000,lifecycle,aegis_key_registry,ML-DSA-65,role_authorization_check,registry1,0,84,10,42,0,7094272,true,authorized,1,0,0,0,0,0,0,0,0,0,
local-1786752604326628000,macmini-m2-macos26.5.2-rust1.97.1-aarch64-20260814,9d3ab807a08ef4cf1077dbc23213e2314ce37c87,MEASURED,1786752604328331000,lifecycle,aegis_key_registry,ML-DSA-65,active_key_check,registry1,0,84,10,42,1000,7094272,true,active,1,0,0,0,0,0,0,0,0,0,
local-1786752604326628000,macmini-m2-macos26.5.2-rust1.97.1-aarch64-20260814,9d3ab807a08ef4cf1077dbc23213e2314ce37c87,MEASURED,1786752604328332000,lifecycle,aegis_key_registry,ML-DSA-65,revocation_check,registry1,0,84,10,42,0,7094272,true,not_revoked,1,0,0,0,0,0,0,0,0,0,
local-1786752604326628000,macmini-m2-macos26.5.2-rust1.97.1-aarch64-20260814,9d3ab807a08ef4cf1077dbc23213e2314ce37c87,MEASURED,1786752604328334000,lifecycle,aegis_key_registry,ML-DSA-65,public_key_lookup,registry1,0,85,10,167,0,7094272,true,found,1,0,1952,0,0,0,0,0,0,0,
local-1786752604326628000,macmini-m2-macos26.5.2-rust1.97.1-aarch64-20260814,9d3ab807a08ef4cf1077dbc23213e2314ce37c87,MEASURED,1786752604328336000,lifecycle,aegis_key_registry,ML-DSA-65,role_authorization_check,registry1,0,85,10,42,1000,7094272,true,authorized,1,0,0,0,0,0,0,0,0,0,
local-1786752604326628000,macmini-m2-macos26.5.2-rust1.97.1-aarch64-20260814,9d3ab807a08ef4cf1077dbc23213e2314ce37c87,MEASURED,1786752604328337000,lifecycle,aegis_key_registry,ML-DSA-65,active_key_check,registry1,0,85,10,42,0,7094272,true,active,1,0,0,0,0,0,0,0,0,0,
local-1786752604326628000,macmini-m2-macos26.5.2-rust1.97.1-aarch64-20260814,9d3ab807a08ef4cf1077dbc23213e2314ce37c87,MEASURED,1786752604328339000,lifecycle,aegis_key_registry,ML-DSA-65,revocation_check,registry1,0,85,10,41,0,7094272,true,not_revoked,1,0,0,0,0,0,0,0,0,0,
local-1786752604326628000,macmini-m2-macos26.5.2-rust1.97.1-aarch64-20260814,9d3ab807a08ef4cf1077dbc23213e2314ce37c87,MEASURED,1786752604328341000,lifecycle,aegis_key_registry,ML-DSA-65,public_key_lookup,registry1,0,86,10,250,1000,7094272,true,found,1,0,1952,0,0,0,0,0,0,0,
local-1786752604326628000,macmini-m2-macos26.5.2-rust1.97.1-aarch64-20260814,9d3ab807a08ef4cf1077dbc23213e2314ce37c87,MEASURED,1786752604328343000,lifecycle,aegis_key_registry,ML-DSA-65,role_authorization_check,registry1,0,86,10,42,0,7094272,true,authorized,1,0,0,0,0,0,0,0,0,0,
local-1786752604326628000,macmini-m2-macos26.5.2-rust1.97.1-aarch64-20260814,9d3ab807a08ef4cf1077dbc23213e2314ce37c87,MEASURED,1786752604328344000,lifecycle,aegis_key_registry,ML-DSA-65,active_key_check,registry1,0,86,10,41,0,7094272,true,active,1,0,0,0,0,0,0,0,0,0,
local-1786752604326628000,macmini-m2-macos26.5.2-rust1.97.1-aarch64-20260814,9d3ab807a08ef4cf1077dbc23213e2314ce37c87,MEASURED,1786752604328346000,lifecycle,aegis_key_registry,ML-DSA-65,revocation_check,registry1,0,86,10,42,0,7094272,true,not_revoked,1,0,0,0,0,0,0,0,0,0,
local-1786752604326628000,macmini-m2-macos26.5.2-rust1.97.1-aarch64-20260814,9d3ab807a08ef4cf1077dbc23213e2314ce37c87,MEASURED,1786752604328347000,lifecycle,aegis_key_registry,ML-DSA-65,public_key_lookup,registry1,0,87,10,166,0,7094272,true,found,1,0,1952,0,0,0,0,0,0,0,
local-1786752604326628000,macmini-m2-macos26.5.2-rust1.97.1-aarch64-20260814,9d3ab807a08ef4cf1077dbc23213e2314ce37c87,MEASURED,1786752604328349000,lifecycle,aegis_key_registry,ML-DSA-65,role_authorization_check,registry1,0,87,10,41,0,7094272,true,authorized,1,0,0,0,0,0,0,0,0,0,
local-1786752604326628000,macmini-m2-macos26.5.2-rust1.97.1-aarch64-20260814,9d3ab807a08ef4cf1077dbc23213e2314ce37c87,MEASURED,1786752604328351000,lifecycle,aegis_key_registry,ML-DSA-65,active_key_check,registry1,0,87,10,41,0,7094272,true,active,1,0,0,0,0,0,0,0,0,0,
local-1786752604326628000,macmini-m2-macos26.5.2-rust1.97.1-aarch64-20260814,9d3ab807a08ef4cf1077dbc23213e2314ce37c87,MEASURED,1786752604328352000,lifecycle,aegis_key_registry,ML-DSA-65,revocation_check,registry1,0,87,10,41,0,7094272,true,not_revoked,1,0,0,0,0,0,0,0,0,0,
local-1786752604326628000,macmini-m2-macos26.5.2-rust1.97.1-aarch64-20260814,9d3ab807a08ef4cf1077dbc23213e2314ce37c87,MEASURED,1786752604328354000,lifecycle,aegis_key_registry,ML-DSA-65,public_key_lookup,registry1,0,88,10,166,0,7094272,true,found,1,0,1952,0,0,0,0,0,0,0,
local-1786752604326628000,macmini-m2-macos26.5.2-rust1.97.1-aarch64-20260814,9d3ab807a08ef4cf1077dbc23213e2314ce37c87,MEASURED,1786752604328360000,lifecycle,aegis_key_registry,ML-DSA-65,role_authorization_check,registry1,0,88,10,42,0,7094272,true,authorized,1,0,0,0,0,0,0,0,0,0,
local-1786752604326628000,macmini-m2-macos26.5.2-rust1.97.1-aarch64-20260814,9d3ab807a08ef4cf1077dbc23213e2314ce37c87,MEASURED,1786752604328362000,lifecycle,aegis_key_registry,ML-DSA-65,active_key_check,registry1,0,88,10,42,1000,7094272,true,active,1,0,0,0,0,0,0,0,0,0,
local-1786752604326628000,macmini-m2-macos26.5.2-rust1.97.1-aarch64-20260814,9d3ab807a08ef4cf1077dbc23213e2314ce37c87,MEASURED,1786752604328364000,lifecycle,aegis_key_registry,ML-DSA-65,revocation_check,registry1,0,88,10,42,0,7094272,true,not_revoked,1,0,0,0,0,0,0,0,0,0,
local-1786752604326628000,macmini-m2-macos26.5.2-rust1.97.1-aarch64-20260814,9d3ab807a08ef4cf1077dbc23213e2314ce37c87,MEASURED,1786752604328366000,lifecycle,aegis_key_registry,ML-DSA-65,public_key_lookup,registry1,0,89,10,208,1000,7094272,true,found,1,0,1952,0,0,0,0,0,0,0,
local-1786752604326628000,macmini-m2-macos26.5.2-rust1.97.1-aarch64-20260814,9d3ab807a08ef4cf1077dbc23213e2314ce37c87,MEASURED,1786752604328368000,lifecycle,aegis_key_registry,ML-DSA-65,role_authorization_check,registry1,0,89,10,42,0,7094272,true,authorized,1,0,0,0,0,0,0,0,0,0,
local-1786752604326628000,macmini-m2-macos26.5.2-rust1.97.1-aarch64-20260814,9d3ab807a08ef4cf1077dbc23213e2314ce37c87,MEASURED,1786752604328369000,lifecycle,aegis_key_registry,ML-DSA-65,active_key_check,registry1,0,89,10,42,0,7094272,true,active,1,0,0,0,0,0,0,0,0,0,
local-1786752604326628000,macmini-m2-macos26.5.2-rust1.97.1-aarch64-20260814,9d3ab807a08ef4cf1077dbc23213e2314ce37c87,MEASURED,1786752604328371000,lifecycle,aegis_key_registry,ML-DSA-65,revocation_check,registry1,0,89,10,42,0,7094272,true,not_revoked,1,0,0,0,0,0,0,0,0,0,
local-1786752604326628000,macmini-m2-macos26.5.2-rust1.97.1-aarch64-20260814,9d3ab807a08ef4cf1077dbc23213e2314ce37c87,MEASURED,1786752604328373000,lifecycle,aegis_key_registry,ML-DSA-65,public_key_lookup,registry1,0,90,10,167,1000,7094272,true,found,1,0,1952,0,0,0,0,0,0,0,
local-1786752604326628000,macmini-m2-macos26.5.2-rust1.97.1-aarch64-20260814,9d3ab807a08ef4cf1077dbc23213e2314ce37c87,MEASURED,1786752604328374000,lifecycle,aegis_key_registry,ML-DSA-65,role_authorization_check,registry1,0,90,10,42,1000,7094272,true,authorized,1,0,0,0,0,0,0,0,0,0,
local-1786752604326628000,macmini-m2-macos26.5.2-rust1.97.1-aarch64-20260814,9d3ab807a08ef4cf1077dbc23213e2314ce37c87,MEASURED,1786752604328376000,lifecycle,aegis_key_registry,ML-DSA-65,active_key_check,registry1,0,90,10,84,0,7094272,true,active,1,0,0,0,0,0,0,0,0,0,
local-1786752604326628000,macmini-m2-macos26.5.2-rust1.97.1-aarch64-20260814,9d3ab807a08ef4cf1077dbc23213e2314ce37c87,MEASURED,1786752604328378000,lifecycle,aegis_key_registry,ML-DSA-65,revocation_check,registry1,0,90,10,42,0,7094272,true,not_revoked,1,0,0,0,0,0,0,0,0,0,
local-1786752604326628000,macmini-m2-macos26.5.2-rust1.97.1-aarch64-20260814,9d3ab807a08ef4cf1077dbc23213e2314ce37c87,MEASURED,1786752604328379000,lifecycle,aegis_key_registry,ML-DSA-65,public_key_lookup,registry1,0,91,10,167,1000,7094272,true,found,1,0,1952,0,0,0,0,0,0,0,
local-1786752604326628000,macmini-m2-macos26.5.2-rust1.97.1-aarch64-20260814,9d3ab807a08ef4cf1077dbc23213e2314ce37c87,MEASURED,1786752604328381000,lifecycle,aegis_key_registry,ML-DSA-65,role_authorization_check,registry1,0,91,10,42,0,7094272,true,authorized,1,0,0,0,0,0,0,0,0,0,
local-1786752604326628000,macmini-m2-macos26.5.2-rust1.97.1-aarch64-20260814,9d3ab807a08ef4cf1077dbc23213e2314ce37c87,MEASURED,1786752604328383000,lifecycle,aegis_key_registry,ML-DSA-65,active_key_check,registry1,0,91,10,42,0,7094272,true,active,1,0,0,0,0,0,0,0,0,0,
local-1786752604326628000,macmini-m2-macos26.5.2-rust1.97.1-aarch64-20260814,9d3ab807a08ef4cf1077dbc23213e2314ce37c87,MEASURED,1786752604328384000,lifecycle,aegis_key_registry,ML-DSA-65,revocation_check,registry1,0,91,10,41,1000,7094272,true,not_revoked,1,0,0,0,0,0,0,0,0,0,
local-1786752604326628000,macmini-m2-macos26.5.2-rust1.97.1-aarch64-20260814,9d3ab807a08ef4cf1077dbc23213e2314ce37c87,MEASURED,1786752604328386000,lifecycle,aegis_key_registry,ML-DSA-65,public_key_lookup,registry1,0,92,10,167,0,7094272,true,found,1,0,1952,0,0,0,0,0,0,0,
local-1786752604326628000,macmini-m2-macos26.5.2-rust1.97.1-aarch64-20260814,9d3ab807a08ef4cf1077dbc23213e2314ce37c87,MEASURED,1786752604328388000,lifecycle,aegis_key_registry,ML-DSA-65,role_authorization_check,registry1,0,92,10,42,1000,7094272,true,authorized,1,0,0,0,0,0,0,0,0,0,
local-1786752604326628000,macmini-m2-macos26.5.2-rust1.97.1-aarch64-20260814,9d3ab807a08ef4cf1077dbc23213e2314ce37c87,MEASURED,1786752604328389000,lifecycle,aegis_key_registry,ML-DSA-65,active_key_check,registry1,0,92,10,42,1000,7094272,true,active,1,0,0,0,0,0,0,0,0,0,
local-1786752604326628000,macmini-m2-macos26.5.2-rust1.97.1-aarch64-20260814,9d3ab807a08ef4cf1077dbc23213e2314ce37c87,MEASURED,1786752604328391000,lifecycle,aegis_key_registry,ML-DSA-65,revocation_check,registry1,0,92,10,42,0,7094272,true,not_revoked,1,0,0,0,0,0,0,0,0,0,
local-1786752604326628000,macmini-m2-macos26.5.2-rust1.97.1-aarch64-20260814,9d3ab807a08ef4cf1077dbc23213e2314ce37c87,MEASURED,1786752604328393000,lifecycle,aegis_key_registry,ML-DSA-65,public_key_lookup,registry1,0,93,10,166,1000,7094272,true,found,1,0,1952,0,0,0,0,0,0,0,
local-1786752604326628000,macmini-m2-macos26.5.2-rust1.97.1-aarch64-20260814,9d3ab807a08ef4cf1077dbc23213e2314ce37c87,MEASURED,1786752604328394000,lifecycle,aegis_key_registry,ML-DSA-65,role_authorization_check,registry1,0,93,10,41,1000,7094272,true,authorized,1,0,0,0,0,0,0,0,0,0,
local-1786752604326628000,macmini-m2-macos26.5.2-rust1.97.1-aarch64-20260814,9d3ab807a08ef4cf1077dbc23213e2314ce37c87,MEASURED,1786752604328396000,lifecycle,aegis_key_registry,ML-DSA-65,active_key_check,registry1,0,93,10,41,0,7094272,true,active,1,0,0,0,0,0,0,0,0,0,
local-1786752604326628000,macmini-m2-macos26.5.2-rust1.97.1-aarch64-20260814,9d3ab807a08ef4cf1077dbc23213e2314ce37c87,MEASURED,1786752604328398000,lifecycle,aegis_key_registry,ML-DSA-65,revocation_check,registry1,0,93,10,41,0,7094272,true,not_revoked,1,0,0,0,0,0,0,0,0,0,
local-1786752604326628000,macmini-m2-macos26.5.2-rust1.97.1-aarch64-20260814,9d3ab807a08ef4cf1077dbc23213e2314ce37c87,MEASURED,1786752604328399000,lifecycle,aegis_key_registry,ML-DSA-65,public_key_lookup,registry1,0,94,10,166,1000,7094272,true,found,1,0,1952,0,0,0,0,0,0,0,
local-1786752604326628000,macmini-m2-macos26.5.2-rust1.97.1-aarch64-20260814,9d3ab807a08ef4cf1077dbc23213e2314ce37c87,MEASURED,1786752604328401000,lifecycle,aegis_key_registry,ML-DSA-65,role_authorization_check,registry1,0,94,10,41,0,7094272,true,authorized,1,0,0,0,0,0,0,0,0,0,
local-1786752604326628000,macmini-m2-macos26.5.2-rust1.97.1-aarch64-20260814,9d3ab807a08ef4cf1077dbc23213e2314ce37c87,MEASURED,1786752604328403000,lifecycle,aegis_key_registry,ML-DSA-65,active_key_check,registry1,0,94,10,41,1000,7094272,true,active,1,0,0,0,0,0,0,0,0,0,
local-1786752604326628000,macmini-m2-macos26.5.2-rust1.97.1-aarch64-20260814,9d3ab807a08ef4cf1077dbc23213e2314ce37c87,MEASURED,1786752604328404000,lifecycle,aegis_key_registry,ML-DSA-65,revocation_check,registry1,0,94,10,42,1000,7094272,true,not_revoked,1,0,0,0,0,0,0,0,0,0,
local-1786752604326628000,macmini-m2-macos26.5.2-rust1.97.1-aarch64-20260814,9d3ab807a08ef4cf1077dbc23213e2314ce37c87,MEASURED,1786752604328406000,lifecycle,aegis_key_registry,ML-DSA-65,public_key_lookup,registry1,0,95,10,167,0,7094272,true,found,1,0,1952,0,0,0,0,0,0,0,
local-1786752604326628000,macmini-m2-macos26.5.2-rust1.97.1-aarch64-20260814,9d3ab807a08ef4cf1077dbc23213e2314ce37c87,MEASURED,1786752604328408000,lifecycle,aegis_key_registry,ML-DSA-65,role_authorization_check,registry1,0,95,10,42,0,7094272,true,authorized,1,0,0,0,0,0,0,0,0,0,
local-1786752604326628000,macmini-m2-macos26.5.2-rust1.97.1-aarch64-20260814,9d3ab807a08ef4cf1077dbc23213e2314ce37c87,MEASURED,1786752604328415000,lifecycle,aegis_key_registry,ML-DSA-65,active_key_check,registry1,0,95,10,83,0,7094272,true,active,1,0,0,0,0,0,0,0,0,0,
local-1786752604326628000,macmini-m2-macos26.5.2-rust1.97.1-aarch64-20260814,9d3ab807a08ef4cf1077dbc23213e2314ce37c87,MEASURED,1786752604328417000,lifecycle,aegis_key_registry,ML-DSA-65,revocation_check,registry1,0,95,10,41,2000,7094272,true,not_revoked,1,0,0,0,0,0,0,0,0,0,
local-1786752604326628000,macmini-m2-macos26.5.2-rust1.97.1-aarch64-20260814,9d3ab807a08ef4cf1077dbc23213e2314ce37c87,MEASURED,1786752604328419000,lifecycle,aegis_key_registry,ML-DSA-65,public_key_lookup,registry1,0,96,10,167,0,7094272,true,found,1,0,1952,0,0,0,0,0,0,0,
local-1786752604326628000,macmini-m2-macos26.5.2-rust1.97.1-aarch64-20260814,9d3ab807a08ef4cf1077dbc23213e2314ce37c87,MEASURED,1786752604328421000,lifecycle,aegis_key_registry,ML-DSA-65,role_authorization_check,registry1,0,96,10,42,0,7094272,true,authorized,1,0,0,0,0,0,0,0,0,0,
local-1786752604326628000,macmini-m2-macos26.5.2-rust1.97.1-aarch64-20260814,9d3ab807a08ef4cf1077dbc23213e2314ce37c87,MEASURED,1786752604328422000,lifecycle,aegis_key_registry,ML-DSA-65,active_key_check,registry1,0,96,10,42,0,7094272,true,active,1,0,0,0,0,0,0,0,0,0,
local-1786752604326628000,macmini-m2-macos26.5.2-rust1.97.1-aarch64-20260814,9d3ab807a08ef4cf1077dbc23213e2314ce37c87,MEASURED,1786752604328424000,lifecycle,aegis_key_registry,ML-DSA-65,revocation_check,registry1,0,96,10,42,0,7094272,true,not_revoked,1,0,0,0,0,0,0,0,0,0,
local-1786752604326628000,macmini-m2-macos26.5.2-rust1.97.1-aarch64-20260814,9d3ab807a08ef4cf1077dbc23213e2314ce37c87,MEASURED,1786752604328426000,lifecycle,aegis_key_registry,ML-DSA-65,public_key_lookup,registry1,0,97,10,166,0,7094272,true,found,1,0,1952,0,0,0,0,0,0,0,
local-1786752604326628000,macmini-m2-macos26.5.2-rust1.97.1-aarch64-20260814,9d3ab807a08ef4cf1077dbc23213e2314ce37c87,MEASURED,1786752604328427000,lifecycle,aegis_key_registry,ML-DSA-65,role_authorization_check,registry1,0,97,10,42,0,7094272,true,authorized,1,0,0,0,0,0,0,0,0,0,
local-1786752604326628000,macmini-m2-macos26.5.2-rust1.97.1-aarch64-20260814,9d3ab807a08ef4cf1077dbc23213e2314ce37c87,MEASURED,1786752604328429000,lifecycle,aegis_key_registry,ML-DSA-65,active_key_check,registry1,0,97,10,42,0,7094272,true,active,1,0,0,0,0,0,0,0,0,0,
local-1786752604326628000,macmini-m2-macos26.5.2-rust1.97.1-aarch64-20260814,9d3ab807a08ef4cf1077dbc23213e2314ce37c87,MEASURED,1786752604328430000,lifecycle,aegis_key_registry,ML-DSA-65,revocation_check,registry1,0,97,10,0,0,7094272,true,not_revoked,1,0,0,0,0,0,0,0,0,0,
local-1786752604326628000,macmini-m2-macos26.5.2-rust1.97.1-aarch64-20260814,9d3ab807a08ef4cf1077dbc23213e2314ce37c87,MEASURED,1786752604328432000,lifecycle,aegis_key_registry,ML-DSA-65,public_key_lookup,registry1,0,98,10,166,2000,7094272,true,found,1,0,1952,0,0,0,0,0,0,0,
local-1786752604326628000,macmini-m2-macos26.5.2-rust1.97.1-aarch64-20260814,9d3ab807a08ef4cf1077dbc23213e2314ce37c87,MEASURED,1786752604328434000,lifecycle,aegis_key_registry,ML-DSA-65,role_authorization_check,registry1,0,98,10,42,0,7094272,true,authorized,1,0,0,0,0,0,0,0,0,0,
local-1786752604326628000,macmini-m2-macos26.5.2-rust1.97.1-aarch64-20260814,9d3ab807a08ef4cf1077dbc23213e2314ce37c87,MEASURED,1786752604328436000,lifecycle,aegis_key_registry,ML-DSA-65,active_key_check,registry1,0,98,10,42,0,7094272,true,active,1,0,0,0,0,0,0,0,0,0,
local-1786752604326628000,macmini-m2-macos26.5.2-rust1.97.1-aarch64-20260814,9d3ab807a08ef4cf1077dbc23213e2314ce37c87,MEASURED,1786752604328437000,lifecycle,aegis_key_registry,ML-DSA-65,revocation_check,registry1,0,98,10,42,0,7094272,true,not_revoked,1,0,0,0,0,0,0,0,0,0,
local-1786752604326628000,macmini-m2-macos26.5.2-rust1.97.1-aarch64-20260814,9d3ab807a08ef4cf1077dbc23213e2314ce37c87,MEASURED,1786752604328439000,lifecycle,aegis_key_registry,ML-DSA-65,public_key_lookup,registry1,0,99,10,167,0,7094272,true,found,1,0,1952,0,0,0,0,0,0,0,
local-1786752604326628000,macmini-m2-macos26.5.2-rust1.97.1-aarch64-20260814,9d3ab807a08ef4cf1077dbc23213e2314ce37c87,MEASURED,1786752604328441000,lifecycle,aegis_key_registry,ML-DSA-65,role_authorization_check,registry1,0,99,10,42,0,7094272,true,authorized,1,0,0,0,0,0,0,0,0,0,
local-1786752604326628000,macmini-m2-macos26.5.2-rust1.97.1-aarch64-20260814,9d3ab807a08ef4cf1077dbc23213e2314ce37c87,MEASURED,1786752604328442000,lifecycle,aegis_key_registry,ML-DSA-65,active_key_check,registry1,0,99,10,42,1000,7094272,true,active,1,0,0,0,0,0,0,0,0,0,
local-1786752604326628000,macmini-m2-macos26.5.2-rust1.97.1-aarch64-20260814,9d3ab807a08ef4cf1077dbc23213e2314ce37c87,MEASURED,1786752604328444000,lifecycle,aegis_key_registry,ML-DSA-65,revocation_check,registry1,0,99,10,41,0,7094272,true,not_revoked,1,0,0,0,0,0,0,0,0,0,
local-1786752604326628000,macmini-m2-macos26.5.2-rust1.97.1-aarch64-20260814,9d3ab807a08ef4cf1077dbc23213e2314ce37c87,MEASURED,1786752604328446000,lifecycle,aegis_key_registry,ML-DSA-65,public_key_lookup,registry1,0,100,10,166,0,7094272,true,found,1,0,1952,0,0,0,0,0,0,0,
local-1786752604326628000,macmini-m2-macos26.5.2-rust1.97.1-aarch64-20260814,9d3ab807a08ef4cf1077dbc23213e2314ce37c87,MEASURED,1786752604328447000,lifecycle,aegis_key_registry,ML-DSA-65,role_authorization_check,registry1,0,100,10,42,1000,7094272,true,authorized,1,0,0,0,0,0,0,0,0,0,
local-1786752604326628000,macmini-m2-macos26.5.2-rust1.97.1-aarch64-20260814,9d3ab807a08ef4cf1077dbc23213e2314ce37c87,MEASURED,1786752604328449000,lifecycle,aegis_key_registry,ML-DSA-65,active_key_check,registry1,0,100,10,41,0,7094272,true,active,1,0,0,0,0,0,0,0,0,0,
local-1786752604326628000,macmini-m2-macos26.5.2-rust1.97.1-aarch64-20260814,9d3ab807a08ef4cf1077dbc23213e2314ce37c87,MEASURED,1786752604328451000,lifecycle,aegis_key_registry,ML-DSA-65,revocation_check,registry1,0,100,10,41,0,7094272,true,not_revoked,1,0,0,0,0,0,0,0,0,0,
local-1786752604326628000,macmini-m2-macos26.5.2-rust1.97.1-aarch64-20260814,9d3ab807a08ef4cf1077dbc23213e2314ce37c87,MEASURED,1786752604328452000,lifecycle,aegis_key_registry,ML-DSA-65,public_key_lookup,registry1,0,101,10,167,1000,7094272,true,found,1,0,1952,0,0,0,0,0,0,0,
local-1786752604326628000,macmini-m2-macos26.5.2-rust1.97.1-aarch64-20260814,9d3ab807a08ef4cf1077dbc23213e2314ce37c87,MEASURED,1786752604328454000,lifecycle,aegis_key_registry,ML-DSA-65,role_authorization_check,registry1,0,101,10,42,0,7094272,true,authorized,1,0,0,0,0,0,0,0,0,0,
local-1786752604326628000,macmini-m2-macos26.5.2-rust1.97.1-aarch64-20260814,9d3ab807a08ef4cf1077dbc23213e2314ce37c87,MEASURED,1786752604328456000,lifecycle,aegis_key_registry,ML-DSA-65,active_key_check,registry1,0,101,10,41,1000,7094272,true,active,1,0,0,0,0,0,0,0,0,0,
local-1786752604326628000,macmini-m2-macos26.5.2-rust1.97.1-aarch64-20260814,9d3ab807a08ef4cf1077dbc23213e2314ce37c87,MEASURED,1786752604328457000,lifecycle,aegis_key_registry,ML-DSA-65,revocation_check,registry1,0,101,10,41,1000,7094272,true,not_revoked,1,0,0,0,0,0,0,0,0,0,
local-1786752604326628000,macmini-m2-macos26.5.2-rust1.97.1-aarch64-20260814,9d3ab807a08ef4cf1077dbc23213e2314ce37c87,MEASURED,1786752604328459000,lifecycle,aegis_key_registry,ML-DSA-65,public_key_lookup,registry1,0,102,10,166,0,7094272,true,found,1,0,1952,0,0,0,0,0,0,0,
local-1786752604326628000,macmini-m2-macos26.5.2-rust1.97.1-aarch64-20260814,9d3ab807a08ef4cf1077dbc23213e2314ce37c87,MEASURED,1786752604328461000,lifecycle,aegis_key_registry,ML-DSA-65,role_authorization_check,registry1,0,102,10,41,0,7094272,true,authorized,1,0,0,0,0,0,0,0,0,0,
local-1786752604326628000,macmini-m2-macos26.5.2-rust1.97.1-aarch64-20260814,9d3ab807a08ef4cf1077dbc23213e2314ce37c87,MEASURED,1786752604328462000,lifecycle,aegis_key_registry,ML-DSA-65,active_key_check,registry1,0,102,10,41,0,7094272,true,active,1,0,0,0,0,0,0,0,0,0,
local-1786752604326628000,macmini-m2-macos26.5.2-rust1.97.1-aarch64-20260814,9d3ab807a08ef4cf1077dbc23213e2314ce37c87,MEASURED,1786752604328469000,lifecycle,aegis_key_registry,ML-DSA-65,revocation_check,registry1,0,102,10,42,0,7094272,true,not_revoked,1,0,0,0,0,0,0,0,0,0,
local-1786752604326628000,macmini-m2-macos26.5.2-rust1.97.1-aarch64-20260814,9d3ab807a08ef4cf1077dbc23213e2314ce37c87,MEASURED,1786752604328471000,lifecycle,aegis_key_registry,ML-DSA-65,public_key_lookup,registry1,0,103,10,166,0,7094272,true,found,1,0,1952,0,0,0,0,0,0,0,
local-1786752604326628000,macmini-m2-macos26.5.2-rust1.97.1-aarch64-20260814,9d3ab807a08ef4cf1077dbc23213e2314ce37c87,MEASURED,1786752604328472000,lifecycle,aegis_key_registry,ML-DSA-65,role_authorization_check,registry1,0,103,10,42,0,7094272,true,authorized,1,0,0,0,0,0,0,0,0,0,
local-1786752604326628000,macmini-m2-macos26.5.2-rust1.97.1-aarch64-20260814,9d3ab807a08ef4cf1077dbc23213e2314ce37c87,MEASURED,1786752604328474000,lifecycle,aegis_key_registry,ML-DSA-65,active_key_check,registry1,0,103,10,42,1000,7094272,true,active,1,0,0,0,0,0,0,0,0,0,
local-1786752604326628000,macmini-m2-macos26.5.2-rust1.97.1-aarch64-20260814,9d3ab807a08ef4cf1077dbc23213e2314ce37c87,MEASURED,1786752604328476000,lifecycle,aegis_key_registry,ML-DSA-65,revocation_check,registry1,0,103,10,42,0,7094272,true,not_revoked,1,0,0,0,0,0,0,0,0,0,
local-1786752604326628000,macmini-m2-macos26.5.2-rust1.97.1-aarch64-20260814,9d3ab807a08ef4cf1077dbc23213e2314ce37c87,MEASURED,1786752604328477000,lifecycle,aegis_key_registry,ML-DSA-65,public_key_lookup,registry1,0,104,10,167,0,7094272,true,found,1,0,1952,0,0,0,0,0,0,0,
local-1786752604326628000,macmini-m2-macos26.5.2-rust1.97.1-aarch64-20260814,9d3ab807a08ef4cf1077dbc23213e2314ce37c87,MEASURED,1786752604328479000,lifecycle,aegis_key_registry,ML-DSA-65,role_authorization_check,registry1,0,104,10,42,0,7094272,true,authorized,1,0,0,0,0,0,0,0,0,0,
local-1786752604326628000,macmini-m2-macos26.5.2-rust1.97.1-aarch64-20260814,9d3ab807a08ef4cf1077dbc23213e2314ce37c87,MEASURED,1786752604328481000,lifecycle,aegis_key_registry,ML-DSA-65,active_key_check,registry1,0,104,10,42,0,7094272,true,active,1,0,0,0,0,0,0,0,0,0,
local-1786752604326628000,macmini-m2-macos26.5.2-rust1.97.1-aarch64-20260814,9d3ab807a08ef4cf1077dbc23213e2314ce37c87,MEASURED,1786752604328482000,lifecycle,aegis_key_registry,ML-DSA-65,revocation_check,registry1,0,104,10,42,0,7094272,true,not_revoked,1,0,0,0,0,0,0,0,0,0,
local-1786752604326628000,macmini-m2-macos26.5.2-rust1.97.1-aarch64-20260814,9d3ab807a08ef4cf1077dbc23213e2314ce37c87,MEASURED,1786752604328484000,lifecycle,aegis_key_registry,ML-DSA-65,public_key_lookup,registry1,0,105,10,167,1000,7094272,true,found,1,0,1952,0,0,0,0,0,0,0,
local-1786752604326628000,macmini-m2-macos26.5.2-rust1.97.1-aarch64-20260814,9d3ab807a08ef4cf1077dbc23213e2314ce37c87,MEASURED,1786752604328486000,lifecycle,aegis_key_registry,ML-DSA-65,role_authorization_check,registry1,0,105,10,42,0,7094272,true,authorized,1,0,0,0,0,0,0,0,0,0,
local-1786752604326628000,macmini-m2-macos26.5.2-rust1.97.1-aarch64-20260814,9d3ab807a08ef4cf1077dbc23213e2314ce37c87,MEASURED,1786752604328487000,lifecycle,aegis_key_registry,ML-DSA-65,active_key_check,registry1,0,105,10,42,0,7094272,true,active,1,0,0,0,0,0,0,0,0,0,
local-1786752604326628000,macmini-m2-macos26.5.2-rust1.97.1-aarch64-20260814,9d3ab807a08ef4cf1077dbc23213e2314ce37c87,MEASURED,1786752604328489000,lifecycle,aegis_key_registry,ML-DSA-65,revocation_check,registry1,0,105,10,42,0,7094272,true,not_revoked,1,0,0,0,0,0,0,0,0,0,
local-1786752604326628000,macmini-m2-macos26.5.2-rust1.97.1-aarch64-20260814,9d3ab807a08ef4cf1077dbc23213e2314ce37c87,MEASURED,1786752604328491000,lifecycle,aegis_key_registry,ML-DSA-65,public_key_lookup,registry1,0,106,10,167,0,7094272,true,found,1,0,1952,0,0,0,0,0,0,0,
local-1786752604326628000,macmini-m2-macos26.5.2-rust1.97.1-aarch64-20260814,9d3ab807a08ef4cf1077dbc23213e2314ce37c87,MEASURED,1786752604328492000,lifecycle,aegis_key_registry,ML-DSA-65,role_authorization_check,registry1,0,106,10,42,0,7094272,true,authorized,1,0,0,0,0,0,0,0,0,0,
local-1786752604326628000,macmini-m2-macos26.5.2-rust1.97.1-aarch64-20260814,9d3ab807a08ef4cf1077dbc23213e2314ce37c87,MEASURED,1786752604328494000,lifecycle,aegis_key_registry,ML-DSA-65,active_key_check,registry1,0,106,10,42,1000,7094272,true,active,1,0,0,0,0,0,0,0,0,0,
local-1786752604326628000,macmini-m2-macos26.5.2-rust1.97.1-aarch64-20260814,9d3ab807a08ef4cf1077dbc23213e2314ce37c87,MEASURED,1786752604328495000,lifecycle,aegis_key_registry,ML-DSA-65,revocation_check,registry1,0,106,10,41,1000,7094272,true,not_revoked,1,0,0,0,0,0,0,0,0,0,
local-1786752604326628000,macmini-m2-macos26.5.2-rust1.97.1-aarch64-20260814,9d3ab807a08ef4cf1077dbc23213e2314ce37c87,MEASURED,1786752604328497000,lifecycle,aegis_key_registry,ML-DSA-65,public_key_lookup,registry1,0,107,10,167,0,7094272,true,found,1,0,1952,0,0,0,0,0,0,0,
local-1786752604326628000,macmini-m2-macos26.5.2-rust1.97.1-aarch64-20260814,9d3ab807a08ef4cf1077dbc23213e2314ce37c87,MEASURED,1786752604328499000,lifecycle,aegis_key_registry,ML-DSA-65,role_authorization_check,registry1,0,107,10,42,1000,7094272,true,authorized,1,0,0,0,0,0,0,0,0,0,
local-1786752604326628000,macmini-m2-macos26.5.2-rust1.97.1-aarch64-20260814,9d3ab807a08ef4cf1077dbc23213e2314ce37c87,MEASURED,1786752604328530000,lifecycle,aegis_key_registry,ML-DSA-65,active_key_check,registry1,0,107,10,2458,8000,7094272,true,active,1,0,0,0,0,0,0,0,0,0,
local-1786752604326628000,macmini-m2-macos26.5.2-rust1.97.1-aarch64-20260814,9d3ab807a08ef4cf1077dbc23213e2314ce37c87,MEASURED,1786752604328557000,lifecycle,aegis_key_registry,ML-DSA-65,revocation_check,registry1,0,107,10,417,2000,7094272,true,not_revoked,1,0,0,0,0,0,0,0,0,0,
local-1786752604326628000,macmini-m2-macos26.5.2-rust1.97.1-aarch64-20260814,9d3ab807a08ef4cf1077dbc23213e2314ce37c87,MEASURED,1786752604328571000,lifecycle,aegis_key_registry,ML-DSA-65,public_key_lookup,registry1,0,108,10,2292,4000,7094272,true,found,1,0,1952,0,0,0,0,0,0,0,
local-1786752604326628000,macmini-m2-macos26.5.2-rust1.97.1-aarch64-20260814,9d3ab807a08ef4cf1077dbc23213e2314ce37c87,MEASURED,1786752604328576000,lifecycle,aegis_key_registry,ML-DSA-65,role_authorization_check,registry1,0,108,10,167,1000,7094272,true,authorized,1,0,0,0,0,0,0,0,0,0,
local-1786752604326628000,macmini-m2-macos26.5.2-rust1.97.1-aarch64-20260814,9d3ab807a08ef4cf1077dbc23213e2314ce37c87,MEASURED,1786752604328580000,lifecycle,aegis_key_registry,ML-DSA-65,active_key_check,registry1,0,108,10,125,0,7094272,true,active,1,0,0,0,0,0,0,0,0,0,
local-1786752604326628000,macmini-m2-macos26.5.2-rust1.97.1-aarch64-20260814,9d3ab807a08ef4cf1077dbc23213e2314ce37c87,MEASURED,1786752604328584000,lifecycle,aegis_key_registry,ML-DSA-65,revocation_check,registry1,0,108,10,83,0,7094272,true,not_revoked,1,0,0,0,0,0,0,0,0,0,
local-1786752604326628000,macmini-m2-macos26.5.2-rust1.97.1-aarch64-20260814,9d3ab807a08ef4cf1077dbc23213e2314ce37c87,MEASURED,1786752604328588000,lifecycle,aegis_key_registry,ML-DSA-65,public_key_lookup,registry1,0,109,10,416,2000,7094272,true,found,1,0,1952,0,0,0,0,0,0,0,
local-1786752604326628000,macmini-m2-macos26.5.2-rust1.97.1-aarch64-20260814,9d3ab807a08ef4cf1077dbc23213e2314ce37c87,MEASURED,1786752604328592000,lifecycle,aegis_key_registry,ML-DSA-65,role_authorization_check,registry1,0,109,10,84,0,7094272,true,authorized,1,0,0,0,0,0,0,0,0,0,
local-1786752604326628000,macmini-m2-macos26.5.2-rust1.97.1-aarch64-20260814,9d3ab807a08ef4cf1077dbc23213e2314ce37c87,MEASURED,1786752604328596000,lifecycle,aegis_key_registry,ML-DSA-65,active_key_check,registry1,0,109,10,125,0,7094272,true,active,1,0,0,0,0,0,0,0,0,0,
local-1786752604326628000,macmini-m2-macos26.5.2-rust1.97.1-aarch64-20260814,9d3ab807a08ef4cf1077dbc23213e2314ce37c87,MEASURED,1786752604328599000,lifecycle,aegis_key_registry,ML-DSA-65,revocation_check,registry1,0,109,10,83,1000,7094272,true,not_revoked,1,0,0,0,0,0,0,0,0,0,
local-1786752604326628000,macmini-m2-macos26.5.2-rust1.97.1-aarch64-20260814,9d3ab807a08ef4cf1077dbc23213e2314ce37c87,MEASURED,1786752604328660000,lifecycle,aegis_key_registry,ML-DSA-65,public_key_lookup,registry1,0,110,10,625,1000,7094272,true,found,1,0,1952,0,0,0,0,0,0,0,
local-1786752604326628000,macmini-m2-macos26.5.2-rust1.97.1-aarch64-20260814,9d3ab807a08ef4cf1077dbc23213e2314ce37c87,MEASURED,1786752604328663000,lifecycle,aegis_key_registry,ML-DSA-65,role_authorization_check,registry1,0,110,10,83,1000,7094272,true,authorized,1,0,0,0,0,0,0,0,0,0,
local-1786752604326628000,macmini-m2-macos26.5.2-rust1.97.1-aarch64-20260814,9d3ab807a08ef4cf1077dbc23213e2314ce37c87,MEASURED,1786752604328665000,lifecycle,aegis_key_registry,ML-DSA-65,active_key_check,registry1,0,110,10,84,1000,7094272,true,active,1,0,0,0,0,0,0,0,0,0,
local-1786752604326628000,macmini-m2-macos26.5.2-rust1.97.1-aarch64-20260814,9d3ab807a08ef4cf1077dbc23213e2314ce37c87,MEASURED,1786752604328667000,lifecycle,aegis_key_registry,ML-DSA-65,revocation_check,registry1,0,110,10,42,0,7094272,true,not_revoked,1,0,0,0,0,0,0,0,0,0,
local-1786752604326628000,macmini-m2-macos26.5.2-rust1.97.1-aarch64-20260814,9d3ab807a08ef4cf1077dbc23213e2314ce37c87,MEASURED,1786752604328669000,lifecycle,aegis_key_registry,ML-DSA-65,public_key_lookup,registry1,0,111,10,166,0,7094272,true,found,1,0,1952,0,0,0,0,0,0,0,
local-1786752604326628000,macmini-m2-macos26.5.2-rust1.97.1-aarch64-20260814,9d3ab807a08ef4cf1077dbc23213e2314ce37c87,MEASURED,1786752604328670000,lifecycle,aegis_key_registry,ML-DSA-65,role_authorization_check,registry1,0,111,10,42,0,7094272,true,authorized,1,0,0,0,0,0,0,0,0,0,
local-1786752604326628000,macmini-m2-macos26.5.2-rust1.97.1-aarch64-20260814,9d3ab807a08ef4cf1077dbc23213e2314ce37c87,MEASURED,1786752604328672000,lifecycle,aegis_key_registry,ML-DSA-65,active_key_check,registry1,0,111,10,83,0,7094272,true,active,1,0,0,0,0,0,0,0,0,0,
local-1786752604326628000,macmini-m2-macos26.5.2-rust1.97.1-aarch64-20260814,9d3ab807a08ef4cf1077dbc23213e2314ce37c87,MEASURED,1786752604328674000,lifecycle,aegis_key_registry,ML-DSA-65,revocation_check,registry1,0,111,10,41,0,7094272,true,not_revoked,1,0,0,0,0,0,0,0,0,0,
local-1786752604326628000,macmini-m2-macos26.5.2-rust1.97.1-aarch64-20260814,9d3ab807a08ef4cf1077dbc23213e2314ce37c87,MEASURED,1786752604328676000,lifecycle,aegis_key_registry,ML-DSA-65,public_key_lookup,registry1,0,112,10,167,0,7094272,true,found,1,0,1952,0,0,0,0,0,0,0,
local-1786752604326628000,macmini-m2-macos26.5.2-rust1.97.1-aarch64-20260814,9d3ab807a08ef4cf1077dbc23213e2314ce37c87,MEASURED,1786752604328677000,lifecycle,aegis_key_registry,ML-DSA-65,role_authorization_check,registry1,0,112,10,42,0,7094272,true,authorized,1,0,0,0,0,0,0,0,0,0,
local-1786752604326628000,macmini-m2-macos26.5.2-rust1.97.1-aarch64-20260814,9d3ab807a08ef4cf1077dbc23213e2314ce37c87,MEASURED,1786752604328679000,lifecycle,aegis_key_registry,ML-DSA-65,active_key_check,registry1,0,112,10,42,2000,7094272,true,active,1,0,0,0,0,0,0,0,0,0,
local-1786752604326628000,macmini-m2-macos26.5.2-rust1.97.1-aarch64-20260814,9d3ab807a08ef4cf1077dbc23213e2314ce37c87,MEASURED,1786752604328681000,lifecycle,aegis_key_registry,ML-DSA-65,revocation_check,registry1,0,112,10,42,0,7094272,true,not_revoked,1,0,0,0,0,0,0,0,0,0,
local-1786752604326628000,macmini-m2-macos26.5.2-rust1.97.1-aarch64-20260814,9d3ab807a08ef4cf1077dbc23213e2314ce37c87,MEASURED,1786752604328698000,lifecycle,aegis_key_registry,ML-DSA-65,public_key_lookup,registry1,0,113,10,583,2000,7094272,true,found,1,0,1952,0,0,0,0,0,0,0,
local-1786752604326628000,macmini-m2-macos26.5.2-rust1.97.1-aarch64-20260814,9d3ab807a08ef4cf1077dbc23213e2314ce37c87,MEASURED,1786752604328701000,lifecycle,aegis_key_registry,ML-DSA-65,role_authorization_check,registry1,0,113,10,83,0,7094272,true,authorized,1,0,0,0,0,0,0,0,0,0,
local-1786752604326628000,macmini-m2-macos26.5.2-rust1.97.1-aarch64-20260814,9d3ab807a08ef4cf1077dbc23213e2314ce37c87,MEASURED,1786752604328704000,lifecycle,aegis_key_registry,ML-DSA-65,active_key_check,registry1,0,113,10,166,0,7094272,true,active,1,0,0,0,0,0,0,0,0,0,
local-1786752604326628000,macmini-m2-macos26.5.2-rust1.97.1-aarch64-20260814,9d3ab807a08ef4cf1077dbc23213e2314ce37c87,MEASURED,1786752604328706000,lifecycle,aegis_key_registry,ML-DSA-65,revocation_check,registry1,0,113,10,83,0,7094272,true,not_revoked,1,0,0,0,0,0,0,0,0,0,
local-1786752604326628000,macmini-m2-macos26.5.2-rust1.97.1-aarch64-20260814,9d3ab807a08ef4cf1077dbc23213e2314ce37c87,MEASURED,1786752604328709000,lifecycle,aegis_key_registry,ML-DSA-65,public_key_lookup,registry1,0,114,10,208,1000,7094272,true,found,1,0,1952,0,0,0,0,0,0,0,
local-1786752604326628000,macmini-m2-macos26.5.2-rust1.97.1-aarch64-20260814,9d3ab807a08ef4cf1077dbc23213e2314ce37c87,MEASURED,1786752604328711000,lifecycle,aegis_key_registry,ML-DSA-65,role_authorization_check,registry1,0,114,10,41,0,7094272,true,authorized,1,0,0,0,0,0,0,0,0,0,
local-1786752604326628000,macmini-m2-macos26.5.2-rust1.97.1-aarch64-20260814,9d3ab807a08ef4cf1077dbc23213e2314ce37c87,MEASURED,1786752604328713000,lifecycle,aegis_key_registry,ML-DSA-65,active_key_check,registry1,0,114,10,83,0,7094272,true,active,1,0,0,0,0,0,0,0,0,0,
local-1786752604326628000,macmini-m2-macos26.5.2-rust1.97.1-aarch64-20260814,9d3ab807a08ef4cf1077dbc23213e2314ce37c87,MEASURED,1786752604328715000,lifecycle,aegis_key_registry,ML-DSA-65,revocation_check,registry1,0,114,10,84,1000,7094272,true,not_revoked,1,0,0,0,0,0,0,0,0,0,
local-1786752604326628000,macmini-m2-macos26.5.2-rust1.97.1-aarch64-20260814,9d3ab807a08ef4cf1077dbc23213e2314ce37c87,MEASURED,1786752604328717000,lifecycle,aegis_key_registry,ML-DSA-65,public_key_lookup,registry1,0,115,10,167,1000,7094272,true,found,1,0,1952,0,0,0,0,0,0,0,
local-1786752604326628000,macmini-m2-macos26.5.2-rust1.97.1-aarch64-20260814,9d3ab807a08ef4cf1077dbc23213e2314ce37c87,MEASURED,1786752604328718000,lifecycle,aegis_key_registry,ML-DSA-65,role_authorization_check,registry1,0,115,10,41,0,7094272,true,authorized,1,0,0,0,0,0,0,0,0,0,
local-1786752604326628000,macmini-m2-macos26.5.2-rust1.97.1-aarch64-20260814,9d3ab807a08ef4cf1077dbc23213e2314ce37c87,MEASURED,1786752604328720000,lifecycle,aegis_key_registry,ML-DSA-65,active_key_check,registry1,0,115,10,42,2000,7094272,true,active,1,0,0,0,0,0,0,0,0,0,
local-1786752604326628000,macmini-m2-macos26.5.2-rust1.97.1-aarch64-20260814,9d3ab807a08ef4cf1077dbc23213e2314ce37c87,MEASURED,1786752604328722000,lifecycle,aegis_key_registry,ML-DSA-65,revocation_check,registry1,0,115,10,42,0,7094272,true,not_revoked,1,0,0,0,0,0,0,0,0,0,
local-1786752604326628000,macmini-m2-macos26.5.2-rust1.97.1-aarch64-20260814,9d3ab807a08ef4cf1077dbc23213e2314ce37c87,MEASURED,1786752604328724000,lifecycle,aegis_key_registry,ML-DSA-65,public_key_lookup,registry1,0,116,10,166,1000,7094272,true,found,1,0,1952,0,0,0,0,0,0,0,
local-1786752604326628000,macmini-m2-macos26.5.2-rust1.97.1-aarch64-20260814,9d3ab807a08ef4cf1077dbc23213e2314ce37c87,MEASURED,1786752604328726000,lifecycle,aegis_key_registry,ML-DSA-65,role_authorization_check,registry1,0,116,10,42,1000,7094272,true,authorized,1,0,0,0,0,0,0,0,0,0,
local-1786752604326628000,macmini-m2-macos26.5.2-rust1.97.1-aarch64-20260814,9d3ab807a08ef4cf1077dbc23213e2314ce37c87,MEASURED,1786752604328727000,lifecycle,aegis_key_registry,ML-DSA-65,active_key_check,registry1,0,116,10,84,1000,7094272,true,active,1,0,0,0,0,0,0,0,0,0,
local-1786752604326628000,macmini-m2-macos26.5.2-rust1.97.1-aarch64-20260814,9d3ab807a08ef4cf1077dbc23213e2314ce37c87,MEASURED,1786752604328729000,lifecycle,aegis_key_registry,ML-DSA-65,revocation_check,registry1,0,116,10,42,0,7094272,true,not_revoked,1,0,0,0,0,0,0,0,0,0,
local-1786752604326628000,macmini-m2-macos26.5.2-rust1.97.1-aarch64-20260814,9d3ab807a08ef4cf1077dbc23213e2314ce37c87,MEASURED,1786752604328731000,lifecycle,aegis_key_registry,ML-DSA-65,public_key_lookup,registry1,0,117,10,166,1000,7094272,true,found,1,0,1952,0,0,0,0,0,0,0,
local-1786752604326628000,macmini-m2-macos26.5.2-rust1.97.1-aarch64-20260814,9d3ab807a08ef4cf1077dbc23213e2314ce37c87,MEASURED,1786752604328748000,lifecycle,aegis_key_registry,ML-DSA-65,role_authorization_check,registry1,0,117,10,125,0,7094272,true,authorized,1,0,0,0,0,0,0,0,0,0,
local-1786752604326628000,macmini-m2-macos26.5.2-rust1.97.1-aarch64-20260814,9d3ab807a08ef4cf1077dbc23213e2314ce37c87,MEASURED,1786752604328750000,lifecycle,aegis_key_registry,ML-DSA-65,active_key_check,registry1,0,117,10,84,0,7094272,true,active,1,0,0,0,0,0,0,0,0,0,
local-1786752604326628000,macmini-m2-macos26.5.2-rust1.97.1-aarch64-20260814,9d3ab807a08ef4cf1077dbc23213e2314ce37c87,MEASURED,1786752604328752000,lifecycle,aegis_key_registry,ML-DSA-65,revocation_check,registry1,0,117,10,41,0,7094272,true,not_revoked,1,0,0,0,0,0,0,0,0,0,
local-1786752604326628000,macmini-m2-macos26.5.2-rust1.97.1-aarch64-20260814,9d3ab807a08ef4cf1077dbc23213e2314ce37c87,MEASURED,1786752604328754000,lifecycle,aegis_key_registry,ML-DSA-65,public_key_lookup,registry1,0,118,10,167,0,7094272,true,found,1,0,1952,0,0,0,0,0,0,0,
local-1786752604326628000,macmini-m2-macos26.5.2-rust1.97.1-aarch64-20260814,9d3ab807a08ef4cf1077dbc23213e2314ce37c87,MEASURED,1786752604328755000,lifecycle,aegis_key_registry,ML-DSA-65,role_authorization_check,registry1,0,118,10,41,0,7094272,true,authorized,1,0,0,0,0,0,0,0,0,0,
local-1786752604326628000,macmini-m2-macos26.5.2-rust1.97.1-aarch64-20260814,9d3ab807a08ef4cf1077dbc23213e2314ce37c87,MEASURED,1786752604328757000,lifecycle,aegis_key_registry,ML-DSA-65,active_key_check,registry1,0,118,10,42,0,7094272,true,active,1,0,0,0,0,0,0,0,0,0,
local-1786752604326628000,macmini-m2-macos26.5.2-rust1.97.1-aarch64-20260814,9d3ab807a08ef4cf1077dbc23213e2314ce37c87,MEASURED,1786752604328759000,lifecycle,aegis_key_registry,ML-DSA-65,revocation_check,registry1,0,118,10,42,0,7094272,true,not_revoked,1,0,0,0,0,0,0,0,0,0,
local-1786752604326628000,macmini-m2-macos26.5.2-rust1.97.1-aarch64-20260814,9d3ab807a08ef4cf1077dbc23213e2314ce37c87,MEASURED,1786752604328761000,lifecycle,aegis_key_registry,ML-DSA-65,public_key_lookup,registry1,0,119,10,166,0,7094272,true,found,1,0,1952,0,0,0,0,0,0,0,
local-1786752604326628000,macmini-m2-macos26.5.2-rust1.97.1-aarch64-20260814,9d3ab807a08ef4cf1077dbc23213e2314ce37c87,MEASURED,1786752604328763000,lifecycle,aegis_key_registry,ML-DSA-65,role_authorization_check,registry1,0,119,10,41,1000,7094272,true,authorized,1,0,0,0,0,0,0,0,0,0,
local-1786752604326628000,macmini-m2-macos26.5.2-rust1.97.1-aarch64-20260814,9d3ab807a08ef4cf1077dbc23213e2314ce37c87,MEASURED,1786752604328782000,lifecycle,aegis_key_registry,ML-DSA-65,active_key_check,registry1,0,119,10,292,1000,7094272,true,active,1,0,0,0,0,0,0,0,0,0,
local-1786752604326628000,macmini-m2-macos26.5.2-rust1.97.1-aarch64-20260814,9d3ab807a08ef4cf1077dbc23213e2314ce37c87,MEASURED,1786752604328785000,lifecycle,aegis_key_registry,ML-DSA-65,revocation_check,registry1,0,119,10,84,0,7094272,true,not_revoked,1,0,0,0,0,0,0,0,0,0,
local-1786752604326628000,macmini-m2-macos26.5.2-rust1.97.1-aarch64-20260814,9d3ab807a08ef4cf1077dbc23213e2314ce37c87,MEASURED,1786752604328788000,lifecycle,aegis_key_registry,ML-DSA-65,public_key_lookup,registry1,0,120,10,625,1000,7094272,true,found,1,0,1952,0,0,0,0,0,0,0,
local-1786752604326628000,macmini-m2-macos26.5.2-rust1.97.1-aarch64-20260814,9d3ab807a08ef4cf1077dbc23213e2314ce37c87,MEASURED,1786752604328791000,lifecycle,aegis_key_registry,ML-DSA-65,role_authorization_check,registry1,0,120,10,83,0,7094272,true,authorized,1,0,0,0,0,0,0,0,0,0,
local-1786752604326628000,macmini-m2-macos26.5.2-rust1.97.1-aarch64-20260814,9d3ab807a08ef4cf1077dbc23213e2314ce37c87,MEASURED,1786752604328793000,lifecycle,aegis_key_registry,ML-DSA-65,active_key_check,registry1,0,120,10,84,0,7094272,true,active,1,0,0,0,0,0,0,0,0,0,
local-1786752604326628000,macmini-m2-macos26.5.2-rust1.97.1-aarch64-20260814,9d3ab807a08ef4cf1077dbc23213e2314ce37c87,MEASURED,1786752604328795000,lifecycle,aegis_key_registry,ML-DSA-65,revocation_check,registry1,0,120,10,41,0,7094272,true,not_revoked,1,0,0,0,0,0,0,0,0,0,
local-1786752604326628000,macmini-m2-macos26.5.2-rust1.97.1-aarch64-20260814,9d3ab807a08ef4cf1077dbc23213e2314ce37c87,MEASURED,1786752604328797000,lifecycle,aegis_key_registry,ML-DSA-65,public_key_lookup,registry1,0,121,10,208,0,7094272,true,found,1,0,1952,0,0,0,0,0,0,0,
local-1786752604326628000,macmini-m2-macos26.5.2-rust1.97.1-aarch64-20260814,9d3ab807a08ef4cf1077dbc23213e2314ce37c87,MEASURED,1786752604328799000,lifecycle,aegis_key_registry,ML-DSA-65,role_authorization_check,registry1,0,121,10,42,1000,7094272,true,authorized,1,0,0,0,0,0,0,0,0,0,
local-1786752604326628000,macmini-m2-macos26.5.2-rust1.97.1-aarch64-20260814,9d3ab807a08ef4cf1077dbc23213e2314ce37c87,MEASURED,1786752604328801000,lifecycle,aegis_key_registry,ML-DSA-65,active_key_check,registry1,0,121,10,42,0,7094272,true,active,1,0,0,0,0,0,0,0,0,0,
local-1786752604326628000,macmini-m2-macos26.5.2-rust1.97.1-aarch64-20260814,9d3ab807a08ef4cf1077dbc23213e2314ce37c87,MEASURED,1786752604328803000,lifecycle,aegis_key_registry,ML-DSA-65,revocation_check,registry1,0,121,10,42,0,7094272,true,not_revoked,1,0,0,0,0,0,0,0,0,0,
local-1786752604326628000,macmini-m2-macos26.5.2-rust1.97.1-aarch64-20260814,9d3ab807a08ef4cf1077dbc23213e2314ce37c87,MEASURED,1786752604328804000,lifecycle,aegis_key_registry,ML-DSA-65,public_key_lookup,registry1,0,122,10,167,0,7094272,true,found,1,0,1952,0,0,0,0,0,0,0,
local-1786752604326628000,macmini-m2-macos26.5.2-rust1.97.1-aarch64-20260814,9d3ab807a08ef4cf1077dbc23213e2314ce37c87,MEASURED,1786752604328806000,lifecycle,aegis_key_registry,ML-DSA-65,role_authorization_check,registry1,0,122,10,41,0,7094272,true,authorized,1,0,0,0,0,0,0,0,0,0,
local-1786752604326628000,macmini-m2-macos26.5.2-rust1.97.1-aarch64-20260814,9d3ab807a08ef4cf1077dbc23213e2314ce37c87,MEASURED,1786752604328808000,lifecycle,aegis_key_registry,ML-DSA-65,active_key_check,registry1,0,122,10,84,0,7094272,true,active,1,0,0,0,0,0,0,0,0,0,
local-1786752604326628000,macmini-m2-macos26.5.2-rust1.97.1-aarch64-20260814,9d3ab807a08ef4cf1077dbc23213e2314ce37c87,MEASURED,1786752604328809000,lifecycle,aegis_key_registry,ML-DSA-65,revocation_check,registry1,0,122,10,42,1000,7094272,true,not_revoked,1,0,0,0,0,0,0,0,0,0,
local-1786752604326628000,macmini-m2-macos26.5.2-rust1.97.1-aarch64-20260814,9d3ab807a08ef4cf1077dbc23213e2314ce37c87,MEASURED,1786752604328811000,lifecycle,aegis_key_registry,ML-DSA-65,public_key_lookup,registry1,0,123,10,167,1000,7094272,true,found,1,0,1952,0,0,0,0,0,0,0,
local-1786752604326628000,macmini-m2-macos26.5.2-rust1.97.1-aarch64-20260814,9d3ab807a08ef4cf1077dbc23213e2314ce37c87,MEASURED,1786752604328813000,lifecycle,aegis_key_registry,ML-DSA-65,role_authorization_check,registry1,0,123,10,41,0,7094272,true,authorized,1,0,0,0,0,0,0,0,0,0,
local-1786752604326628000,macmini-m2-macos26.5.2-rust1.97.1-aarch64-20260814,9d3ab807a08ef4cf1077dbc23213e2314ce37c87,MEASURED,1786752604328815000,lifecycle,aegis_key_registry,ML-DSA-65,active_key_check,registry1,0,123,10,42,1000,7094272,true,active,1,0,0,0,0,0,0,0,0,0,
local-1786752604326628000,macmini-m2-macos26.5.2-rust1.97.1-aarch64-20260814,9d3ab807a08ef4cf1077dbc23213e2314ce37c87,MEASURED,1786752604328816000,lifecycle,aegis_key_registry,ML-DSA-65,revocation_check,registry1,0,123,10,41,0,7094272,true,not_revoked,1,0,0,0,0,0,0,0,0,0,
local-1786752604326628000,macmini-m2-macos26.5.2-rust1.97.1-aarch64-20260814,9d3ab807a08ef4cf1077dbc23213e2314ce37c87,MEASURED,1786752604328818000,lifecycle,aegis_key_registry,ML-DSA-65,public_key_lookup,registry1,0,124,10,166,0,7094272,true,found,1,0,1952,0,0,0,0,0,0,0,
local-1786752604326628000,macmini-m2-macos26.5.2-rust1.97.1-aarch64-20260814,9d3ab807a08ef4cf1077dbc23213e2314ce37c87,MEASURED,1786752604328820000,lifecycle,aegis_key_registry,ML-DSA-65,role_authorization_check,registry1,0,124,10,41,2000,7094272,true,authorized,1,0,0,0,0,0,0,0,0,0,
local-1786752604326628000,macmini-m2-macos26.5.2-rust1.97.1-aarch64-20260814,9d3ab807a08ef4cf1077dbc23213e2314ce37c87,MEASURED,1786752604328836000,lifecycle,aegis_key_registry,ML-DSA-65,active_key_check,registry1,0,124,10,167,0,7094272,true,active,1,0,0,0,0,0,0,0,0,0,
local-1786752604326628000,macmini-m2-macos26.5.2-rust1.97.1-aarch64-20260814,9d3ab807a08ef4cf1077dbc23213e2314ce37c87,MEASURED,1786752604328838000,lifecycle,aegis_key_registry,ML-DSA-65,revocation_check,registry1,0,124,10,42,0,7094272,true,not_revoked,1,0,0,0,0,0,0,0,0,0,
local-1786752604326628000,macmini-m2-macos26.5.2-rust1.97.1-aarch64-20260814,9d3ab807a08ef4cf1077dbc23213e2314ce37c87,MEASURED,1786752604328840000,lifecycle,aegis_key_registry,ML-DSA-65,public_key_lookup,registry1,0,125,10,167,2000,7094272,true,found,1,0,1952,0,0,0,0,0,0,0,
local-1786752604326628000,macmini-m2-macos26.5.2-rust1.97.1-aarch64-20260814,9d3ab807a08ef4cf1077dbc23213e2314ce37c87,MEASURED,1786752604328842000,lifecycle,aegis_key_registry,ML-DSA-65,role_authorization_check,registry1,0,125,10,42,0,7094272,true,authorized,1,0,0,0,0,0,0,0,0,0,
local-1786752604326628000,macmini-m2-macos26.5.2-rust1.97.1-aarch64-20260814,9d3ab807a08ef4cf1077dbc23213e2314ce37c87,MEASURED,1786752604328843000,lifecycle,aegis_key_registry,ML-DSA-65,active_key_check,registry1,0,125,10,41,0,7094272,true,active,1,0,0,0,0,0,0,0,0,0,
local-1786752604326628000,macmini-m2-macos26.5.2-rust1.97.1-aarch64-20260814,9d3ab807a08ef4cf1077dbc23213e2314ce37c87,MEASURED,1786752604328845000,lifecycle,aegis_key_registry,ML-DSA-65,revocation_check,registry1,0,125,10,42,0,7094272,true,not_revoked,1,0,0,0,0,0,0,0,0,0,
local-1786752604326628000,macmini-m2-macos26.5.2-rust1.97.1-aarch64-20260814,9d3ab807a08ef4cf1077dbc23213e2314ce37c87,MEASURED,1786752604328868000,lifecycle,aegis_key_registry,ML-DSA-65,public_key_lookup,registry1,0,126,10,1250,4000,7094272,true,found,1,0,1952,0,0,0,0,0,0,0,
local-1786752604326628000,macmini-m2-macos26.5.2-rust1.97.1-aarch64-20260814,9d3ab807a08ef4cf1077dbc23213e2314ce37c87,MEASURED,1786752604328874000,lifecycle,aegis_key_registry,ML-DSA-65,role_authorization_check,registry1,0,126,10,459,1000,7094272,true,authorized,1,0,0,0,0,0,0,0,0,0,
local-1786752604326628000,macmini-m2-macos26.5.2-rust1.97.1-aarch64-20260814,9d3ab807a08ef4cf1077dbc23213e2314ce37c87,MEASURED,1786752604328879000,lifecycle,aegis_key_registry,ML-DSA-65,active_key_check,registry1,0,126,10,333,0,7094272,true,active,1,0,0,0,0,0,0,0,0,0,
local-1786752604326628000,macmini-m2-macos26.5.2-rust1.97.1-aarch64-20260814,9d3ab807a08ef4cf1077dbc23213e2314ce37c87,MEASURED,1786752604328884000,lifecycle,aegis_key_registry,ML-DSA-65,revocation_check,registry1,0,126,10,125,0,7094272,true,not_revoked,1,0,0,0,0,0,0,0,0,0,
local-1786752604326628000,macmini-m2-macos26.5.2-rust1.97.1-aarch64-20260814,9d3ab807a08ef4cf1077dbc23213e2314ce37c87,MEASURED,1786752604328888000,lifecycle,aegis_key_registry,ML-DSA-65,public_key_lookup,registry1,0,127,10,417,2000,7094272,true,found,1,0,1952,0,0,0,0,0,0,0,
local-1786752604326628000,macmini-m2-macos26.5.2-rust1.97.1-aarch64-20260814,9d3ab807a08ef4cf1077dbc23213e2314ce37c87,MEASURED,1786752604328901000,lifecycle,aegis_key_registry,ML-DSA-65,role_authorization_check,registry1,0,127,10,42,1000,7094272,true,authorized,1,0,0,0,0,0,0,0,0,0,
local-1786752604326628000,macmini-m2-macos26.5.2-rust1.97.1-aarch64-20260814,9d3ab807a08ef4cf1077dbc23213e2314ce37c87,MEASURED,1786752604328903000,lifecycle,aegis_key_registry,ML-DSA-65,active_key_check,registry1,0,127,10,125,0,7094272,true,active,1,0,0,0,0,0,0,0,0,0,
local-1786752604326628000,macmini-m2-macos26.5.2-rust1.97.1-aarch64-20260814,9d3ab807a08ef4cf1077dbc23213e2314ce37c87,MEASURED,1786752604328905000,lifecycle,aegis_key_registry,ML-DSA-65,revocation_check,registry1,0,127,10,83,0,7094272,true,not_revoked,1,0,0,0,0,0,0,0,0,0,
local-1786752604326628000,macmini-m2-macos26.5.2-rust1.97.1-aarch64-20260814,9d3ab807a08ef4cf1077dbc23213e2314ce37c87,MEASURED,1786752604328907000,lifecycle,aegis_key_registry,ML-DSA-65,public_key_lookup,registry1,0,128,10,542,1000,7094272,true,found,1,0,1952,0,0,0,0,0,0,0,
local-1786752604326628000,macmini-m2-macos26.5.2-rust1.97.1-aarch64-20260814,9d3ab807a08ef4cf1077dbc23213e2314ce37c87,MEASURED,1786752604328909000,lifecycle,aegis_key_registry,ML-DSA-65,role_authorization_check,registry1,0,128,10,83,1000,7094272,true,authorized,1,0,0,0,0,0,0,0,0,0,
local-1786752604326628000,macmini-m2-macos26.5.2-rust1.97.1-aarch64-20260814,9d3ab807a08ef4cf1077dbc23213e2314ce37c87,MEASURED,1786752604328910000,lifecycle,aegis_key_registry,ML-DSA-65,active_key_check,registry1,0,128,10,42,0,7094272,true,active,1,0,0,0,0,0,0,0,0,0,
local-1786752604326628000,macmini-m2-macos26.5.2-rust1.97.1-aarch64-20260814,9d3ab807a08ef4cf1077dbc23213e2314ce37c87,MEASURED,1786752604328912000,lifecycle,aegis_key_registry,ML-DSA-65,revocation_check,registry1,0,128,10,42,1000,7094272,true,not_revoked,1,0,0,0,0,0,0,0,0,0,
local-1786752604326628000,macmini-m2-macos26.5.2-rust1.97.1-aarch64-20260814,9d3ab807a08ef4cf1077dbc23213e2314ce37c87,MEASURED,1786752604328914000,lifecycle,aegis_key_registry,ML-DSA-65,public_key_lookup,registry1,0,129,10,166,1000,7094272,true,found,1,0,1952,0,0,0,0,0,0,0,
local-1786752604326628000,macmini-m2-macos26.5.2-rust1.97.1-aarch64-20260814,9d3ab807a08ef4cf1077dbc23213e2314ce37c87,MEASURED,1786752604328915000,lifecycle,aegis_key_registry,ML-DSA-65,role_authorization_check,registry1,0,129,10,42,0,7094272,true,authorized,1,0,0,0,0,0,0,0,0,0,
local-1786752604326628000,macmini-m2-macos26.5.2-rust1.97.1-aarch64-20260814,9d3ab807a08ef4cf1077dbc23213e2314ce37c87,MEASURED,1786752604328917000,lifecycle,aegis_key_registry,ML-DSA-65,active_key_check,registry1,0,129,10,42,1000,7094272,true,active,1,0,0,0,0,0,0,0,0,0,
local-1786752604326628000,macmini-m2-macos26.5.2-rust1.97.1-aarch64-20260814,9d3ab807a08ef4cf1077dbc23213e2314ce37c87,MEASURED,1786752604328919000,lifecycle,aegis_key_registry,ML-DSA-65,revocation_check,registry1,0,129,10,41,1000,7094272,true,not_revoked,1,0,0,0,0,0,0,0,0,0,
local-1786752604326628000,macmini-m2-macos26.5.2-rust1.97.1-aarch64-20260814,9d3ab807a08ef4cf1077dbc23213e2314ce37c87,MEASURED,1786752604328920000,lifecycle,aegis_key_registry,ML-DSA-65,public_key_lookup,registry1,0,130,10,166,0,7094272,true,found,1,0,1952,0,0,0,0,0,0,0,
local-1786752604326628000,macmini-m2-macos26.5.2-rust1.97.1-aarch64-20260814,9d3ab807a08ef4cf1077dbc23213e2314ce37c87,MEASURED,1786752604328922000,lifecycle,aegis_key_registry,ML-DSA-65,role_authorization_check,registry1,0,130,10,42,1000,7094272,true,authorized,1,0,0,0,0,0,0,0,0,0,
local-1786752604326628000,macmini-m2-macos26.5.2-rust1.97.1-aarch64-20260814,9d3ab807a08ef4cf1077dbc23213e2314ce37c87,MEASURED,1786752604328924000,lifecycle,aegis_key_registry,ML-DSA-65,active_key_check,registry1,0,130,10,42,0,7094272,true,active,1,0,0,0,0,0,0,0,0,0,
local-1786752604326628000,macmini-m2-macos26.5.2-rust1.97.1-aarch64-20260814,9d3ab807a08ef4cf1077dbc23213e2314ce37c87,MEASURED,1786752604328925000,lifecycle,aegis_key_registry,ML-DSA-65,revocation_check,registry1,0,130,10,42,0,7094272,true,not_revoked,1,0,0,0,0,0,0,0,0,0,
local-1786752604326628000,macmini-m2-macos26.5.2-rust1.97.1-aarch64-20260814,9d3ab807a08ef4cf1077dbc23213e2314ce37c87,MEASURED,1786752604328927000,lifecycle,aegis_key_registry,ML-DSA-65,public_key_lookup,registry1,0,131,10,208,2000,7094272,true,found,1,0,1952,0,0,0,0,0,0,0,
local-1786752604326628000,macmini-m2-macos26.5.2-rust1.97.1-aarch64-20260814,9d3ab807a08ef4cf1077dbc23213e2314ce37c87,MEASURED,1786752604328929000,lifecycle,aegis_key_registry,ML-DSA-65,role_authorization_check,registry1,0,131,10,42,0,7094272,true,authorized,1,0,0,0,0,0,0,0,0,0,
local-1786752604326628000,macmini-m2-macos26.5.2-rust1.97.1-aarch64-20260814,9d3ab807a08ef4cf1077dbc23213e2314ce37c87,MEASURED,1786752604328931000,lifecycle,aegis_key_registry,ML-DSA-65,active_key_check,registry1,0,131,10,42,0,7094272,true,active,1,0,0,0,0,0,0,0,0,0,
local-1786752604326628000,macmini-m2-macos26.5.2-rust1.97.1-aarch64-20260814,9d3ab807a08ef4cf1077dbc23213e2314ce37c87,MEASURED,1786752604328940000,lifecycle,aegis_key_registry,ML-DSA-65,revocation_check,registry1,0,131,10,83,0,7094272,true,not_revoked,1,0,0,0,0,0,0,0,0,0,
local-1786752604326628000,macmini-m2-macos26.5.2-rust1.97.1-aarch64-20260814,9d3ab807a08ef4cf1077dbc23213e2314ce37c87,MEASURED,1786752604328942000,lifecycle,aegis_key_registry,ML-DSA-65,public_key_lookup,registry1,0,132,10,167,0,7094272,true,found,1,0,1952,0,0,0,0,0,0,0,
local-1786752604326628000,macmini-m2-macos26.5.2-rust1.97.1-aarch64-20260814,9d3ab807a08ef4cf1077dbc23213e2314ce37c87,MEASURED,1786752604328944000,lifecycle,aegis_key_registry,ML-DSA-65,role_authorization_check,registry1,0,132,10,41,0,7094272,true,authorized,1,0,0,0,0,0,0,0,0,0,
local-1786752604326628000,macmini-m2-macos26.5.2-rust1.97.1-aarch64-20260814,9d3ab807a08ef4cf1077dbc23213e2314ce37c87,MEASURED,1786752604328945000,lifecycle,aegis_key_registry,ML-DSA-65,active_key_check,registry1,0,132,10,41,0,7094272,true,active,1,0,0,0,0,0,0,0,0,0,
local-1786752604326628000,macmini-m2-macos26.5.2-rust1.97.1-aarch64-20260814,9d3ab807a08ef4cf1077dbc23213e2314ce37c87,MEASURED,1786752604328947000,lifecycle,aegis_key_registry,ML-DSA-65,revocation_check,registry1,0,132,10,0,0,7094272,true,not_revoked,1,0,0,0,0,0,0,0,0,0,
local-1786752604326628000,macmini-m2-macos26.5.2-rust1.97.1-aarch64-20260814,9d3ab807a08ef4cf1077dbc23213e2314ce37c87,MEASURED,1786752604328949000,lifecycle,aegis_key_registry,ML-DSA-65,public_key_lookup,registry1,0,133,10,166,0,7094272,true,found,1,0,1952,0,0,0,0,0,0,0,
local-1786752604326628000,macmini-m2-macos26.5.2-rust1.97.1-aarch64-20260814,9d3ab807a08ef4cf1077dbc23213e2314ce37c87,MEASURED,1786752604328951000,lifecycle,aegis_key_registry,ML-DSA-65,role_authorization_check,registry1,0,133,10,42,0,7094272,true,authorized,1,0,0,0,0,0,0,0,0,0,
local-1786752604326628000,macmini-m2-macos26.5.2-rust1.97.1-aarch64-20260814,9d3ab807a08ef4cf1077dbc23213e2314ce37c87,MEASURED,1786752604328952000,lifecycle,aegis_key_registry,ML-DSA-65,active_key_check,registry1,0,133,10,42,1000,7094272,true,active,1,0,0,0,0,0,0,0,0,0,
local-1786752604326628000,macmini-m2-macos26.5.2-rust1.97.1-aarch64-20260814,9d3ab807a08ef4cf1077dbc23213e2314ce37c87,MEASURED,1786752604328954000,lifecycle,aegis_key_registry,ML-DSA-65,revocation_check,registry1,0,133,10,41,0,7094272,true,not_revoked,1,0,0,0,0,0,0,0,0,0,
local-1786752604326628000,macmini-m2-macos26.5.2-rust1.97.1-aarch64-20260814,9d3ab807a08ef4cf1077dbc23213e2314ce37c87,MEASURED,1786752604328956000,lifecycle,aegis_key_registry,ML-DSA-65,public_key_lookup,registry1,0,134,10,166,0,7094272,true,found,1,0,1952,0,0,0,0,0,0,0,
local-1786752604326628000,macmini-m2-macos26.5.2-rust1.97.1-aarch64-20260814,9d3ab807a08ef4cf1077dbc23213e2314ce37c87,MEASURED,1786752604328957000,lifecycle,aegis_key_registry,ML-DSA-65,role_authorization_check,registry1,0,134,10,42,0,7094272,true,authorized,1,0,0,0,0,0,0,0,0,0,
local-1786752604326628000,macmini-m2-macos26.5.2-rust1.97.1-aarch64-20260814,9d3ab807a08ef4cf1077dbc23213e2314ce37c87,MEASURED,1786752604328959000,lifecycle,aegis_key_registry,ML-DSA-65,active_key_check,registry1,0,134,10,42,0,7094272,true,active,1,0,0,0,0,0,0,0,0,0,
local-1786752604326628000,macmini-m2-macos26.5.2-rust1.97.1-aarch64-20260814,9d3ab807a08ef4cf1077dbc23213e2314ce37c87,MEASURED,1786752604328961000,lifecycle,aegis_key_registry,ML-DSA-65,revocation_check,registry1,0,134,10,42,0,7094272,true,not_revoked,1,0,0,0,0,0,0,0,0,0,
local-1786752604326628000,macmini-m2-macos26.5.2-rust1.97.1-aarch64-20260814,9d3ab807a08ef4cf1077dbc23213e2314ce37c87,MEASURED,1786752604328962000,lifecycle,aegis_key_registry,ML-DSA-65,public_key_lookup,registry1,0,135,10,167,1000,7094272,true,found,1,0,1952,0,0,0,0,0,0,0,
local-1786752604326628000,macmini-m2-macos26.5.2-rust1.97.1-aarch64-20260814,9d3ab807a08ef4cf1077dbc23213e2314ce37c87,MEASURED,1786752604328964000,lifecycle,aegis_key_registry,ML-DSA-65,role_authorization_check,registry1,0,135,10,41,0,7094272,true,authorized,1,0,0,0,0,0,0,0,0,0,
local-1786752604326628000,macmini-m2-macos26.5.2-rust1.97.1-aarch64-20260814,9d3ab807a08ef4cf1077dbc23213e2314ce37c87,MEASURED,1786752604328966000,lifecycle,aegis_key_registry,ML-DSA-65,active_key_check,registry1,0,135,10,83,0,7094272,true,active,1,0,0,0,0,0,0,0,0,0,
local-1786752604326628000,macmini-m2-macos26.5.2-rust1.97.1-aarch64-20260814,9d3ab807a08ef4cf1077dbc23213e2314ce37c87,MEASURED,1786752604328967000,lifecycle,aegis_key_registry,ML-DSA-65,revocation_check,registry1,0,135,10,41,1000,7094272,true,not_revoked,1,0,0,0,0,0,0,0,0,0,
local-1786752604326628000,macmini-m2-macos26.5.2-rust1.97.1-aarch64-20260814,9d3ab807a08ef4cf1077dbc23213e2314ce37c87,MEASURED,1786752604328969000,lifecycle,aegis_key_registry,ML-DSA-65,public_key_lookup,registry1,0,136,10,125,0,7094272,true,found,1,0,1952,0,0,0,0,0,0,0,
local-1786752604326628000,macmini-m2-macos26.5.2-rust1.97.1-aarch64-20260814,9d3ab807a08ef4cf1077dbc23213e2314ce37c87,MEASURED,1786752604328971000,lifecycle,aegis_key_registry,ML-DSA-65,role_authorization_check,registry1,0,136,10,42,0,7094272,true,authorized,1,0,0,0,0,0,0,0,0,0,
local-1786752604326628000,macmini-m2-macos26.5.2-rust1.97.1-aarch64-20260814,9d3ab807a08ef4cf1077dbc23213e2314ce37c87,MEASURED,1786752604328973000,lifecycle,aegis_key_registry,ML-DSA-65,active_key_check,registry1,0,136,10,42,0,7094272,true,active,1,0,0,0,0,0,0,0,0,0,
local-1786752604326628000,macmini-m2-macos26.5.2-rust1.97.1-aarch64-20260814,9d3ab807a08ef4cf1077dbc23213e2314ce37c87,MEASURED,1786752604328974000,lifecycle,aegis_key_registry,ML-DSA-65,revocation_check,registry1,0,136,10,84,0,7094272,true,not_revoked,1,0,0,0,0,0,0,0,0,0,
local-1786752604326628000,macmini-m2-macos26.5.2-rust1.97.1-aarch64-20260814,9d3ab807a08ef4cf1077dbc23213e2314ce37c87,MEASURED,1786752604328976000,lifecycle,aegis_key_registry,ML-DSA-65,public_key_lookup,registry1,0,137,10,167,0,7094272,true,found,1,0,1952,0,0,0,0,0,0,0,
local-1786752604326628000,macmini-m2-macos26.5.2-rust1.97.1-aarch64-20260814,9d3ab807a08ef4cf1077dbc23213e2314ce37c87,MEASURED,1786752604328978000,lifecycle,aegis_key_registry,ML-DSA-65,role_authorization_check,registry1,0,137,10,42,0,7094272,true,authorized,1,0,0,0,0,0,0,0,0,0,
local-1786752604326628000,macmini-m2-macos26.5.2-rust1.97.1-aarch64-20260814,9d3ab807a08ef4cf1077dbc23213e2314ce37c87,MEASURED,1786752604328979000,lifecycle,aegis_key_registry,ML-DSA-65,active_key_check,registry1,0,137,10,83,0,7094272,true,active,1,0,0,0,0,0,0,0,0,0,
local-1786752604326628000,macmini-m2-macos26.5.2-rust1.97.1-aarch64-20260814,9d3ab807a08ef4cf1077dbc23213e2314ce37c87,MEASURED,1786752604328981000,lifecycle,aegis_key_registry,ML-DSA-65,revocation_check,registry1,0,137,10,41,0,7094272,true,not_revoked,1,0,0,0,0,0,0,0,0,0,
local-1786752604326628000,macmini-m2-macos26.5.2-rust1.97.1-aarch64-20260814,9d3ab807a08ef4cf1077dbc23213e2314ce37c87,MEASURED,1786752604328983000,lifecycle,aegis_key_registry,ML-DSA-65,public_key_lookup,registry1,0,138,10,166,0,7094272,true,found,1,0,1952,0,0,0,0,0,0,0,
local-1786752604326628000,macmini-m2-macos26.5.2-rust1.97.1-aarch64-20260814,9d3ab807a08ef4cf1077dbc23213e2314ce37c87,MEASURED,1786752604328984000,lifecycle,aegis_key_registry,ML-DSA-65,role_authorization_check,registry1,0,138,10,41,0,7094272,true,authorized,1,0,0,0,0,0,0,0,0,0,
local-1786752604326628000,macmini-m2-macos26.5.2-rust1.97.1-aarch64-20260814,9d3ab807a08ef4cf1077dbc23213e2314ce37c87,MEASURED,1786752604328986000,lifecycle,aegis_key_registry,ML-DSA-65,active_key_check,registry1,0,138,10,42,1000,7094272,true,active,1,0,0,0,0,0,0,0,0,0,
local-1786752604326628000,macmini-m2-macos26.5.2-rust1.97.1-aarch64-20260814,9d3ab807a08ef4cf1077dbc23213e2314ce37c87,MEASURED,1786752604328988000,lifecycle,aegis_key_registry,ML-DSA-65,revocation_check,registry1,0,138,10,42,0,7094272,true,not_revoked,1,0,0,0,0,0,0,0,0,0,
local-1786752604326628000,macmini-m2-macos26.5.2-rust1.97.1-aarch64-20260814,9d3ab807a08ef4cf1077dbc23213e2314ce37c87,MEASURED,1786752604328996000,lifecycle,aegis_key_registry,ML-DSA-65,public_key_lookup,registry1,0,139,10,292,2000,7094272,true,found,1,0,1952,0,0,0,0,0,0,0,
local-1786752604326628000,macmini-m2-macos26.5.2-rust1.97.1-aarch64-20260814,9d3ab807a08ef4cf1077dbc23213e2314ce37c87,MEASURED,1786752604328998000,lifecycle,aegis_key_registry,ML-DSA-65,role_authorization_check,registry1,0,139,10,83,0,7094272,true,authorized,1,0,0,0,0,0,0,0,0,0,
local-1786752604326628000,macmini-m2-macos26.5.2-rust1.97.1-aarch64-20260814,9d3ab807a08ef4cf1077dbc23213e2314ce37c87,MEASURED,1786752604329000000,lifecycle,aegis_key_registry,ML-DSA-65,active_key_check,registry1,0,139,10,83,0,7094272,true,active,1,0,0,0,0,0,0,0,0,0,
local-1786752604326628000,macmini-m2-macos26.5.2-rust1.97.1-aarch64-20260814,9d3ab807a08ef4cf1077dbc23213e2314ce37c87,MEASURED,1786752604329002000,lifecycle,aegis_key_registry,ML-DSA-65,revocation_check,registry1,0,139,10,42,0,7094272,true,not_revoked,1,0,0,0,0,0,0,0,0,0,
local-1786752604326628000,macmini-m2-macos26.5.2-rust1.97.1-aarch64-20260814,9d3ab807a08ef4cf1077dbc23213e2314ce37c87,MEASURED,1786752604329003000,lifecycle,aegis_key_registry,ML-DSA-65,public_key_lookup,registry1,0,140,10,167,0,7094272,true,found,1,0,1952,0,0,0,0,0,0,0,
local-1786752604326628000,macmini-m2-macos26.5.2-rust1.97.1-aarch64-20260814,9d3ab807a08ef4cf1077dbc23213e2314ce37c87,MEASURED,1786752604329005000,lifecycle,aegis_key_registry,ML-DSA-65,role_authorization_check,registry1,0,140,10,41,1000,7094272,true,authorized,1,0,0,0,0,0,0,0,0,0,
local-1786752604326628000,macmini-m2-macos26.5.2-rust1.97.1-aarch64-20260814,9d3ab807a08ef4cf1077dbc23213e2314ce37c87,MEASURED,1786752604329007000,lifecycle,aegis_key_registry,ML-DSA-65,active_key_check,registry1,0,140,10,41,1000,7094272,true,active,1,0,0,0,0,0,0,0,0,0,
local-1786752604326628000,macmini-m2-macos26.5.2-rust1.97.1-aarch64-20260814,9d3ab807a08ef4cf1077dbc23213e2314ce37c87,MEASURED,1786752604329008000,lifecycle,aegis_key_registry,ML-DSA-65,revocation_check,registry1,0,140,10,41,0,7094272,true,not_revoked,1,0,0,0,0,0,0,0,0,0,
local-1786752604326628000,macmini-m2-macos26.5.2-rust1.97.1-aarch64-20260814,9d3ab807a08ef4cf1077dbc23213e2314ce37c87,MEASURED,1786752604329010000,lifecycle,aegis_key_registry,ML-DSA-65,public_key_lookup,registry1,0,141,10,167,1000,7094272,true,found,1,0,1952,0,0,0,0,0,0,0,
local-1786752604326628000,macmini-m2-macos26.5.2-rust1.97.1-aarch64-20260814,9d3ab807a08ef4cf1077dbc23213e2314ce37c87,MEASURED,1786752604329012000,lifecycle,aegis_key_registry,ML-DSA-65,role_authorization_check,registry1,0,141,10,42,1000,7094272,true,authorized,1,0,0,0,0,0,0,0,0,0,
local-1786752604326628000,macmini-m2-macos26.5.2-rust1.97.1-aarch64-20260814,9d3ab807a08ef4cf1077dbc23213e2314ce37c87,MEASURED,1786752604329013000,lifecycle,aegis_key_registry,ML-DSA-65,active_key_check,registry1,0,141,10,42,0,7094272,true,active,1,0,0,0,0,0,0,0,0,0,
local-1786752604326628000,macmini-m2-macos26.5.2-rust1.97.1-aarch64-20260814,9d3ab807a08ef4cf1077dbc23213e2314ce37c87,MEASURED,1786752604329015000,lifecycle,aegis_key_registry,ML-DSA-65,revocation_check,registry1,0,141,10,42,1000,7094272,true,not_revoked,1,0,0,0,0,0,0,0,0,0,
local-1786752604326628000,macmini-m2-macos26.5.2-rust1.97.1-aarch64-20260814,9d3ab807a08ef4cf1077dbc23213e2314ce37c87,MEASURED,1786752604329017000,lifecycle,aegis_key_registry,ML-DSA-65,public_key_lookup,registry1,0,142,10,208,1000,7094272,true,found,1,0,1952,0,0,0,0,0,0,0,
local-1786752604326628000,macmini-m2-macos26.5.2-rust1.97.1-aarch64-20260814,9d3ab807a08ef4cf1077dbc23213e2314ce37c87,MEASURED,1786752604329018000,lifecycle,aegis_key_registry,ML-DSA-65,role_authorization_check,registry1,0,142,10,41,0,7094272,true,authorized,1,0,0,0,0,0,0,0,0,0,
local-1786752604326628000,macmini-m2-macos26.5.2-rust1.97.1-aarch64-20260814,9d3ab807a08ef4cf1077dbc23213e2314ce37c87,MEASURED,1786752604329020000,lifecycle,aegis_key_registry,ML-DSA-65,active_key_check,registry1,0,142,10,41,0,7094272,true,active,1,0,0,0,0,0,0,0,0,0,
local-1786752604326628000,macmini-m2-macos26.5.2-rust1.97.1-aarch64-20260814,9d3ab807a08ef4cf1077dbc23213e2314ce37c87,MEASURED,1786752604329022000,lifecycle,aegis_key_registry,ML-DSA-65,revocation_check,registry1,0,142,10,42,1000,7094272,true,not_revoked,1,0,0,0,0,0,0,0,0,0,
local-1786752604326628000,macmini-m2-macos26.5.2-rust1.97.1-aarch64-20260814,9d3ab807a08ef4cf1077dbc23213e2314ce37c87,MEASURED,1786752604329023000,lifecycle,aegis_key_registry,ML-DSA-65,public_key_lookup,registry1,0,143,10,167,0,7094272,true,found,1,0,1952,0,0,0,0,0,0,0,
local-1786752604326628000,macmini-m2-macos26.5.2-rust1.97.1-aarch64-20260814,9d3ab807a08ef4cf1077dbc23213e2314ce37c87,MEASURED,1786752604329025000,lifecycle,aegis_key_registry,ML-DSA-65,role_authorization_check,registry1,0,143,10,41,0,7094272,true,authorized,1,0,0,0,0,0,0,0,0,0,
local-1786752604326628000,macmini-m2-macos26.5.2-rust1.97.1-aarch64-20260814,9d3ab807a08ef4cf1077dbc23213e2314ce37c87,MEASURED,1786752604329027000,lifecycle,aegis_key_registry,ML-DSA-65,active_key_check,registry1,0,143,10,83,1000,7094272,true,active,1,0,0,0,0,0,0,0,0,0,
local-1786752604326628000,macmini-m2-macos26.5.2-rust1.97.1-aarch64-20260814,9d3ab807a08ef4cf1077dbc23213e2314ce37c87,MEASURED,1786752604329028000,lifecycle,aegis_key_registry,ML-DSA-65,revocation_check,registry1,0,143,10,42,0,7094272,true,not_revoked,1,0,0,0,0,0,0,0,0,0,
local-1786752604326628000,macmini-m2-macos26.5.2-rust1.97.1-aarch64-20260814,9d3ab807a08ef4cf1077dbc23213e2314ce37c87,MEASURED,1786752604329030000,lifecycle,aegis_key_registry,ML-DSA-65,public_key_lookup,registry1,0,144,10,125,1000,7094272,true,found,1,0,1952,0,0,0,0,0,0,0,
local-1786752604326628000,macmini-m2-macos26.5.2-rust1.97.1-aarch64-20260814,9d3ab807a08ef4cf1077dbc23213e2314ce37c87,MEASURED,1786752604329032000,lifecycle,aegis_key_registry,ML-DSA-65,role_authorization_check,registry1,0,144,10,42,1000,7094272,true,authorized,1,0,0,0,0,0,0,0,0,0,
local-1786752604326628000,macmini-m2-macos26.5.2-rust1.97.1-aarch64-20260814,9d3ab807a08ef4cf1077dbc23213e2314ce37c87,MEASURED,1786752604329033000,lifecycle,aegis_key_registry,ML-DSA-65,active_key_check,registry1,0,144,10,42,0,7094272,true,active,1,0,0,0,0,0,0,0,0,0,
local-1786752604326628000,macmini-m2-macos26.5.2-rust1.97.1-aarch64-20260814,9d3ab807a08ef4cf1077dbc23213e2314ce37c87,MEASURED,1786752604329035000,lifecycle,aegis_key_registry,ML-DSA-65,revocation_check,registry1,0,144,10,42,0,7094272,true,not_revoked,1,0,0,0,0,0,0,0,0,0,
local-1786752604326628000,macmini-m2-macos26.5.2-rust1.97.1-aarch64-20260814,9d3ab807a08ef4cf1077dbc23213e2314ce37c87,MEASURED,1786752604329037000,lifecycle,aegis_key_registry,ML-DSA-65,public_key_lookup,registry1,0,145,10,167,0,7094272,true,found,1,0,1952,0,0,0,0,0,0,0,
local-1786752604326628000,macmini-m2-macos26.5.2-rust1.97.1-aarch64-20260814,9d3ab807a08ef4cf1077dbc23213e2314ce37c87,MEASURED,1786752604329038000,lifecycle,aegis_key_registry,ML-DSA-65,role_authorization_check,registry1,0,145,10,42,0,7094272,true,authorized,1,0,0,0,0,0,0,0,0,0,
local-1786752604326628000,macmini-m2-macos26.5.2-rust1.97.1-aarch64-20260814,9d3ab807a08ef4cf1077dbc23213e2314ce37c87,MEASURED,1786752604329040000,lifecycle,aegis_key_registry,ML-DSA-65,active_key_check,registry1,0,145,10,42,0,7094272,true,active,1,0,0,0,0,0,0,0,0,0,
local-1786752604326628000,macmini-m2-macos26.5.2-rust1.97.1-aarch64-20260814,9d3ab807a08ef4cf1077dbc23213e2314ce37c87,MEASURED,1786752604329041000,lifecycle,aegis_key_registry,ML-DSA-65,revocation_check,registry1,0,145,10,41,0,7094272,true,not_revoked,1,0,0,0,0,0,0,0,0,0,
local-1786752604326628000,macmini-m2-macos26.5.2-rust1.97.1-aarch64-20260814,9d3ab807a08ef4cf1077dbc23213e2314ce37c87,MEASURED,1786752604329043000,lifecycle,aegis_key_registry,ML-DSA-65,public_key_lookup,registry1,0,146,10,166,0,7094272,true,found,1,0,1952,0,0,0,0,0,0,0,
local-1786752604326628000,macmini-m2-macos26.5.2-rust1.97.1-aarch64-20260814,9d3ab807a08ef4cf1077dbc23213e2314ce37c87,MEASURED,1786752604329050000,lifecycle,aegis_key_registry,ML-DSA-65,role_authorization_check,registry1,0,146,10,84,0,7094272,true,authorized,1,0,0,0,0,0,0,0,0,0,
local-1786752604326628000,macmini-m2-macos26.5.2-rust1.97.1-aarch64-20260814,9d3ab807a08ef4cf1077dbc23213e2314ce37c87,MEASURED,1786752604329052000,lifecycle,aegis_key_registry,ML-DSA-65,active_key_check,registry1,0,146,10,84,0,7094272,true,active,1,0,0,0,0,0,0,0,0,0,
local-1786752604326628000,macmini-m2-macos26.5.2-rust1.97.1-aarch64-20260814,9d3ab807a08ef4cf1077dbc23213e2314ce37c87,MEASURED,1786752604329053000,lifecycle,aegis_key_registry,ML-DSA-65,revocation_check,registry1,0,146,10,83,1000,7094272,true,not_revoked,1,0,0,0,0,0,0,0,0,0,
local-1786752604326628000,macmini-m2-macos26.5.2-rust1.97.1-aarch64-20260814,9d3ab807a08ef4cf1077dbc23213e2314ce37c87,MEASURED,1786752604329055000,lifecycle,aegis_key_registry,ML-DSA-65,public_key_lookup,registry1,0,147,10,167,0,7094272,true,found,1,0,1952,0,0,0,0,0,0,0,
local-1786752604326628000,macmini-m2-macos26.5.2-rust1.97.1-aarch64-20260814,9d3ab807a08ef4cf1077dbc23213e2314ce37c87,MEASURED,1786752604329057000,lifecycle,aegis_key_registry,ML-DSA-65,role_authorization_check,registry1,0,147,10,42,1000,7094272,true,authorized,1,0,0,0,0,0,0,0,0,0,
local-1786752604326628000,macmini-m2-macos26.5.2-rust1.97.1-aarch64-20260814,9d3ab807a08ef4cf1077dbc23213e2314ce37c87,MEASURED,1786752604329059000,lifecycle,aegis_key_registry,ML-DSA-65,active_key_check,registry1,0,147,10,41,1000,7094272,true,active,1,0,0,0,0,0,0,0,0,0,
local-1786752604326628000,macmini-m2-macos26.5.2-rust1.97.1-aarch64-20260814,9d3ab807a08ef4cf1077dbc23213e2314ce37c87,MEASURED,1786752604329060000,lifecycle,aegis_key_registry,ML-DSA-65,revocation_check,registry1,0,147,10,42,0,7094272,true,not_revoked,1,0,0,0,0,0,0,0,0,0,
local-1786752604326628000,macmini-m2-macos26.5.2-rust1.97.1-aarch64-20260814,9d3ab807a08ef4cf1077dbc23213e2314ce37c87,MEASURED,1786752604329062000,lifecycle,aegis_key_registry,ML-DSA-65,public_key_lookup,registry1,0,148,10,209,0,7094272,true,found,1,0,1952,0,0,0,0,0,0,0,
local-1786752604326628000,macmini-m2-macos26.5.2-rust1.97.1-aarch64-20260814,9d3ab807a08ef4cf1077dbc23213e2314ce37c87,MEASURED,1786752604329064000,lifecycle,aegis_key_registry,ML-DSA-65,role_authorization_check,registry1,0,148,10,42,1000,7094272,true,authorized,1,0,0,0,0,0,0,0,0,0,
local-1786752604326628000,macmini-m2-macos26.5.2-rust1.97.1-aarch64-20260814,9d3ab807a08ef4cf1077dbc23213e2314ce37c87,MEASURED,1786752604329066000,lifecycle,aegis_key_registry,ML-DSA-65,active_key_check,registry1,0,148,10,42,1000,7094272,true,active,1,0,0,0,0,0,0,0,0,0,
local-1786752604326628000,macmini-m2-macos26.5.2-rust1.97.1-aarch64-20260814,9d3ab807a08ef4cf1077dbc23213e2314ce37c87,MEASURED,1786752604329067000,lifecycle,aegis_key_registry,ML-DSA-65,revocation_check,registry1,0,148,10,42,0,7094272,true,not_revoked,1,0,0,0,0,0,0,0,0,0,
local-1786752604326628000,macmini-m2-macos26.5.2-rust1.97.1-aarch64-20260814,9d3ab807a08ef4cf1077dbc23213e2314ce37c87,MEASURED,1786752604329069000,lifecycle,aegis_key_registry,ML-DSA-65,public_key_lookup,registry1,0,149,10,167,1000,7094272,true,found,1,0,1952,0,0,0,0,0,0,0,
local-1786752604326628000,macmini-m2-macos26.5.2-rust1.97.1-aarch64-20260814,9d3ab807a08ef4cf1077dbc23213e2314ce37c87,MEASURED,1786752604329071000,lifecycle,aegis_key_registry,ML-DSA-65,role_authorization_check,registry1,0,149,10,41,0,7094272,true,authorized,1,0,0,0,0,0,0,0,0,0,
local-1786752604326628000,macmini-m2-macos26.5.2-rust1.97.1-aarch64-20260814,9d3ab807a08ef4cf1077dbc23213e2314ce37c87,MEASURED,1786752604329072000,lifecycle,aegis_key_registry,ML-DSA-65,active_key_check,registry1,0,149,10,41,0,7094272,true,active,1,0,0,0,0,0,0,0,0,0,
local-1786752604326628000,macmini-m2-macos26.5.2-rust1.97.1-aarch64-20260814,9d3ab807a08ef4cf1077dbc23213e2314ce37c87,MEASURED,1786752604329074000,lifecycle,aegis_key_registry,ML-DSA-65,revocation_check,registry1,0,149,10,42,0,7094272,true,not_revoked,1,0,0,0,0,0,0,0,0,0,
local-1786752604326628000,macmini-m2-macos26.5.2-rust1.97.1-aarch64-20260814,9d3ab807a08ef4cf1077dbc23213e2314ce37c87,MEASURED,1786752604329076000,lifecycle,aegis_key_registry,ML-DSA-65,public_key_lookup,registry1,0,150,10,125,1000,7094272,true,found,1,0,1952,0,0,0,0,0,0,0,
local-1786752604326628000,macmini-m2-macos26.5.2-rust1.97.1-aarch64-20260814,9d3ab807a08ef4cf1077dbc23213e2314ce37c87,MEASURED,1786752604329077000,lifecycle,aegis_key_registry,ML-DSA-65,role_authorization_check,registry1,0,150,10,0,0,7094272,true,authorized,1,0,0,0,0,0,0,0,0,0,
local-1786752604326628000,macmini-m2-macos26.5.2-rust1.97.1-aarch64-20260814,9d3ab807a08ef4cf1077dbc23213e2314ce37c87,MEASURED,1786752604329079000,lifecycle,aegis_key_registry,ML-DSA-65,active_key_check,registry1,0,150,10,42,0,7094272,true,active,1,0,0,0,0,0,0,0,0,0,
local-1786752604326628000,macmini-m2-macos26.5.2-rust1.97.1-aarch64-20260814,9d3ab807a08ef4cf1077dbc23213e2314ce37c87,MEASURED,1786752604329081000,lifecycle,aegis_key_registry,ML-DSA-65,revocation_check,registry1,0,150,10,42,0,7094272,true,not_revoked,1,0,0,0,0,0,0,0,0,0,
local-1786752604326628000,macmini-m2-macos26.5.2-rust1.97.1-aarch64-20260814,9d3ab807a08ef4cf1077dbc23213e2314ce37c87,MEASURED,1786752604329082000,lifecycle,aegis_key_registry,ML-DSA-65,public_key_lookup,registry1,0,151,10,167,0,7094272,true,found,1,0,1952,0,0,0,0,0,0,0,
local-1786752604326628000,macmini-m2-macos26.5.2-rust1.97.1-aarch64-20260814,9d3ab807a08ef4cf1077dbc23213e2314ce37c87,MEASURED,1786752604329084000,lifecycle,aegis_key_registry,ML-DSA-65,role_authorization_check,registry1,0,151,10,42,0,7094272,true,authorized,1,0,0,0,0,0,0,0,0,0,
local-1786752604326628000,macmini-m2-macos26.5.2-rust1.97.1-aarch64-20260814,9d3ab807a08ef4cf1077dbc23213e2314ce37c87,MEASURED,1786752604329086000,lifecycle,aegis_key_registry,ML-DSA-65,active_key_check,registry1,0,151,10,42,0,7094272,true,active,1,0,0,0,0,0,0,0,0,0,
local-1786752604326628000,macmini-m2-macos26.5.2-rust1.97.1-aarch64-20260814,9d3ab807a08ef4cf1077dbc23213e2314ce37c87,MEASURED,1786752604329087000,lifecycle,aegis_key_registry,ML-DSA-65,revocation_check,registry1,0,151,10,41,0,7094272,true,not_revoked,1,0,0,0,0,0,0,0,0,0,
local-1786752604326628000,macmini-m2-macos26.5.2-rust1.97.1-aarch64-20260814,9d3ab807a08ef4cf1077dbc23213e2314ce37c87,MEASURED,1786752604329089000,lifecycle,aegis_key_registry,ML-DSA-65,public_key_lookup,registry1,0,152,10,166,0,7094272,true,found,1,0,1952,0,0,0,0,0,0,0,
local-1786752604326628000,macmini-m2-macos26.5.2-rust1.97.1-aarch64-20260814,9d3ab807a08ef4cf1077dbc23213e2314ce37c87,MEASURED,1786752604329090000,lifecycle,aegis_key_registry,ML-DSA-65,role_authorization_check,registry1,0,152,10,41,0,7094272,true,authorized,1,0,0,0,0,0,0,0,0,0,
local-1786752604326628000,macmini-m2-macos26.5.2-rust1.97.1-aarch64-20260814,9d3ab807a08ef4cf1077dbc23213e2314ce37c87,MEASURED,1786752604329092000,lifecycle,aegis_key_registry,ML-DSA-65,active_key_check,registry1,0,152,10,42,0,7094272,true,active,1,0,0,0,0,0,0,0,0,0,
local-1786752604326628000,macmini-m2-macos26.5.2-rust1.97.1-aarch64-20260814,9d3ab807a08ef4cf1077dbc23213e2314ce37c87,MEASURED,1786752604329094000,lifecycle,aegis_key_registry,ML-DSA-65,revocation_check,registry1,0,152,10,42,0,7094272,true,not_revoked,1,0,0,0,0,0,0,0,0,0,
local-1786752604326628000,macmini-m2-macos26.5.2-rust1.97.1-aarch64-20260814,9d3ab807a08ef4cf1077dbc23213e2314ce37c87,MEASURED,1786752604329095000,lifecycle,aegis_key_registry,ML-DSA-65,public_key_lookup,registry1,0,153,10,167,1000,7094272,true,found,1,0,1952,0,0,0,0,0,0,0,
local-1786752604326628000,macmini-m2-macos26.5.2-rust1.97.1-aarch64-20260814,9d3ab807a08ef4cf1077dbc23213e2314ce37c87,MEASURED,1786752604329097000,lifecycle,aegis_key_registry,ML-DSA-65,role_authorization_check,registry1,0,153,10,42,0,7094272,true,authorized,1,0,0,0,0,0,0,0,0,0,
local-1786752604326628000,macmini-m2-macos26.5.2-rust1.97.1-aarch64-20260814,9d3ab807a08ef4cf1077dbc23213e2314ce37c87,MEASURED,1786752604329105000,lifecycle,aegis_key_registry,ML-DSA-65,active_key_check,registry1,0,153,10,83,1000,7094272,true,active,1,0,0,0,0,0,0,0,0,0,
local-1786752604326628000,macmini-m2-macos26.5.2-rust1.97.1-aarch64-20260814,9d3ab807a08ef4cf1077dbc23213e2314ce37c87,MEASURED,1786752604329107000,lifecycle,aegis_key_registry,ML-DSA-65,revocation_check,registry1,0,153,10,42,1000,7094272,true,not_revoked,1,0,0,0,0,0,0,0,0,0,
local-1786752604326628000,macmini-m2-macos26.5.2-rust1.97.1-aarch64-20260814,9d3ab807a08ef4cf1077dbc23213e2314ce37c87,MEASURED,1786752604329108000,lifecycle,aegis_key_registry,ML-DSA-65,public_key_lookup,registry1,0,154,10,166,0,7094272,true,found,1,0,1952,0,0,0,0,0,0,0,
local-1786752604326628000,macmini-m2-macos26.5.2-rust1.97.1-aarch64-20260814,9d3ab807a08ef4cf1077dbc23213e2314ce37c87,MEASURED,1786752604329110000,lifecycle,aegis_key_registry,ML-DSA-65,role_authorization_check,registry1,0,154,10,84,0,7094272,true,authorized,1,0,0,0,0,0,0,0,0,0,
local-1786752604326628000,macmini-m2-macos26.5.2-rust1.97.1-aarch64-20260814,9d3ab807a08ef4cf1077dbc23213e2314ce37c87,MEASURED,1786752604329112000,lifecycle,aegis_key_registry,ML-DSA-65,active_key_check,registry1,0,154,10,42,1000,7094272,true,active,1,0,0,0,0,0,0,0,0,0,
local-1786752604326628000,macmini-m2-macos26.5.2-rust1.97.1-aarch64-20260814,9d3ab807a08ef4cf1077dbc23213e2314ce37c87,MEASURED,1786752604329113000,lifecycle,aegis_key_registry,ML-DSA-65,revocation_check,registry1,0,154,10,42,0,7094272,true,not_revoked,1,0,0,0,0,0,0,0,0,0,
local-1786752604326628000,macmini-m2-macos26.5.2-rust1.97.1-aarch64-20260814,9d3ab807a08ef4cf1077dbc23213e2314ce37c87,MEASURED,1786752604329115000,lifecycle,aegis_key_registry,ML-DSA-65,public_key_lookup,registry1,0,155,10,167,0,7094272,true,found,1,0,1952,0,0,0,0,0,0,0,
local-1786752604326628000,macmini-m2-macos26.5.2-rust1.97.1-aarch64-20260814,9d3ab807a08ef4cf1077dbc23213e2314ce37c87,MEASURED,1786752604329117000,lifecycle,aegis_key_registry,ML-DSA-65,role_authorization_check,registry1,0,155,10,41,1000,7094272,true,authorized,1,0,0,0,0,0,0,0,0,0,
local-1786752604326628000,macmini-m2-macos26.5.2-rust1.97.1-aarch64-20260814,9d3ab807a08ef4cf1077dbc23213e2314ce37c87,MEASURED,1786752604329118000,lifecycle,aegis_key_registry,ML-DSA-65,active_key_check,registry1,0,155,10,41,0,7094272,true,active,1,0,0,0,0,0,0,0,0,0,
local-1786752604326628000,macmini-m2-macos26.5.2-rust1.97.1-aarch64-20260814,9d3ab807a08ef4cf1077dbc23213e2314ce37c87,MEASURED,1786752604329120000,lifecycle,aegis_key_registry,ML-DSA-65,revocation_check,registry1,0,155,10,42,0,7094272,true,not_revoked,1,0,0,0,0,0,0,0,0,0,
local-1786752604326628000,macmini-m2-macos26.5.2-rust1.97.1-aarch64-20260814,9d3ab807a08ef4cf1077dbc23213e2314ce37c87,MEASURED,1786752604329122000,lifecycle,aegis_key_registry,ML-DSA-65,public_key_lookup,registry1,0,156,10,166,0,7094272,true,found,1,0,1952,0,0,0,0,0,0,0,
local-1786752604326628000,macmini-m2-macos26.5.2-rust1.97.1-aarch64-20260814,9d3ab807a08ef4cf1077dbc23213e2314ce37c87,MEASURED,1786752604329123000,lifecycle,aegis_key_registry,ML-DSA-65,role_authorization_check,registry1,0,156,10,41,1000,7094272,true,authorized,1,0,0,0,0,0,0,0,0,0,
local-1786752604326628000,macmini-m2-macos26.5.2-rust1.97.1-aarch64-20260814,9d3ab807a08ef4cf1077dbc23213e2314ce37c87,MEASURED,1786752604329125000,lifecycle,aegis_key_registry,ML-DSA-65,active_key_check,registry1,0,156,10,41,0,7094272,true,active,1,0,0,0,0,0,0,0,0,0,
local-1786752604326628000,macmini-m2-macos26.5.2-rust1.97.1-aarch64-20260814,9d3ab807a08ef4cf1077dbc23213e2314ce37c87,MEASURED,1786752604329127000,lifecycle,aegis_key_registry,ML-DSA-65,revocation_check,registry1,0,156,10,42,0,7094272,true,not_revoked,1,0,0,0,0,0,0,0,0,0,
local-1786752604326628000,macmini-m2-macos26.5.2-rust1.97.1-aarch64-20260814,9d3ab807a08ef4cf1077dbc23213e2314ce37c87,MEASURED,1786752604329128000,lifecycle,aegis_key_registry,ML-DSA-65,public_key_lookup,registry1,0,157,10,167,1000,7094272,true,found,1,0,1952,0,0,0,0,0,0,0,
local-1786752604326628000,macmini-m2-macos26.5.2-rust1.97.1-aarch64-20260814,9d3ab807a08ef4cf1077dbc23213e2314ce37c87,MEASURED,1786752604329130000,lifecycle,aegis_key_registry,ML-DSA-65,role_authorization_check,registry1,0,157,10,42,0,7094272,true,authorized,1,0,0,0,0,0,0,0,0,0,
local-1786752604326628000,macmini-m2-macos26.5.2-rust1.97.1-aarch64-20260814,9d3ab807a08ef4cf1077dbc23213e2314ce37c87,MEASURED,1786752604329132000,lifecycle,aegis_key_registry,ML-DSA-65,active_key_check,registry1,0,157,10,42,0,7094272,true,active,1,0,0,0,0,0,0,0,0,0,
local-1786752604326628000,macmini-m2-macos26.5.2-rust1.97.1-aarch64-20260814,9d3ab807a08ef4cf1077dbc23213e2314ce37c87,MEASURED,1786752604329133000,lifecycle,aegis_key_registry,ML-DSA-65,revocation_check,registry1,0,157,10,42,0,7094272,true,not_revoked,1,0,0,0,0,0,0,0,0,0,
local-1786752604326628000,macmini-m2-macos26.5.2-rust1.97.1-aarch64-20260814,9d3ab807a08ef4cf1077dbc23213e2314ce37c87,MEASURED,1786752604329135000,lifecycle,aegis_key_registry,ML-DSA-65,public_key_lookup,registry1,0,158,10,167,0,7094272,true,found,1,0,1952,0,0,0,0,0,0,0,
local-1786752604326628000,macmini-m2-macos26.5.2-rust1.97.1-aarch64-20260814,9d3ab807a08ef4cf1077dbc23213e2314ce37c87,MEASURED,1786752604329137000,lifecycle,aegis_key_registry,ML-DSA-65,role_authorization_check,registry1,0,158,10,42,0,7094272,true,authorized,1,0,0,0,0,0,0,0,0,0,
local-1786752604326628000,macmini-m2-macos26.5.2-rust1.97.1-aarch64-20260814,9d3ab807a08ef4cf1077dbc23213e2314ce37c87,MEASURED,1786752604329138000,lifecycle,aegis_key_registry,ML-DSA-65,active_key_check,registry1,0,158,10,42,0,7094272,true,active,1,0,0,0,0,0,0,0,0,0,
local-1786752604326628000,macmini-m2-macos26.5.2-rust1.97.1-aarch64-20260814,9d3ab807a08ef4cf1077dbc23213e2314ce37c87,MEASURED,1786752604329140000,lifecycle,aegis_key_registry,ML-DSA-65,revocation_check,registry1,0,158,10,42,0,7094272,true,not_revoked,1,0,0,0,0,0,0,0,0,0,
local-1786752604326628000,macmini-m2-macos26.5.2-rust1.97.1-aarch64-20260814,9d3ab807a08ef4cf1077dbc23213e2314ce37c87,MEASURED,1786752604329142000,lifecycle,aegis_key_registry,ML-DSA-65,public_key_lookup,registry1,0,159,10,167,0,7094272,true,found,1,0,1952,0,0,0,0,0,0,0,
local-1786752604326628000,macmini-m2-macos26.5.2-rust1.97.1-aarch64-20260814,9d3ab807a08ef4cf1077dbc23213e2314ce37c87,MEASURED,1786752604329143000,lifecycle,aegis_key_registry,ML-DSA-65,role_authorization_check,registry1,0,159,10,42,2000,7094272,true,authorized,1,0,0,0,0,0,0,0,0,0,
local-1786752604326628000,macmini-m2-macos26.5.2-rust1.97.1-aarch64-20260814,9d3ab807a08ef4cf1077dbc23213e2314ce37c87,MEASURED,1786752604329145000,lifecycle,aegis_key_registry,ML-DSA-65,active_key_check,registry1,0,159,10,42,0,7094272,true,active,1,0,0,0,0,0,0,0,0,0,
local-1786752604326628000,macmini-m2-macos26.5.2-rust1.97.1-aarch64-20260814,9d3ab807a08ef4cf1077dbc23213e2314ce37c87,MEASURED,1786752604329146000,lifecycle,aegis_key_registry,ML-DSA-65,revocation_check,registry1,0,159,10,42,0,7094272,true,not_revoked,1,0,0,0,0,0,0,0,0,0,
local-1786752604326628000,macmini-m2-macos26.5.2-rust1.97.1-aarch64-20260814,9d3ab807a08ef4cf1077dbc23213e2314ce37c87,MEASURED,1786752604329148000,lifecycle,aegis_key_registry,ML-DSA-65,public_key_lookup,registry1,0,160,10,167,2000,7094272,true,found,1,0,1952,0,0,0,0,0,0,0,
local-1786752604326628000,macmini-m2-macos26.5.2-rust1.97.1-aarch64-20260814,9d3ab807a08ef4cf1077dbc23213e2314ce37c87,MEASURED,1786752604329150000,lifecycle,aegis_key_registry,ML-DSA-65,role_authorization_check,registry1,0,160,10,41,0,7094272,true,authorized,1,0,0,0,0,0,0,0,0,0,
local-1786752604326628000,macmini-m2-macos26.5.2-rust1.97.1-aarch64-20260814,9d3ab807a08ef4cf1077dbc23213e2314ce37c87,MEASURED,1786752604329151000,lifecycle,aegis_key_registry,ML-DSA-65,active_key_check,registry1,0,160,10,41,0,7094272,true,active,1,0,0,0,0,0,0,0,0,0,
local-1786752604326628000,macmini-m2-macos26.5.2-rust1.97.1-aarch64-20260814,9d3ab807a08ef4cf1077dbc23213e2314ce37c87,MEASURED,1786752604329158000,lifecycle,aegis_key_registry,ML-DSA-65,revocation_check,registry1,0,160,10,41,0,7094272,true,not_revoked,1,0,0,0,0,0,0,0,0,0,
local-1786752604326628000,macmini-m2-macos26.5.2-rust1.97.1-aarch64-20260814,9d3ab807a08ef4cf1077dbc23213e2314ce37c87,MEASURED,1786752604329160000,lifecycle,aegis_key_registry,ML-DSA-65,public_key_lookup,registry1,0,161,10,167,0,7094272,true,found,1,0,1952,0,0,0,0,0,0,0,
local-1786752604326628000,macmini-m2-macos26.5.2-rust1.97.1-aarch64-20260814,9d3ab807a08ef4cf1077dbc23213e2314ce37c87,MEASURED,1786752604329162000,lifecycle,aegis_key_registry,ML-DSA-65,role_authorization_check,registry1,0,161,10,41,0,7094272,true,authorized,1,0,0,0,0,0,0,0,0,0,
local-1786752604326628000,macmini-m2-macos26.5.2-rust1.97.1-aarch64-20260814,9d3ab807a08ef4cf1077dbc23213e2314ce37c87,MEASURED,1786752604329163000,lifecycle,aegis_key_registry,ML-DSA-65,active_key_check,registry1,0,161,10,83,0,7094272,true,active,1,0,0,0,0,0,0,0,0,0,
local-1786752604326628000,macmini-m2-macos26.5.2-rust1.97.1-aarch64-20260814,9d3ab807a08ef4cf1077dbc23213e2314ce37c87,MEASURED,1786752604329165000,lifecycle,aegis_key_registry,ML-DSA-65,revocation_check,registry1,0,161,10,42,0,7094272,true,not_revoked,1,0,0,0,0,0,0,0,0,0,
local-1786752604326628000,macmini-m2-macos26.5.2-rust1.97.1-aarch64-20260814,9d3ab807a08ef4cf1077dbc23213e2314ce37c87,MEASURED,1786752604329167000,lifecycle,aegis_key_registry,ML-DSA-65,public_key_lookup,registry1,0,162,10,167,1000,7094272,true,found,1,0,1952,0,0,0,0,0,0,0,
local-1786752604326628000,macmini-m2-macos26.5.2-rust1.97.1-aarch64-20260814,9d3ab807a08ef4cf1077dbc23213e2314ce37c87,MEASURED,1786752604329169000,lifecycle,aegis_key_registry,ML-DSA-65,role_authorization_check,registry1,0,162,10,42,0,7094272,true,authorized,1,0,0,0,0,0,0,0,0,0,
local-1786752604326628000,macmini-m2-macos26.5.2-rust1.97.1-aarch64-20260814,9d3ab807a08ef4cf1077dbc23213e2314ce37c87,MEASURED,1786752604329170000,lifecycle,aegis_key_registry,ML-DSA-65,active_key_check,registry1,0,162,10,42,0,7094272,true,active,1,0,0,0,0,0,0,0,0,0,
local-1786752604326628000,macmini-m2-macos26.5.2-rust1.97.1-aarch64-20260814,9d3ab807a08ef4cf1077dbc23213e2314ce37c87,MEASURED,1786752604329172000,lifecycle,aegis_key_registry,ML-DSA-65,revocation_check,registry1,0,162,10,42,1000,7094272,true,not_revoked,1,0,0,0,0,0,0,0,0,0,
local-1786752604326628000,macmini-m2-macos26.5.2-rust1.97.1-aarch64-20260814,9d3ab807a08ef4cf1077dbc23213e2314ce37c87,MEASURED,1786752604329174000,lifecycle,aegis_key_registry,ML-DSA-65,public_key_lookup,registry1,0,163,10,167,0,7094272,true,found,1,0,1952,0,0,0,0,0,0,0,
local-1786752604326628000,macmini-m2-macos26.5.2-rust1.97.1-aarch64-20260814,9d3ab807a08ef4cf1077dbc23213e2314ce37c87,MEASURED,1786752604329175000,lifecycle,aegis_key_registry,ML-DSA-65,role_authorization_check,registry1,0,163,10,42,0,7094272,true,authorized,1,0,0,0,0,0,0,0,0,0,
local-1786752604326628000,macmini-m2-macos26.5.2-rust1.97.1-aarch64-20260814,9d3ab807a08ef4cf1077dbc23213e2314ce37c87,MEASURED,1786752604329177000,lifecycle,aegis_key_registry,ML-DSA-65,active_key_check,registry1,0,163,10,42,0,7094272,true,active,1,0,0,0,0,0,0,0,0,0,
local-1786752604326628000,macmini-m2-macos26.5.2-rust1.97.1-aarch64-20260814,9d3ab807a08ef4cf1077dbc23213e2314ce37c87,MEASURED,1786752604329178000,lifecycle,aegis_key_registry,ML-DSA-65,revocation_check,registry1,0,163,10,42,0,7094272,true,not_revoked,1,0,0,0,0,0,0,0,0,0,
local-1786752604326628000,macmini-m2-macos26.5.2-rust1.97.1-aarch64-20260814,9d3ab807a08ef4cf1077dbc23213e2314ce37c87,MEASURED,1786752604329180000,lifecycle,aegis_key_registry,ML-DSA-65,public_key_lookup,registry1,0,164,10,167,0,7094272,true,found,1,0,1952,0,0,0,0,0,0,0,
local-1786752604326628000,macmini-m2-macos26.5.2-rust1.97.1-aarch64-20260814,9d3ab807a08ef4cf1077dbc23213e2314ce37c87,MEASURED,1786752604329182000,lifecycle,aegis_key_registry,ML-DSA-65,role_authorization_check,registry1,0,164,10,84,1000,7094272,true,authorized,1,0,0,0,0,0,0,0,0,0,
local-1786752604326628000,macmini-m2-macos26.5.2-rust1.97.1-aarch64-20260814,9d3ab807a08ef4cf1077dbc23213e2314ce37c87,MEASURED,1786752604329183000,lifecycle,aegis_key_registry,ML-DSA-65,active_key_check,registry1,0,164,10,41,0,7094272,true,active,1,0,0,0,0,0,0,0,0,0,
local-1786752604326628000,macmini-m2-macos26.5.2-rust1.97.1-aarch64-20260814,9d3ab807a08ef4cf1077dbc23213e2314ce37c87,MEASURED,1786752604329185000,lifecycle,aegis_key_registry,ML-DSA-65,revocation_check,registry1,0,164,10,41,0,7094272,true,not_revoked,1,0,0,0,0,0,0,0,0,0,
local-1786752604326628000,macmini-m2-macos26.5.2-rust1.97.1-aarch64-20260814,9d3ab807a08ef4cf1077dbc23213e2314ce37c87,MEASURED,1786752604329187000,lifecycle,aegis_key_registry,ML-DSA-65,public_key_lookup,registry1,0,165,10,166,1000,7094272,true,found,1,0,1952,0,0,0,0,0,0,0,
local-1786752604326628000,macmini-m2-macos26.5.2-rust1.97.1-aarch64-20260814,9d3ab807a08ef4cf1077dbc23213e2314ce37c87,MEASURED,1786752604329188000,lifecycle,aegis_key_registry,ML-DSA-65,role_authorization_check,registry1,0,165,10,0,0,7094272,true,authorized,1,0,0,0,0,0,0,0,0,0,
local-1786752604326628000,macmini-m2-macos26.5.2-rust1.97.1-aarch64-20260814,9d3ab807a08ef4cf1077dbc23213e2314ce37c87,MEASURED,1786752604329190000,lifecycle,aegis_key_registry,ML-DSA-65,active_key_check,registry1,0,165,10,83,0,7094272,true,active,1,0,0,0,0,0,0,0,0,0,
local-1786752604326628000,macmini-m2-macos26.5.2-rust1.97.1-aarch64-20260814,9d3ab807a08ef4cf1077dbc23213e2314ce37c87,MEASURED,1786752604329192000,lifecycle,aegis_key_registry,ML-DSA-65,revocation_check,registry1,0,165,10,41,0,7094272,true,not_revoked,1,0,0,0,0,0,0,0,0,0,
local-1786752604326628000,macmini-m2-macos26.5.2-rust1.97.1-aarch64-20260814,9d3ab807a08ef4cf1077dbc23213e2314ce37c87,MEASURED,1786752604329193000,lifecycle,aegis_key_registry,ML-DSA-65,public_key_lookup,registry1,0,166,10,166,0,7094272,true,found,1,0,1952,0,0,0,0,0,0,0,
local-1786752604326628000,macmini-m2-macos26.5.2-rust1.97.1-aarch64-20260814,9d3ab807a08ef4cf1077dbc23213e2314ce37c87,MEASURED,1786752604329195000,lifecycle,aegis_key_registry,ML-DSA-65,role_authorization_check,registry1,0,166,10,42,0,7094272,true,authorized,1,0,0,0,0,0,0,0,0,0,
local-1786752604326628000,macmini-m2-macos26.5.2-rust1.97.1-aarch64-20260814,9d3ab807a08ef4cf1077dbc23213e2314ce37c87,MEASURED,1786752604329197000,lifecycle,aegis_key_registry,ML-DSA-65,active_key_check,registry1,0,166,10,83,1000,7094272,true,active,1,0,0,0,0,0,0,0,0,0,
local-1786752604326628000,macmini-m2-macos26.5.2-rust1.97.1-aarch64-20260814,9d3ab807a08ef4cf1077dbc23213e2314ce37c87,MEASURED,1786752604329198000,lifecycle,aegis_key_registry,ML-DSA-65,revocation_check,registry1,0,166,10,42,0,7094272,true,not_revoked,1,0,0,0,0,0,0,0,0,0,
local-1786752604326628000,macmini-m2-macos26.5.2-rust1.97.1-aarch64-20260814,9d3ab807a08ef4cf1077dbc23213e2314ce37c87,MEASURED,1786752604329200000,lifecycle,aegis_key_registry,ML-DSA-65,public_key_lookup,registry1,0,167,10,167,0,7094272,true,found,1,0,1952,0,0,0,0,0,0,0,
local-1786752604326628000,macmini-m2-macos26.5.2-rust1.97.1-aarch64-20260814,9d3ab807a08ef4cf1077dbc23213e2314ce37c87,MEASURED,1786752604329202000,lifecycle,aegis_key_registry,ML-DSA-65,role_authorization_check,registry1,0,167,10,42,1000,7094272,true,authorized,1,0,0,0,0,0,0,0,0,0,
local-1786752604326628000,macmini-m2-macos26.5.2-rust1.97.1-aarch64-20260814,9d3ab807a08ef4cf1077dbc23213e2314ce37c87,MEASURED,1786752604329203000,lifecycle,aegis_key_registry,ML-DSA-65,active_key_check,registry1,0,167,10,42,0,7094272,true,active,1,0,0,0,0,0,0,0,0,0,
local-1786752604326628000,macmini-m2-macos26.5.2-rust1.97.1-aarch64-20260814,9d3ab807a08ef4cf1077dbc23213e2314ce37c87,MEASURED,1786752604329205000,lifecycle,aegis_key_registry,ML-DSA-65,revocation_check,registry1,0,167,10,41,1000,7094272,true,not_revoked,1,0,0,0,0,0,0,0,0,0,
local-1786752604326628000,macmini-m2-macos26.5.2-rust1.97.1-aarch64-20260814,9d3ab807a08ef4cf1077dbc23213e2314ce37c87,MEASURED,1786752604329213000,lifecycle,aegis_key_registry,ML-DSA-65,public_key_lookup,registry1,0,168,10,208,1000,7094272,true,found,1,0,1952,0,0,0,0,0,0,0,
local-1786752604326628000,macmini-m2-macos26.5.2-rust1.97.1-aarch64-20260814,9d3ab807a08ef4cf1077dbc23213e2314ce37c87,MEASURED,1786752604329214000,lifecycle,aegis_key_registry,ML-DSA-65,role_authorization_check,registry1,0,168,10,41,0,7094272,true,authorized,1,0,0,0,0,0,0,0,0,0,
local-1786752604326628000,macmini-m2-macos26.5.2-rust1.97.1-aarch64-20260814,9d3ab807a08ef4cf1077dbc23213e2314ce37c87,MEASURED,1786752604329216000,lifecycle,aegis_key_registry,ML-DSA-65,active_key_check,registry1,0,168,10,42,0,7094272,true,active,1,0,0,0,0,0,0,0,0,0,
local-1786752604326628000,macmini-m2-macos26.5.2-rust1.97.1-aarch64-20260814,9d3ab807a08ef4cf1077dbc23213e2314ce37c87,MEASURED,1786752604329218000,lifecycle,aegis_key_registry,ML-DSA-65,revocation_check,registry1,0,168,10,42,1000,7094272,true,not_revoked,1,0,0,0,0,0,0,0,0,0,
local-1786752604326628000,macmini-m2-macos26.5.2-rust1.97.1-aarch64-20260814,9d3ab807a08ef4cf1077dbc23213e2314ce37c87,MEASURED,1786752604329219000,lifecycle,aegis_key_registry,ML-DSA-65,public_key_lookup,registry1,0,169,10,208,0,7094272,true,found,1,0,1952,0,0,0,0,0,0,0,
local-1786752604326628000,macmini-m2-macos26.5.2-rust1.97.1-aarch64-20260814,9d3ab807a08ef4cf1077dbc23213e2314ce37c87,MEASURED,1786752604329221000,lifecycle,aegis_key_registry,ML-DSA-65,role_authorization_check,registry1,0,169,10,41,0,7094272,true,authorized,1,0,0,0,0,0,0,0,0,0,
local-1786752604326628000,macmini-m2-macos26.5.2-rust1.97.1-aarch64-20260814,9d3ab807a08ef4cf1077dbc23213e2314ce37c87,MEASURED,1786752604329223000,lifecycle,aegis_key_registry,ML-DSA-65,active_key_check,registry1,0,169,10,83,1000,7094272,true,active,1,0,0,0,0,0,0,0,0,0,
local-1786752604326628000,macmini-m2-macos26.5.2-rust1.97.1-aarch64-20260814,9d3ab807a08ef4cf1077dbc23213e2314ce37c87,MEASURED,1786752604329224000,lifecycle,aegis_key_registry,ML-DSA-65,revocation_check,registry1,0,169,10,42,0,7094272,true,not_revoked,1,0,0,0,0,0,0,0,0,0,
local-1786752604326628000,macmini-m2-macos26.5.2-rust1.97.1-aarch64-20260814,9d3ab807a08ef4cf1077dbc23213e2314ce37c87,MEASURED,1786752604329226000,lifecycle,aegis_key_registry,ML-DSA-65,public_key_lookup,registry1,0,170,10,167,0,7094272,true,found,1,0,1952,0,0,0,0,0,0,0,
local-1786752604326628000,macmini-m2-macos26.5.2-rust1.97.1-aarch64-20260814,9d3ab807a08ef4cf1077dbc23213e2314ce37c87,MEASURED,1786752604329228000,lifecycle,aegis_key_registry,ML-DSA-65,role_authorization_check,registry1,0,170,10,42,1000,7094272,true,authorized,1,0,0,0,0,0,0,0,0,0,
local-1786752604326628000,macmini-m2-macos26.5.2-rust1.97.1-aarch64-20260814,9d3ab807a08ef4cf1077dbc23213e2314ce37c87,MEASURED,1786752604329229000,lifecycle,aegis_key_registry,ML-DSA-65,active_key_check,registry1,0,170,10,42,0,7094272,true,active,1,0,0,0,0,0,0,0,0,0,
local-1786752604326628000,macmini-m2-macos26.5.2-rust1.97.1-aarch64-20260814,9d3ab807a08ef4cf1077dbc23213e2314ce37c87,MEASURED,1786752604329231000,lifecycle,aegis_key_registry,ML-DSA-65,revocation_check,registry1,0,170,10,42,0,7094272,true,not_revoked,1,0,0,0,0,0,0,0,0,0,
local-1786752604326628000,macmini-m2-macos26.5.2-rust1.97.1-aarch64-20260814,9d3ab807a08ef4cf1077dbc23213e2314ce37c87,MEASURED,1786752604329233000,lifecycle,aegis_key_registry,ML-DSA-65,public_key_lookup,registry1,0,171,10,167,1000,7094272,true,found,1,0,1952,0,0,0,0,0,0,0,
local-1786752604326628000,macmini-m2-macos26.5.2-rust1.97.1-aarch64-20260814,9d3ab807a08ef4cf1077dbc23213e2314ce37c87,MEASURED,1786752604329234000,lifecycle,aegis_key_registry,ML-DSA-65,role_authorization_check,registry1,0,171,10,42,1000,7094272,true,authorized,1,0,0,0,0,0,0,0,0,0,
local-1786752604326628000,macmini-m2-macos26.5.2-rust1.97.1-aarch64-20260814,9d3ab807a08ef4cf1077dbc23213e2314ce37c87,MEASURED,1786752604329236000,lifecycle,aegis_key_registry,ML-DSA-65,active_key_check,registry1,0,171,10,42,0,7094272,true,active,1,0,0,0,0,0,0,0,0,0,
local-1786752604326628000,macmini-m2-macos26.5.2-rust1.97.1-aarch64-20260814,9d3ab807a08ef4cf1077dbc23213e2314ce37c87,MEASURED,1786752604329238000,lifecycle,aegis_key_registry,ML-DSA-65,revocation_check,registry1,0,171,10,42,1000,7094272,true,not_revoked,1,0,0,0,0,0,0,0,0,0,
local-1786752604326628000,macmini-m2-macos26.5.2-rust1.97.1-aarch64-20260814,9d3ab807a08ef4cf1077dbc23213e2314ce37c87,MEASURED,1786752604329239000,lifecycle,aegis_key_registry,ML-DSA-65,public_key_lookup,registry1,0,172,10,167,1000,7094272,true,found,1,0,1952,0,0,0,0,0,0,0,
local-1786752604326628000,macmini-m2-macos26.5.2-rust1.97.1-aarch64-20260814,9d3ab807a08ef4cf1077dbc23213e2314ce37c87,MEASURED,1786752604329241000,lifecycle,aegis_key_registry,ML-DSA-65,role_authorization_check,registry1,0,172,10,42,0,7094272,true,authorized,1,0,0,0,0,0,0,0,0,0,
local-1786752604326628000,macmini-m2-macos26.5.2-rust1.97.1-aarch64-20260814,9d3ab807a08ef4cf1077dbc23213e2314ce37c87,MEASURED,1786752604329243000,lifecycle,aegis_key_registry,ML-DSA-65,active_key_check,registry1,0,172,10,42,0,7094272,true,active,1,0,0,0,0,0,0,0,0,0,
local-1786752604326628000,macmini-m2-macos26.5.2-rust1.97.1-aarch64-20260814,9d3ab807a08ef4cf1077dbc23213e2314ce37c87,MEASURED,1786752604329244000,lifecycle,aegis_key_registry,ML-DSA-65,revocation_check,registry1,0,172,10,42,1000,7094272,true,not_revoked,1,0,0,0,0,0,0,0,0,0,
local-1786752604326628000,macmini-m2-macos26.5.2-rust1.97.1-aarch64-20260814,9d3ab807a08ef4cf1077dbc23213e2314ce37c87,MEASURED,1786752604329246000,lifecycle,aegis_key_registry,ML-DSA-65,public_key_lookup,registry1,0,173,10,167,0,7094272,true,found,1,0,1952,0,0,0,0,0,0,0,
local-1786752604326628000,macmini-m2-macos26.5.2-rust1.97.1-aarch64-20260814,9d3ab807a08ef4cf1077dbc23213e2314ce37c87,MEASURED,1786752604329248000,lifecycle,aegis_key_registry,ML-DSA-65,role_authorization_check,registry1,0,173,10,41,0,7094272,true,authorized,1,0,0,0,0,0,0,0,0,0,
local-1786752604326628000,macmini-m2-macos26.5.2-rust1.97.1-aarch64-20260814,9d3ab807a08ef4cf1077dbc23213e2314ce37c87,MEASURED,1786752604329249000,lifecycle,aegis_key_registry,ML-DSA-65,active_key_check,registry1,0,173,10,83,1000,7094272,true,active,1,0,0,0,0,0,0,0,0,0,
local-1786752604326628000,macmini-m2-macos26.5.2-rust1.97.1-aarch64-20260814,9d3ab807a08ef4cf1077dbc23213e2314ce37c87,MEASURED,1786752604329251000,lifecycle,aegis_key_registry,ML-DSA-65,revocation_check,registry1,0,173,10,41,0,7094272,true,not_revoked,1,0,0,0,0,0,0,0,0,0,
local-1786752604326628000,macmini-m2-macos26.5.2-rust1.97.1-aarch64-20260814,9d3ab807a08ef4cf1077dbc23213e2314ce37c87,MEASURED,1786752604329253000,lifecycle,aegis_key_registry,ML-DSA-65,public_key_lookup,registry1,0,174,10,166,0,7094272,true,found,1,0,1952,0,0,0,0,0,0,0,
local-1786752604326628000,macmini-m2-macos26.5.2-rust1.97.1-aarch64-20260814,9d3ab807a08ef4cf1077dbc23213e2314ce37c87,MEASURED,1786752604329254000,lifecycle,aegis_key_registry,ML-DSA-65,role_authorization_check,registry1,0,174,10,41,0,7094272,true,authorized,1,0,0,0,0,0,0,0,0,0,
local-1786752604326628000,macmini-m2-macos26.5.2-rust1.97.1-aarch64-20260814,9d3ab807a08ef4cf1077dbc23213e2314ce37c87,MEASURED,1786752604329256000,lifecycle,aegis_key_registry,ML-DSA-65,active_key_check,registry1,0,174,10,41,0,7094272,true,active,1,0,0,0,0,0,0,0,0,0,
local-1786752604326628000,macmini-m2-macos26.5.2-rust1.97.1-aarch64-20260814,9d3ab807a08ef4cf1077dbc23213e2314ce37c87,MEASURED,1786752604329258000,lifecycle,aegis_key_registry,ML-DSA-65,revocation_check,registry1,0,174,10,42,0,7094272,true,not_revoked,1,0,0,0,0,0,0,0,0,0,
local-1786752604326628000,macmini-m2-macos26.5.2-rust1.97.1-aarch64-20260814,9d3ab807a08ef4cf1077dbc23213e2314ce37c87,MEASURED,1786752604329259000,lifecycle,aegis_key_registry,ML-DSA-65,public_key_lookup,registry1,0,175,10,167,1000,7094272,true,found,1,0,1952,0,0,0,0,0,0,0,
local-1786752604326628000,macmini-m2-macos26.5.2-rust1.97.1-aarch64-20260814,9d3ab807a08ef4cf1077dbc23213e2314ce37c87,MEASURED,1786752604329266000,lifecycle,aegis_key_registry,ML-DSA-65,role_authorization_check,registry1,0,175,10,42,1000,7094272,true,authorized,1,0,0,0,0,0,0,0,0,0,
local-1786752604326628000,macmini-m2-macos26.5.2-rust1.97.1-aarch64-20260814,9d3ab807a08ef4cf1077dbc23213e2314ce37c87,MEASURED,1786752604329268000,lifecycle,aegis_key_registry,ML-DSA-65,active_key_check,registry1,0,175,10,83,1000,7094272,true,active,1,0,0,0,0,0,0,0,0,0,
local-1786752604326628000,macmini-m2-macos26.5.2-rust1.97.1-aarch64-20260814,9d3ab807a08ef4cf1077dbc23213e2314ce37c87,MEASURED,1786752604329269000,lifecycle,aegis_key_registry,ML-DSA-65,revocation_check,registry1,0,175,10,42,0,7094272,true,not_revoked,1,0,0,0,0,0,0,0,0,0,
local-1786752604326628000,macmini-m2-macos26.5.2-rust1.97.1-aarch64-20260814,9d3ab807a08ef4cf1077dbc23213e2314ce37c87,MEASURED,1786752604329271000,lifecycle,aegis_key_registry,ML-DSA-65,public_key_lookup,registry1,0,176,10,166,1000,7094272,true,found,1,0,1952,0,0,0,0,0,0,0,
local-1786752604326628000,macmini-m2-macos26.5.2-rust1.97.1-aarch64-20260814,9d3ab807a08ef4cf1077dbc23213e2314ce37c87,MEASURED,1786752604329273000,lifecycle,aegis_key_registry,ML-DSA-65,role_authorization_check,registry1,0,176,10,42,0,7094272,true,authorized,1,0,0,0,0,0,0,0,0,0,
local-1786752604326628000,macmini-m2-macos26.5.2-rust1.97.1-aarch64-20260814,9d3ab807a08ef4cf1077dbc23213e2314ce37c87,MEASURED,1786752604329274000,lifecycle,aegis_key_registry,ML-DSA-65,active_key_check,registry1,0,176,10,42,0,7094272,true,active,1,0,0,0,0,0,0,0,0,0,
local-1786752604326628000,macmini-m2-macos26.5.2-rust1.97.1-aarch64-20260814,9d3ab807a08ef4cf1077dbc23213e2314ce37c87,MEASURED,1786752604329276000,lifecycle,aegis_key_registry,ML-DSA-65,revocation_check,registry1,0,176,10,41,1000,7094272,true,not_revoked,1,0,0,0,0,0,0,0,0,0,
local-1786752604326628000,macmini-m2-macos26.5.2-rust1.97.1-aarch64-20260814,9d3ab807a08ef4cf1077dbc23213e2314ce37c87,MEASURED,1786752604329278000,lifecycle,aegis_key_registry,ML-DSA-65,public_key_lookup,registry1,0,177,10,167,0,7094272,true,found,1,0,1952,0,0,0,0,0,0,0,
local-1786752604326628000,macmini-m2-macos26.5.2-rust1.97.1-aarch64-20260814,9d3ab807a08ef4cf1077dbc23213e2314ce37c87,MEASURED,1786752604329279000,lifecycle,aegis_key_registry,ML-DSA-65,role_authorization_check,registry1,0,177,10,42,0,7094272,true,authorized,1,0,0,0,0,0,0,0,0,0,
local-1786752604326628000,macmini-m2-macos26.5.2-rust1.97.1-aarch64-20260814,9d3ab807a08ef4cf1077dbc23213e2314ce37c87,MEASURED,1786752604329281000,lifecycle,aegis_key_registry,ML-DSA-65,active_key_check,registry1,0,177,10,42,1000,7094272,true,active,1,0,0,0,0,0,0,0,0,0,
local-1786752604326628000,macmini-m2-macos26.5.2-rust1.97.1-aarch64-20260814,9d3ab807a08ef4cf1077dbc23213e2314ce37c87,MEASURED,1786752604329283000,lifecycle,aegis_key_registry,ML-DSA-65,revocation_check,registry1,0,177,10,42,0,7094272,true,not_revoked,1,0,0,0,0,0,0,0,0,0,
local-1786752604326628000,macmini-m2-macos26.5.2-rust1.97.1-aarch64-20260814,9d3ab807a08ef4cf1077dbc23213e2314ce37c87,MEASURED,1786752604329284000,lifecycle,aegis_key_registry,ML-DSA-65,public_key_lookup,registry1,0,178,10,167,0,7094272,true,found,1,0,1952,0,0,0,0,0,0,0,
local-1786752604326628000,macmini-m2-macos26.5.2-rust1.97.1-aarch64-20260814,9d3ab807a08ef4cf1077dbc23213e2314ce37c87,MEASURED,1786752604329286000,lifecycle,aegis_key_registry,ML-DSA-65,role_authorization_check,registry1,0,178,10,41,2000,7094272,true,authorized,1,0,0,0,0,0,0,0,0,0,
local-1786752604326628000,macmini-m2-macos26.5.2-rust1.97.1-aarch64-20260814,9d3ab807a08ef4cf1077dbc23213e2314ce37c87,MEASURED,1786752604329288000,lifecycle,aegis_key_registry,ML-DSA-65,active_key_check,registry1,0,178,10,41,0,7094272,true,active,1,0,0,0,0,0,0,0,0,0,
local-1786752604326628000,macmini-m2-macos26.5.2-rust1.97.1-aarch64-20260814,9d3ab807a08ef4cf1077dbc23213e2314ce37c87,MEASURED,1786752604329289000,lifecycle,aegis_key_registry,ML-DSA-65,revocation_check,registry1,0,178,10,41,0,7094272,true,not_revoked,1,0,0,0,0,0,0,0,0,0,
local-1786752604326628000,macmini-m2-macos26.5.2-rust1.97.1-aarch64-20260814,9d3ab807a08ef4cf1077dbc23213e2314ce37c87,MEASURED,1786752604329291000,lifecycle,aegis_key_registry,ML-DSA-65,public_key_lookup,registry1,0,179,10,166,1000,7094272,true,found,1,0,1952,0,0,0,0,0,0,0,
local-1786752604326628000,macmini-m2-macos26.5.2-rust1.97.1-aarch64-20260814,9d3ab807a08ef4cf1077dbc23213e2314ce37c87,MEASURED,1786752604329293000,lifecycle,aegis_key_registry,ML-DSA-65,role_authorization_check,registry1,0,179,10,42,0,7094272,true,authorized,1,0,0,0,0,0,0,0,0,0,
local-1786752604326628000,macmini-m2-macos26.5.2-rust1.97.1-aarch64-20260814,9d3ab807a08ef4cf1077dbc23213e2314ce37c87,MEASURED,1786752604329294000,lifecycle,aegis_key_registry,ML-DSA-65,active_key_check,registry1,0,179,10,42,0,7094272,true,active,1,0,0,0,0,0,0,0,0,0,
local-1786752604326628000,macmini-m2-macos26.5.2-rust1.97.1-aarch64-20260814,9d3ab807a08ef4cf1077dbc23213e2314ce37c87,MEASURED,1786752604329296000,lifecycle,aegis_key_registry,ML-DSA-65,revocation_check,registry1,0,179,10,41,0,7094272,true,not_revoked,1,0,0,0,0,0,0,0,0,0,
local-1786752604326628000,macmini-m2-macos26.5.2-rust1.97.1-aarch64-20260814,9d3ab807a08ef4cf1077dbc23213e2314ce37c87,MEASURED,1786752604329298000,lifecycle,aegis_key_registry,ML-DSA-65,public_key_lookup,registry1,0,180,10,166,0,7094272,true,found,1,0,1952,0,0,0,0,0,0,0,
local-1786752604326628000,macmini-m2-macos26.5.2-rust1.97.1-aarch64-20260814,9d3ab807a08ef4cf1077dbc23213e2314ce37c87,MEASURED,1786752604329299000,lifecycle,aegis_key_registry,ML-DSA-65,role_authorization_check,registry1,0,180,10,41,0,7094272,true,authorized,1,0,0,0,0,0,0,0,0,0,
local-1786752604326628000,macmini-m2-macos26.5.2-rust1.97.1-aarch64-20260814,9d3ab807a08ef4cf1077dbc23213e2314ce37c87,MEASURED,1786752604329301000,lifecycle,aegis_key_registry,ML-DSA-65,active_key_check,registry1,0,180,10,41,1000,7094272,true,active,1,0,0,0,0,0,0,0,0,0,
local-1786752604326628000,macmini-m2-macos26.5.2-rust1.97.1-aarch64-20260814,9d3ab807a08ef4cf1077dbc23213e2314ce37c87,MEASURED,1786752604329303000,lifecycle,aegis_key_registry,ML-DSA-65,revocation_check,registry1,0,180,10,41,0,7094272,true,not_revoked,1,0,0,0,0,0,0,0,0,0,
local-1786752604326628000,macmini-m2-macos26.5.2-rust1.97.1-aarch64-20260814,9d3ab807a08ef4cf1077dbc23213e2314ce37c87,MEASURED,1786752604329304000,lifecycle,aegis_key_registry,ML-DSA-65,public_key_lookup,registry1,0,181,10,166,0,7094272,true,found,1,0,1952,0,0,0,0,0,0,0,
local-1786752604326628000,macmini-m2-macos26.5.2-rust1.97.1-aarch64-20260814,9d3ab807a08ef4cf1077dbc23213e2314ce37c87,MEASURED,1786752604329306000,lifecycle,aegis_key_registry,ML-DSA-65,role_authorization_check,registry1,0,181,10,41,0,7094272,true,authorized,1,0,0,0,0,0,0,0,0,0,
local-1786752604326628000,macmini-m2-macos26.5.2-rust1.97.1-aarch64-20260814,9d3ab807a08ef4cf1077dbc23213e2314ce37c87,MEASURED,1786752604329308000,lifecycle,aegis_key_registry,ML-DSA-65,active_key_check,registry1,0,181,10,41,1000,7094272,true,active,1,0,0,0,0,0,0,0,0,0,
local-1786752604326628000,macmini-m2-macos26.5.2-rust1.97.1-aarch64-20260814,9d3ab807a08ef4cf1077dbc23213e2314ce37c87,MEASURED,1786752604329309000,lifecycle,aegis_key_registry,ML-DSA-65,revocation_check,registry1,0,181,10,42,0,7094272,true,not_revoked,1,0,0,0,0,0,0,0,0,0,
local-1786752604326628000,macmini-m2-macos26.5.2-rust1.97.1-aarch64-20260814,9d3ab807a08ef4cf1077dbc23213e2314ce37c87,MEASURED,1786752604329311000,lifecycle,aegis_key_registry,ML-DSA-65,public_key_lookup,registry1,0,182,10,166,1000,7094272,true,found,1,0,1952,0,0,0,0,0,0,0,
local-1786752604326628000,macmini-m2-macos26.5.2-rust1.97.1-aarch64-20260814,9d3ab807a08ef4cf1077dbc23213e2314ce37c87,MEASURED,1786752604329313000,lifecycle,aegis_key_registry,ML-DSA-65,role_authorization_check,registry1,0,182,10,42,1000,7094272,true,authorized,1,0,0,0,0,0,0,0,0,0,
local-1786752604326628000,macmini-m2-macos26.5.2-rust1.97.1-aarch64-20260814,9d3ab807a08ef4cf1077dbc23213e2314ce37c87,MEASURED,1786752604329320000,lifecycle,aegis_key_registry,ML-DSA-65,active_key_check,registry1,0,182,10,84,1000,7094272,true,active,1,0,0,0,0,0,0,0,0,0,
local-1786752604326628000,macmini-m2-macos26.5.2-rust1.97.1-aarch64-20260814,9d3ab807a08ef4cf1077dbc23213e2314ce37c87,MEASURED,1786752604329321000,lifecycle,aegis_key_registry,ML-DSA-65,revocation_check,registry1,0,182,10,42,0,7094272,true,not_revoked,1,0,0,0,0,0,0,0,0,0,
local-1786752604326628000,macmini-m2-macos26.5.2-rust1.97.1-aarch64-20260814,9d3ab807a08ef4cf1077dbc23213e2314ce37c87,MEASURED,1786752604329323000,lifecycle,aegis_key_registry,ML-DSA-65,public_key_lookup,registry1,0,183,10,167,0,7094272,true,found,1,0,1952,0,0,0,0,0,0,0,
local-1786752604326628000,macmini-m2-macos26.5.2-rust1.97.1-aarch64-20260814,9d3ab807a08ef4cf1077dbc23213e2314ce37c87,MEASURED,1786752604329325000,lifecycle,aegis_key_registry,ML-DSA-65,role_authorization_check,registry1,0,183,10,41,0,7094272,true,authorized,1,0,0,0,0,0,0,0,0,0,
local-1786752604326628000,macmini-m2-macos26.5.2-rust1.97.1-aarch64-20260814,9d3ab807a08ef4cf1077dbc23213e2314ce37c87,MEASURED,1786752604329327000,lifecycle,aegis_key_registry,ML-DSA-65,active_key_check,registry1,0,183,10,41,0,7094272,true,active,1,0,0,0,0,0,0,0,0,0,
local-1786752604326628000,macmini-m2-macos26.5.2-rust1.97.1-aarch64-20260814,9d3ab807a08ef4cf1077dbc23213e2314ce37c87,MEASURED,1786752604329328000,lifecycle,aegis_key_registry,ML-DSA-65,revocation_check,registry1,0,183,10,83,0,7094272,true,not_revoked,1,0,0,0,0,0,0,0,0,0,
local-1786752604326628000,macmini-m2-macos26.5.2-rust1.97.1-aarch64-20260814,9d3ab807a08ef4cf1077dbc23213e2314ce37c87,MEASURED,1786752604329330000,lifecycle,aegis_key_registry,ML-DSA-65,public_key_lookup,registry1,0,184,10,167,0,7094272,true,found,1,0,1952,0,0,0,0,0,0,0,
local-1786752604326628000,macmini-m2-macos26.5.2-rust1.97.1-aarch64-20260814,9d3ab807a08ef4cf1077dbc23213e2314ce37c87,MEASURED,1786752604329332000,lifecycle,aegis_key_registry,ML-DSA-65,role_authorization_check,registry1,0,184,10,41,0,7094272,true,authorized,1,0,0,0,0,0,0,0,0,0,
local-1786752604326628000,macmini-m2-macos26.5.2-rust1.97.1-aarch64-20260814,9d3ab807a08ef4cf1077dbc23213e2314ce37c87,MEASURED,1786752604329333000,lifecycle,aegis_key_registry,ML-DSA-65,active_key_check,registry1,0,184,10,42,1000,7094272,true,active,1,0,0,0,0,0,0,0,0,0,
local-1786752604326628000,macmini-m2-macos26.5.2-rust1.97.1-aarch64-20260814,9d3ab807a08ef4cf1077dbc23213e2314ce37c87,MEASURED,1786752604329335000,lifecycle,aegis_key_registry,ML-DSA-65,revocation_check,registry1,0,184,10,42,0,7094272,true,not_revoked,1,0,0,0,0,0,0,0,0,0,
local-1786752604326628000,macmini-m2-macos26.5.2-rust1.97.1-aarch64-20260814,9d3ab807a08ef4cf1077dbc23213e2314ce37c87,MEASURED,1786752604329337000,lifecycle,aegis_key_registry,ML-DSA-65,public_key_lookup,registry1,0,185,10,167,0,7094272,true,found,1,0,1952,0,0,0,0,0,0,0,
local-1786752604326628000,macmini-m2-macos26.5.2-rust1.97.1-aarch64-20260814,9d3ab807a08ef4cf1077dbc23213e2314ce37c87,MEASURED,1786752604329338000,lifecycle,aegis_key_registry,ML-DSA-65,role_authorization_check,registry1,0,185,10,41,2000,7094272,true,authorized,1,0,0,0,0,0,0,0,0,0,
local-1786752604326628000,macmini-m2-macos26.5.2-rust1.97.1-aarch64-20260814,9d3ab807a08ef4cf1077dbc23213e2314ce37c87,MEASURED,1786752604329340000,lifecycle,aegis_key_registry,ML-DSA-65,active_key_check,registry1,0,185,10,83,0,7094272,true,active,1,0,0,0,0,0,0,0,0,0,
local-1786752604326628000,macmini-m2-macos26.5.2-rust1.97.1-aarch64-20260814,9d3ab807a08ef4cf1077dbc23213e2314ce37c87,MEASURED,1786752604329341000,lifecycle,aegis_key_registry,ML-DSA-65,revocation_check,registry1,0,185,10,41,0,7094272,true,not_revoked,1,0,0,0,0,0,0,0,0,0,
local-1786752604326628000,macmini-m2-macos26.5.2-rust1.97.1-aarch64-20260814,9d3ab807a08ef4cf1077dbc23213e2314ce37c87,MEASURED,1786752604329343000,lifecycle,aegis_key_registry,ML-DSA-65,public_key_lookup,registry1,0,186,10,166,2000,7094272,true,found,1,0,1952,0,0,0,0,0,0,0,
local-1786752604326628000,macmini-m2-macos26.5.2-rust1.97.1-aarch64-20260814,9d3ab807a08ef4cf1077dbc23213e2314ce37c87,MEASURED,1786752604329345000,lifecycle,aegis_key_registry,ML-DSA-65,role_authorization_check,registry1,0,186,10,42,0,7094272,true,authorized,1,0,0,0,0,0,0,0,0,0,
local-1786752604326628000,macmini-m2-macos26.5.2-rust1.97.1-aarch64-20260814,9d3ab807a08ef4cf1077dbc23213e2314ce37c87,MEASURED,1786752604329346000,lifecycle,aegis_key_registry,ML-DSA-65,active_key_check,registry1,0,186,10,42,0,7094272,true,active,1,0,0,0,0,0,0,0,0,0,
local-1786752604326628000,macmini-m2-macos26.5.2-rust1.97.1-aarch64-20260814,9d3ab807a08ef4cf1077dbc23213e2314ce37c87,MEASURED,1786752604329348000,lifecycle,aegis_key_registry,ML-DSA-65,revocation_check,registry1,0,186,10,41,2000,7094272,true,not_revoked,1,0,0,0,0,0,0,0,0,0,
local-1786752604326628000,macmini-m2-macos26.5.2-rust1.97.1-aarch64-20260814,9d3ab807a08ef4cf1077dbc23213e2314ce37c87,MEASURED,1786752604329350000,lifecycle,aegis_key_registry,ML-DSA-65,public_key_lookup,registry1,0,187,10,167,0,7094272,true,found,1,0,1952,0,0,0,0,0,0,0,
local-1786752604326628000,macmini-m2-macos26.5.2-rust1.97.1-aarch64-20260814,9d3ab807a08ef4cf1077dbc23213e2314ce37c87,MEASURED,1786752604329351000,lifecycle,aegis_key_registry,ML-DSA-65,role_authorization_check,registry1,0,187,10,42,0,7094272,true,authorized,1,0,0,0,0,0,0,0,0,0,
local-1786752604326628000,macmini-m2-macos26.5.2-rust1.97.1-aarch64-20260814,9d3ab807a08ef4cf1077dbc23213e2314ce37c87,MEASURED,1786752604329353000,lifecycle,aegis_key_registry,ML-DSA-65,active_key_check,registry1,0,187,10,42,2000,7094272,true,active,1,0,0,0,0,0,0,0,0,0,
local-1786752604326628000,macmini-m2-macos26.5.2-rust1.97.1-aarch64-20260814,9d3ab807a08ef4cf1077dbc23213e2314ce37c87,MEASURED,1786752604329355000,lifecycle,aegis_key_registry,ML-DSA-65,revocation_check,registry1,0,187,10,42,0,7094272,true,not_revoked,1,0,0,0,0,0,0,0,0,0,
local-1786752604326628000,macmini-m2-macos26.5.2-rust1.97.1-aarch64-20260814,9d3ab807a08ef4cf1077dbc23213e2314ce37c87,MEASURED,1786752604329356000,lifecycle,aegis_key_registry,ML-DSA-65,public_key_lookup,registry1,0,188,10,167,0,7094272,true,found,1,0,1952,0,0,0,0,0,0,0,
local-1786752604326628000,macmini-m2-macos26.5.2-rust1.97.1-aarch64-20260814,9d3ab807a08ef4cf1077dbc23213e2314ce37c87,MEASURED,1786752604329358000,lifecycle,aegis_key_registry,ML-DSA-65,role_authorization_check,registry1,0,188,10,42,2000,7094272,true,authorized,1,0,0,0,0,0,0,0,0,0,
local-1786752604326628000,macmini-m2-macos26.5.2-rust1.97.1-aarch64-20260814,9d3ab807a08ef4cf1077dbc23213e2314ce37c87,MEASURED,1786752604329360000,lifecycle,aegis_key_registry,ML-DSA-65,active_key_check,registry1,0,188,10,42,0,7094272,true,active,1,0,0,0,0,0,0,0,0,0,
local-1786752604326628000,macmini-m2-macos26.5.2-rust1.97.1-aarch64-20260814,9d3ab807a08ef4cf1077dbc23213e2314ce37c87,MEASURED,1786752604329361000,lifecycle,aegis_key_registry,ML-DSA-65,revocation_check,registry1,0,188,10,42,0,7094272,true,not_revoked,1,0,0,0,0,0,0,0,0,0,
local-1786752604326628000,macmini-m2-macos26.5.2-rust1.97.1-aarch64-20260814,9d3ab807a08ef4cf1077dbc23213e2314ce37c87,MEASURED,1786752604329363000,lifecycle,aegis_key_registry,ML-DSA-65,public_key_lookup,registry1,0,189,10,167,1000,7094272,true,found,1,0,1952,0,0,0,0,0,0,0,
local-1786752604326628000,macmini-m2-macos26.5.2-rust1.97.1-aarch64-20260814,9d3ab807a08ef4cf1077dbc23213e2314ce37c87,MEASURED,1786752604329365000,lifecycle,aegis_key_registry,ML-DSA-65,role_authorization_check,registry1,0,189,10,41,0,7094272,true,authorized,1,0,0,0,0,0,0,0,0,0,
local-1786752604326628000,macmini-m2-macos26.5.2-rust1.97.1-aarch64-20260814,9d3ab807a08ef4cf1077dbc23213e2314ce37c87,MEASURED,1786752604329366000,lifecycle,aegis_key_registry,ML-DSA-65,active_key_check,registry1,0,189,10,83,0,7094272,true,active,1,0,0,0,0,0,0,0,0,0,
local-1786752604326628000,macmini-m2-macos26.5.2-rust1.97.1-aarch64-20260814,9d3ab807a08ef4cf1077dbc23213e2314ce37c87,MEASURED,1786752604329374000,lifecycle,aegis_key_registry,ML-DSA-65,revocation_check,registry1,0,189,10,41,0,7094272,true,not_revoked,1,0,0,0,0,0,0,0,0,0,
local-1786752604326628000,macmini-m2-macos26.5.2-rust1.97.1-aarch64-20260814,9d3ab807a08ef4cf1077dbc23213e2314ce37c87,MEASURED,1786752604329376000,lifecycle,aegis_key_registry,ML-DSA-65,public_key_lookup,registry1,0,190,10,166,0,7094272,true,found,1,0,1952,0,0,0,0,0,0,0,
local-1786752604326628000,macmini-m2-macos26.5.2-rust1.97.1-aarch64-20260814,9d3ab807a08ef4cf1077dbc23213e2314ce37c87,MEASURED,1786752604329377000,lifecycle,aegis_key_registry,ML-DSA-65,role_authorization_check,registry1,0,190,10,84,1000,7094272,true,authorized,1,0,0,0,0,0,0,0,0,0,
local-1786752604326628000,macmini-m2-macos26.5.2-rust1.97.1-aarch64-20260814,9d3ab807a08ef4cf1077dbc23213e2314ce37c87,MEASURED,1786752604329379000,lifecycle,aegis_key_registry,ML-DSA-65,active_key_check,registry1,0,190,10,42,0,7094272,true,active,1,0,0,0,0,0,0,0,0,0,
local-1786752604326628000,macmini-m2-macos26.5.2-rust1.97.1-aarch64-20260814,9d3ab807a08ef4cf1077dbc23213e2314ce37c87,MEASURED,1786752604329380000,lifecycle,aegis_key_registry,ML-DSA-65,revocation_check,registry1,0,190,10,42,0,7094272,true,not_revoked,1,0,0,0,0,0,0,0,0,0,
local-1786752604326628000,macmini-m2-macos26.5.2-rust1.97.1-aarch64-20260814,9d3ab807a08ef4cf1077dbc23213e2314ce37c87,MEASURED,1786752604329382000,lifecycle,aegis_key_registry,ML-DSA-65,public_key_lookup,registry1,0,191,10,167,1000,7094272,true,found,1,0,1952,0,0,0,0,0,0,0,
local-1786752604326628000,macmini-m2-macos26.5.2-rust1.97.1-aarch64-20260814,9d3ab807a08ef4cf1077dbc23213e2314ce37c87,MEASURED,1786752604329384000,lifecycle,aegis_key_registry,ML-DSA-65,role_authorization_check,registry1,0,191,10,41,0,7094272,true,authorized,1,0,0,0,0,0,0,0,0,0,
local-1786752604326628000,macmini-m2-macos26.5.2-rust1.97.1-aarch64-20260814,9d3ab807a08ef4cf1077dbc23213e2314ce37c87,MEASURED,1786752604329386000,lifecycle,aegis_key_registry,ML-DSA-65,active_key_check,registry1,0,191,10,41,0,7094272,true,active,1,0,0,0,0,0,0,0,0,0,
local-1786752604326628000,macmini-m2-macos26.5.2-rust1.97.1-aarch64-20260814,9d3ab807a08ef4cf1077dbc23213e2314ce37c87,MEASURED,1786752604329387000,lifecycle,aegis_key_registry,ML-DSA-65,revocation_check,registry1,0,191,10,42,0,7094272,true,not_revoked,1,0,0,0,0,0,0,0,0,0,
local-1786752604326628000,macmini-m2-macos26.5.2-rust1.97.1-aarch64-20260814,9d3ab807a08ef4cf1077dbc23213e2314ce37c87,MEASURED,1786752604329389000,lifecycle,aegis_key_registry,ML-DSA-65,public_key_lookup,registry1,0,192,10,167,0,7094272,true,found,1,0,1952,0,0,0,0,0,0,0,
local-1786752604326628000,macmini-m2-macos26.5.2-rust1.97.1-aarch64-20260814,9d3ab807a08ef4cf1077dbc23213e2314ce37c87,MEASURED,1786752604329391000,lifecycle,aegis_key_registry,ML-DSA-65,role_authorization_check,registry1,0,192,10,41,0,7094272,true,authorized,1,0,0,0,0,0,0,0,0,0,
local-1786752604326628000,macmini-m2-macos26.5.2-rust1.97.1-aarch64-20260814,9d3ab807a08ef4cf1077dbc23213e2314ce37c87,MEASURED,1786752604329392000,lifecycle,aegis_key_registry,ML-DSA-65,active_key_check,registry1,0,192,10,41,0,7094272,true,active,1,0,0,0,0,0,0,0,0,0,
local-1786752604326628000,macmini-m2-macos26.5.2-rust1.97.1-aarch64-20260814,9d3ab807a08ef4cf1077dbc23213e2314ce37c87,MEASURED,1786752604329394000,lifecycle,aegis_key_registry,ML-DSA-65,revocation_check,registry1,0,192,10,83,0,7094272,true,not_revoked,1,0,0,0,0,0,0,0,0,0,
local-1786752604326628000,macmini-m2-macos26.5.2-rust1.97.1-aarch64-20260814,9d3ab807a08ef4cf1077dbc23213e2314ce37c87,MEASURED,1786752604329396000,lifecycle,aegis_key_registry,ML-DSA-65,public_key_lookup,registry1,0,193,10,166,0,7094272,true,found,1,0,1952,0,0,0,0,0,0,0,
local-1786752604326628000,macmini-m2-macos26.5.2-rust1.97.1-aarch64-20260814,9d3ab807a08ef4cf1077dbc23213e2314ce37c87,MEASURED,1786752604329397000,lifecycle,aegis_key_registry,ML-DSA-65,role_authorization_check,registry1,0,193,10,41,0,7094272,true,authorized,1,0,0,0,0,0,0,0,0,0,
local-1786752604326628000,macmini-m2-macos26.5.2-rust1.97.1-aarch64-20260814,9d3ab807a08ef4cf1077dbc23213e2314ce37c87,MEASURED,1786752604329399000,lifecycle,aegis_key_registry,ML-DSA-65,active_key_check,registry1,0,193,10,41,0,7094272,true,active,1,0,0,0,0,0,0,0,0,0,
local-1786752604326628000,macmini-m2-macos26.5.2-rust1.97.1-aarch64-20260814,9d3ab807a08ef4cf1077dbc23213e2314ce37c87,MEASURED,1786752604329400000,lifecycle,aegis_key_registry,ML-DSA-65,revocation_check,registry1,0,193,10,41,0,7094272,true,not_revoked,1,0,0,0,0,0,0,0,0,0,
local-1786752604326628000,macmini-m2-macos26.5.2-rust1.97.1-aarch64-20260814,9d3ab807a08ef4cf1077dbc23213e2314ce37c87,MEASURED,1786752604329402000,lifecycle,aegis_key_registry,ML-DSA-65,public_key_lookup,registry1,0,194,10,167,0,7094272,true,found,1,0,1952,0,0,0,0,0,0,0,
local-1786752604326628000,macmini-m2-macos26.5.2-rust1.97.1-aarch64-20260814,9d3ab807a08ef4cf1077dbc23213e2314ce37c87,MEASURED,1786752604329404000,lifecycle,aegis_key_registry,ML-DSA-65,role_authorization_check,registry1,0,194,10,83,0,7094272,true,authorized,1,0,0,0,0,0,0,0,0,0,
local-1786752604326628000,macmini-m2-macos26.5.2-rust1.97.1-aarch64-20260814,9d3ab807a08ef4cf1077dbc23213e2314ce37c87,MEASURED,1786752604329406000,lifecycle,aegis_key_registry,ML-DSA-65,active_key_check,registry1,0,194,10,41,1000,7094272,true,active,1,0,0,0,0,0,0,0,0,0,
local-1786752604326628000,macmini-m2-macos26.5.2-rust1.97.1-aarch64-20260814,9d3ab807a08ef4cf1077dbc23213e2314ce37c87,MEASURED,1786752604329407000,lifecycle,aegis_key_registry,ML-DSA-65,revocation_check,registry1,0,194,10,41,0,7094272,true,not_revoked,1,0,0,0,0,0,0,0,0,0,
local-1786752604326628000,macmini-m2-macos26.5.2-rust1.97.1-aarch64-20260814,9d3ab807a08ef4cf1077dbc23213e2314ce37c87,MEASURED,1786752604329409000,lifecycle,aegis_key_registry,ML-DSA-65,public_key_lookup,registry1,0,195,10,125,1000,7094272,true,found,1,0,1952,0,0,0,0,0,0,0,
local-1786752604326628000,macmini-m2-macos26.5.2-rust1.97.1-aarch64-20260814,9d3ab807a08ef4cf1077dbc23213e2314ce37c87,MEASURED,1786752604329411000,lifecycle,aegis_key_registry,ML-DSA-65,role_authorization_check,registry1,0,195,10,42,0,7094272,true,authorized,1,0,0,0,0,0,0,0,0,0,
local-1786752604326628000,macmini-m2-macos26.5.2-rust1.97.1-aarch64-20260814,9d3ab807a08ef4cf1077dbc23213e2314ce37c87,MEASURED,1786752604329413000,lifecycle,aegis_key_registry,ML-DSA-65,active_key_check,registry1,0,195,10,42,1000,7094272,true,active,1,0,0,0,0,0,0,0,0,0,
local-1786752604326628000,macmini-m2-macos26.5.2-rust1.97.1-aarch64-20260814,9d3ab807a08ef4cf1077dbc23213e2314ce37c87,MEASURED,1786752604329414000,lifecycle,aegis_key_registry,ML-DSA-65,revocation_check,registry1,0,195,10,41,0,7094272,true,not_revoked,1,0,0,0,0,0,0,0,0,0,
local-1786752604326628000,macmini-m2-macos26.5.2-rust1.97.1-aarch64-20260814,9d3ab807a08ef4cf1077dbc23213e2314ce37c87,MEASURED,1786752604329416000,lifecycle,aegis_key_registry,ML-DSA-65,public_key_lookup,registry1,0,196,10,166,1000,7094272,true,found,1,0,1952,0,0,0,0,0,0,0,
local-1786752604326628000,macmini-m2-macos26.5.2-rust1.97.1-aarch64-20260814,9d3ab807a08ef4cf1077dbc23213e2314ce37c87,MEASURED,1786752604329418000,lifecycle,aegis_key_registry,ML-DSA-65,role_authorization_check,registry1,0,196,10,84,0,7094272,true,authorized,1,0,0,0,0,0,0,0,0,0,
local-1786752604326628000,macmini-m2-macos26.5.2-rust1.97.1-aarch64-20260814,9d3ab807a08ef4cf1077dbc23213e2314ce37c87,MEASURED,1786752604329420000,lifecycle,aegis_key_registry,ML-DSA-65,active_key_check,registry1,0,196,10,42,0,7094272,true,active,1,0,0,0,0,0,0,0,0,0,
local-1786752604326628000,macmini-m2-macos26.5.2-rust1.97.1-aarch64-20260814,9d3ab807a08ef4cf1077dbc23213e2314ce37c87,MEASURED,1786752604329421000,lifecycle,aegis_key_registry,ML-DSA-65,revocation_check,registry1,0,196,10,42,0,7094272,true,not_revoked,1,0,0,0,0,0,0,0,0,0,
local-1786752604326628000,macmini-m2-macos26.5.2-rust1.97.1-aarch64-20260814,9d3ab807a08ef4cf1077dbc23213e2314ce37c87,MEASURED,1786752604329429000,lifecycle,aegis_key_registry,ML-DSA-65,public_key_lookup,registry1,0,197,10,167,0,7094272,true,found,1,0,1952,0,0,0,0,0,0,0,
local-1786752604326628000,macmini-m2-macos26.5.2-rust1.97.1-aarch64-20260814,9d3ab807a08ef4cf1077dbc23213e2314ce37c87,MEASURED,1786752604329431000,lifecycle,aegis_key_registry,ML-DSA-65,role_authorization_check,registry1,0,197,10,84,0,7094272,true,authorized,1,0,0,0,0,0,0,0,0,0,
local-1786752604326628000,macmini-m2-macos26.5.2-rust1.97.1-aarch64-20260814,9d3ab807a08ef4cf1077dbc23213e2314ce37c87,MEASURED,1786752604329433000,lifecycle,aegis_key_registry,ML-DSA-65,active_key_check,registry1,0,197,10,41,0,7094272,true,active,1,0,0,0,0,0,0,0,0,0,
local-1786752604326628000,macmini-m2-macos26.5.2-rust1.97.1-aarch64-20260814,9d3ab807a08ef4cf1077dbc23213e2314ce37c87,MEASURED,1786752604329435000,lifecycle,aegis_key_registry,ML-DSA-65,revocation_check,registry1,0,197,10,84,0,7094272,true,not_revoked,1,0,0,0,0,0,0,0,0,0,
local-1786752604326628000,macmini-m2-macos26.5.2-rust1.97.1-aarch64-20260814,9d3ab807a08ef4cf1077dbc23213e2314ce37c87,MEASURED,1786752604329436000,lifecycle,aegis_key_registry,ML-DSA-65,public_key_lookup,registry1,0,198,10,208,0,7094272,true,found,1,0,1952,0,0,0,0,0,0,0,
local-1786752604326628000,macmini-m2-macos26.5.2-rust1.97.1-aarch64-20260814,9d3ab807a08ef4cf1077dbc23213e2314ce37c87,MEASURED,1786752604329438000,lifecycle,aegis_key_registry,ML-DSA-65,role_authorization_check,registry1,0,198,10,41,0,7094272,true,authorized,1,0,0,0,0,0,0,0,0,0,
local-1786752604326628000,macmini-m2-macos26.5.2-rust1.97.1-aarch64-20260814,9d3ab807a08ef4cf1077dbc23213e2314ce37c87,MEASURED,1786752604329440000,lifecycle,aegis_key_registry,ML-DSA-65,active_key_check,registry1,0,198,10,42,0,7094272,true,active,1,0,0,0,0,0,0,0,0,0,
local-1786752604326628000,macmini-m2-macos26.5.2-rust1.97.1-aarch64-20260814,9d3ab807a08ef4cf1077dbc23213e2314ce37c87,MEASURED,1786752604329441000,lifecycle,aegis_key_registry,ML-DSA-65,revocation_check,registry1,0,198,10,84,0,7094272,true,not_revoked,1,0,0,0,0,0,0,0,0,0,
local-1786752604326628000,macmini-m2-macos26.5.2-rust1.97.1-aarch64-20260814,9d3ab807a08ef4cf1077dbc23213e2314ce37c87,MEASURED,1786752604329443000,lifecycle,aegis_key_registry,ML-DSA-65,public_key_lookup,registry1,0,199,10,167,0,7094272,true,found,1,0,1952,0,0,0,0,0,0,0,
local-1786752604326628000,macmini-m2-macos26.5.2-rust1.97.1-aarch64-20260814,9d3ab807a08ef4cf1077dbc23213e2314ce37c87,MEASURED,1786752604329445000,lifecycle,aegis_key_registry,ML-DSA-65,role_authorization_check,registry1,0,199,10,42,0,7094272,true,authorized,1,0,0,0,0,0,0,0,0,0,
local-1786752604326628000,macmini-m2-macos26.5.2-rust1.97.1-aarch64-20260814,9d3ab807a08ef4cf1077dbc23213e2314ce37c87,MEASURED,1786752604329446000,lifecycle,aegis_key_registry,ML-DSA-65,active_key_check,registry1,0,199,10,42,0,7094272,true,active,1,0,0,0,0,0,0,0,0,0,
local-1786752604326628000,macmini-m2-macos26.5.2-rust1.97.1-aarch64-20260814,9d3ab807a08ef4cf1077dbc23213e2314ce37c87,MEASURED,1786752604329448000,lifecycle,aegis_key_registry,ML-DSA-65,revocation_check,registry1,0,199,10,42,1000,7094272,true,not_revoked,1,0,0,0,0,0,0,0,0,0,
local-1786752604326628000,macmini-m2-macos26.5.2-rust1.97.1-aarch64-20260814,9d3ab807a08ef4cf1077dbc23213e2314ce37c87,MEASURED,1786752604329450000,lifecycle,aegis_key_registry,ML-DSA-65,public_key_lookup,registry1,0,200,10,209,1000,7094272,true,found,1,0,1952,0,0,0,0,0,0,0,
local-1786752604326628000,macmini-m2-macos26.5.2-rust1.97.1-aarch64-20260814,9d3ab807a08ef4cf1077dbc23213e2314ce37c87,MEASURED,1786752604329451000,lifecycle,aegis_key_registry,ML-DSA-65,role_authorization_check,registry1,0,200,10,41,0,7094272,true,authorized,1,0,0,0,0,0,0,0,0,0,
local-1786752604326628000,macmini-m2-macos26.5.2-rust1.97.1-aarch64-20260814,9d3ab807a08ef4cf1077dbc23213e2314ce37c87,MEASURED,1786752604329453000,lifecycle,aegis_key_registry,ML-DSA-65,active_key_check,registry1,0,200,10,84,1000,7094272,true,active,1,0,0,0,0,0,0,0,0,0,
local-1786752604326628000,macmini-m2-macos26.5.2-rust1.97.1-aarch64-20260814,9d3ab807a08ef4cf1077dbc23213e2314ce37c87,MEASURED,1786752604329455000,lifecycle,aegis_key_registry,ML-DSA-65,revocation_check,registry1,0,200,10,42,0,7094272,true,not_revoked,1,0,0,0,0,0,0,0,0,0,
local-1786752604326628000,macmini-m2-macos26.5.2-rust1.97.1-aarch64-20260814,9d3ab807a08ef4cf1077dbc23213e2314ce37c87,MEASURED,1786752604329456000,lifecycle,aegis_key_registry,ML-DSA-65,public_key_lookup,registry1,0,201,10,166,0,7094272,true,found,1,0,1952,0,0,0,0,0,0,0,
local-1786752604326628000,macmini-m2-macos26.5.2-rust1.97.1-aarch64-20260814,9d3ab807a08ef4cf1077dbc23213e2314ce37c87,MEASURED,1786752604329458000,lifecycle,aegis_key_registry,ML-DSA-65,role_authorization_check,registry1,0,201,10,42,2000,7094272,true,authorized,1,0,0,0,0,0,0,0,0,0,
local-1786752604326628000,macmini-m2-macos26.5.2-rust1.97.1-aarch64-20260814,9d3ab807a08ef4cf1077dbc23213e2314ce37c87,MEASURED,1786752604329460000,lifecycle,aegis_key_registry,ML-DSA-65,active_key_check,registry1,0,201,10,41,0,7094272,true,active,1,0,0,0,0,0,0,0,0,0,
local-1786752604326628000,macmini-m2-macos26.5.2-rust1.97.1-aarch64-20260814,9d3ab807a08ef4cf1077dbc23213e2314ce37c87,MEASURED,1786752604329461000,lifecycle,aegis_key_registry,ML-DSA-65,revocation_check,registry1,0,201,10,41,0,7094272,true,not_revoked,1,0,0,0,0,0,0,0,0,0,
local-1786752604326628000,macmini-m2-macos26.5.2-rust1.97.1-aarch64-20260814,9d3ab807a08ef4cf1077dbc23213e2314ce37c87,MEASURED,1786752604329463000,lifecycle,aegis_key_registry,ML-DSA-65,public_key_lookup,registry1,0,202,10,125,1000,7094272,true,found,1,0,1952,0,0,0,0,0,0,0,
local-1786752604326628000,macmini-m2-macos26.5.2-rust1.97.1-aarch64-20260814,9d3ab807a08ef4cf1077dbc23213e2314ce37c87,MEASURED,1786752604329465000,lifecycle,aegis_key_registry,ML-DSA-65,role_authorization_check,registry1,0,202,10,42,0,7094272,true,authorized,1,0,0,0,0,0,0,0,0,0,
local-1786752604326628000,macmini-m2-macos26.5.2-rust1.97.1-aarch64-20260814,9d3ab807a08ef4cf1077dbc23213e2314ce37c87,MEASURED,1786752604329467000,lifecycle,aegis_key_registry,ML-DSA-65,active_key_check,registry1,0,202,10,42,0,7094272,true,active,1,0,0,0,0,0,0,0,0,0,
local-1786752604326628000,macmini-m2-macos26.5.2-rust1.97.1-aarch64-20260814,9d3ab807a08ef4cf1077dbc23213e2314ce37c87,MEASURED,1786752604329468000,lifecycle,aegis_key_registry,ML-DSA-65,revocation_check,registry1,0,202,10,42,1000,7094272,true,not_revoked,1,0,0,0,0,0,0,0,0,0,
local-1786752604326628000,macmini-m2-macos26.5.2-rust1.97.1-aarch64-20260814,9d3ab807a08ef4cf1077dbc23213e2314ce37c87,MEASURED,1786752604329470000,lifecycle,aegis_key_registry,ML-DSA-65,public_key_lookup,registry1,0,203,10,125,0,7094272,true,found,1,0,1952,0,0,0,0,0,0,0,
local-1786752604326628000,macmini-m2-macos26.5.2-rust1.97.1-aarch64-20260814,9d3ab807a08ef4cf1077dbc23213e2314ce37c87,MEASURED,1786752604329472000,lifecycle,aegis_key_registry,ML-DSA-65,role_authorization_check,registry1,0,203,10,41,0,7094272,true,authorized,1,0,0,0,0,0,0,0,0,0,
local-1786752604326628000,macmini-m2-macos26.5.2-rust1.97.1-aarch64-20260814,9d3ab807a08ef4cf1077dbc23213e2314ce37c87,MEASURED,1786752604329473000,lifecycle,aegis_key_registry,ML-DSA-65,active_key_check,registry1,0,203,10,42,1000,7094272,true,active,1,0,0,0,0,0,0,0,0,0,
local-1786752604326628000,macmini-m2-macos26.5.2-rust1.97.1-aarch64-20260814,9d3ab807a08ef4cf1077dbc23213e2314ce37c87,MEASURED,1786752604329475000,lifecycle,aegis_key_registry,ML-DSA-65,revocation_check,registry1,0,203,10,42,0,7094272,true,not_revoked,1,0,0,0,0,0,0,0,0,0,
local-1786752604326628000,macmini-m2-macos26.5.2-rust1.97.1-aarch64-20260814,9d3ab807a08ef4cf1077dbc23213e2314ce37c87,MEASURED,1786752604329477000,lifecycle,aegis_key_registry,ML-DSA-65,public_key_lookup,registry1,0,204,10,167,0,7094272,true,found,1,0,1952,0,0,0,0,0,0,0,
local-1786752604326628000,macmini-m2-macos26.5.2-rust1.97.1-aarch64-20260814,9d3ab807a08ef4cf1077dbc23213e2314ce37c87,MEASURED,1786752604329484000,lifecycle,aegis_key_registry,ML-DSA-65,role_authorization_check,registry1,0,204,10,42,0,7094272,true,authorized,1,0,0,0,0,0,0,0,0,0,
local-1786752604326628000,macmini-m2-macos26.5.2-rust1.97.1-aarch64-20260814,9d3ab807a08ef4cf1077dbc23213e2314ce37c87,MEASURED,1786752604329485000,lifecycle,aegis_key_registry,ML-DSA-65,active_key_check,registry1,0,204,10,83,0,7094272,true,active,1,0,0,0,0,0,0,0,0,0,
local-1786752604326628000,macmini-m2-macos26.5.2-rust1.97.1-aarch64-20260814,9d3ab807a08ef4cf1077dbc23213e2314ce37c87,MEASURED,1786752604329487000,lifecycle,aegis_key_registry,ML-DSA-65,revocation_check,registry1,0,204,10,42,2000,7094272,true,not_revoked,1,0,0,0,0,0,0,0,0,0,
local-1786752604326628000,macmini-m2-macos26.5.2-rust1.97.1-aarch64-20260814,9d3ab807a08ef4cf1077dbc23213e2314ce37c87,MEASURED,1786752604329489000,lifecycle,aegis_key_registry,ML-DSA-65,public_key_lookup,registry1,0,205,10,166,0,7094272,true,found,1,0,1952,0,0,0,0,0,0,0,
local-1786752604326628000,macmini-m2-macos26.5.2-rust1.97.1-aarch64-20260814,9d3ab807a08ef4cf1077dbc23213e2314ce37c87,MEASURED,1786752604329491000,lifecycle,aegis_key_registry,ML-DSA-65,role_authorization_check,registry1,0,205,10,42,0,7094272,true,authorized,1,0,0,0,0,0,0,0,0,0,
local-1786752604326628000,macmini-m2-macos26.5.2-rust1.97.1-aarch64-20260814,9d3ab807a08ef4cf1077dbc23213e2314ce37c87,MEASURED,1786752604329492000,lifecycle,aegis_key_registry,ML-DSA-65,active_key_check,registry1,0,205,10,42,1000,7094272,true,active,1,0,0,0,0,0,0,0,0,0,
local-1786752604326628000,macmini-m2-macos26.5.2-rust1.97.1-aarch64-20260814,9d3ab807a08ef4cf1077dbc23213e2314ce37c87,MEASURED,1786752604329494000,lifecycle,aegis_key_registry,ML-DSA-65,revocation_check,registry1,0,205,10,42,0,7094272,true,not_revoked,1,0,0,0,0,0,0,0,0,0,
local-1786752604326628000,macmini-m2-macos26.5.2-rust1.97.1-aarch64-20260814,9d3ab807a08ef4cf1077dbc23213e2314ce37c87,MEASURED,1786752604329496000,lifecycle,aegis_key_registry,ML-DSA-65,public_key_lookup,registry1,0,206,10,167,0,7094272,true,found,1,0,1952,0,0,0,0,0,0,0,
local-1786752604326628000,macmini-m2-macos26.5.2-rust1.97.1-aarch64-20260814,9d3ab807a08ef4cf1077dbc23213e2314ce37c87,MEASURED,1786752604329497000,lifecycle,aegis_key_registry,ML-DSA-65,role_authorization_check,registry1,0,206,10,42,0,7094272,true,authorized,1,0,0,0,0,0,0,0,0,0,
local-1786752604326628000,macmini-m2-macos26.5.2-rust1.97.1-aarch64-20260814,9d3ab807a08ef4cf1077dbc23213e2314ce37c87,MEASURED,1786752604329499000,lifecycle,aegis_key_registry,ML-DSA-65,active_key_check,registry1,0,206,10,42,0,7094272,true,active,1,0,0,0,0,0,0,0,0,0,
local-1786752604326628000,macmini-m2-macos26.5.2-rust1.97.1-aarch64-20260814,9d3ab807a08ef4cf1077dbc23213e2314ce37c87,MEASURED,1786752604329500000,lifecycle,aegis_key_registry,ML-DSA-65,revocation_check,registry1,0,206,10,42,0,7094272,true,not_revoked,1,0,0,0,0,0,0,0,0,0,
local-1786752604326628000,macmini-m2-macos26.5.2-rust1.97.1-aarch64-20260814,9d3ab807a08ef4cf1077dbc23213e2314ce37c87,MEASURED,1786752604329502000,lifecycle,aegis_key_registry,ML-DSA-65,public_key_lookup,registry1,0,207,10,167,0,7094272,true,found,1,0,1952,0,0,0,0,0,0,0,
local-1786752604326628000,macmini-m2-macos26.5.2-rust1.97.1-aarch64-20260814,9d3ab807a08ef4cf1077dbc23213e2314ce37c87,MEASURED,1786752604329504000,lifecycle,aegis_key_registry,ML-DSA-65,role_authorization_check,registry1,0,207,10,42,0,7094272,true,authorized,1,0,0,0,0,0,0,0,0,0,
local-1786752604326628000,macmini-m2-macos26.5.2-rust1.97.1-aarch64-20260814,9d3ab807a08ef4cf1077dbc23213e2314ce37c87,MEASURED,1786752604329506000,lifecycle,aegis_key_registry,ML-DSA-65,active_key_check,registry1,0,207,10,42,0,7094272,true,active,1,0,0,0,0,0,0,0,0,0,
local-1786752604326628000,macmini-m2-macos26.5.2-rust1.97.1-aarch64-20260814,9d3ab807a08ef4cf1077dbc23213e2314ce37c87,MEASURED,1786752604329507000,lifecycle,aegis_key_registry,ML-DSA-65,revocation_check,registry1,0,207,10,42,0,7094272,true,not_revoked,1,0,0,0,0,0,0,0,0,0,
local-1786752604326628000,macmini-m2-macos26.5.2-rust1.97.1-aarch64-20260814,9d3ab807a08ef4cf1077dbc23213e2314ce37c87,MEASURED,1786752604329509000,lifecycle,aegis_key_registry,ML-DSA-65,public_key_lookup,registry1,0,208,10,167,0,7094272,true,found,1,0,1952,0,0,0,0,0,0,0,
local-1786752604326628000,macmini-m2-macos26.5.2-rust1.97.1-aarch64-20260814,9d3ab807a08ef4cf1077dbc23213e2314ce37c87,MEASURED,1786752604329511000,lifecycle,aegis_key_registry,ML-DSA-65,role_authorization_check,registry1,0,208,10,42,0,7094272,true,authorized,1,0,0,0,0,0,0,0,0,0,
local-1786752604326628000,macmini-m2-macos26.5.2-rust1.97.1-aarch64-20260814,9d3ab807a08ef4cf1077dbc23213e2314ce37c87,MEASURED,1786752604329512000,lifecycle,aegis_key_registry,ML-DSA-65,active_key_check,registry1,0,208,10,42,0,7094272,true,active,1,0,0,0,0,0,0,0,0,0,
local-1786752604326628000,macmini-m2-macos26.5.2-rust1.97.1-aarch64-20260814,9d3ab807a08ef4cf1077dbc23213e2314ce37c87,MEASURED,1786752604329514000,lifecycle,aegis_key_registry,ML-DSA-65,revocation_check,registry1,0,208,10,41,1000,7094272,true,not_revoked,1,0,0,0,0,0,0,0,0,0,
local-1786752604326628000,macmini-m2-macos26.5.2-rust1.97.1-aarch64-20260814,9d3ab807a08ef4cf1077dbc23213e2314ce37c87,MEASURED,1786752604329515000,lifecycle,aegis_key_registry,ML-DSA-65,public_key_lookup,registry1,0,209,10,167,0,7094272,true,found,1,0,1952,0,0,0,0,0,0,0,
local-1786752604326628000,macmini-m2-macos26.5.2-rust1.97.1-aarch64-20260814,9d3ab807a08ef4cf1077dbc23213e2314ce37c87,MEASURED,1786752604329517000,lifecycle,aegis_key_registry,ML-DSA-65,role_authorization_check,registry1,0,209,10,42,0,7094272,true,authorized,1,0,0,0,0,0,0,0,0,0,
local-1786752604326628000,macmini-m2-macos26.5.2-rust1.97.1-aarch64-20260814,9d3ab807a08ef4cf1077dbc23213e2314ce37c87,MEASURED,1786752604329519000,lifecycle,aegis_key_registry,ML-DSA-65,active_key_check,registry1,0,209,10,42,1000,7094272,true,active,1,0,0,0,0,0,0,0,0,0,
local-1786752604326628000,macmini-m2-macos26.5.2-rust1.97.1-aarch64-20260814,9d3ab807a08ef4cf1077dbc23213e2314ce37c87,MEASURED,1786752604329520000,lifecycle,aegis_key_registry,ML-DSA-65,revocation_check,registry1,0,209,10,42,0,7094272,true,not_revoked,1,0,0,0,0,0,0,0,0,0,
local-1786752604326628000,macmini-m2-macos26.5.2-rust1.97.1-aarch64-20260814,9d3ab807a08ef4cf1077dbc23213e2314ce37c87,MEASURED,1786752604329522000,lifecycle,aegis_key_registry,ML-DSA-65,public_key_lookup,registry1,0,210,10,167,0,7094272,true,found,1,0,1952,0,0,0,0,0,0,0,
local-1786752604326628000,macmini-m2-macos26.5.2-rust1.97.1-aarch64-20260814,9d3ab807a08ef4cf1077dbc23213e2314ce37c87,MEASURED,1786752604329524000,lifecycle,aegis_key_registry,ML-DSA-65,role_authorization_check,registry1,0,210,10,41,1000,7094272,true,authorized,1,0,0,0,0,0,0,0,0,0,
local-1786752604326628000,macmini-m2-macos26.5.2-rust1.97.1-aarch64-20260814,9d3ab807a08ef4cf1077dbc23213e2314ce37c87,MEASURED,1786752604329526000,lifecycle,aegis_key_registry,ML-DSA-65,active_key_check,registry1,0,210,10,167,1000,7094272,true,active,1,0,0,0,0,0,0,0,0,0,
local-1786752604326628000,macmini-m2-macos26.5.2-rust1.97.1-aarch64-20260814,9d3ab807a08ef4cf1077dbc23213e2314ce37c87,MEASURED,1786752604329527000,lifecycle,aegis_key_registry,ML-DSA-65,revocation_check,registry1,0,210,10,42,0,7094272,true,not_revoked,1,0,0,0,0,0,0,0,0,0,
local-1786752604326628000,macmini-m2-macos26.5.2-rust1.97.1-aarch64-20260814,9d3ab807a08ef4cf1077dbc23213e2314ce37c87,MEASURED,1786752604329529000,lifecycle,aegis_key_registry,ML-DSA-65,public_key_lookup,registry1,0,211,10,166,1000,7094272,true,found,1,0,1952,0,0,0,0,0,0,0,
local-1786752604326628000,macmini-m2-macos26.5.2-rust1.97.1-aarch64-20260814,9d3ab807a08ef4cf1077dbc23213e2314ce37c87,MEASURED,1786752604329531000,lifecycle,aegis_key_registry,ML-DSA-65,role_authorization_check,registry1,0,211,10,41,1000,7094272,true,authorized,1,0,0,0,0,0,0,0,0,0,
local-1786752604326628000,macmini-m2-macos26.5.2-rust1.97.1-aarch64-20260814,9d3ab807a08ef4cf1077dbc23213e2314ce37c87,MEASURED,1786752604329539000,lifecycle,aegis_key_registry,ML-DSA-65,active_key_check,registry1,0,211,10,41,0,7094272,true,active,1,0,0,0,0,0,0,0,0,0,
local-1786752604326628000,macmini-m2-macos26.5.2-rust1.97.1-aarch64-20260814,9d3ab807a08ef4cf1077dbc23213e2314ce37c87,MEASURED,1786752604329541000,lifecycle,aegis_key_registry,ML-DSA-65,revocation_check,registry1,0,211,10,42,0,7094272,true,not_revoked,1,0,0,0,0,0,0,0,0,0,
local-1786752604326628000,macmini-m2-macos26.5.2-rust1.97.1-aarch64-20260814,9d3ab807a08ef4cf1077dbc23213e2314ce37c87,MEASURED,1786752604329543000,lifecycle,aegis_key_registry,ML-DSA-65,public_key_lookup,registry1,0,212,10,208,0,7094272,true,found,1,0,1952,0,0,0,0,0,0,0,
local-1786752604326628000,macmini-m2-macos26.5.2-rust1.97.1-aarch64-20260814,9d3ab807a08ef4cf1077dbc23213e2314ce37c87,MEASURED,1786752604329544000,lifecycle,aegis_key_registry,ML-DSA-65,role_authorization_check,registry1,0,212,10,84,0,7094272,true,authorized,1,0,0,0,0,0,0,0,0,0,
local-1786752604326628000,macmini-m2-macos26.5.2-rust1.97.1-aarch64-20260814,9d3ab807a08ef4cf1077dbc23213e2314ce37c87,MEASURED,1786752604329546000,lifecycle,aegis_key_registry,ML-DSA-65,active_key_check,registry1,0,212,10,42,1000,7094272,true,active,1,0,0,0,0,0,0,0,0,0,
local-1786752604326628000,macmini-m2-macos26.5.2-rust1.97.1-aarch64-20260814,9d3ab807a08ef4cf1077dbc23213e2314ce37c87,MEASURED,1786752604329548000,lifecycle,aegis_key_registry,ML-DSA-65,revocation_check,registry1,0,212,10,42,0,7094272,true,not_revoked,1,0,0,0,0,0,0,0,0,0,
local-1786752604326628000,macmini-m2-macos26.5.2-rust1.97.1-aarch64-20260814,9d3ab807a08ef4cf1077dbc23213e2314ce37c87,MEASURED,1786752604329549000,lifecycle,aegis_key_registry,ML-DSA-65,public_key_lookup,registry1,0,213,10,166,0,7094272,true,found,1,0,1952,0,0,0,0,0,0,0,
local-1786752604326628000,macmini-m2-macos26.5.2-rust1.97.1-aarch64-20260814,9d3ab807a08ef4cf1077dbc23213e2314ce37c87,MEASURED,1786752604329551000,lifecycle,aegis_key_registry,ML-DSA-65,role_authorization_check,registry1,0,213,10,83,1000,7094272,true,authorized,1,0,0,0,0,0,0,0,0,0,
local-1786752604326628000,macmini-m2-macos26.5.2-rust1.97.1-aarch64-20260814,9d3ab807a08ef4cf1077dbc23213e2314ce37c87,MEASURED,1786752604329553000,lifecycle,aegis_key_registry,ML-DSA-65,active_key_check,registry1,0,213,10,42,1000,7094272,true,active,1,0,0,0,0,0,0,0,0,0,
local-1786752604326628000,macmini-m2-macos26.5.2-rust1.97.1-aarch64-20260814,9d3ab807a08ef4cf1077dbc23213e2314ce37c87,MEASURED,1786752604329554000,lifecycle,aegis_key_registry,ML-DSA-65,revocation_check,registry1,0,213,10,42,0,7094272,true,not_revoked,1,0,0,0,0,0,0,0,0,0,
local-1786752604326628000,macmini-m2-macos26.5.2-rust1.97.1-aarch64-20260814,9d3ab807a08ef4cf1077dbc23213e2314ce37c87,MEASURED,1786752604329556000,lifecycle,aegis_key_registry,ML-DSA-65,public_key_lookup,registry1,0,214,10,209,1000,7094272,true,found,1,0,1952,0,0,0,0,0,0,0,
local-1786752604326628000,macmini-m2-macos26.5.2-rust1.97.1-aarch64-20260814,9d3ab807a08ef4cf1077dbc23213e2314ce37c87,MEASURED,1786752604329558000,lifecycle,aegis_key_registry,ML-DSA-65,role_authorization_check,registry1,0,214,10,42,1000,7094272,true,authorized,1,0,0,0,0,0,0,0,0,0,
local-1786752604326628000,macmini-m2-macos26.5.2-rust1.97.1-aarch64-20260814,9d3ab807a08ef4cf1077dbc23213e2314ce37c87,MEASURED,1786752604329559000,lifecycle,aegis_key_registry,ML-DSA-65,active_key_check,registry1,0,214,10,41,0,7094272,true,active,1,0,0,0,0,0,0,0,0,0,
local-1786752604326628000,macmini-m2-macos26.5.2-rust1.97.1-aarch64-20260814,9d3ab807a08ef4cf1077dbc23213e2314ce37c87,MEASURED,1786752604329561000,lifecycle,aegis_key_registry,ML-DSA-65,revocation_check,registry1,0,214,10,42,0,7094272,true,not_revoked,1,0,0,0,0,0,0,0,0,0,
local-1786752604326628000,macmini-m2-macos26.5.2-rust1.97.1-aarch64-20260814,9d3ab807a08ef4cf1077dbc23213e2314ce37c87,MEASURED,1786752604329563000,lifecycle,aegis_key_registry,ML-DSA-65,public_key_lookup,registry1,0,215,10,209,1000,7094272,true,found,1,0,1952,0,0,0,0,0,0,0,
local-1786752604326628000,macmini-m2-macos26.5.2-rust1.97.1-aarch64-20260814,9d3ab807a08ef4cf1077dbc23213e2314ce37c87,MEASURED,1786752604329564000,lifecycle,aegis_key_registry,ML-DSA-65,role_authorization_check,registry1,0,215,10,42,0,7094272,true,authorized,1,0,0,0,0,0,0,0,0,0,
local-1786752604326628000,macmini-m2-macos26.5.2-rust1.97.1-aarch64-20260814,9d3ab807a08ef4cf1077dbc23213e2314ce37c87,MEASURED,1786752604329566000,lifecycle,aegis_key_registry,ML-DSA-65,active_key_check,registry1,0,215,10,42,0,7094272,true,active,1,0,0,0,0,0,0,0,0,0,
local-1786752604326628000,macmini-m2-macos26.5.2-rust1.97.1-aarch64-20260814,9d3ab807a08ef4cf1077dbc23213e2314ce37c87,MEASURED,1786752604329568000,lifecycle,aegis_key_registry,ML-DSA-65,revocation_check,registry1,0,215,10,41,1000,7094272,true,not_revoked,1,0,0,0,0,0,0,0,0,0,
local-1786752604326628000,macmini-m2-macos26.5.2-rust1.97.1-aarch64-20260814,9d3ab807a08ef4cf1077dbc23213e2314ce37c87,MEASURED,1786752604329569000,lifecycle,aegis_key_registry,ML-DSA-65,public_key_lookup,registry1,0,216,10,167,1000,7094272,true,found,1,0,1952,0,0,0,0,0,0,0,
local-1786752604326628000,macmini-m2-macos26.5.2-rust1.97.1-aarch64-20260814,9d3ab807a08ef4cf1077dbc23213e2314ce37c87,MEASURED,1786752604329571000,lifecycle,aegis_key_registry,ML-DSA-65,role_authorization_check,registry1,0,216,10,42,0,7094272,true,authorized,1,0,0,0,0,0,0,0,0,0,
local-1786752604326628000,macmini-m2-macos26.5.2-rust1.97.1-aarch64-20260814,9d3ab807a08ef4cf1077dbc23213e2314ce37c87,MEASURED,1786752604329573000,lifecycle,aegis_key_registry,ML-DSA-65,active_key_check,registry1,0,216,10,42,0,7094272,true,active,1,0,0,0,0,0,0,0,0,0,
local-1786752604326628000,macmini-m2-macos26.5.2-rust1.97.1-aarch64-20260814,9d3ab807a08ef4cf1077dbc23213e2314ce37c87,MEASURED,1786752604329574000,lifecycle,aegis_key_registry,ML-DSA-65,revocation_check,registry1,0,216,10,42,0,7094272,true,not_revoked,1,0,0,0,0,0,0,0,0,0,
local-1786752604326628000,macmini-m2-macos26.5.2-rust1.97.1-aarch64-20260814,9d3ab807a08ef4cf1077dbc23213e2314ce37c87,MEASURED,1786752604329576000,lifecycle,aegis_key_registry,ML-DSA-65,public_key_lookup,registry1,0,217,10,167,0,7094272,true,found,1,0,1952,0,0,0,0,0,0,0,
local-1786752604326628000,macmini-m2-macos26.5.2-rust1.97.1-aarch64-20260814,9d3ab807a08ef4cf1077dbc23213e2314ce37c87,MEASURED,1786752604329578000,lifecycle,aegis_key_registry,ML-DSA-65,role_authorization_check,registry1,0,217,10,42,0,7094272,true,authorized,1,0,0,0,0,0,0,0,0,0,
local-1786752604326628000,macmini-m2-macos26.5.2-rust1.97.1-aarch64-20260814,9d3ab807a08ef4cf1077dbc23213e2314ce37c87,MEASURED,1786752604329579000,lifecycle,aegis_key_registry,ML-DSA-65,active_key_check,registry1,0,217,10,42,0,7094272,true,active,1,0,0,0,0,0,0,0,0,0,
local-1786752604326628000,macmini-m2-macos26.5.2-rust1.97.1-aarch64-20260814,9d3ab807a08ef4cf1077dbc23213e2314ce37c87,MEASURED,1786752604329581000,lifecycle,aegis_key_registry,ML-DSA-65,revocation_check,registry1,0,217,10,42,0,7094272,true,not_revoked,1,0,0,0,0,0,0,0,0,0,
local-1786752604326628000,macmini-m2-macos26.5.2-rust1.97.1-aarch64-20260814,9d3ab807a08ef4cf1077dbc23213e2314ce37c87,MEASURED,1786752604329583000,lifecycle,aegis_key_registry,ML-DSA-65,public_key_lookup,registry1,0,218,10,166,0,7094272,true,found,1,0,1952,0,0,0,0,0,0,0,
local-1786752604326628000,macmini-m2-macos26.5.2-rust1.97.1-aarch64-20260814,9d3ab807a08ef4cf1077dbc23213e2314ce37c87,MEASURED,1786752604329584000,lifecycle,aegis_key_registry,ML-DSA-65,role_authorization_check,registry1,0,218,10,41,1000,7094272,true,authorized,1,0,0,0,0,0,0,0,0,0,
local-1786752604326628000,macmini-m2-macos26.5.2-rust1.97.1-aarch64-20260814,9d3ab807a08ef4cf1077dbc23213e2314ce37c87,MEASURED,1786752604329586000,lifecycle,aegis_key_registry,ML-DSA-65,active_key_check,registry1,0,218,10,42,0,7094272,true,active,1,0,0,0,0,0,0,0,0,0,
local-1786752604326628000,macmini-m2-macos26.5.2-rust1.97.1-aarch64-20260814,9d3ab807a08ef4cf1077dbc23213e2314ce37c87,MEASURED,1786752604329592000,lifecycle,aegis_key_registry,ML-DSA-65,revocation_check,registry1,0,218,10,83,1000,7094272,true,not_revoked,1,0,0,0,0,0,0,0,0,0,
local-1786752604326628000,macmini-m2-macos26.5.2-rust1.97.1-aarch64-20260814,9d3ab807a08ef4cf1077dbc23213e2314ce37c87,MEASURED,1786752604329594000,lifecycle,aegis_key_registry,ML-DSA-65,public_key_lookup,registry1,0,219,10,167,0,7094272,true,found,1,0,1952,0,0,0,0,0,0,0,
local-1786752604326628000,macmini-m2-macos26.5.2-rust1.97.1-aarch64-20260814,9d3ab807a08ef4cf1077dbc23213e2314ce37c87,MEASURED,1786752604329595000,lifecycle,aegis_key_registry,ML-DSA-65,role_authorization_check,registry1,0,219,10,42,0,7094272,true,authorized,1,0,0,0,0,0,0,0,0,0,
local-1786752604326628000,macmini-m2-macos26.5.2-rust1.97.1-aarch64-20260814,9d3ab807a08ef4cf1077dbc23213e2314ce37c87,MEASURED,1786752604329597000,lifecycle,aegis_key_registry,ML-DSA-65,active_key_check,registry1,0,219,10,84,2000,7094272,true,active,1,0,0,0,0,0,0,0,0,0,
local-1786752604326628000,macmini-m2-macos26.5.2-rust1.97.1-aarch64-20260814,9d3ab807a08ef4cf1077dbc23213e2314ce37c87,MEASURED,1786752604329599000,lifecycle,aegis_key_registry,ML-DSA-65,revocation_check,registry1,0,219,10,42,0,7094272,true,not_revoked,1,0,0,0,0,0,0,0,0,0,
local-1786752604326628000,macmini-m2-macos26.5.2-rust1.97.1-aarch64-20260814,9d3ab807a08ef4cf1077dbc23213e2314ce37c87,MEASURED,1786752604329601000,lifecycle,aegis_key_registry,ML-DSA-65,public_key_lookup,registry1,0,220,10,166,0,7094272,true,found,1,0,1952,0,0,0,0,0,0,0,
local-1786752604326628000,macmini-m2-macos26.5.2-rust1.97.1-aarch64-20260814,9d3ab807a08ef4cf1077dbc23213e2314ce37c87,MEASURED,1786752604329602000,lifecycle,aegis_key_registry,ML-DSA-65,role_authorization_check,registry1,0,220,10,41,2000,7094272,true,authorized,1,0,0,0,0,0,0,0,0,0,
local-1786752604326628000,macmini-m2-macos26.5.2-rust1.97.1-aarch64-20260814,9d3ab807a08ef4cf1077dbc23213e2314ce37c87,MEASURED,1786752604329604000,lifecycle,aegis_key_registry,ML-DSA-65,active_key_check,registry1,0,220,10,42,0,7094272,true,active,1,0,0,0,0,0,0,0,0,0,
local-1786752604326628000,macmini-m2-macos26.5.2-rust1.97.1-aarch64-20260814,9d3ab807a08ef4cf1077dbc23213e2314ce37c87,MEASURED,1786752604329606000,lifecycle,aegis_key_registry,ML-DSA-65,revocation_check,registry1,0,220,10,42,0,7094272,true,not_revoked,1,0,0,0,0,0,0,0,0,0,
local-1786752604326628000,macmini-m2-macos26.5.2-rust1.97.1-aarch64-20260814,9d3ab807a08ef4cf1077dbc23213e2314ce37c87,MEASURED,1786752604329607000,lifecycle,aegis_key_registry,ML-DSA-65,public_key_lookup,registry1,0,221,10,167,2000,7094272,true,found,1,0,1952,0,0,0,0,0,0,0,
local-1786752604326628000,macmini-m2-macos26.5.2-rust1.97.1-aarch64-20260814,9d3ab807a08ef4cf1077dbc23213e2314ce37c87,MEASURED,1786752604329609000,lifecycle,aegis_key_registry,ML-DSA-65,role_authorization_check,registry1,0,221,10,42,0,7094272,true,authorized,1,0,0,0,0,0,0,0,0,0,
local-1786752604326628000,macmini-m2-macos26.5.2-rust1.97.1-aarch64-20260814,9d3ab807a08ef4cf1077dbc23213e2314ce37c87,MEASURED,1786752604329611000,lifecycle,aegis_key_registry,ML-DSA-65,active_key_check,registry1,0,221,10,42,0,7094272,true,active,1,0,0,0,0,0,0,0,0,0,
local-1786752604326628000,macmini-m2-macos26.5.2-rust1.97.1-aarch64-20260814,9d3ab807a08ef4cf1077dbc23213e2314ce37c87,MEASURED,1786752604329612000,lifecycle,aegis_key_registry,ML-DSA-65,revocation_check,registry1,0,221,10,42,2000,7094272,true,not_revoked,1,0,0,0,0,0,0,0,0,0,
local-1786752604326628000,macmini-m2-macos26.5.2-rust1.97.1-aarch64-20260814,9d3ab807a08ef4cf1077dbc23213e2314ce37c87,MEASURED,1786752604329614000,lifecycle,aegis_key_registry,ML-DSA-65,public_key_lookup,registry1,0,222,10,125,0,7094272,true,found,1,0,1952,0,0,0,0,0,0,0,
local-1786752604326628000,macmini-m2-macos26.5.2-rust1.97.1-aarch64-20260814,9d3ab807a08ef4cf1077dbc23213e2314ce37c87,MEASURED,1786752604329616000,lifecycle,aegis_key_registry,ML-DSA-65,role_authorization_check,registry1,0,222,10,42,0,7094272,true,authorized,1,0,0,0,0,0,0,0,0,0,
local-1786752604326628000,macmini-m2-macos26.5.2-rust1.97.1-aarch64-20260814,9d3ab807a08ef4cf1077dbc23213e2314ce37c87,MEASURED,1786752604329617000,lifecycle,aegis_key_registry,ML-DSA-65,active_key_check,registry1,0,222,10,41,0,7094272,true,active,1,0,0,0,0,0,0,0,0,0,
local-1786752604326628000,macmini-m2-macos26.5.2-rust1.97.1-aarch64-20260814,9d3ab807a08ef4cf1077dbc23213e2314ce37c87,MEASURED,1786752604329619000,lifecycle,aegis_key_registry,ML-DSA-65,revocation_check,registry1,0,222,10,42,0,7094272,true,not_revoked,1,0,0,0,0,0,0,0,0,0,
local-1786752604326628000,macmini-m2-macos26.5.2-rust1.97.1-aarch64-20260814,9d3ab807a08ef4cf1077dbc23213e2314ce37c87,MEASURED,1786752604329621000,lifecycle,aegis_key_registry,ML-DSA-65,public_key_lookup,registry1,0,223,10,167,0,7094272,true,found,1,0,1952,0,0,0,0,0,0,0,
local-1786752604326628000,macmini-m2-macos26.5.2-rust1.97.1-aarch64-20260814,9d3ab807a08ef4cf1077dbc23213e2314ce37c87,MEASURED,1786752604329622000,lifecycle,aegis_key_registry,ML-DSA-65,role_authorization_check,registry1,0,223,10,42,0,7094272,true,authorized,1,0,0,0,0,0,0,0,0,0,
local-1786752604326628000,macmini-m2-macos26.5.2-rust1.97.1-aarch64-20260814,9d3ab807a08ef4cf1077dbc23213e2314ce37c87,MEASURED,1786752604329624000,lifecycle,aegis_key_registry,ML-DSA-65,active_key_check,registry1,0,223,10,42,0,7094272,true,active,1,0,0,0,0,0,0,0,0,0,
local-1786752604326628000,macmini-m2-macos26.5.2-rust1.97.1-aarch64-20260814,9d3ab807a08ef4cf1077dbc23213e2314ce37c87,MEASURED,1786752604329626000,lifecycle,aegis_key_registry,ML-DSA-65,revocation_check,registry1,0,223,10,42,0,7094272,true,not_revoked,1,0,0,0,0,0,0,0,0,0,
local-1786752604326628000,macmini-m2-macos26.5.2-rust1.97.1-aarch64-20260814,9d3ab807a08ef4cf1077dbc23213e2314ce37c87,MEASURED,1786752604329627000,lifecycle,aegis_key_registry,ML-DSA-65,public_key_lookup,registry1,0,224,10,167,1000,7094272,true,found,1,0,1952,0,0,0,0,0,0,0,
local-1786752604326628000,macmini-m2-macos26.5.2-rust1.97.1-aarch64-20260814,9d3ab807a08ef4cf1077dbc23213e2314ce37c87,MEASURED,1786752604329629000,lifecycle,aegis_key_registry,ML-DSA-65,role_authorization_check,registry1,0,224,10,42,0,7094272,true,authorized,1,0,0,0,0,0,0,0,0,0,
local-1786752604326628000,macmini-m2-macos26.5.2-rust1.97.1-aarch64-20260814,9d3ab807a08ef4cf1077dbc23213e2314ce37c87,MEASURED,1786752604329631000,lifecycle,aegis_key_registry,ML-DSA-65,active_key_check,registry1,0,224,10,42,0,7094272,true,active,1,0,0,0,0,0,0,0,0,0,
local-1786752604326628000,macmini-m2-macos26.5.2-rust1.97.1-aarch64-20260814,9d3ab807a08ef4cf1077dbc23213e2314ce37c87,MEASURED,1786752604329632000,lifecycle,aegis_key_registry,ML-DSA-65,revocation_check,registry1,0,224,10,42,0,7094272,true,not_revoked,1,0,0,0,0,0,0,0,0,0,
local-1786752604326628000,macmini-m2-macos26.5.2-rust1.97.1-aarch64-20260814,9d3ab807a08ef4cf1077dbc23213e2314ce37c87,MEASURED,1786752604329634000,lifecycle,aegis_key_registry,ML-DSA-65,public_key_lookup,registry1,0,225,10,167,0,7094272,true,found,1,0,1952,0,0,0,0,0,0,0,
local-1786752604326628000,macmini-m2-macos26.5.2-rust1.97.1-aarch64-20260814,9d3ab807a08ef4cf1077dbc23213e2314ce37c87,MEASURED,1786752604329636000,lifecycle,aegis_key_registry,ML-DSA-65,role_authorization_check,registry1,0,225,10,42,0,7094272,true,authorized,1,0,0,0,0,0,0,0,0,0,
local-1786752604326628000,macmini-m2-macos26.5.2-rust1.97.1-aarch64-20260814,9d3ab807a08ef4cf1077dbc23213e2314ce37c87,MEASURED,1786752604329637000,lifecycle,aegis_key_registry,ML-DSA-65,active_key_check,registry1,0,225,10,84,1000,7094272,true,active,1,0,0,0,0,0,0,0,0,0,
local-1786752604326628000,macmini-m2-macos26.5.2-rust1.97.1-aarch64-20260814,9d3ab807a08ef4cf1077dbc23213e2314ce37c87,MEASURED,1786752604329639000,lifecycle,aegis_key_registry,ML-DSA-65,revocation_check,registry1,0,225,10,42,0,7094272,true,not_revoked,1,0,0,0,0,0,0,0,0,0,
local-1786752604326628000,macmini-m2-macos26.5.2-rust1.97.1-aarch64-20260814,9d3ab807a08ef4cf1077dbc23213e2314ce37c87,MEASURED,1786752604329646000,lifecycle,aegis_key_registry,ML-DSA-65,public_key_lookup,registry1,0,226,10,208,1000,7094272,true,found,1,0,1952,0,0,0,0,0,0,0,
local-1786752604326628000,macmini-m2-macos26.5.2-rust1.97.1-aarch64-20260814,9d3ab807a08ef4cf1077dbc23213e2314ce37c87,MEASURED,1786752604329648000,lifecycle,aegis_key_registry,ML-DSA-65,role_authorization_check,registry1,0,226,10,41,0,7094272,true,authorized,1,0,0,0,0,0,0,0,0,0,
local-1786752604326628000,macmini-m2-macos26.5.2-rust1.97.1-aarch64-20260814,9d3ab807a08ef4cf1077dbc23213e2314ce37c87,MEASURED,1786752604329650000,lifecycle,aegis_key_registry,ML-DSA-65,active_key_check,registry1,0,226,10,42,0,7094272,true,active,1,0,0,0,0,0,0,0,0,0,
local-1786752604326628000,macmini-m2-macos26.5.2-rust1.97.1-aarch64-20260814,9d3ab807a08ef4cf1077dbc23213e2314ce37c87,MEASURED,1786752604329651000,lifecycle,aegis_key_registry,ML-DSA-65,revocation_check,registry1,0,226,10,42,0,7094272,true,not_revoked,1,0,0,0,0,0,0,0,0,0,
local-1786752604326628000,macmini-m2-macos26.5.2-rust1.97.1-aarch64-20260814,9d3ab807a08ef4cf1077dbc23213e2314ce37c87,MEASURED,1786752604329653000,lifecycle,aegis_key_registry,ML-DSA-65,public_key_lookup,registry1,0,227,10,167,0,7094272,true,found,1,0,1952,0,0,0,0,0,0,0,
local-1786752604326628000,macmini-m2-macos26.5.2-rust1.97.1-aarch64-20260814,9d3ab807a08ef4cf1077dbc23213e2314ce37c87,MEASURED,1786752604329655000,lifecycle,aegis_key_registry,ML-DSA-65,role_authorization_check,registry1,0,227,10,41,0,7094272,true,authorized,1,0,0,0,0,0,0,0,0,0,
local-1786752604326628000,macmini-m2-macos26.5.2-rust1.97.1-aarch64-20260814,9d3ab807a08ef4cf1077dbc23213e2314ce37c87,MEASURED,1786752604329656000,lifecycle,aegis_key_registry,ML-DSA-65,active_key_check,registry1,0,227,10,41,1000,7094272,true,active,1,0,0,0,0,0,0,0,0,0,
local-1786752604326628000,macmini-m2-macos26.5.2-rust1.97.1-aarch64-20260814,9d3ab807a08ef4cf1077dbc23213e2314ce37c87,MEASURED,1786752604329658000,lifecycle,aegis_key_registry,ML-DSA-65,revocation_check,registry1,0,227,10,42,0,7094272,true,not_revoked,1,0,0,0,0,0,0,0,0,0,
local-1786752604326628000,macmini-m2-macos26.5.2-rust1.97.1-aarch64-20260814,9d3ab807a08ef4cf1077dbc23213e2314ce37c87,MEASURED,1786752604329660000,lifecycle,aegis_key_registry,ML-DSA-65,public_key_lookup,registry1,0,228,10,167,1000,7094272,true,found,1,0,1952,0,0,0,0,0,0,0,
local-1786752604326628000,macmini-m2-macos26.5.2-rust1.97.1-aarch64-20260814,9d3ab807a08ef4cf1077dbc23213e2314ce37c87,MEASURED,1786752604329661000,lifecycle,aegis_key_registry,ML-DSA-65,role_authorization_check,registry1,0,228,10,41,1000,7094272,true,authorized,1,0,0,0,0,0,0,0,0,0,
local-1786752604326628000,macmini-m2-macos26.5.2-rust1.97.1-aarch64-20260814,9d3ab807a08ef4cf1077dbc23213e2314ce37c87,MEASURED,1786752604329663000,lifecycle,aegis_key_registry,ML-DSA-65,active_key_check,registry1,0,228,10,41,0,7094272,true,active,1,0,0,0,0,0,0,0,0,0,
local-1786752604326628000,macmini-m2-macos26.5.2-rust1.97.1-aarch64-20260814,9d3ab807a08ef4cf1077dbc23213e2314ce37c87,MEASURED,1786752604329665000,lifecycle,aegis_key_registry,ML-DSA-65,revocation_check,registry1,0,228,10,41,0,7094272,true,not_revoked,1,0,0,0,0,0,0,0,0,0,
local-1786752604326628000,macmini-m2-macos26.5.2-rust1.97.1-aarch64-20260814,9d3ab807a08ef4cf1077dbc23213e2314ce37c87,MEASURED,1786752604329666000,lifecycle,aegis_key_registry,ML-DSA-65,public_key_lookup,registry1,0,229,10,167,1000,7094272,true,found,1,0,1952,0,0,0,0,0,0,0,
local-1786752604326628000,macmini-m2-macos26.5.2-rust1.97.1-aarch64-20260814,9d3ab807a08ef4cf1077dbc23213e2314ce37c87,MEASURED,1786752604329668000,lifecycle,aegis_key_registry,ML-DSA-65,role_authorization_check,registry1,0,229,10,41,0,7094272,true,authorized,1,0,0,0,0,0,0,0,0,0,
local-1786752604326628000,macmini-m2-macos26.5.2-rust1.97.1-aarch64-20260814,9d3ab807a08ef4cf1077dbc23213e2314ce37c87,MEASURED,1786752604329670000,lifecycle,aegis_key_registry,ML-DSA-65,active_key_check,registry1,0,229,10,42,0,7094272,true,active,1,0,0,0,0,0,0,0,0,0,
local-1786752604326628000,macmini-m2-macos26.5.2-rust1.97.1-aarch64-20260814,9d3ab807a08ef4cf1077dbc23213e2314ce37c87,MEASURED,1786752604329671000,lifecycle,aegis_key_registry,ML-DSA-65,revocation_check,registry1,0,229,10,42,0,7094272,true,not_revoked,1,0,0,0,0,0,0,0,0,0,
local-1786752604326628000,macmini-m2-macos26.5.2-rust1.97.1-aarch64-20260814,9d3ab807a08ef4cf1077dbc23213e2314ce37c87,MEASURED,1786752604329673000,lifecycle,aegis_key_registry,ML-DSA-65,public_key_lookup,registry1,0,230,10,167,0,7094272,true,found,1,0,1952,0,0,0,0,0,0,0,
local-1786752604326628000,macmini-m2-macos26.5.2-rust1.97.1-aarch64-20260814,9d3ab807a08ef4cf1077dbc23213e2314ce37c87,MEASURED,1786752604329675000,lifecycle,aegis_key_registry,ML-DSA-65,role_authorization_check,registry1,0,230,10,42,1000,7094272,true,authorized,1,0,0,0,0,0,0,0,0,0,
local-1786752604326628000,macmini-m2-macos26.5.2-rust1.97.1-aarch64-20260814,9d3ab807a08ef4cf1077dbc23213e2314ce37c87,MEASURED,1786752604329676000,lifecycle,aegis_key_registry,ML-DSA-65,active_key_check,registry1,0,230,10,84,0,7094272,true,active,1,0,0,0,0,0,0,0,0,0,
local-1786752604326628000,macmini-m2-macos26.5.2-rust1.97.1-aarch64-20260814,9d3ab807a08ef4cf1077dbc23213e2314ce37c87,MEASURED,1786752604329678000,lifecycle,aegis_key_registry,ML-DSA-65,revocation_check,registry1,0,230,10,42,0,7094272,true,not_revoked,1,0,0,0,0,0,0,0,0,0,
local-1786752604326628000,macmini-m2-macos26.5.2-rust1.97.1-aarch64-20260814,9d3ab807a08ef4cf1077dbc23213e2314ce37c87,MEASURED,1786752604329680000,lifecycle,aegis_key_registry,ML-DSA-65,public_key_lookup,registry1,0,231,10,167,1000,7094272,true,found,1,0,1952,0,0,0,0,0,0,0,
local-1786752604326628000,macmini-m2-macos26.5.2-rust1.97.1-aarch64-20260814,9d3ab807a08ef4cf1077dbc23213e2314ce37c87,MEASURED,1786752604329681000,lifecycle,aegis_key_registry,ML-DSA-65,role_authorization_check,registry1,0,231,10,42,0,7094272,true,authorized,1,0,0,0,0,0,0,0,0,0,
local-1786752604326628000,macmini-m2-macos26.5.2-rust1.97.1-aarch64-20260814,9d3ab807a08ef4cf1077dbc23213e2314ce37c87,MEASURED,1786752604329683000,lifecycle,aegis_key_registry,ML-DSA-65,active_key_check,registry1,0,231,10,42,0,7094272,true,active,1,0,0,0,0,0,0,0,0,0,
local-1786752604326628000,macmini-m2-macos26.5.2-rust1.97.1-aarch64-20260814,9d3ab807a08ef4cf1077dbc23213e2314ce37c87,MEASURED,1786752604329685000,lifecycle,aegis_key_registry,ML-DSA-65,revocation_check,registry1,0,231,10,42,1000,7094272,true,not_revoked,1,0,0,0,0,0,0,0,0,0,
local-1786752604326628000,macmini-m2-macos26.5.2-rust1.97.1-aarch64-20260814,9d3ab807a08ef4cf1077dbc23213e2314ce37c87,MEASURED,1786752604329686000,lifecycle,aegis_key_registry,ML-DSA-65,public_key_lookup,registry1,0,232,10,166,0,7094272,true,found,1,0,1952,0,0,0,0,0,0,0,
local-1786752604326628000,macmini-m2-macos26.5.2-rust1.97.1-aarch64-20260814,9d3ab807a08ef4cf1077dbc23213e2314ce37c87,MEASURED,1786752604329688000,lifecycle,aegis_key_registry,ML-DSA-65,role_authorization_check,registry1,0,232,10,41,0,7094272,true,authorized,1,0,0,0,0,0,0,0,0,0,
local-1786752604326628000,macmini-m2-macos26.5.2-rust1.97.1-aarch64-20260814,9d3ab807a08ef4cf1077dbc23213e2314ce37c87,MEASURED,1786752604329690000,lifecycle,aegis_key_registry,ML-DSA-65,active_key_check,registry1,0,232,10,41,1000,7094272,true,active,1,0,0,0,0,0,0,0,0,0,
local-1786752604326628000,macmini-m2-macos26.5.2-rust1.97.1-aarch64-20260814,9d3ab807a08ef4cf1077dbc23213e2314ce37c87,MEASURED,1786752604329691000,lifecycle,aegis_key_registry,ML-DSA-65,revocation_check,registry1,0,232,10,41,0,7094272,true,not_revoked,1,0,0,0,0,0,0,0,0,0,
local-1786752604326628000,macmini-m2-macos26.5.2-rust1.97.1-aarch64-20260814,9d3ab807a08ef4cf1077dbc23213e2314ce37c87,MEASURED,1786752604329693000,lifecycle,aegis_key_registry,ML-DSA-65,public_key_lookup,registry1,0,233,10,166,0,7094272,true,found,1,0,1952,0,0,0,0,0,0,0,
local-1786752604326628000,macmini-m2-macos26.5.2-rust1.97.1-aarch64-20260814,9d3ab807a08ef4cf1077dbc23213e2314ce37c87,MEASURED,1786752604329699000,lifecycle,aegis_key_registry,ML-DSA-65,role_authorization_check,registry1,0,233,10,84,0,7094272,true,authorized,1,0,0,0,0,0,0,0,0,0,
local-1786752604326628000,macmini-m2-macos26.5.2-rust1.97.1-aarch64-20260814,9d3ab807a08ef4cf1077dbc23213e2314ce37c87,MEASURED,1786752604329701000,lifecycle,aegis_key_registry,ML-DSA-65,active_key_check,registry1,0,233,10,83,0,7094272,true,active,1,0,0,0,0,0,0,0,0,0,
local-1786752604326628000,macmini-m2-macos26.5.2-rust1.97.1-aarch64-20260814,9d3ab807a08ef4cf1077dbc23213e2314ce37c87,MEASURED,1786752604329702000,lifecycle,aegis_key_registry,ML-DSA-65,revocation_check,registry1,0,233,10,41,1000,7094272,true,not_revoked,1,0,0,0,0,0,0,0,0,0,
local-1786752604326628000,macmini-m2-macos26.5.2-rust1.97.1-aarch64-20260814,9d3ab807a08ef4cf1077dbc23213e2314ce37c87,MEASURED,1786752604329704000,lifecycle,aegis_key_registry,ML-DSA-65,public_key_lookup,registry1,0,234,10,167,0,7094272,true,found,1,0,1952,0,0,0,0,0,0,0,
local-1786752604326628000,macmini-m2-macos26.5.2-rust1.97.1-aarch64-20260814,9d3ab807a08ef4cf1077dbc23213e2314ce37c87,MEASURED,1786752604329706000,lifecycle,aegis_key_registry,ML-DSA-65,role_authorization_check,registry1,0,234,10,42,0,7094272,true,authorized,1,0,0,0,0,0,0,0,0,0,
local-1786752604326628000,macmini-m2-macos26.5.2-rust1.97.1-aarch64-20260814,9d3ab807a08ef4cf1077dbc23213e2314ce37c87,MEASURED,1786752604329707000,lifecycle,aegis_key_registry,ML-DSA-65,active_key_check,registry1,0,234,10,41,1000,7094272,true,active,1,0,0,0,0,0,0,0,0,0,
local-1786752604326628000,macmini-m2-macos26.5.2-rust1.97.1-aarch64-20260814,9d3ab807a08ef4cf1077dbc23213e2314ce37c87,MEASURED,1786752604329709000,lifecycle,aegis_key_registry,ML-DSA-65,revocation_check,registry1,0,234,10,42,0,7094272,true,not_revoked,1,0,0,0,0,0,0,0,0,0,
local-1786752604326628000,macmini-m2-macos26.5.2-rust1.97.1-aarch64-20260814,9d3ab807a08ef4cf1077dbc23213e2314ce37c87,MEASURED,1786752604329711000,lifecycle,aegis_key_registry,ML-DSA-65,public_key_lookup,registry1,0,235,10,167,0,7094272,true,found,1,0,1952,0,0,0,0,0,0,0,
local-1786752604326628000,macmini-m2-macos26.5.2-rust1.97.1-aarch64-20260814,9d3ab807a08ef4cf1077dbc23213e2314ce37c87,MEASURED,1786752604329712000,lifecycle,aegis_key_registry,ML-DSA-65,role_authorization_check,registry1,0,235,10,41,1000,7094272,true,authorized,1,0,0,0,0,0,0,0,0,0,
local-1786752604326628000,macmini-m2-macos26.5.2-rust1.97.1-aarch64-20260814,9d3ab807a08ef4cf1077dbc23213e2314ce37c87,MEASURED,1786752604329714000,lifecycle,aegis_key_registry,ML-DSA-65,active_key_check,registry1,0,235,10,41,0,7094272,true,active,1,0,0,0,0,0,0,0,0,0,
local-1786752604326628000,macmini-m2-macos26.5.2-rust1.97.1-aarch64-20260814,9d3ab807a08ef4cf1077dbc23213e2314ce37c87,MEASURED,1786752604329716000,lifecycle,aegis_key_registry,ML-DSA-65,revocation_check,registry1,0,235,10,42,0,7094272,true,not_revoked,1,0,0,0,0,0,0,0,0,0,
local-1786752604326628000,macmini-m2-macos26.5.2-rust1.97.1-aarch64-20260814,9d3ab807a08ef4cf1077dbc23213e2314ce37c87,MEASURED,1786752604329717000,lifecycle,aegis_key_registry,ML-DSA-65,public_key_lookup,registry1,0,236,10,166,1000,7094272,true,found,1,0,1952,0,0,0,0,0,0,0,
local-1786752604326628000,macmini-m2-macos26.5.2-rust1.97.1-aarch64-20260814,9d3ab807a08ef4cf1077dbc23213e2314ce37c87,MEASURED,1786752604329719000,lifecycle,aegis_key_registry,ML-DSA-65,role_authorization_check,registry1,0,236,10,41,0,7094272,true,authorized,1,0,0,0,0,0,0,0,0,0,
local-1786752604326628000,macmini-m2-macos26.5.2-rust1.97.1-aarch64-20260814,9d3ab807a08ef4cf1077dbc23213e2314ce37c87,MEASURED,1786752604329721000,lifecycle,aegis_key_registry,ML-DSA-65,active_key_check,registry1,0,236,10,41,0,7094272,true,active,1,0,0,0,0,0,0,0,0,0,
local-1786752604326628000,macmini-m2-macos26.5.2-rust1.97.1-aarch64-20260814,9d3ab807a08ef4cf1077dbc23213e2314ce37c87,MEASURED,1786752604329722000,lifecycle,aegis_key_registry,ML-DSA-65,revocation_check,registry1,0,236,10,41,1000,7094272,true,not_revoked,1,0,0,0,0,0,0,0,0,0,
local-1786752604326628000,macmini-m2-macos26.5.2-rust1.97.1-aarch64-20260814,9d3ab807a08ef4cf1077dbc23213e2314ce37c87,MEASURED,1786752604329724000,lifecycle,aegis_key_registry,ML-DSA-65,public_key_lookup,registry1,0,237,10,166,0,7094272,true,found,1,0,1952,0,0,0,0,0,0,0,
local-1786752604326628000,macmini-m2-macos26.5.2-rust1.97.1-aarch64-20260814,9d3ab807a08ef4cf1077dbc23213e2314ce37c87,MEASURED,1786752604329726000,lifecycle,aegis_key_registry,ML-DSA-65,role_authorization_check,registry1,0,237,10,0,0,7094272,true,authorized,1,0,0,0,0,0,0,0,0,0,
local-1786752604326628000,macmini-m2-macos26.5.2-rust1.97.1-aarch64-20260814,9d3ab807a08ef4cf1077dbc23213e2314ce37c87,MEASURED,1786752604329727000,lifecycle,aegis_key_registry,ML-DSA-65,active_key_check,registry1,0,237,10,42,1000,7094272,true,active,1,0,0,0,0,0,0,0,0,0,
local-1786752604326628000,macmini-m2-macos26.5.2-rust1.97.1-aarch64-20260814,9d3ab807a08ef4cf1077dbc23213e2314ce37c87,MEASURED,1786752604329729000,lifecycle,aegis_key_registry,ML-DSA-65,revocation_check,registry1,0,237,10,42,0,7094272,true,not_revoked,1,0,0,0,0,0,0,0,0,0,
local-1786752604326628000,macmini-m2-macos26.5.2-rust1.97.1-aarch64-20260814,9d3ab807a08ef4cf1077dbc23213e2314ce37c87,MEASURED,1786752604329731000,lifecycle,aegis_key_registry,ML-DSA-65,public_key_lookup,registry1,0,238,10,167,1000,7094272,true,found,1,0,1952,0,0,0,0,0,0,0,
local-1786752604326628000,macmini-m2-macos26.5.2-rust1.97.1-aarch64-20260814,9d3ab807a08ef4cf1077dbc23213e2314ce37c87,MEASURED,1786752604329732000,lifecycle,aegis_key_registry,ML-DSA-65,role_authorization_check,registry1,0,238,10,41,0,7094272,true,authorized,1,0,0,0,0,0,0,0,0,0,
local-1786752604326628000,macmini-m2-macos26.5.2-rust1.97.1-aarch64-20260814,9d3ab807a08ef4cf1077dbc23213e2314ce37c87,MEASURED,1786752604329734000,lifecycle,aegis_key_registry,ML-DSA-65,active_key_check,registry1,0,238,10,42,0,7094272,true,active,1,0,0,0,0,0,0,0,0,0,
local-1786752604326628000,macmini-m2-macos26.5.2-rust1.97.1-aarch64-20260814,9d3ab807a08ef4cf1077dbc23213e2314ce37c87,MEASURED,1786752604329736000,lifecycle,aegis_key_registry,ML-DSA-65,revocation_check,registry1,0,238,10,42,0,7094272,true,not_revoked,1,0,0,0,0,0,0,0,0,0,
local-1786752604326628000,macmini-m2-macos26.5.2-rust1.97.1-aarch64-20260814,9d3ab807a08ef4cf1077dbc23213e2314ce37c87,MEASURED,1786752604329737000,lifecycle,aegis_key_registry,ML-DSA-65,public_key_lookup,registry1,0,239,10,167,0,7094272,true,found,1,0,1952,0,0,0,0,0,0,0,
local-1786752604326628000,macmini-m2-macos26.5.2-rust1.97.1-aarch64-20260814,9d3ab807a08ef4cf1077dbc23213e2314ce37c87,MEASURED,1786752604329739000,lifecycle,aegis_key_registry,ML-DSA-65,role_authorization_check,registry1,0,239,10,41,0,7094272,true,authorized,1,0,0,0,0,0,0,0,0,0,
local-1786752604326628000,macmini-m2-macos26.5.2-rust1.97.1-aarch64-20260814,9d3ab807a08ef4cf1077dbc23213e2314ce37c87,MEASURED,1786752604329741000,lifecycle,aegis_key_registry,ML-DSA-65,active_key_check,registry1,0,239,10,41,0,7094272,true,active,1,0,0,0,0,0,0,0,0,0,
local-1786752604326628000,macmini-m2-macos26.5.2-rust1.97.1-aarch64-20260814,9d3ab807a08ef4cf1077dbc23213e2314ce37c87,MEASURED,1786752604329742000,lifecycle,aegis_key_registry,ML-DSA-65,revocation_check,registry1,0,239,10,0,1000,7094272,true,not_revoked,1,0,0,0,0,0,0,0,0,0,
local-1786752604326628000,macmini-m2-macos26.5.2-rust1.97.1-aarch64-20260814,9d3ab807a08ef4cf1077dbc23213e2314ce37c87,MEASURED,1786752604329744000,lifecycle,aegis_key_registry,ML-DSA-65,public_key_lookup,registry1,0,240,10,167,0,7094272,true,found,1,0,1952,0,0,0,0,0,0,0,
local-1786752604326628000,macmini-m2-macos26.5.2-rust1.97.1-aarch64-20260814,9d3ab807a08ef4cf1077dbc23213e2314ce37c87,MEASURED,1786752604329746000,lifecycle,aegis_key_registry,ML-DSA-65,role_authorization_check,registry1,0,240,10,42,1000,7094272,true,authorized,1,0,0,0,0,0,0,0,0,0,
local-1786752604326628000,macmini-m2-macos26.5.2-rust1.97.1-aarch64-20260814,9d3ab807a08ef4cf1077dbc23213e2314ce37c87,MEASURED,1786752604329753000,lifecycle,aegis_key_registry,ML-DSA-65,active_key_check,registry1,0,240,10,84,0,7094272,true,active,1,0,0,0,0,0,0,0,0,0,
local-1786752604326628000,macmini-m2-macos26.5.2-rust1.97.1-aarch64-20260814,9d3ab807a08ef4cf1077dbc23213e2314ce37c87,MEASURED,1786752604329754000,lifecycle,aegis_key_registry,ML-DSA-65,revocation_check,registry1,0,240,10,41,1000,7094272,true,not_revoked,1,0,0,0,0,0,0,0,0,0,
local-1786752604326628000,macmini-m2-macos26.5.2-rust1.97.1-aarch64-20260814,9d3ab807a08ef4cf1077dbc23213e2314ce37c87,MEASURED,1786752604329756000,lifecycle,aegis_key_registry,ML-DSA-65,public_key_lookup,registry1,0,241,10,208,0,7094272,true,found,1,0,1952,0,0,0,0,0,0,0,
local-1786752604326628000,macmini-m2-macos26.5.2-rust1.97.1-aarch64-20260814,9d3ab807a08ef4cf1077dbc23213e2314ce37c87,MEASURED,1786752604329758000,lifecycle,aegis_key_registry,ML-DSA-65,role_authorization_check,registry1,0,241,10,42,0,7094272,true,authorized,1,0,0,0,0,0,0,0,0,0,
local-1786752604326628000,macmini-m2-macos26.5.2-rust1.97.1-aarch64-20260814,9d3ab807a08ef4cf1077dbc23213e2314ce37c87,MEASURED,1786752604329759000,lifecycle,aegis_key_registry,ML-DSA-65,active_key_check,registry1,0,241,10,42,0,7094272,true,active,1,0,0,0,0,0,0,0,0,0,
local-1786752604326628000,macmini-m2-macos26.5.2-rust1.97.1-aarch64-20260814,9d3ab807a08ef4cf1077dbc23213e2314ce37c87,MEASURED,1786752604329761000,lifecycle,aegis_key_registry,ML-DSA-65,revocation_check,registry1,0,241,10,42,0,7094272,true,not_revoked,1,0,0,0,0,0,0,0,0,0,
local-1786752604326628000,macmini-m2-macos26.5.2-rust1.97.1-aarch64-20260814,9d3ab807a08ef4cf1077dbc23213e2314ce37c87,MEASURED,1786752604329763000,lifecycle,aegis_key_registry,ML-DSA-65,public_key_lookup,registry1,0,242,10,125,0,7094272,true,found,1,0,1952,0,0,0,0,0,0,0,
local-1786752604326628000,macmini-m2-macos26.5.2-rust1.97.1-aarch64-20260814,9d3ab807a08ef4cf1077dbc23213e2314ce37c87,MEASURED,1786752604329764000,lifecycle,aegis_key_registry,ML-DSA-65,role_authorization_check,registry1,0,242,10,42,0,7094272,true,authorized,1,0,0,0,0,0,0,0,0,0,
local-1786752604326628000,macmini-m2-macos26.5.2-rust1.97.1-aarch64-20260814,9d3ab807a08ef4cf1077dbc23213e2314ce37c87,MEASURED,1786752604329766000,lifecycle,aegis_key_registry,ML-DSA-65,active_key_check,registry1,0,242,10,42,0,7094272,true,active,1,0,0,0,0,0,0,0,0,0,
local-1786752604326628000,macmini-m2-macos26.5.2-rust1.97.1-aarch64-20260814,9d3ab807a08ef4cf1077dbc23213e2314ce37c87,MEASURED,1786752604329768000,lifecycle,aegis_key_registry,ML-DSA-65,revocation_check,registry1,0,242,10,42,0,7094272,true,not_revoked,1,0,0,0,0,0,0,0,0,0,
local-1786752604326628000,macmini-m2-macos26.5.2-rust1.97.1-aarch64-20260814,9d3ab807a08ef4cf1077dbc23213e2314ce37c87,MEASURED,1786752604329769000,lifecycle,aegis_key_registry,ML-DSA-65,public_key_lookup,registry1,0,243,10,167,1000,7094272,true,found,1,0,1952,0,0,0,0,0,0,0,
local-1786752604326628000,macmini-m2-macos26.5.2-rust1.97.1-aarch64-20260814,9d3ab807a08ef4cf1077dbc23213e2314ce37c87,MEASURED,1786752604329771000,lifecycle,aegis_key_registry,ML-DSA-65,role_authorization_check,registry1,0,243,10,42,0,7094272,true,authorized,1,0,0,0,0,0,0,0,0,0,
local-1786752604326628000,macmini-m2-macos26.5.2-rust1.97.1-aarch64-20260814,9d3ab807a08ef4cf1077dbc23213e2314ce37c87,MEASURED,1786752604329773000,lifecycle,aegis_key_registry,ML-DSA-65,active_key_check,registry1,0,243,10,42,0,7094272,true,active,1,0,0,0,0,0,0,0,0,0,
local-1786752604326628000,macmini-m2-macos26.5.2-rust1.97.1-aarch64-20260814,9d3ab807a08ef4cf1077dbc23213e2314ce37c87,MEASURED,1786752604329774000,lifecycle,aegis_key_registry,ML-DSA-65,revocation_check,registry1,0,243,10,42,1000,7094272,true,not_revoked,1,0,0,0,0,0,0,0,0,0,
local-1786752604326628000,macmini-m2-macos26.5.2-rust1.97.1-aarch64-20260814,9d3ab807a08ef4cf1077dbc23213e2314ce37c87,MEASURED,1786752604329776000,lifecycle,aegis_key_registry,ML-DSA-65,public_key_lookup,registry1,0,244,10,167,0,7094272,true,found,1,0,1952,0,0,0,0,0,0,0,
local-1786752604326628000,macmini-m2-macos26.5.2-rust1.97.1-aarch64-20260814,9d3ab807a08ef4cf1077dbc23213e2314ce37c87,MEASURED,1786752604329778000,lifecycle,aegis_key_registry,ML-DSA-65,role_authorization_check,registry1,0,244,10,42,0,7094272,true,authorized,1,0,0,0,0,0,0,0,0,0,
local-1786752604326628000,macmini-m2-macos26.5.2-rust1.97.1-aarch64-20260814,9d3ab807a08ef4cf1077dbc23213e2314ce37c87,MEASURED,1786752604329779000,lifecycle,aegis_key_registry,ML-DSA-65,active_key_check,registry1,0,244,10,42,1000,7094272,true,active,1,0,0,0,0,0,0,0,0,0,
local-1786752604326628000,macmini-m2-macos26.5.2-rust1.97.1-aarch64-20260814,9d3ab807a08ef4cf1077dbc23213e2314ce37c87,MEASURED,1786752604329781000,lifecycle,aegis_key_registry,ML-DSA-65,revocation_check,registry1,0,244,10,42,0,7094272,true,not_revoked,1,0,0,0,0,0,0,0,0,0,
local-1786752604326628000,macmini-m2-macos26.5.2-rust1.97.1-aarch64-20260814,9d3ab807a08ef4cf1077dbc23213e2314ce37c87,MEASURED,1786752604329783000,lifecycle,aegis_key_registry,ML-DSA-65,public_key_lookup,registry1,0,245,10,167,0,7094272,true,found,1,0,1952,0,0,0,0,0,0,0,
local-1786752604326628000,macmini-m2-macos26.5.2-rust1.97.1-aarch64-20260814,9d3ab807a08ef4cf1077dbc23213e2314ce37c87,MEASURED,1786752604329784000,lifecycle,aegis_key_registry,ML-DSA-65,role_authorization_check,registry1,0,245,10,42,1000,7094272,true,authorized,1,0,0,0,0,0,0,0,0,0,
local-1786752604326628000,macmini-m2-macos26.5.2-rust1.97.1-aarch64-20260814,9d3ab807a08ef4cf1077dbc23213e2314ce37c87,MEASURED,1786752604329786000,lifecycle,aegis_key_registry,ML-DSA-65,active_key_check,registry1,0,245,10,42,0,7094272,true,active,1,0,0,0,0,0,0,0,0,0,
local-1786752604326628000,macmini-m2-macos26.5.2-rust1.97.1-aarch64-20260814,9d3ab807a08ef4cf1077dbc23213e2314ce37c87,MEASURED,1786752604329787000,lifecycle,aegis_key_registry,ML-DSA-65,revocation_check,registry1,0,245,10,41,0,7094272,true,not_revoked,1,0,0,0,0,0,0,0,0,0,
local-1786752604326628000,macmini-m2-macos26.5.2-rust1.97.1-aarch64-20260814,9d3ab807a08ef4cf1077dbc23213e2314ce37c87,MEASURED,1786752604329789000,lifecycle,aegis_key_registry,ML-DSA-65,public_key_lookup,registry1,0,246,10,167,2000,7094272,true,found,1,0,1952,0,0,0,0,0,0,0,
local-1786752604326628000,macmini-m2-macos26.5.2-rust1.97.1-aarch64-20260814,9d3ab807a08ef4cf1077dbc23213e2314ce37c87,MEASURED,1786752604329791000,lifecycle,aegis_key_registry,ML-DSA-65,role_authorization_check,registry1,0,246,10,41,0,7094272,true,authorized,1,0,0,0,0,0,0,0,0,0,
local-1786752604326628000,macmini-m2-macos26.5.2-rust1.97.1-aarch64-20260814,9d3ab807a08ef4cf1077dbc23213e2314ce37c87,MEASURED,1786752604329793000,lifecycle,aegis_key_registry,ML-DSA-65,active_key_check,registry1,0,246,10,41,0,7094272,true,active,1,0,0,0,0,0,0,0,0,0,
local-1786752604326628000,macmini-m2-macos26.5.2-rust1.97.1-aarch64-20260814,9d3ab807a08ef4cf1077dbc23213e2314ce37c87,MEASURED,1786752604329794000,lifecycle,aegis_key_registry,ML-DSA-65,revocation_check,registry1,0,246,10,42,2000,7094272,true,not_revoked,1,0,0,0,0,0,0,0,0,0,
local-1786752604326628000,macmini-m2-macos26.5.2-rust1.97.1-aarch64-20260814,9d3ab807a08ef4cf1077dbc23213e2314ce37c87,MEASURED,1786752604329796000,lifecycle,aegis_key_registry,ML-DSA-65,public_key_lookup,registry1,0,247,10,166,0,7094272,true,found,1,0,1952,0,0,0,0,0,0,0,
local-1786752604326628000,macmini-m2-macos26.5.2-rust1.97.1-aarch64-20260814,9d3ab807a08ef4cf1077dbc23213e2314ce37c87,MEASURED,1786752604329798000,lifecycle,aegis_key_registry,ML-DSA-65,role_authorization_check,registry1,0,247,10,42,0,7094272,true,authorized,1,0,0,0,0,0,0,0,0,0,
local-1786752604326628000,macmini-m2-macos26.5.2-rust1.97.1-aarch64-20260814,9d3ab807a08ef4cf1077dbc23213e2314ce37c87,MEASURED,1786752604329799000,lifecycle,aegis_key_registry,ML-DSA-65,active_key_check,registry1,0,247,10,42,1000,7094272,true,active,1,0,0,0,0,0,0,0,0,0,
local-1786752604326628000,macmini-m2-macos26.5.2-rust1.97.1-aarch64-20260814,9d3ab807a08ef4cf1077dbc23213e2314ce37c87,MEASURED,1786752604329805000,lifecycle,aegis_key_registry,ML-DSA-65,revocation_check,registry1,0,247,10,42,0,7094272,true,not_revoked,1,0,0,0,0,0,0,0,0,0,
local-1786752604326628000,macmini-m2-macos26.5.2-rust1.97.1-aarch64-20260814,9d3ab807a08ef4cf1077dbc23213e2314ce37c87,MEASURED,1786752604329807000,lifecycle,aegis_key_registry,ML-DSA-65,public_key_lookup,registry1,0,248,10,167,1000,7094272,true,found,1,0,1952,0,0,0,0,0,0,0,
local-1786752604326628000,macmini-m2-macos26.5.2-rust1.97.1-aarch64-20260814,9d3ab807a08ef4cf1077dbc23213e2314ce37c87,MEASURED,1786752604329809000,lifecycle,aegis_key_registry,ML-DSA-65,role_authorization_check,registry1,0,248,10,41,0,7094272,true,authorized,1,0,0,0,0,0,0,0,0,0,
local-1786752604326628000,macmini-m2-macos26.5.2-rust1.97.1-aarch64-20260814,9d3ab807a08ef4cf1077dbc23213e2314ce37c87,MEASURED,1786752604329810000,lifecycle,aegis_key_registry,ML-DSA-65,active_key_check,registry1,0,248,10,83,0,7094272,true,active,1,0,0,0,0,0,0,0,0,0,
local-1786752604326628000,macmini-m2-macos26.5.2-rust1.97.1-aarch64-20260814,9d3ab807a08ef4cf1077dbc23213e2314ce37c87,MEASURED,1786752604329812000,lifecycle,aegis_key_registry,ML-DSA-65,revocation_check,registry1,0,248,10,42,0,7094272,true,not_revoked,1,0,0,0,0,0,0,0,0,0,
local-1786752604326628000,macmini-m2-macos26.5.2-rust1.97.1-aarch64-20260814,9d3ab807a08ef4cf1077dbc23213e2314ce37c87,MEASURED,1786752604329814000,lifecycle,aegis_key_registry,ML-DSA-65,public_key_lookup,registry1,0,249,10,209,0,7094272,true,found,1,0,1952,0,0,0,0,0,0,0,
local-1786752604326628000,macmini-m2-macos26.5.2-rust1.97.1-aarch64-20260814,9d3ab807a08ef4cf1077dbc23213e2314ce37c87,MEASURED,1786752604329816000,lifecycle,aegis_key_registry,ML-DSA-65,role_authorization_check,registry1,0,249,10,41,1000,7094272,true,authorized,1,0,0,0,0,0,0,0,0,0,
local-1786752604326628000,macmini-m2-macos26.5.2-rust1.97.1-aarch64-20260814,9d3ab807a08ef4cf1077dbc23213e2314ce37c87,MEASURED,1786752604329817000,lifecycle,aegis_key_registry,ML-DSA-65,active_key_check,registry1,0,249,10,41,0,7094272,true,active,1,0,0,0,0,0,0,0,0,0,
local-1786752604326628000,macmini-m2-macos26.5.2-rust1.97.1-aarch64-20260814,9d3ab807a08ef4cf1077dbc23213e2314ce37c87,MEASURED,1786752604329819000,lifecycle,aegis_key_registry,ML-DSA-65,revocation_check,registry1,0,249,10,0,1000,7094272,true,not_revoked,1,0,0,0,0,0,0,0,0,0,
local-1786752604326628000,macmini-m2-macos26.5.2-rust1.97.1-aarch64-20260814,9d3ab807a08ef4cf1077dbc23213e2314ce37c87,MEASURED,1786752604329821000,lifecycle,aegis_key_registry,ML-DSA-65,public_key_lookup,registry1,0,250,10,167,1000,7094272,true,found,1,0,1952,0,0,0,0,0,0,0,
local-1786752604326628000,macmini-m2-macos26.5.2-rust1.97.1-aarch64-20260814,9d3ab807a08ef4cf1077dbc23213e2314ce37c87,MEASURED,1786752604329823000,lifecycle,aegis_key_registry,ML-DSA-65,role_authorization_check,registry1,0,250,10,42,0,7094272,true,authorized,1,0,0,0,0,0,0,0,0,0,
local-1786752604326628000,macmini-m2-macos26.5.2-rust1.97.1-aarch64-20260814,9d3ab807a08ef4cf1077dbc23213e2314ce37c87,MEASURED,1786752604329824000,lifecycle,aegis_key_registry,ML-DSA-65,active_key_check,registry1,0,250,10,42,1000,7094272,true,active,1,0,0,0,0,0,0,0,0,0,
local-1786752604326628000,macmini-m2-macos26.5.2-rust1.97.1-aarch64-20260814,9d3ab807a08ef4cf1077dbc23213e2314ce37c87,MEASURED,1786752604329826000,lifecycle,aegis_key_registry,ML-DSA-65,revocation_check,registry1,0,250,10,42,0,7094272,true,not_revoked,1,0,0,0,0,0,0,0,0,0,
local-1786752604326628000,macmini-m2-macos26.5.2-rust1.97.1-aarch64-20260814,9d3ab807a08ef4cf1077dbc23213e2314ce37c87,MEASURED,1786752604329828000,lifecycle,aegis_key_registry,ML-DSA-65,public_key_lookup,registry1,0,251,10,167,0,7094272,true,found,1,0,1952,0,0,0,0,0,0,0,
local-1786752604326628000,macmini-m2-macos26.5.2-rust1.97.1-aarch64-20260814,9d3ab807a08ef4cf1077dbc23213e2314ce37c87,MEASURED,1786752604329829000,lifecycle,aegis_key_registry,ML-DSA-65,role_authorization_check,registry1,0,251,10,41,2000,7094272,true,authorized,1,0,0,0,0,0,0,0,0,0,
local-1786752604326628000,macmini-m2-macos26.5.2-rust1.97.1-aarch64-20260814,9d3ab807a08ef4cf1077dbc23213e2314ce37c87,MEASURED,1786752604329831000,lifecycle,aegis_key_registry,ML-DSA-65,active_key_check,registry1,0,251,10,42,0,7094272,true,active,1,0,0,0,0,0,0,0,0,0,
local-1786752604326628000,macmini-m2-macos26.5.2-rust1.97.1-aarch64-20260814,9d3ab807a08ef4cf1077dbc23213e2314ce37c87,MEASURED,1786752604329832000,lifecycle,aegis_key_registry,ML-DSA-65,revocation_check,registry1,0,251,10,41,0,7094272,true,not_revoked,1,0,0,0,0,0,0,0,0,0,
local-1786752604326628000,macmini-m2-macos26.5.2-rust1.97.1-aarch64-20260814,9d3ab807a08ef4cf1077dbc23213e2314ce37c87,MEASURED,1786752604329834000,lifecycle,aegis_key_registry,ML-DSA-65,public_key_lookup,registry1,0,252,10,167,1000,7094272,true,found,1,0,1952,0,0,0,0,0,0,0,
local-1786752604326628000,macmini-m2-macos26.5.2-rust1.97.1-aarch64-20260814,9d3ab807a08ef4cf1077dbc23213e2314ce37c87,MEASURED,1786752604329836000,lifecycle,aegis_key_registry,ML-DSA-65,role_authorization_check,registry1,0,252,10,42,0,7094272,true,authorized,1,0,0,0,0,0,0,0,0,0,
local-1786752604326628000,macmini-m2-macos26.5.2-rust1.97.1-aarch64-20260814,9d3ab807a08ef4cf1077dbc23213e2314ce37c87,MEASURED,1786752604329837000,lifecycle,aegis_key_registry,ML-DSA-65,active_key_check,registry1,0,252,10,41,0,7094272,true,active,1,0,0,0,0,0,0,0,0,0,
local-1786752604326628000,macmini-m2-macos26.5.2-rust1.97.1-aarch64-20260814,9d3ab807a08ef4cf1077dbc23213e2314ce37c87,MEASURED,1786752604329839000,lifecycle,aegis_key_registry,ML-DSA-65,revocation_check,registry1,0,252,10,42,1000,7094272,true,not_revoked,1,0,0,0,0,0,0,0,0,0,
local-1786752604326628000,macmini-m2-macos26.5.2-rust1.97.1-aarch64-20260814,9d3ab807a08ef4cf1077dbc23213e2314ce37c87,MEASURED,1786752604329841000,lifecycle,aegis_key_registry,ML-DSA-65,public_key_lookup,registry1,0,253,10,167,1000,7094272,true,found,1,0,1952,0,0,0,0,0,0,0,
local-1786752604326628000,macmini-m2-macos26.5.2-rust1.97.1-aarch64-20260814,9d3ab807a08ef4cf1077dbc23213e2314ce37c87,MEASURED,1786752604329842000,lifecycle,aegis_key_registry,ML-DSA-65,role_authorization_check,registry1,0,253,10,0,0,7094272,true,authorized,1,0,0,0,0,0,0,0,0,0,
local-1786752604326628000,macmini-m2-macos26.5.2-rust1.97.1-aarch64-20260814,9d3ab807a08ef4cf1077dbc23213e2314ce37c87,MEASURED,1786752604329844000,lifecycle,aegis_key_registry,ML-DSA-65,active_key_check,registry1,0,253,10,41,0,7094272,true,active,1,0,0,0,0,0,0,0,0,0,
local-1786752604326628000,macmini-m2-macos26.5.2-rust1.97.1-aarch64-20260814,9d3ab807a08ef4cf1077dbc23213e2314ce37c87,MEASURED,1786752604329845000,lifecycle,aegis_key_registry,ML-DSA-65,revocation_check,registry1,0,253,10,42,0,7094272,true,not_revoked,1,0,0,0,0,0,0,0,0,0,
local-1786752604326628000,macmini-m2-macos26.5.2-rust1.97.1-aarch64-20260814,9d3ab807a08ef4cf1077dbc23213e2314ce37c87,MEASURED,1786752604329847000,lifecycle,aegis_key_registry,ML-DSA-65,public_key_lookup,registry1,0,254,10,166,0,7094272,true,found,1,0,1952,0,0,0,0,0,0,0,
local-1786752604326628000,macmini-m2-macos26.5.2-rust1.97.1-aarch64-20260814,9d3ab807a08ef4cf1077dbc23213e2314ce37c87,MEASURED,1786752604329848000,lifecycle,aegis_key_registry,ML-DSA-65,role_authorization_check,registry1,0,254,10,42,0,7094272,true,authorized,1,0,0,0,0,0,0,0,0,0,
local-1786752604326628000,macmini-m2-macos26.5.2-rust1.97.1-aarch64-20260814,9d3ab807a08ef4cf1077dbc23213e2314ce37c87,MEASURED,1786752604329850000,lifecycle,aegis_key_registry,ML-DSA-65,active_key_check,registry1,0,254,10,41,0,7094272,true,active,1,0,0,0,0,0,0,0,0,0,
local-1786752604326628000,macmini-m2-macos26.5.2-rust1.97.1-aarch64-20260814,9d3ab807a08ef4cf1077dbc23213e2314ce37c87,MEASURED,1786752604329852000,lifecycle,aegis_key_registry,ML-DSA-65,revocation_check,registry1,0,254,10,42,1000,7094272,true,not_revoked,1,0,0,0,0,0,0,0,0,0,
local-1786752604326628000,macmini-m2-macos26.5.2-rust1.97.1-aarch64-20260814,9d3ab807a08ef4cf1077dbc23213e2314ce37c87,MEASURED,1786752604329858000,lifecycle,aegis_key_registry,ML-DSA-65,public_key_lookup,registry1,0,255,10,167,0,7094272,true,found,1,0,1952,0,0,0,0,0,0,0,
local-1786752604326628000,macmini-m2-macos26.5.2-rust1.97.1-aarch64-20260814,9d3ab807a08ef4cf1077dbc23213e2314ce37c87,MEASURED,1786752604329860000,lifecycle,aegis_key_registry,ML-DSA-65,role_authorization_check,registry1,0,255,10,41,0,7094272,true,authorized,1,0,0,0,0,0,0,0,0,0,
local-1786752604326628000,macmini-m2-macos26.5.2-rust1.97.1-aarch64-20260814,9d3ab807a08ef4cf1077dbc23213e2314ce37c87,MEASURED,1786752604329862000,lifecycle,aegis_key_registry,ML-DSA-65,active_key_check,registry1,0,255,10,42,0,7094272,true,active,1,0,0,0,0,0,0,0,0,0,
local-1786752604326628000,macmini-m2-macos26.5.2-rust1.97.1-aarch64-20260814,9d3ab807a08ef4cf1077dbc23213e2314ce37c87,MEASURED,1786752604329863000,lifecycle,aegis_key_registry,ML-DSA-65,revocation_check,registry1,0,255,10,83,0,7094272,true,not_revoked,1,0,0,0,0,0,0,0,0,0,
local-1786752604326628000,macmini-m2-macos26.5.2-rust1.97.1-aarch64-20260814,9d3ab807a08ef4cf1077dbc23213e2314ce37c87,MEASURED,1786752604329865000,lifecycle,aegis_key_registry,ML-DSA-65,public_key_lookup,registry1,0,256,10,125,0,7094272,true,found,1,0,1952,0,0,0,0,0,0,0,
local-1786752604326628000,macmini-m2-macos26.5.2-rust1.97.1-aarch64-20260814,9d3ab807a08ef4cf1077dbc23213e2314ce37c87,MEASURED,1786752604329866000,lifecycle,aegis_key_registry,ML-DSA-65,role_authorization_check,registry1,0,256,10,42,1000,7094272,true,authorized,1,0,0,0,0,0,0,0,0,0,
local-1786752604326628000,macmini-m2-macos26.5.2-rust1.97.1-aarch64-20260814,9d3ab807a08ef4cf1077dbc23213e2314ce37c87,MEASURED,1786752604329868000,lifecycle,aegis_key_registry,ML-DSA-65,active_key_check,registry1,0,256,10,41,0,7094272,true,active,1,0,0,0,0,0,0,0,0,0,
local-1786752604326628000,macmini-m2-macos26.5.2-rust1.97.1-aarch64-20260814,9d3ab807a08ef4cf1077dbc23213e2314ce37c87,MEASURED,1786752604329869000,lifecycle,aegis_key_registry,ML-DSA-65,revocation_check,registry1,0,256,10,42,0,7094272,true,not_revoked,1,0,0,0,0,0,0,0,0,0,
local-1786752604326628000,macmini-m2-macos26.5.2-rust1.97.1-aarch64-20260814,9d3ab807a08ef4cf1077dbc23213e2314ce37c87,MEASURED,1786752604329871000,lifecycle,aegis_key_registry,ML-DSA-65,public_key_lookup,registry1,0,257,10,167,1000,7094272,true,found,1,0,1952,0,0,0,0,0,0,0,
local-1786752604326628000,macmini-m2-macos26.5.2-rust1.97.1-aarch64-20260814,9d3ab807a08ef4cf1077dbc23213e2314ce37c87,MEASURED,1786752604329873000,lifecycle,aegis_key_registry,ML-DSA-65,role_authorization_check,registry1,0,257,10,42,0,7094272,true,authorized,1,0,0,0,0,0,0,0,0,0,
local-1786752604326628000,macmini-m2-macos26.5.2-rust1.97.1-aarch64-20260814,9d3ab807a08ef4cf1077dbc23213e2314ce37c87,MEASURED,1786752604329874000,lifecycle,aegis_key_registry,ML-DSA-65,active_key_check,registry1,0,257,10,41,0,7094272,true,active,1,0,0,0,0,0,0,0,0,0,
local-1786752604326628000,macmini-m2-macos26.5.2-rust1.97.1-aarch64-20260814,9d3ab807a08ef4cf1077dbc23213e2314ce37c87,MEASURED,1786752604329876000,lifecycle,aegis_key_registry,ML-DSA-65,revocation_check,registry1,0,257,10,42,1000,7094272,true,not_revoked,1,0,0,0,0,0,0,0,0,0,
local-1786752604326628000,macmini-m2-macos26.5.2-rust1.97.1-aarch64-20260814,9d3ab807a08ef4cf1077dbc23213e2314ce37c87,MEASURED,1786752604329878000,lifecycle,aegis_key_registry,ML-DSA-65,public_key_lookup,registry1,0,258,10,167,1000,7094272,true,found,1,0,1952,0,0,0,0,0,0,0,
local-1786752604326628000,macmini-m2-macos26.5.2-rust1.97.1-aarch64-20260814,9d3ab807a08ef4cf1077dbc23213e2314ce37c87,MEASURED,1786752604329879000,lifecycle,aegis_key_registry,ML-DSA-65,role_authorization_check,registry1,0,258,10,41,0,7094272,true,authorized,1,0,0,0,0,0,0,0,0,0,
local-1786752604326628000,macmini-m2-macos26.5.2-rust1.97.1-aarch64-20260814,9d3ab807a08ef4cf1077dbc23213e2314ce37c87,MEASURED,1786752604329881000,lifecycle,aegis_key_registry,ML-DSA-65,active_key_check,registry1,0,258,10,41,1000,7094272,true,active,1,0,0,0,0,0,0,0,0,0,
local-1786752604326628000,macmini-m2-macos26.5.2-rust1.97.1-aarch64-20260814,9d3ab807a08ef4cf1077dbc23213e2314ce37c87,MEASURED,1786752604329882000,lifecycle,aegis_key_registry,ML-DSA-65,revocation_check,registry1,0,258,10,42,0,7094272,true,not_revoked,1,0,0,0,0,0,0,0,0,0,
local-1786752604326628000,macmini-m2-macos26.5.2-rust1.97.1-aarch64-20260814,9d3ab807a08ef4cf1077dbc23213e2314ce37c87,MEASURED,1786752604329884000,lifecycle,aegis_key_registry,ML-DSA-65,public_key_lookup,registry1,0,259,10,167,0,7094272,true,found,1,0,1952,0,0,0,0,0,0,0,
local-1786752604326628000,macmini-m2-macos26.5.2-rust1.97.1-aarch64-20260814,9d3ab807a08ef4cf1077dbc23213e2314ce37c87,MEASURED,1786752604329886000,lifecycle,aegis_key_registry,ML-DSA-65,role_authorization_check,registry1,0,259,10,42,1000,7094272,true,authorized,1,0,0,0,0,0,0,0,0,0,
local-1786752604326628000,macmini-m2-macos26.5.2-rust1.97.1-aarch64-20260814,9d3ab807a08ef4cf1077dbc23213e2314ce37c87,MEASURED,1786752604329887000,lifecycle,aegis_key_registry,ML-DSA-65,active_key_check,registry1,0,259,10,42,0,7094272,true,active,1,0,0,0,0,0,0,0,0,0,
local-1786752604326628000,macmini-m2-macos26.5.2-rust1.97.1-aarch64-20260814,9d3ab807a08ef4cf1077dbc23213e2314ce37c87,MEASURED,1786752604329889000,lifecycle,aegis_key_registry,ML-DSA-65,revocation_check,registry1,0,259,10,42,1000,7094272,true,not_revoked,1,0,0,0,0,0,0,0,0,0,
local-1786752604326628000,macmini-m2-macos26.5.2-rust1.97.1-aarch64-20260814,9d3ab807a08ef4cf1077dbc23213e2314ce37c87,MEASURED,1786752604329891000,lifecycle,aegis_key_registry,ML-DSA-65,public_key_lookup,registry1,0,260,10,167,1000,7094272,true,found,1,0,1952,0,0,0,0,0,0,0,
local-1786752604326628000,macmini-m2-macos26.5.2-rust1.97.1-aarch64-20260814,9d3ab807a08ef4cf1077dbc23213e2314ce37c87,MEASURED,1786752604329892000,lifecycle,aegis_key_registry,ML-DSA-65,role_authorization_check,registry1,0,260,10,42,0,7094272,true,authorized,1,0,0,0,0,0,0,0,0,0,
local-1786752604326628000,macmini-m2-macos26.5.2-rust1.97.1-aarch64-20260814,9d3ab807a08ef4cf1077dbc23213e2314ce37c87,MEASURED,1786752604329894000,lifecycle,aegis_key_registry,ML-DSA-65,active_key_check,registry1,0,260,10,41,0,7094272,true,active,1,0,0,0,0,0,0,0,0,0,
local-1786752604326628000,macmini-m2-macos26.5.2-rust1.97.1-aarch64-20260814,9d3ab807a08ef4cf1077dbc23213e2314ce37c87,MEASURED,1786752604329895000,lifecycle,aegis_key_registry,ML-DSA-65,revocation_check,registry1,0,260,10,42,1000,7094272,true,not_revoked,1,0,0,0,0,0,0,0,0,0,
local-1786752604326628000,macmini-m2-macos26.5.2-rust1.97.1-aarch64-20260814,9d3ab807a08ef4cf1077dbc23213e2314ce37c87,MEASURED,1786752604329897000,lifecycle,aegis_key_registry,ML-DSA-65,public_key_lookup,registry1,0,261,10,166,0,7094272,true,found,1,0,1952,0,0,0,0,0,0,0,
local-1786752604326628000,macmini-m2-macos26.5.2-rust1.97.1-aarch64-20260814,9d3ab807a08ef4cf1077dbc23213e2314ce37c87,MEASURED,1786752604329899000,lifecycle,aegis_key_registry,ML-DSA-65,role_authorization_check,registry1,0,261,10,42,0,7094272,true,authorized,1,0,0,0,0,0,0,0,0,0,
local-1786752604326628000,macmini-m2-macos26.5.2-rust1.97.1-aarch64-20260814,9d3ab807a08ef4cf1077dbc23213e2314ce37c87,MEASURED,1786752604329900000,lifecycle,aegis_key_registry,ML-DSA-65,active_key_check,registry1,0,261,10,42,2000,7094272,true,active,1,0,0,0,0,0,0,0,0,0,
local-1786752604326628000,macmini-m2-macos26.5.2-rust1.97.1-aarch64-20260814,9d3ab807a08ef4cf1077dbc23213e2314ce37c87,MEASURED,1786752604329902000,lifecycle,aegis_key_registry,ML-DSA-65,revocation_check,registry1,0,261,10,42,0,7094272,true,not_revoked,1,0,0,0,0,0,0,0,0,0,
local-1786752604326628000,macmini-m2-macos26.5.2-rust1.97.1-aarch64-20260814,9d3ab807a08ef4cf1077dbc23213e2314ce37c87,MEASURED,1786752604329903000,lifecycle,aegis_key_registry,ML-DSA-65,public_key_lookup,registry1,0,262,10,167,0,7094272,true,found,1,0,1952,0,0,0,0,0,0,0,
local-1786752604326628000,macmini-m2-macos26.5.2-rust1.97.1-aarch64-20260814,9d3ab807a08ef4cf1077dbc23213e2314ce37c87,MEASURED,1786752604329909000,lifecycle,aegis_key_registry,ML-DSA-65,role_authorization_check,registry1,0,262,10,83,1000,7094272,true,authorized,1,0,0,0,0,0,0,0,0,0,
local-1786752604326628000,macmini-m2-macos26.5.2-rust1.97.1-aarch64-20260814,9d3ab807a08ef4cf1077dbc23213e2314ce37c87,MEASURED,1786752604329911000,lifecycle,aegis_key_registry,ML-DSA-65,active_key_check,registry1,0,262,10,42,0,7094272,true,active,1,0,0,0,0,0,0,0,0,0,
local-1786752604326628000,macmini-m2-macos26.5.2-rust1.97.1-aarch64-20260814,9d3ab807a08ef4cf1077dbc23213e2314ce37c87,MEASURED,1786752604329913000,lifecycle,aegis_key_registry,ML-DSA-65,revocation_check,registry1,0,262,10,42,0,7094272,true,not_revoked,1,0,0,0,0,0,0,0,0,0,
local-1786752604326628000,macmini-m2-macos26.5.2-rust1.97.1-aarch64-20260814,9d3ab807a08ef4cf1077dbc23213e2314ce37c87,MEASURED,1786752604329914000,lifecycle,aegis_key_registry,ML-DSA-65,public_key_lookup,registry1,0,263,10,167,1000,7094272,true,found,1,0,1952,0,0,0,0,0,0,0,
local-1786752604326628000,macmini-m2-macos26.5.2-rust1.97.1-aarch64-20260814,9d3ab807a08ef4cf1077dbc23213e2314ce37c87,MEASURED,1786752604329916000,lifecycle,aegis_key_registry,ML-DSA-65,role_authorization_check,registry1,0,263,10,42,0,7094272,true,authorized,1,0,0,0,0,0,0,0,0,0,
local-1786752604326628000,macmini-m2-macos26.5.2-rust1.97.1-aarch64-20260814,9d3ab807a08ef4cf1077dbc23213e2314ce37c87,MEASURED,1786752604329918000,lifecycle,aegis_key_registry,ML-DSA-65,active_key_check,registry1,0,263,10,41,0,7094272,true,active,1,0,0,0,0,0,0,0,0,0,
local-1786752604326628000,macmini-m2-macos26.5.2-rust1.97.1-aarch64-20260814,9d3ab807a08ef4cf1077dbc23213e2314ce37c87,MEASURED,1786752604329919000,lifecycle,aegis_key_registry,ML-DSA-65,revocation_check,registry1,0,263,10,42,2000,7094272,true,not_revoked,1,0,0,0,0,0,0,0,0,0,
local-1786752604326628000,macmini-m2-macos26.5.2-rust1.97.1-aarch64-20260814,9d3ab807a08ef4cf1077dbc23213e2314ce37c87,MEASURED,1786752604329921000,lifecycle,aegis_key_registry,ML-DSA-65,public_key_lookup,registry1,0,264,10,166,0,7094272,true,found,1,0,1952,0,0,0,0,0,0,0,
local-1786752604326628000,macmini-m2-macos26.5.2-rust1.97.1-aarch64-20260814,9d3ab807a08ef4cf1077dbc23213e2314ce37c87,MEASURED,1786752604329922000,lifecycle,aegis_key_registry,ML-DSA-65,role_authorization_check,registry1,0,264,10,83,0,7094272,true,authorized,1,0,0,0,0,0,0,0,0,0,
local-1786752604326628000,macmini-m2-macos26.5.2-rust1.97.1-aarch64-20260814,9d3ab807a08ef4cf1077dbc23213e2314ce37c87,MEASURED,1786752604329924000,lifecycle,aegis_key_registry,ML-DSA-65,active_key_check,registry1,0,264,10,84,0,7094272,true,active,1,0,0,0,0,0,0,0,0,0,
local-1786752604326628000,macmini-m2-macos26.5.2-rust1.97.1-aarch64-20260814,9d3ab807a08ef4cf1077dbc23213e2314ce37c87,MEASURED,1786752604329926000,lifecycle,aegis_key_registry,ML-DSA-65,revocation_check,registry1,0,264,10,42,0,7094272,true,not_revoked,1,0,0,0,0,0,0,0,0,0,
local-1786752604326628000,macmini-m2-macos26.5.2-rust1.97.1-aarch64-20260814,9d3ab807a08ef4cf1077dbc23213e2314ce37c87,MEASURED,1786752604329927000,lifecycle,aegis_key_registry,ML-DSA-65,public_key_lookup,registry1,0,265,10,167,0,7094272,true,found,1,0,1952,0,0,0,0,0,0,0,
local-1786752604326628000,macmini-m2-macos26.5.2-rust1.97.1-aarch64-20260814,9d3ab807a08ef4cf1077dbc23213e2314ce37c87,MEASURED,1786752604329929000,lifecycle,aegis_key_registry,ML-DSA-65,role_authorization_check,registry1,0,265,10,41,0,7094272,true,authorized,1,0,0,0,0,0,0,0,0,0,
local-1786752604326628000,macmini-m2-macos26.5.2-rust1.97.1-aarch64-20260814,9d3ab807a08ef4cf1077dbc23213e2314ce37c87,MEASURED,1786752604329930000,lifecycle,aegis_key_registry,ML-DSA-65,active_key_check,registry1,0,265,10,42,1000,7094272,true,active,1,0,0,0,0,0,0,0,0,0,
local-1786752604326628000,macmini-m2-macos26.5.2-rust1.97.1-aarch64-20260814,9d3ab807a08ef4cf1077dbc23213e2314ce37c87,MEASURED,1786752604329932000,lifecycle,aegis_key_registry,ML-DSA-65,revocation_check,registry1,0,265,10,41,0,7094272,true,not_revoked,1,0,0,0,0,0,0,0,0,0,
local-1786752604326628000,macmini-m2-macos26.5.2-rust1.97.1-aarch64-20260814,9d3ab807a08ef4cf1077dbc23213e2314ce37c87,MEASURED,1786752604329934000,lifecycle,aegis_key_registry,ML-DSA-65,public_key_lookup,registry1,0,266,10,167,0,7094272,true,found,1,0,1952,0,0,0,0,0,0,0,
local-1786752604326628000,macmini-m2-macos26.5.2-rust1.97.1-aarch64-20260814,9d3ab807a08ef4cf1077dbc23213e2314ce37c87,MEASURED,1786752604329935000,lifecycle,aegis_key_registry,ML-DSA-65,role_authorization_check,registry1,0,266,10,42,0,7094272,true,authorized,1,0,0,0,0,0,0,0,0,0,
local-1786752604326628000,macmini-m2-macos26.5.2-rust1.97.1-aarch64-20260814,9d3ab807a08ef4cf1077dbc23213e2314ce37c87,MEASURED,1786752604329937000,lifecycle,aegis_key_registry,ML-DSA-65,active_key_check,registry1,0,266,10,41,0,7094272,true,active,1,0,0,0,0,0,0,0,0,0,
local-1786752604326628000,macmini-m2-macos26.5.2-rust1.97.1-aarch64-20260814,9d3ab807a08ef4cf1077dbc23213e2314ce37c87,MEASURED,1786752604329938000,lifecycle,aegis_key_registry,ML-DSA-65,revocation_check,registry1,0,266,10,42,0,7094272,true,not_revoked,1,0,0,0,0,0,0,0,0,0,
local-1786752604326628000,macmini-m2-macos26.5.2-rust1.97.1-aarch64-20260814,9d3ab807a08ef4cf1077dbc23213e2314ce37c87,MEASURED,1786752604329940000,lifecycle,aegis_key_registry,ML-DSA-65,public_key_lookup,registry1,0,267,10,167,0,7094272,true,found,1,0,1952,0,0,0,0,0,0,0,
local-1786752604326628000,macmini-m2-macos26.5.2-rust1.97.1-aarch64-20260814,9d3ab807a08ef4cf1077dbc23213e2314ce37c87,MEASURED,1786752604329942000,lifecycle,aegis_key_registry,ML-DSA-65,role_authorization_check,registry1,0,267,10,42,1000,7094272,true,authorized,1,0,0,0,0,0,0,0,0,0,
local-1786752604326628000,macmini-m2-macos26.5.2-rust1.97.1-aarch64-20260814,9d3ab807a08ef4cf1077dbc23213e2314ce37c87,MEASURED,1786752604329943000,lifecycle,aegis_key_registry,ML-DSA-65,active_key_check,registry1,0,267,10,42,0,7094272,true,active,1,0,0,0,0,0,0,0,0,0,
local-1786752604326628000,macmini-m2-macos26.5.2-rust1.97.1-aarch64-20260814,9d3ab807a08ef4cf1077dbc23213e2314ce37c87,MEASURED,1786752604329945000,lifecycle,aegis_key_registry,ML-DSA-65,revocation_check,registry1,0,267,10,41,0,7094272,true,not_revoked,1,0,0,0,0,0,0,0,0,0,
local-1786752604326628000,macmini-m2-macos26.5.2-rust1.97.1-aarch64-20260814,9d3ab807a08ef4cf1077dbc23213e2314ce37c87,MEASURED,1786752604329947000,lifecycle,aegis_key_registry,ML-DSA-65,public_key_lookup,registry1,0,268,10,167,0,7094272,true,found,1,0,1952,0,0,0,0,0,0,0,
local-1786752604326628000,macmini-m2-macos26.5.2-rust1.97.1-aarch64-20260814,9d3ab807a08ef4cf1077dbc23213e2314ce37c87,MEASURED,1786752604329948000,lifecycle,aegis_key_registry,ML-DSA-65,role_authorization_check,registry1,0,268,10,42,0,7094272,true,authorized,1,0,0,0,0,0,0,0,0,0,
local-1786752604326628000,macmini-m2-macos26.5.2-rust1.97.1-aarch64-20260814,9d3ab807a08ef4cf1077dbc23213e2314ce37c87,MEASURED,1786752604329950000,lifecycle,aegis_key_registry,ML-DSA-65,active_key_check,registry1,0,268,10,41,0,7094272,true,active,1,0,0,0,0,0,0,0,0,0,
local-1786752604326628000,macmini-m2-macos26.5.2-rust1.97.1-aarch64-20260814,9d3ab807a08ef4cf1077dbc23213e2314ce37c87,MEASURED,1786752604329951000,lifecycle,aegis_key_registry,ML-DSA-65,revocation_check,registry1,0,268,10,42,0,7094272,true,not_revoked,1,0,0,0,0,0,0,0,0,0,
local-1786752604326628000,macmini-m2-macos26.5.2-rust1.97.1-aarch64-20260814,9d3ab807a08ef4cf1077dbc23213e2314ce37c87,MEASURED,1786752604329953000,lifecycle,aegis_key_registry,ML-DSA-65,public_key_lookup,registry1,0,269,10,166,1000,7094272,true,found,1,0,1952,0,0,0,0,0,0,0,
local-1786752604326628000,macmini-m2-macos26.5.2-rust1.97.1-aarch64-20260814,9d3ab807a08ef4cf1077dbc23213e2314ce37c87,MEASURED,1786752604329955000,lifecycle,aegis_key_registry,ML-DSA-65,role_authorization_check,registry1,0,269,10,42,0,7094272,true,authorized,1,0,0,0,0,0,0,0,0,0,
local-1786752604326628000,macmini-m2-macos26.5.2-rust1.97.1-aarch64-20260814,9d3ab807a08ef4cf1077dbc23213e2314ce37c87,MEASURED,1786752604329961000,lifecycle,aegis_key_registry,ML-DSA-65,active_key_check,registry1,0,269,10,42,0,7094272,true,active,1,0,0,0,0,0,0,0,0,0,
local-1786752604326628000,macmini-m2-macos26.5.2-rust1.97.1-aarch64-20260814,9d3ab807a08ef4cf1077dbc23213e2314ce37c87,MEASURED,1786752604329962000,lifecycle,aegis_key_registry,ML-DSA-65,revocation_check,registry1,0,269,10,42,1000,7094272,true,not_revoked,1,0,0,0,0,0,0,0,0,0,
local-1786752604326628000,macmini-m2-macos26.5.2-rust1.97.1-aarch64-20260814,9d3ab807a08ef4cf1077dbc23213e2314ce37c87,MEASURED,1786752604329964000,lifecycle,aegis_key_registry,ML-DSA-65,public_key_lookup,registry1,0,270,10,125,0,7094272,true,found,1,0,1952,0,0,0,0,0,0,0,
local-1786752604326628000,macmini-m2-macos26.5.2-rust1.97.1-aarch64-20260814,9d3ab807a08ef4cf1077dbc23213e2314ce37c87,MEASURED,1786752604329966000,lifecycle,aegis_key_registry,ML-DSA-65,role_authorization_check,registry1,0,270,10,41,0,7094272,true,authorized,1,0,0,0,0,0,0,0,0,0,
local-1786752604326628000,macmini-m2-macos26.5.2-rust1.97.1-aarch64-20260814,9d3ab807a08ef4cf1077dbc23213e2314ce37c87,MEASURED,1786752604329967000,lifecycle,aegis_key_registry,ML-DSA-65,active_key_check,registry1,0,270,10,42,0,7094272,true,active,1,0,0,0,0,0,0,0,0,0,
local-1786752604326628000,macmini-m2-macos26.5.2-rust1.97.1-aarch64-20260814,9d3ab807a08ef4cf1077dbc23213e2314ce37c87,MEASURED,1786752604329969000,lifecycle,aegis_key_registry,ML-DSA-65,revocation_check,registry1,0,270,10,41,0,7094272,true,not_revoked,1,0,0,0,0,0,0,0,0,0,
local-1786752604326628000,macmini-m2-macos26.5.2-rust1.97.1-aarch64-20260814,9d3ab807a08ef4cf1077dbc23213e2314ce37c87,MEASURED,1786752604329971000,lifecycle,aegis_key_registry,ML-DSA-65,public_key_lookup,registry1,0,271,10,167,0,7094272,true,found,1,0,1952,0,0,0,0,0,0,0,
local-1786752604326628000,macmini-m2-macos26.5.2-rust1.97.1-aarch64-20260814,9d3ab807a08ef4cf1077dbc23213e2314ce37c87,MEASURED,1786752604329972000,lifecycle,aegis_key_registry,ML-DSA-65,role_authorization_check,registry1,0,271,10,0,0,7094272,true,authorized,1,0,0,0,0,0,0,0,0,0,
local-1786752604326628000,macmini-m2-macos26.5.2-rust1.97.1-aarch64-20260814,9d3ab807a08ef4cf1077dbc23213e2314ce37c87,MEASURED,1786752604329974000,lifecycle,aegis_key_registry,ML-DSA-65,active_key_check,registry1,0,271,10,42,1000,7094272,true,active,1,0,0,0,0,0,0,0,0,0,
local-1786752604326628000,macmini-m2-macos26.5.2-rust1.97.1-aarch64-20260814,9d3ab807a08ef4cf1077dbc23213e2314ce37c87,MEASURED,1786752604329975000,lifecycle,aegis_key_registry,ML-DSA-65,revocation_check,registry1,0,271,10,0,0,7094272,true,not_revoked,1,0,0,0,0,0,0,0,0,0,
local-1786752604326628000,macmini-m2-macos26.5.2-rust1.97.1-aarch64-20260814,9d3ab807a08ef4cf1077dbc23213e2314ce37c87,MEASURED,1786752604329977000,lifecycle,aegis_key_registry,ML-DSA-65,public_key_lookup,registry1,0,272,10,166,1000,7094272,true,found,1,0,1952,0,0,0,0,0,0,0,
local-1786752604326628000,macmini-m2-macos26.5.2-rust1.97.1-aarch64-20260814,9d3ab807a08ef4cf1077dbc23213e2314ce37c87,MEASURED,1786752604329979000,lifecycle,aegis_key_registry,ML-DSA-65,role_authorization_check,registry1,0,272,10,41,0,7094272,true,authorized,1,0,0,0,0,0,0,0,0,0,
local-1786752604326628000,macmini-m2-macos26.5.2-rust1.97.1-aarch64-20260814,9d3ab807a08ef4cf1077dbc23213e2314ce37c87,MEASURED,1786752604329980000,lifecycle,aegis_key_registry,ML-DSA-65,active_key_check,registry1,0,272,10,42,0,7094272,true,active,1,0,0,0,0,0,0,0,0,0,
local-1786752604326628000,macmini-m2-macos26.5.2-rust1.97.1-aarch64-20260814,9d3ab807a08ef4cf1077dbc23213e2314ce37c87,MEASURED,1786752604329982000,lifecycle,aegis_key_registry,ML-DSA-65,revocation_check,registry1,0,272,10,42,1000,7094272,true,not_revoked,1,0,0,0,0,0,0,0,0,0,
local-1786752604326628000,macmini-m2-macos26.5.2-rust1.97.1-aarch64-20260814,9d3ab807a08ef4cf1077dbc23213e2314ce37c87,MEASURED,1786752604329984000,lifecycle,aegis_key_registry,ML-DSA-65,public_key_lookup,registry1,0,273,10,125,1000,7094272,true,found,1,0,1952,0,0,0,0,0,0,0,
local-1786752604326628000,macmini-m2-macos26.5.2-rust1.97.1-aarch64-20260814,9d3ab807a08ef4cf1077dbc23213e2314ce37c87,MEASURED,1786752604329985000,lifecycle,aegis_key_registry,ML-DSA-65,role_authorization_check,registry1,0,273,10,0,0,7094272,true,authorized,1,0,0,0,0,0,0,0,0,0,
local-1786752604326628000,macmini-m2-macos26.5.2-rust1.97.1-aarch64-20260814,9d3ab807a08ef4cf1077dbc23213e2314ce37c87,MEASURED,1786752604329987000,lifecycle,aegis_key_registry,ML-DSA-65,active_key_check,registry1,0,273,10,42,1000,7094272,true,active,1,0,0,0,0,0,0,0,0,0,
local-1786752604326628000,macmini-m2-macos26.5.2-rust1.97.1-aarch64-20260814,9d3ab807a08ef4cf1077dbc23213e2314ce37c87,MEASURED,1786752604329988000,lifecycle,aegis_key_registry,ML-DSA-65,revocation_check,registry1,0,273,10,41,0,7094272,true,not_revoked,1,0,0,0,0,0,0,0,0,0,
local-1786752604326628000,macmini-m2-macos26.5.2-rust1.97.1-aarch64-20260814,9d3ab807a08ef4cf1077dbc23213e2314ce37c87,MEASURED,1786752604329990000,lifecycle,aegis_key_registry,ML-DSA-65,public_key_lookup,registry1,0,274,10,167,0,7094272,true,found,1,0,1952,0,0,0,0,0,0,0,
local-1786752604326628000,macmini-m2-macos26.5.2-rust1.97.1-aarch64-20260814,9d3ab807a08ef4cf1077dbc23213e2314ce37c87,MEASURED,1786752604329992000,lifecycle,aegis_key_registry,ML-DSA-65,role_authorization_check,registry1,0,274,10,41,0,7094272,true,authorized,1,0,0,0,0,0,0,0,0,0,
local-1786752604326628000,macmini-m2-macos26.5.2-rust1.97.1-aarch64-20260814,9d3ab807a08ef4cf1077dbc23213e2314ce37c87,MEASURED,1786752604329993000,lifecycle,aegis_key_registry,ML-DSA-65,active_key_check,registry1,0,274,10,42,0,7094272,true,active,1,0,0,0,0,0,0,0,0,0,
local-1786752604326628000,macmini-m2-macos26.5.2-rust1.97.1-aarch64-20260814,9d3ab807a08ef4cf1077dbc23213e2314ce37c87,MEASURED,1786752604329995000,lifecycle,aegis_key_registry,ML-DSA-65,revocation_check,registry1,0,274,10,41,0,7094272,true,not_revoked,1,0,0,0,0,0,0,0,0,0,
local-1786752604326628000,macmini-m2-macos26.5.2-rust1.97.1-aarch64-20260814,9d3ab807a08ef4cf1077dbc23213e2314ce37c87,MEASURED,1786752604329996000,lifecycle,aegis_key_registry,ML-DSA-65,public_key_lookup,registry1,0,275,10,167,0,7094272,true,found,1,0,1952,0,0,0,0,0,0,0,
local-1786752604326628000,macmini-m2-macos26.5.2-rust1.97.1-aarch64-20260814,9d3ab807a08ef4cf1077dbc23213e2314ce37c87,MEASURED,1786752604329998000,lifecycle,aegis_key_registry,ML-DSA-65,role_authorization_check,registry1,0,275,10,41,1000,7094272,true,authorized,1,0,0,0,0,0,0,0,0,0,
local-1786752604326628000,macmini-m2-macos26.5.2-rust1.97.1-aarch64-20260814,9d3ab807a08ef4cf1077dbc23213e2314ce37c87,MEASURED,1786752604330000000,lifecycle,aegis_key_registry,ML-DSA-65,active_key_check,registry1,0,275,10,42,1000,7094272,true,active,1,0,0,0,0,0,0,0,0,0,
local-1786752604326628000,macmini-m2-macos26.5.2-rust1.97.1-aarch64-20260814,9d3ab807a08ef4cf1077dbc23213e2314ce37c87,MEASURED,1786752604330001000,lifecycle,aegis_key_registry,ML-DSA-65,revocation_check,registry1,0,275,10,42,0,7094272,true,not_revoked,1,0,0,0,0,0,0,0,0,0,
local-1786752604326628000,macmini-m2-macos26.5.2-rust1.97.1-aarch64-20260814,9d3ab807a08ef4cf1077dbc23213e2314ce37c87,MEASURED,1786752604330003000,lifecycle,aegis_key_registry,ML-DSA-65,public_key_lookup,registry1,0,276,10,167,1000,7094272,true,found,1,0,1952,0,0,0,0,0,0,0,
local-1786752604326628000,macmini-m2-macos26.5.2-rust1.97.1-aarch64-20260814,9d3ab807a08ef4cf1077dbc23213e2314ce37c87,MEASURED,1786752604330004000,lifecycle,aegis_key_registry,ML-DSA-65,role_authorization_check,registry1,0,276,10,42,0,7094272,true,authorized,1,0,0,0,0,0,0,0,0,0,
local-1786752604326628000,macmini-m2-macos26.5.2-rust1.97.1-aarch64-20260814,9d3ab807a08ef4cf1077dbc23213e2314ce37c87,MEASURED,1786752604330006000,lifecycle,aegis_key_registry,ML-DSA-65,active_key_check,registry1,0,276,10,42,0,7094272,true,active,1,0,0,0,0,0,0,0,0,0,
local-1786752604326628000,macmini-m2-macos26.5.2-rust1.97.1-aarch64-20260814,9d3ab807a08ef4cf1077dbc23213e2314ce37c87,MEASURED,1786752604330011000,lifecycle,aegis_key_registry,ML-DSA-65,revocation_check,registry1,0,276,10,84,0,7094272,true,not_revoked,1,0,0,0,0,0,0,0,0,0,
local-1786752604326628000,macmini-m2-macos26.5.2-rust1.97.1-aarch64-20260814,9d3ab807a08ef4cf1077dbc23213e2314ce37c87,MEASURED,1786752604330013000,lifecycle,aegis_key_registry,ML-DSA-65,public_key_lookup,registry1,0,277,10,167,2000,7094272,true,found,1,0,1952,0,0,0,0,0,0,0,
local-1786752604326628000,macmini-m2-macos26.5.2-rust1.97.1-aarch64-20260814,9d3ab807a08ef4cf1077dbc23213e2314ce37c87,MEASURED,1786752604330015000,lifecycle,aegis_key_registry,ML-DSA-65,role_authorization_check,registry1,0,277,10,84,0,7094272,true,authorized,1,0,0,0,0,0,0,0,0,0,
local-1786752604326628000,macmini-m2-macos26.5.2-rust1.97.1-aarch64-20260814,9d3ab807a08ef4cf1077dbc23213e2314ce37c87,MEASURED,1786752604330016000,lifecycle,aegis_key_registry,ML-DSA-65,active_key_check,registry1,0,277,10,83,0,7094272,true,active,1,0,0,0,0,0,0,0,0,0,
local-1786752604326628000,macmini-m2-macos26.5.2-rust1.97.1-aarch64-20260814,9d3ab807a08ef4cf1077dbc23213e2314ce37c87,MEASURED,1786752604330018000,lifecycle,aegis_key_registry,ML-DSA-65,revocation_check,registry1,0,277,10,42,1000,7094272,true,not_revoked,1,0,0,0,0,0,0,0,0,0,
local-1786752604326628000,macmini-m2-macos26.5.2-rust1.97.1-aarch64-20260814,9d3ab807a08ef4cf1077dbc23213e2314ce37c87,MEASURED,1786752604330020000,lifecycle,aegis_key_registry,ML-DSA-65,public_key_lookup,registry1,0,278,10,167,1000,7094272,true,found,1,0,1952,0,0,0,0,0,0,0,
local-1786752604326628000,macmini-m2-macos26.5.2-rust1.97.1-aarch64-20260814,9d3ab807a08ef4cf1077dbc23213e2314ce37c87,MEASURED,1786752604330021000,lifecycle,aegis_key_registry,ML-DSA-65,role_authorization_check,registry1,0,278,10,41,0,7094272,true,authorized,1,0,0,0,0,0,0,0,0,0,
local-1786752604326628000,macmini-m2-macos26.5.2-rust1.97.1-aarch64-20260814,9d3ab807a08ef4cf1077dbc23213e2314ce37c87,MEASURED,1786752604330023000,lifecycle,aegis_key_registry,ML-DSA-65,active_key_check,registry1,0,278,10,42,0,7094272,true,active,1,0,0,0,0,0,0,0,0,0,
local-1786752604326628000,macmini-m2-macos26.5.2-rust1.97.1-aarch64-20260814,9d3ab807a08ef4cf1077dbc23213e2314ce37c87,MEASURED,1786752604330024000,lifecycle,aegis_key_registry,ML-DSA-65,revocation_check,registry1,0,278,10,42,0,7094272,true,not_revoked,1,0,0,0,0,0,0,0,0,0,
local-1786752604326628000,macmini-m2-macos26.5.2-rust1.97.1-aarch64-20260814,9d3ab807a08ef4cf1077dbc23213e2314ce37c87,MEASURED,1786752604330026000,lifecycle,aegis_key_registry,ML-DSA-65,public_key_lookup,registry1,0,279,10,166,0,7094272,true,found,1,0,1952,0,0,0,0,0,0,0,
local-1786752604326628000,macmini-m2-macos26.5.2-rust1.97.1-aarch64-20260814,9d3ab807a08ef4cf1077dbc23213e2314ce37c87,MEASURED,1786752604330027000,lifecycle,aegis_key_registry,ML-DSA-65,role_authorization_check,registry1,0,279,10,42,0,7094272,true,authorized,1,0,0,0,0,0,0,0,0,0,
local-1786752604326628000,macmini-m2-macos26.5.2-rust1.97.1-aarch64-20260814,9d3ab807a08ef4cf1077dbc23213e2314ce37c87,MEASURED,1786752604330029000,lifecycle,aegis_key_registry,ML-DSA-65,active_key_check,registry1,0,279,10,42,0,7094272,true,active,1,0,0,0,0,0,0,0,0,0,
local-1786752604326628000,macmini-m2-macos26.5.2-rust1.97.1-aarch64-20260814,9d3ab807a08ef4cf1077dbc23213e2314ce37c87,MEASURED,1786752604330031000,lifecycle,aegis_key_registry,ML-DSA-65,revocation_check,registry1,0,279,10,41,1000,7094272,true,not_revoked,1,0,0,0,0,0,0,0,0,0,
local-1786752604326628000,macmini-m2-macos26.5.2-rust1.97.1-aarch64-20260814,9d3ab807a08ef4cf1077dbc23213e2314ce37c87,MEASURED,1786752604330032000,lifecycle,aegis_key_registry,ML-DSA-65,public_key_lookup,registry1,0,280,10,167,0,7094272,true,found,1,0,1952,0,0,0,0,0,0,0,
local-1786752604326628000,macmini-m2-macos26.5.2-rust1.97.1-aarch64-20260814,9d3ab807a08ef4cf1077dbc23213e2314ce37c87,MEASURED,1786752604330034000,lifecycle,aegis_key_registry,ML-DSA-65,role_authorization_check,registry1,0,280,10,41,1000,7094272,true,authorized,1,0,0,0,0,0,0,0,0,0,
local-1786752604326628000,macmini-m2-macos26.5.2-rust1.97.1-aarch64-20260814,9d3ab807a08ef4cf1077dbc23213e2314ce37c87,MEASURED,1786752604330035000,lifecycle,aegis_key_registry,ML-DSA-65,active_key_check,registry1,0,280,10,42,0,7094272,true,active,1,0,0,0,0,0,0,0,0,0,
local-1786752604326628000,macmini-m2-macos26.5.2-rust1.97.1-aarch64-20260814,9d3ab807a08ef4cf1077dbc23213e2314ce37c87,MEASURED,1786752604330037000,lifecycle,aegis_key_registry,ML-DSA-65,revocation_check,registry1,0,280,10,41,1000,7094272,true,not_revoked,1,0,0,0,0,0,0,0,0,0,
local-1786752604326628000,macmini-m2-macos26.5.2-rust1.97.1-aarch64-20260814,9d3ab807a08ef4cf1077dbc23213e2314ce37c87,MEASURED,1786752604330039000,lifecycle,aegis_key_registry,ML-DSA-65,public_key_lookup,registry1,0,281,10,167,1000,7094272,true,found,1,0,1952,0,0,0,0,0,0,0,
local-1786752604326628000,macmini-m2-macos26.5.2-rust1.97.1-aarch64-20260814,9d3ab807a08ef4cf1077dbc23213e2314ce37c87,MEASURED,1786752604330040000,lifecycle,aegis_key_registry,ML-DSA-65,role_authorization_check,registry1,0,281,10,42,0,7094272,true,authorized,1,0,0,0,0,0,0,0,0,0,
local-1786752604326628000,macmini-m2-macos26.5.2-rust1.97.1-aarch64-20260814,9d3ab807a08ef4cf1077dbc23213e2314ce37c87,MEASURED,1786752604330042000,lifecycle,aegis_key_registry,ML-DSA-65,active_key_check,registry1,0,281,10,42,1000,7094272,true,active,1,0,0,0,0,0,0,0,0,0,
local-1786752604326628000,macmini-m2-macos26.5.2-rust1.97.1-aarch64-20260814,9d3ab807a08ef4cf1077dbc23213e2314ce37c87,MEASURED,1786752604330043000,lifecycle,aegis_key_registry,ML-DSA-65,revocation_check,registry1,0,281,10,42,0,7094272,true,not_revoked,1,0,0,0,0,0,0,0,0,0,
local-1786752604326628000,macmini-m2-macos26.5.2-rust1.97.1-aarch64-20260814,9d3ab807a08ef4cf1077dbc23213e2314ce37c87,MEASURED,1786752604330045000,lifecycle,aegis_key_registry,ML-DSA-65,public_key_lookup,registry1,0,282,10,166,1000,7094272,true,found,1,0,1952,0,0,0,0,0,0,0,
local-1786752604326628000,macmini-m2-macos26.5.2-rust1.97.1-aarch64-20260814,9d3ab807a08ef4cf1077dbc23213e2314ce37c87,MEASURED,1786752604330046000,lifecycle,aegis_key_registry,ML-DSA-65,role_authorization_check,registry1,0,282,10,42,1000,7094272,true,authorized,1,0,0,0,0,0,0,0,0,0,
local-1786752604326628000,macmini-m2-macos26.5.2-rust1.97.1-aarch64-20260814,9d3ab807a08ef4cf1077dbc23213e2314ce37c87,MEASURED,1786752604330048000,lifecycle,aegis_key_registry,ML-DSA-65,active_key_check,registry1,0,282,10,41,0,7094272,true,active,1,0,0,0,0,0,0,0,0,0,
local-1786752604326628000,macmini-m2-macos26.5.2-rust1.97.1-aarch64-20260814,9d3ab807a08ef4cf1077dbc23213e2314ce37c87,MEASURED,1786752604330050000,lifecycle,aegis_key_registry,ML-DSA-65,revocation_check,registry1,0,282,10,42,0,7094272,true,not_revoked,1,0,0,0,0,0,0,0,0,0,
local-1786752604326628000,macmini-m2-macos26.5.2-rust1.97.1-aarch64-20260814,9d3ab807a08ef4cf1077dbc23213e2314ce37c87,MEASURED,1786752604330051000,lifecycle,aegis_key_registry,ML-DSA-65,public_key_lookup,registry1,0,283,10,167,0,7094272,true,found,1,0,1952,0,0,0,0,0,0,0,
local-1786752604326628000,macmini-m2-macos26.5.2-rust1.97.1-aarch64-20260814,9d3ab807a08ef4cf1077dbc23213e2314ce37c87,MEASURED,1786752604330053000,lifecycle,aegis_key_registry,ML-DSA-65,role_authorization_check,registry1,0,283,10,0,0,7094272,true,authorized,1,0,0,0,0,0,0,0,0,0,
local-1786752604326628000,macmini-m2-macos26.5.2-rust1.97.1-aarch64-20260814,9d3ab807a08ef4cf1077dbc23213e2314ce37c87,MEASURED,1786752604330054000,lifecycle,aegis_key_registry,ML-DSA-65,active_key_check,registry1,0,283,10,42,0,7094272,true,active,1,0,0,0,0,0,0,0,0,0,
local-1786752604326628000,macmini-m2-macos26.5.2-rust1.97.1-aarch64-20260814,9d3ab807a08ef4cf1077dbc23213e2314ce37c87,MEASURED,1786752604330056000,lifecycle,aegis_key_registry,ML-DSA-65,revocation_check,registry1,0,283,10,41,0,7094272,true,not_revoked,1,0,0,0,0,0,0,0,0,0,
local-1786752604326628000,macmini-m2-macos26.5.2-rust1.97.1-aarch64-20260814,9d3ab807a08ef4cf1077dbc23213e2314ce37c87,MEASURED,1786752604330062000,lifecycle,aegis_key_registry,ML-DSA-65,public_key_lookup,registry1,0,284,10,208,1000,7094272,true,found,1,0,1952,0,0,0,0,0,0,0,
local-1786752604326628000,macmini-m2-macos26.5.2-rust1.97.1-aarch64-20260814,9d3ab807a08ef4cf1077dbc23213e2314ce37c87,MEASURED,1786752604330063000,lifecycle,aegis_key_registry,ML-DSA-65,role_authorization_check,registry1,0,284,10,41,0,7094272,true,authorized,1,0,0,0,0,0,0,0,0,0,
local-1786752604326628000,macmini-m2-macos26.5.2-rust1.97.1-aarch64-20260814,9d3ab807a08ef4cf1077dbc23213e2314ce37c87,MEASURED,1786752604330065000,lifecycle,aegis_key_registry,ML-DSA-65,active_key_check,registry1,0,284,10,42,1000,7094272,true,active,1,0,0,0,0,0,0,0,0,0,
local-1786752604326628000,macmini-m2-macos26.5.2-rust1.97.1-aarch64-20260814,9d3ab807a08ef4cf1077dbc23213e2314ce37c87,MEASURED,1786752604330066000,lifecycle,aegis_key_registry,ML-DSA-65,revocation_check,registry1,0,284,10,42,1000,7094272,true,not_revoked,1,0,0,0,0,0,0,0,0,0,
local-1786752604326628000,macmini-m2-macos26.5.2-rust1.97.1-aarch64-20260814,9d3ab807a08ef4cf1077dbc23213e2314ce37c87,MEASURED,1786752604330068000,lifecycle,aegis_key_registry,ML-DSA-65,public_key_lookup,registry1,0,285,10,208,0,7094272,true,found,1,0,1952,0,0,0,0,0,0,0,
local-1786752604326628000,macmini-m2-macos26.5.2-rust1.97.1-aarch64-20260814,9d3ab807a08ef4cf1077dbc23213e2314ce37c87,MEASURED,1786752604330070000,lifecycle,aegis_key_registry,ML-DSA-65,role_authorization_check,registry1,0,285,10,42,1000,7094272,true,authorized,1,0,0,0,0,0,0,0,0,0,
local-1786752604326628000,macmini-m2-macos26.5.2-rust1.97.1-aarch64-20260814,9d3ab807a08ef4cf1077dbc23213e2314ce37c87,MEASURED,1786752604330071000,lifecycle,aegis_key_registry,ML-DSA-65,active_key_check,registry1,0,285,10,41,0,7094272,true,active,1,0,0,0,0,0,0,0,0,0,
local-1786752604326628000,macmini-m2-macos26.5.2-rust1.97.1-aarch64-20260814,9d3ab807a08ef4cf1077dbc23213e2314ce37c87,MEASURED,1786752604330073000,lifecycle,aegis_key_registry,ML-DSA-65,revocation_check,registry1,0,285,10,42,0,7094272,true,not_revoked,1,0,0,0,0,0,0,0,0,0,
local-1786752604326628000,macmini-m2-macos26.5.2-rust1.97.1-aarch64-20260814,9d3ab807a08ef4cf1077dbc23213e2314ce37c87,MEASURED,1786752604330075000,lifecycle,aegis_key_registry,ML-DSA-65,public_key_lookup,registry1,0,286,10,208,0,7094272,true,found,1,0,1952,0,0,0,0,0,0,0,
local-1786752604326628000,macmini-m2-macos26.5.2-rust1.97.1-aarch64-20260814,9d3ab807a08ef4cf1077dbc23213e2314ce37c87,MEASURED,1786752604330076000,lifecycle,aegis_key_registry,ML-DSA-65,role_authorization_check,registry1,0,286,10,42,0,7094272,true,authorized,1,0,0,0,0,0,0,0,0,0,
local-1786752604326628000,macmini-m2-macos26.5.2-rust1.97.1-aarch64-20260814,9d3ab807a08ef4cf1077dbc23213e2314ce37c87,MEASURED,1786752604330078000,lifecycle,aegis_key_registry,ML-DSA-65,active_key_check,registry1,0,286,10,41,1000,7094272,true,active,1,0,0,0,0,0,0,0,0,0,
local-1786752604326628000,macmini-m2-macos26.5.2-rust1.97.1-aarch64-20260814,9d3ab807a08ef4cf1077dbc23213e2314ce37c87,MEASURED,1786752604330079000,lifecycle,aegis_key_registry,ML-DSA-65,revocation_check,registry1,0,286,10,42,0,7094272,true,not_revoked,1,0,0,0,0,0,0,0,0,0,
local-1786752604326628000,macmini-m2-macos26.5.2-rust1.97.1-aarch64-20260814,9d3ab807a08ef4cf1077dbc23213e2314ce37c87,MEASURED,1786752604330081000,lifecycle,aegis_key_registry,ML-DSA-65,public_key_lookup,registry1,0,287,10,167,1000,7094272,true,found,1,0,1952,0,0,0,0,0,0,0,
local-1786752604326628000,macmini-m2-macos26.5.2-rust1.97.1-aarch64-20260814,9d3ab807a08ef4cf1077dbc23213e2314ce37c87,MEASURED,1786752604330082000,lifecycle,aegis_key_registry,ML-DSA-65,role_authorization_check,registry1,0,287,10,42,0,7094272,true,authorized,1,0,0,0,0,0,0,0,0,0,
local-1786752604326628000,macmini-m2-macos26.5.2-rust1.97.1-aarch64-20260814,9d3ab807a08ef4cf1077dbc23213e2314ce37c87,MEASURED,1786752604330084000,lifecycle,aegis_key_registry,ML-DSA-65,active_key_check,registry1,0,287,10,42,0,7094272,true,active,1,0,0,0,0,0,0,0,0,0,
local-1786752604326628000,macmini-m2-macos26.5.2-rust1.97.1-aarch64-20260814,9d3ab807a08ef4cf1077dbc23213e2314ce37c87,MEASURED,1786752604330086000,lifecycle,aegis_key_registry,ML-DSA-65,revocation_check,registry1,0,287,10,42,1000,7094272,true,not_revoked,1,0,0,0,0,0,0,0,0,0,
local-1786752604326628000,macmini-m2-macos26.5.2-rust1.97.1-aarch64-20260814,9d3ab807a08ef4cf1077dbc23213e2314ce37c87,MEASURED,1786752604330087000,lifecycle,aegis_key_registry,ML-DSA-65,public_key_lookup,registry1,0,288,10,167,0,7094272,true,found,1,0,1952,0,0,0,0,0,0,0,
local-1786752604326628000,macmini-m2-macos26.5.2-rust1.97.1-aarch64-20260814,9d3ab807a08ef4cf1077dbc23213e2314ce37c87,MEASURED,1786752604330089000,lifecycle,aegis_key_registry,ML-DSA-65,role_authorization_check,registry1,0,288,10,42,1000,7094272,true,authorized,1,0,0,0,0,0,0,0,0,0,
local-1786752604326628000,macmini-m2-macos26.5.2-rust1.97.1-aarch64-20260814,9d3ab807a08ef4cf1077dbc23213e2314ce37c87,MEASURED,1786752604330090000,lifecycle,aegis_key_registry,ML-DSA-65,active_key_check,registry1,0,288,10,41,1000,7094272,true,active,1,0,0,0,0,0,0,0,0,0,
local-1786752604326628000,macmini-m2-macos26.5.2-rust1.97.1-aarch64-20260814,9d3ab807a08ef4cf1077dbc23213e2314ce37c87,MEASURED,1786752604330092000,lifecycle,aegis_key_registry,ML-DSA-65,revocation_check,registry1,0,288,10,42,0,7094272,true,not_revoked,1,0,0,0,0,0,0,0,0,0,
local-1786752604326628000,macmini-m2-macos26.5.2-rust1.97.1-aarch64-20260814,9d3ab807a08ef4cf1077dbc23213e2314ce37c87,MEASURED,1786752604330094000,lifecycle,aegis_key_registry,ML-DSA-65,public_key_lookup,registry1,0,289,10,125,0,7094272,true,found,1,0,1952,0,0,0,0,0,0,0,
local-1786752604326628000,macmini-m2-macos26.5.2-rust1.97.1-aarch64-20260814,9d3ab807a08ef4cf1077dbc23213e2314ce37c87,MEASURED,1786752604330095000,lifecycle,aegis_key_registry,ML-DSA-65,role_authorization_check,registry1,0,289,10,42,1000,7094272,true,authorized,1,0,0,0,0,0,0,0,0,0,
local-1786752604326628000,macmini-m2-macos26.5.2-rust1.97.1-aarch64-20260814,9d3ab807a08ef4cf1077dbc23213e2314ce37c87,MEASURED,1786752604330097000,lifecycle,aegis_key_registry,ML-DSA-65,active_key_check,registry1,0,289,10,42,0,7094272,true,active,1,0,0,0,0,0,0,0,0,0,
local-1786752604326628000,macmini-m2-macos26.5.2-rust1.97.1-aarch64-20260814,9d3ab807a08ef4cf1077dbc23213e2314ce37c87,MEASURED,1786752604330098000,lifecycle,aegis_key_registry,ML-DSA-65,revocation_check,registry1,0,289,10,42,0,7094272,true,not_revoked,1,0,0,0,0,0,0,0,0,0,
local-1786752604326628000,macmini-m2-macos26.5.2-rust1.97.1-aarch64-20260814,9d3ab807a08ef4cf1077dbc23213e2314ce37c87,MEASURED,1786752604330100000,lifecycle,aegis_key_registry,ML-DSA-65,public_key_lookup,registry1,0,290,10,167,2000,7094272,true,found,1,0,1952,0,0,0,0,0,0,0,
local-1786752604326628000,macmini-m2-macos26.5.2-rust1.97.1-aarch64-20260814,9d3ab807a08ef4cf1077dbc23213e2314ce37c87,MEASURED,1786752604330102000,lifecycle,aegis_key_registry,ML-DSA-65,role_authorization_check,registry1,0,290,10,41,0,7094272,true,authorized,1,0,0,0,0,0,0,0,0,0,
local-1786752604326628000,macmini-m2-macos26.5.2-rust1.97.1-aarch64-20260814,9d3ab807a08ef4cf1077dbc23213e2314ce37c87,MEASURED,1786752604330105000,lifecycle,aegis_key_registry,ML-DSA-65,active_key_check,registry1,0,290,10,42,1000,7094272,true,active,1,0,0,0,0,0,0,0,0,0,
local-1786752604326628000,macmini-m2-macos26.5.2-rust1.97.1-aarch64-20260814,9d3ab807a08ef4cf1077dbc23213e2314ce37c87,MEASURED,1786752604330106000,lifecycle,aegis_key_registry,ML-DSA-65,revocation_check,registry1,0,290,10,41,0,7094272,true,not_revoked,1,0,0,0,0,0,0,0,0,0,
local-1786752604326628000,macmini-m2-macos26.5.2-rust1.97.1-aarch64-20260814,9d3ab807a08ef4cf1077dbc23213e2314ce37c87,MEASURED,1786752604330108000,lifecycle,aegis_key_registry,ML-DSA-65,public_key_lookup,registry1,0,291,10,167,1000,7094272,true,found,1,0,1952,0,0,0,0,0,0,0,
local-1786752604326628000,macmini-m2-macos26.5.2-rust1.97.1-aarch64-20260814,9d3ab807a08ef4cf1077dbc23213e2314ce37c87,MEASURED,1786752604330116000,lifecycle,aegis_key_registry,ML-DSA-65,role_authorization_check,registry1,0,291,10,41,0,7094272,true,authorized,1,0,0,0,0,0,0,0,0,0,
local-1786752604326628000,macmini-m2-macos26.5.2-rust1.97.1-aarch64-20260814,9d3ab807a08ef4cf1077dbc23213e2314ce37c87,MEASURED,1786752604330117000,lifecycle,aegis_key_registry,ML-DSA-65,active_key_check,registry1,0,291,10,42,0,7094272,true,active,1,0,0,0,0,0,0,0,0,0,
local-1786752604326628000,macmini-m2-macos26.5.2-rust1.97.1-aarch64-20260814,9d3ab807a08ef4cf1077dbc23213e2314ce37c87,MEASURED,1786752604330119000,lifecycle,aegis_key_registry,ML-DSA-65,revocation_check,registry1,0,291,10,42,0,7094272,true,not_revoked,1,0,0,0,0,0,0,0,0,0,
local-1786752604326628000,macmini-m2-macos26.5.2-rust1.97.1-aarch64-20260814,9d3ab807a08ef4cf1077dbc23213e2314ce37c87,MEASURED,1786752604330121000,lifecycle,aegis_key_registry,ML-DSA-65,public_key_lookup,registry1,0,292,10,167,1000,7094272,true,found,1,0,1952,0,0,0,0,0,0,0,
local-1786752604326628000,macmini-m2-macos26.5.2-rust1.97.1-aarch64-20260814,9d3ab807a08ef4cf1077dbc23213e2314ce37c87,MEASURED,1786752604330122000,lifecycle,aegis_key_registry,ML-DSA-65,role_authorization_check,registry1,0,292,10,41,0,7094272,true,authorized,1,0,0,0,0,0,0,0,0,0,
local-1786752604326628000,macmini-m2-macos26.5.2-rust1.97.1-aarch64-20260814,9d3ab807a08ef4cf1077dbc23213e2314ce37c87,MEASURED,1786752604330124000,lifecycle,aegis_key_registry,ML-DSA-65,active_key_check,registry1,0,292,10,42,1000,7094272,true,active,1,0,0,0,0,0,0,0,0,0,
local-1786752604326628000,macmini-m2-macos26.5.2-rust1.97.1-aarch64-20260814,9d3ab807a08ef4cf1077dbc23213e2314ce37c87,MEASURED,1786752604330125000,lifecycle,aegis_key_registry,ML-DSA-65,revocation_check,registry1,0,292,10,42,0,7094272,true,not_revoked,1,0,0,0,0,0,0,0,0,0,
local-1786752604326628000,macmini-m2-macos26.5.2-rust1.97.1-aarch64-20260814,9d3ab807a08ef4cf1077dbc23213e2314ce37c87,MEASURED,1786752604330127000,lifecycle,aegis_key_registry,ML-DSA-65,public_key_lookup,registry1,0,293,10,166,0,7094272,true,found,1,0,1952,0,0,0,0,0,0,0,
local-1786752604326628000,macmini-m2-macos26.5.2-rust1.97.1-aarch64-20260814,9d3ab807a08ef4cf1077dbc23213e2314ce37c87,MEASURED,1786752604330129000,lifecycle,aegis_key_registry,ML-DSA-65,role_authorization_check,registry1,0,293,10,42,1000,7094272,true,authorized,1,0,0,0,0,0,0,0,0,0,
local-1786752604326628000,macmini-m2-macos26.5.2-rust1.97.1-aarch64-20260814,9d3ab807a08ef4cf1077dbc23213e2314ce37c87,MEASURED,1786752604330130000,lifecycle,aegis_key_registry,ML-DSA-65,active_key_check,registry1,0,293,10,42,0,7094272,true,active,1,0,0,0,0,0,0,0,0,0,
local-1786752604326628000,macmini-m2-macos26.5.2-rust1.97.1-aarch64-20260814,9d3ab807a08ef4cf1077dbc23213e2314ce37c87,MEASURED,1786752604330132000,lifecycle,aegis_key_registry,ML-DSA-65,revocation_check,registry1,0,293,10,41,0,7094272,true,not_revoked,1,0,0,0,0,0,0,0,0,0,
local-1786752604326628000,macmini-m2-macos26.5.2-rust1.97.1-aarch64-20260814,9d3ab807a08ef4cf1077dbc23213e2314ce37c87,MEASURED,1786752604330133000,lifecycle,aegis_key_registry,ML-DSA-65,public_key_lookup,registry1,0,294,10,167,0,7094272,true,found,1,0,1952,0,0,0,0,0,0,0,
local-1786752604326628000,macmini-m2-macos26.5.2-rust1.97.1-aarch64-20260814,9d3ab807a08ef4cf1077dbc23213e2314ce37c87,MEASURED,1786752604330135000,lifecycle,aegis_key_registry,ML-DSA-65,role_authorization_check,registry1,0,294,10,42,0,7094272,true,authorized,1,0,0,0,0,0,0,0,0,0,
local-1786752604326628000,macmini-m2-macos26.5.2-rust1.97.1-aarch64-20260814,9d3ab807a08ef4cf1077dbc23213e2314ce37c87,MEASURED,1786752604330137000,lifecycle,aegis_key_registry,ML-DSA-65,active_key_check,registry1,0,294,10,42,1000,7094272,true,active,1,0,0,0,0,0,0,0,0,0,
local-1786752604326628000,macmini-m2-macos26.5.2-rust1.97.1-aarch64-20260814,9d3ab807a08ef4cf1077dbc23213e2314ce37c87,MEASURED,1786752604330138000,lifecycle,aegis_key_registry,ML-DSA-65,revocation_check,registry1,0,294,10,42,0,7094272,true,not_revoked,1,0,0,0,0,0,0,0,0,0,
local-1786752604326628000,macmini-m2-macos26.5.2-rust1.97.1-aarch64-20260814,9d3ab807a08ef4cf1077dbc23213e2314ce37c87,MEASURED,1786752604330140000,lifecycle,aegis_key_registry,ML-DSA-65,public_key_lookup,registry1,0,295,10,167,0,7094272,true,found,1,0,1952,0,0,0,0,0,0,0,
local-1786752604326628000,macmini-m2-macos26.5.2-rust1.97.1-aarch64-20260814,9d3ab807a08ef4cf1077dbc23213e2314ce37c87,MEASURED,1786752604330141000,lifecycle,aegis_key_registry,ML-DSA-65,role_authorization_check,registry1,0,295,10,42,0,7094272,true,authorized,1,0,0,0,0,0,0,0,0,0,
local-1786752604326628000,macmini-m2-macos26.5.2-rust1.97.1-aarch64-20260814,9d3ab807a08ef4cf1077dbc23213e2314ce37c87,MEASURED,1786752604330143000,lifecycle,aegis_key_registry,ML-DSA-65,active_key_check,registry1,0,295,10,41,0,7094272,true,active,1,0,0,0,0,0,0,0,0,0,
local-1786752604326628000,macmini-m2-macos26.5.2-rust1.97.1-aarch64-20260814,9d3ab807a08ef4cf1077dbc23213e2314ce37c87,MEASURED,1786752604330145000,lifecycle,aegis_key_registry,ML-DSA-65,revocation_check,registry1,0,295,10,42,0,7094272,true,not_revoked,1,0,0,0,0,0,0,0,0,0,
local-1786752604326628000,macmini-m2-macos26.5.2-rust1.97.1-aarch64-20260814,9d3ab807a08ef4cf1077dbc23213e2314ce37c87,MEASURED,1786752604330146000,lifecycle,aegis_key_registry,ML-DSA-65,public_key_lookup,registry1,0,296,10,167,0,7094272,true,found,1,0,1952,0,0,0,0,0,0,0,
local-1786752604326628000,macmini-m2-macos26.5.2-rust1.97.1-aarch64-20260814,9d3ab807a08ef4cf1077dbc23213e2314ce37c87,MEASURED,1786752604330148000,lifecycle,aegis_key_registry,ML-DSA-65,role_authorization_check,registry1,0,296,10,42,1000,7094272,true,authorized,1,0,0,0,0,0,0,0,0,0,
local-1786752604326628000,macmini-m2-macos26.5.2-rust1.97.1-aarch64-20260814,9d3ab807a08ef4cf1077dbc23213e2314ce37c87,MEASURED,1786752604330149000,lifecycle,aegis_key_registry,ML-DSA-65,active_key_check,registry1,0,296,10,42,0,7094272,true,active,1,0,0,0,0,0,0,0,0,0,
local-1786752604326628000,macmini-m2-macos26.5.2-rust1.97.1-aarch64-20260814,9d3ab807a08ef4cf1077dbc23213e2314ce37c87,MEASURED,1786752604330151000,lifecycle,aegis_key_registry,ML-DSA-65,revocation_check,registry1,0,296,10,42,0,7094272,true,not_revoked,1,0,0,0,0,0,0,0,0,0,
local-1786752604326628000,macmini-m2-macos26.5.2-rust1.97.1-aarch64-20260814,9d3ab807a08ef4cf1077dbc23213e2314ce37c87,MEASURED,1786752604330153000,lifecycle,aegis_key_registry,ML-DSA-65,public_key_lookup,registry1,0,297,10,166,0,7094272,true,found,1,0,1952,0,0,0,0,0,0,0,
local-1786752604326628000,macmini-m2-macos26.5.2-rust1.97.1-aarch64-20260814,9d3ab807a08ef4cf1077dbc23213e2314ce37c87,MEASURED,1786752604330154000,lifecycle,aegis_key_registry,ML-DSA-65,role_authorization_check,registry1,0,297,10,42,2000,7094272,true,authorized,1,0,0,0,0,0,0,0,0,0,
local-1786752604326628000,macmini-m2-macos26.5.2-rust1.97.1-aarch64-20260814,9d3ab807a08ef4cf1077dbc23213e2314ce37c87,MEASURED,1786752604330156000,lifecycle,aegis_key_registry,ML-DSA-65,active_key_check,registry1,0,297,10,83,0,7094272,true,active,1,0,0,0,0,0,0,0,0,0,
local-1786752604326628000,macmini-m2-macos26.5.2-rust1.97.1-aarch64-20260814,9d3ab807a08ef4cf1077dbc23213e2314ce37c87,MEASURED,1786752604330157000,lifecycle,aegis_key_registry,ML-DSA-65,revocation_check,registry1,0,297,10,42,0,7094272,true,not_revoked,1,0,0,0,0,0,0,0,0,0,
local-1786752604326628000,macmini-m2-macos26.5.2-rust1.97.1-aarch64-20260814,9d3ab807a08ef4cf1077dbc23213e2314ce37c87,MEASURED,1786752604330159000,lifecycle,aegis_key_registry,ML-DSA-65,public_key_lookup,registry1,0,298,10,125,1000,7094272,true,found,1,0,1952,0,0,0,0,0,0,0,
local-1786752604326628000,macmini-m2-macos26.5.2-rust1.97.1-aarch64-20260814,9d3ab807a08ef4cf1077dbc23213e2314ce37c87,MEASURED,1786752604330161000,lifecycle,aegis_key_registry,ML-DSA-65,role_authorization_check,registry1,0,298,10,42,0,7094272,true,authorized,1,0,0,0,0,0,0,0,0,0,
local-1786752604326628000,macmini-m2-macos26.5.2-rust1.97.1-aarch64-20260814,9d3ab807a08ef4cf1077dbc23213e2314ce37c87,MEASURED,1786752604330166000,lifecycle,aegis_key_registry,ML-DSA-65,active_key_check,registry1,0,298,10,41,0,7094272,true,active,1,0,0,0,0,0,0,0,0,0,
local-1786752604326628000,macmini-m2-macos26.5.2-rust1.97.1-aarch64-20260814,9d3ab807a08ef4cf1077dbc23213e2314ce37c87,MEASURED,1786752604330168000,lifecycle,aegis_key_registry,ML-DSA-65,revocation_check,registry1,0,298,10,41,0,7094272,true,not_revoked,1,0,0,0,0,0,0,0,0,0,
local-1786752604326628000,macmini-m2-macos26.5.2-rust1.97.1-aarch64-20260814,9d3ab807a08ef4cf1077dbc23213e2314ce37c87,MEASURED,1786752604330170000,lifecycle,aegis_key_registry,ML-DSA-65,public_key_lookup,registry1,0,299,10,167,1000,7094272,true,found,1,0,1952,0,0,0,0,0,0,0,
local-1786752604326628000,macmini-m2-macos26.5.2-rust1.97.1-aarch64-20260814,9d3ab807a08ef4cf1077dbc23213e2314ce37c87,MEASURED,1786752604330171000,lifecycle,aegis_key_registry,ML-DSA-65,role_authorization_check,registry1,0,299,10,84,0,7094272,true,authorized,1,0,0,0,0,0,0,0,0,0,
local-1786752604326628000,macmini-m2-macos26.5.2-rust1.97.1-aarch64-20260814,9d3ab807a08ef4cf1077dbc23213e2314ce37c87,MEASURED,1786752604330173000,lifecycle,aegis_key_registry,ML-DSA-65,active_key_check,registry1,0,299,10,42,0,7094272,true,active,1,0,0,0,0,0,0,0,0,0,
local-1786752604326628000,macmini-m2-macos26.5.2-rust1.97.1-aarch64-20260814,9d3ab807a08ef4cf1077dbc23213e2314ce37c87,MEASURED,1786752604330174000,lifecycle,aegis_key_registry,ML-DSA-65,revocation_check,registry1,0,299,10,42,1000,7094272,true,not_revoked,1,0,0,0,0,0,0,0,0,0,
local-1786752604326628000,macmini-m2-macos26.5.2-rust1.97.1-aarch64-20260814,9d3ab807a08ef4cf1077dbc23213e2314ce37c87,MEASURED,1786752604330176000,lifecycle,aegis_key_registry,ML-DSA-65,public_key_lookup,registry1,0,300,10,167,0,7094272,true,found,1,0,1952,0,0,0,0,0,0,0,
local-1786752604326628000,macmini-m2-macos26.5.2-rust1.97.1-aarch64-20260814,9d3ab807a08ef4cf1077dbc23213e2314ce37c87,MEASURED,1786752604330178000,lifecycle,aegis_key_registry,ML-DSA-65,role_authorization_check,registry1,0,300,10,42,0,7094272,true,authorized,1,0,0,0,0,0,0,0,0,0,
local-1786752604326628000,macmini-m2-macos26.5.2-rust1.97.1-aarch64-20260814,9d3ab807a08ef4cf1077dbc23213e2314ce37c87,MEASURED,1786752604330179000,lifecycle,aegis_key_registry,ML-DSA-65,active_key_check,registry1,0,300,10,41,2000,7094272,true,active,1,0,0,0,0,0,0,0,0,0,
local-1786752604326628000,macmini-m2-macos26.5.2-rust1.97.1-aarch64-20260814,9d3ab807a08ef4cf1077dbc23213e2314ce37c87,MEASURED,1786752604330181000,lifecycle,aegis_key_registry,ML-DSA-65,revocation_check,registry1,0,300,10,42,0,7094272,true,not_revoked,1,0,0,0,0,0,0,0,0,0,
local-1786752604326628000,macmini-m2-macos26.5.2-rust1.97.1-aarch64-20260814,9d3ab807a08ef4cf1077dbc23213e2314ce37c87,MEASURED,1786752604330182000,lifecycle,aegis_key_registry,ML-DSA-65,public_key_lookup,registry1,0,301,10,125,0,7094272,true,found,1,0,1952,0,0,0,0,0,0,0,
local-1786752604326628000,macmini-m2-macos26.5.2-rust1.97.1-aarch64-20260814,9d3ab807a08ef4cf1077dbc23213e2314ce37c87,MEASURED,1786752604330184000,lifecycle,aegis_key_registry,ML-DSA-65,role_authorization_check,registry1,0,301,10,42,1000,7094272,true,authorized,1,0,0,0,0,0,0,0,0,0,
local-1786752604326628000,macmini-m2-macos26.5.2-rust1.97.1-aarch64-20260814,9d3ab807a08ef4cf1077dbc23213e2314ce37c87,MEASURED,1786752604330186000,lifecycle,aegis_key_registry,ML-DSA-65,active_key_check,registry1,0,301,10,41,1000,7094272,true,active,1,0,0,0,0,0,0,0,0,0,
local-1786752604326628000,macmini-m2-macos26.5.2-rust1.97.1-aarch64-20260814,9d3ab807a08ef4cf1077dbc23213e2314ce37c87,MEASURED,1786752604330187000,lifecycle,aegis_key_registry,ML-DSA-65,revocation_check,registry1,0,301,10,42,0,7094272,true,not_revoked,1,0,0,0,0,0,0,0,0,0,
local-1786752604326628000,macmini-m2-macos26.5.2-rust1.97.1-aarch64-20260814,9d3ab807a08ef4cf1077dbc23213e2314ce37c87,MEASURED,1786752604330189000,lifecycle,aegis_key_registry,ML-DSA-65,public_key_lookup,registry1,0,302,10,166,1000,7094272,true,found,1,0,1952,0,0,0,0,0,0,0,
local-1786752604326628000,macmini-m2-macos26.5.2-rust1.97.1-aarch64-20260814,9d3ab807a08ef4cf1077dbc23213e2314ce37c87,MEASURED,1786752604330190000,lifecycle,aegis_key_registry,ML-DSA-65,role_authorization_check,registry1,0,302,10,42,0,7094272,true,authorized,1,0,0,0,0,0,0,0,0,0,
local-1786752604326628000,macmini-m2-macos26.5.2-rust1.97.1-aarch64-20260814,9d3ab807a08ef4cf1077dbc23213e2314ce37c87,MEASURED,1786752604330192000,lifecycle,aegis_key_registry,ML-DSA-65,active_key_check,registry1,0,302,10,42,0,7094272,true,active,1,0,0,0,0,0,0,0,0,0,
local-1786752604326628000,macmini-m2-macos26.5.2-rust1.97.1-aarch64-20260814,9d3ab807a08ef4cf1077dbc23213e2314ce37c87,MEASURED,1786752604330194000,lifecycle,aegis_key_registry,ML-DSA-65,revocation_check,registry1,0,302,10,41,0,7094272,true,not_revoked,1,0,0,0,0,0,0,0,0,0,
local-1786752604326628000,macmini-m2-macos26.5.2-rust1.97.1-aarch64-20260814,9d3ab807a08ef4cf1077dbc23213e2314ce37c87,MEASURED,1786752604330195000,lifecycle,aegis_key_registry,ML-DSA-65,public_key_lookup,registry1,0,303,10,167,0,7094272,true,found,1,0,1952,0,0,0,0,0,0,0,
local-1786752604326628000,macmini-m2-macos26.5.2-rust1.97.1-aarch64-20260814,9d3ab807a08ef4cf1077dbc23213e2314ce37c87,MEASURED,1786752604330197000,lifecycle,aegis_key_registry,ML-DSA-65,role_authorization_check,registry1,0,303,10,41,1000,7094272,true,authorized,1,0,0,0,0,0,0,0,0,0,
local-1786752604326628000,macmini-m2-macos26.5.2-rust1.97.1-aarch64-20260814,9d3ab807a08ef4cf1077dbc23213e2314ce37c87,MEASURED,1786752604330199000,lifecycle,aegis_key_registry,ML-DSA-65,active_key_check,registry1,0,303,10,42,0,7094272,true,active,1,0,0,0,0,0,0,0,0,0,
local-1786752604326628000,macmini-m2-macos26.5.2-rust1.97.1-aarch64-20260814,9d3ab807a08ef4cf1077dbc23213e2314ce37c87,MEASURED,1786752604330200000,lifecycle,aegis_key_registry,ML-DSA-65,revocation_check,registry1,0,303,10,42,0,7094272,true,not_revoked,1,0,0,0,0,0,0,0,0,0,
local-1786752604326628000,macmini-m2-macos26.5.2-rust1.97.1-aarch64-20260814,9d3ab807a08ef4cf1077dbc23213e2314ce37c87,MEASURED,1786752604330202000,lifecycle,aegis_key_registry,ML-DSA-65,public_key_lookup,registry1,0,304,10,167,0,7094272,true,found,1,0,1952,0,0,0,0,0,0,0,
local-1786752604326628000,macmini-m2-macos26.5.2-rust1.97.1-aarch64-20260814,9d3ab807a08ef4cf1077dbc23213e2314ce37c87,MEASURED,1786752604330203000,lifecycle,aegis_key_registry,ML-DSA-65,role_authorization_check,registry1,0,304,10,41,0,7094272,true,authorized,1,0,0,0,0,0,0,0,0,0,
local-1786752604326628000,macmini-m2-macos26.5.2-rust1.97.1-aarch64-20260814,9d3ab807a08ef4cf1077dbc23213e2314ce37c87,MEASURED,1786752604330205000,lifecycle,aegis_key_registry,ML-DSA-65,active_key_check,registry1,0,304,10,42,0,7094272,true,active,1,0,0,0,0,0,0,0,0,0,
local-1786752604326628000,macmini-m2-macos26.5.2-rust1.97.1-aarch64-20260814,9d3ab807a08ef4cf1077dbc23213e2314ce37c87,MEASURED,1786752604330206000,lifecycle,aegis_key_registry,ML-DSA-65,revocation_check,registry1,0,304,10,41,0,7094272,true,not_revoked,1,0,0,0,0,0,0,0,0,0,
local-1786752604326628000,macmini-m2-macos26.5.2-rust1.97.1-aarch64-20260814,9d3ab807a08ef4cf1077dbc23213e2314ce37c87,MEASURED,1786752604330208000,lifecycle,aegis_key_registry,ML-DSA-65,public_key_lookup,registry1,0,305,10,167,2000,7094272,true,found,1,0,1952,0,0,0,0,0,0,0,
local-1786752604326628000,macmini-m2-macos26.5.2-rust1.97.1-aarch64-20260814,9d3ab807a08ef4cf1077dbc23213e2314ce37c87,MEASURED,1786752604330210000,lifecycle,aegis_key_registry,ML-DSA-65,role_authorization_check,registry1,0,305,10,42,0,7094272,true,authorized,1,0,0,0,0,0,0,0,0,0,
local-1786752604326628000,macmini-m2-macos26.5.2-rust1.97.1-aarch64-20260814,9d3ab807a08ef4cf1077dbc23213e2314ce37c87,MEASURED,1786752604330211000,lifecycle,aegis_key_registry,ML-DSA-65,active_key_check,registry1,0,305,10,42,0,7094272,true,active,1,0,0,0,0,0,0,0,0,0,
local-1786752604326628000,macmini-m2-macos26.5.2-rust1.97.1-aarch64-20260814,9d3ab807a08ef4cf1077dbc23213e2314ce37c87,MEASURED,1786752604330218000,lifecycle,aegis_key_registry,ML-DSA-65,revocation_check,registry1,0,305,10,42,1000,7094272,true,not_revoked,1,0,0,0,0,0,0,0,0,0,
local-1786752604326628000,macmini-m2-macos26.5.2-rust1.97.1-aarch64-20260814,9d3ab807a08ef4cf1077dbc23213e2314ce37c87,MEASURED,1786752604330219000,lifecycle,aegis_key_registry,ML-DSA-65,public_key_lookup,registry1,0,306,10,167,0,7094272,true,found,1,0,1952,0,0,0,0,0,0,0,
local-1786752604326628000,macmini-m2-macos26.5.2-rust1.97.1-aarch64-20260814,9d3ab807a08ef4cf1077dbc23213e2314ce37c87,MEASURED,1786752604330221000,lifecycle,aegis_key_registry,ML-DSA-65,role_authorization_check,registry1,0,306,10,84,2000,7094272,true,authorized,1,0,0,0,0,0,0,0,0,0,
local-1786752604326628000,macmini-m2-macos26.5.2-rust1.97.1-aarch64-20260814,9d3ab807a08ef4cf1077dbc23213e2314ce37c87,MEASURED,1786752604330223000,lifecycle,aegis_key_registry,ML-DSA-65,active_key_check,registry1,0,306,10,84,0,7094272,true,active,1,0,0,0,0,0,0,0,0,0,
local-1786752604326628000,macmini-m2-macos26.5.2-rust1.97.1-aarch64-20260814,9d3ab807a08ef4cf1077dbc23213e2314ce37c87,MEASURED,1786752604330224000,lifecycle,aegis_key_registry,ML-DSA-65,revocation_check,registry1,0,306,10,42,0,7094272,true,not_revoked,1,0,0,0,0,0,0,0,0,0,
local-1786752604326628000,macmini-m2-macos26.5.2-rust1.97.1-aarch64-20260814,9d3ab807a08ef4cf1077dbc23213e2314ce37c87,MEASURED,1786752604330226000,lifecycle,aegis_key_registry,ML-DSA-65,public_key_lookup,registry1,0,307,10,166,1000,7094272,true,found,1,0,1952,0,0,0,0,0,0,0,
local-1786752604326628000,macmini-m2-macos26.5.2-rust1.97.1-aarch64-20260814,9d3ab807a08ef4cf1077dbc23213e2314ce37c87,MEASURED,1786752604330228000,lifecycle,aegis_key_registry,ML-DSA-65,role_authorization_check,registry1,0,307,10,42,0,7094272,true,authorized,1,0,0,0,0,0,0,0,0,0,
local-1786752604326628000,macmini-m2-macos26.5.2-rust1.97.1-aarch64-20260814,9d3ab807a08ef4cf1077dbc23213e2314ce37c87,MEASURED,1786752604330229000,lifecycle,aegis_key_registry,ML-DSA-65,active_key_check,registry1,0,307,10,41,0,7094272,true,active,1,0,0,0,0,0,0,0,0,0,
local-1786752604326628000,macmini-m2-macos26.5.2-rust1.97.1-aarch64-20260814,9d3ab807a08ef4cf1077dbc23213e2314ce37c87,MEASURED,1786752604330231000,lifecycle,aegis_key_registry,ML-DSA-65,revocation_check,registry1,0,307,10,42,0,7094272,true,not_revoked,1,0,0,0,0,0,0,0,0,0,
local-1786752604326628000,macmini-m2-macos26.5.2-rust1.97.1-aarch64-20260814,9d3ab807a08ef4cf1077dbc23213e2314ce37c87,MEASURED,1786752604330232000,lifecycle,aegis_key_registry,ML-DSA-65,public_key_lookup,registry1,0,308,10,167,1000,7094272,true,found,1,0,1952,0,0,0,0,0,0,0,
local-1786752604326628000,macmini-m2-macos26.5.2-rust1.97.1-aarch64-20260814,9d3ab807a08ef4cf1077dbc23213e2314ce37c87,MEASURED,1786752604330234000,lifecycle,aegis_key_registry,ML-DSA-65,role_authorization_check,registry1,0,308,10,42,0,7094272,true,authorized,1,0,0,0,0,0,0,0,0,0,
local-1786752604326628000,macmini-m2-macos26.5.2-rust1.97.1-aarch64-20260814,9d3ab807a08ef4cf1077dbc23213e2314ce37c87,MEASURED,1786752604330236000,lifecycle,aegis_key_registry,ML-DSA-65,active_key_check,registry1,0,308,10,42,0,7094272,true,active,1,0,0,0,0,0,0,0,0,0,
local-1786752604326628000,macmini-m2-macos26.5.2-rust1.97.1-aarch64-20260814,9d3ab807a08ef4cf1077dbc23213e2314ce37c87,MEASURED,1786752604330237000,lifecycle,aegis_key_registry,ML-DSA-65,revocation_check,registry1,0,308,10,41,0,7094272,true,not_revoked,1,0,0,0,0,0,0,0,0,0,
local-1786752604326628000,macmini-m2-macos26.5.2-rust1.97.1-aarch64-20260814,9d3ab807a08ef4cf1077dbc23213e2314ce37c87,MEASURED,1786752604330239000,lifecycle,aegis_key_registry,ML-DSA-65,public_key_lookup,registry1,0,309,10,166,1000,7094272,true,found,1,0,1952,0,0,0,0,0,0,0,
local-1786752604326628000,macmini-m2-macos26.5.2-rust1.97.1-aarch64-20260814,9d3ab807a08ef4cf1077dbc23213e2314ce37c87,MEASURED,1786752604330240000,lifecycle,aegis_key_registry,ML-DSA-65,role_authorization_check,registry1,0,309,10,41,0,7094272,true,authorized,1,0,0,0,0,0,0,0,0,0,
local-1786752604326628000,macmini-m2-macos26.5.2-rust1.97.1-aarch64-20260814,9d3ab807a08ef4cf1077dbc23213e2314ce37c87,MEASURED,1786752604330242000,lifecycle,aegis_key_registry,ML-DSA-65,active_key_check,registry1,0,309,10,42,0,7094272,true,active,1,0,0,0,0,0,0,0,0,0,
local-1786752604326628000,macmini-m2-macos26.5.2-rust1.97.1-aarch64-20260814,9d3ab807a08ef4cf1077dbc23213e2314ce37c87,MEASURED,1786752604330243000,lifecycle,aegis_key_registry,ML-DSA-65,revocation_check,registry1,0,309,10,42,0,7094272,true,not_revoked,1,0,0,0,0,0,0,0,0,0,
local-1786752604326628000,macmini-m2-macos26.5.2-rust1.97.1-aarch64-20260814,9d3ab807a08ef4cf1077dbc23213e2314ce37c87,MEASURED,1786752604330245000,lifecycle,aegis_key_registry,ML-DSA-65,public_key_lookup,registry1,0,310,10,166,0,7094272,true,found,1,0,1952,0,0,0,0,0,0,0,
local-1786752604326628000,macmini-m2-macos26.5.2-rust1.97.1-aarch64-20260814,9d3ab807a08ef4cf1077dbc23213e2314ce37c87,MEASURED,1786752604330247000,lifecycle,aegis_key_registry,ML-DSA-65,role_authorization_check,registry1,0,310,10,42,0,7094272,true,authorized,1,0,0,0,0,0,0,0,0,0,
local-1786752604326628000,macmini-m2-macos26.5.2-rust1.97.1-aarch64-20260814,9d3ab807a08ef4cf1077dbc23213e2314ce37c87,MEASURED,1786752604330248000,lifecycle,aegis_key_registry,ML-DSA-65,active_key_check,registry1,0,310,10,41,0,7094272,true,active,1,0,0,0,0,0,0,0,0,0,
local-1786752604326628000,macmini-m2-macos26.5.2-rust1.97.1-aarch64-20260814,9d3ab807a08ef4cf1077dbc23213e2314ce37c87,MEASURED,1786752604330250000,lifecycle,aegis_key_registry,ML-DSA-65,revocation_check,registry1,0,310,10,42,1000,7094272,true,not_revoked,1,0,0,0,0,0,0,0,0,0,
local-1786752604326628000,macmini-m2-macos26.5.2-rust1.97.1-aarch64-20260814,9d3ab807a08ef4cf1077dbc23213e2314ce37c87,MEASURED,1786752604330252000,lifecycle,aegis_key_registry,ML-DSA-65,public_key_lookup,registry1,0,311,10,125,1000,7094272,true,found,1,0,1952,0,0,0,0,0,0,0,
local-1786752604326628000,macmini-m2-macos26.5.2-rust1.97.1-aarch64-20260814,9d3ab807a08ef4cf1077dbc23213e2314ce37c87,MEASURED,1786752604330253000,lifecycle,aegis_key_registry,ML-DSA-65,role_authorization_check,registry1,0,311,10,42,0,7094272,true,authorized,1,0,0,0,0,0,0,0,0,0,
local-1786752604326628000,macmini-m2-macos26.5.2-rust1.97.1-aarch64-20260814,9d3ab807a08ef4cf1077dbc23213e2314ce37c87,MEASURED,1786752604330255000,lifecycle,aegis_key_registry,ML-DSA-65,active_key_check,registry1,0,311,10,42,1000,7094272,true,active,1,0,0,0,0,0,0,0,0,0,
local-1786752604326628000,macmini-m2-macos26.5.2-rust1.97.1-aarch64-20260814,9d3ab807a08ef4cf1077dbc23213e2314ce37c87,MEASURED,1786752604330256000,lifecycle,aegis_key_registry,ML-DSA-65,revocation_check,registry1,0,311,10,42,1000,7094272,true,not_revoked,1,0,0,0,0,0,0,0,0,0,
local-1786752604326628000,macmini-m2-macos26.5.2-rust1.97.1-aarch64-20260814,9d3ab807a08ef4cf1077dbc23213e2314ce37c87,MEASURED,1786752604330258000,lifecycle,aegis_key_registry,ML-DSA-65,public_key_lookup,registry1,0,312,10,167,0,7094272,true,found,1,0,1952,0,0,0,0,0,0,0,
local-1786752604326628000,macmini-m2-macos26.5.2-rust1.97.1-aarch64-20260814,9d3ab807a08ef4cf1077dbc23213e2314ce37c87,MEASURED,1786752604330260000,lifecycle,aegis_key_registry,ML-DSA-65,role_authorization_check,registry1,0,312,10,83,0,7094272,true,authorized,1,0,0,0,0,0,0,0,0,0,
local-1786752604326628000,macmini-m2-macos26.5.2-rust1.97.1-aarch64-20260814,9d3ab807a08ef4cf1077dbc23213e2314ce37c87,MEASURED,1786752604330261000,lifecycle,aegis_key_registry,ML-DSA-65,active_key_check,registry1,0,312,10,41,1000,7094272,true,active,1,0,0,0,0,0,0,0,0,0,
local-1786752604326628000,macmini-m2-macos26.5.2-rust1.97.1-aarch64-20260814,9d3ab807a08ef4cf1077dbc23213e2314ce37c87,MEASURED,1786752604330263000,lifecycle,aegis_key_registry,ML-DSA-65,revocation_check,registry1,0,312,10,42,0,7094272,true,not_revoked,1,0,0,0,0,0,0,0,0,0,
local-1786752604326628000,macmini-m2-macos26.5.2-rust1.97.1-aarch64-20260814,9d3ab807a08ef4cf1077dbc23213e2314ce37c87,MEASURED,1786752604330269000,lifecycle,aegis_key_registry,ML-DSA-65,public_key_lookup,registry1,0,313,10,209,1000,7094272,true,found,1,0,1952,0,0,0,0,0,0,0,
local-1786752604326628000,macmini-m2-macos26.5.2-rust1.97.1-aarch64-20260814,9d3ab807a08ef4cf1077dbc23213e2314ce37c87,MEASURED,1786752604330270000,lifecycle,aegis_key_registry,ML-DSA-65,role_authorization_check,registry1,0,313,10,42,0,7094272,true,authorized,1,0,0,0,0,0,0,0,0,0,
local-1786752604326628000,macmini-m2-macos26.5.2-rust1.97.1-aarch64-20260814,9d3ab807a08ef4cf1077dbc23213e2314ce37c87,MEASURED,1786752604330272000,lifecycle,aegis_key_registry,ML-DSA-65,active_key_check,registry1,0,313,10,41,1000,7094272,true,active,1,0,0,0,0,0,0,0,0,0,
local-1786752604326628000,macmini-m2-macos26.5.2-rust1.97.1-aarch64-20260814,9d3ab807a08ef4cf1077dbc23213e2314ce37c87,MEASURED,1786752604330274000,lifecycle,aegis_key_registry,ML-DSA-65,revocation_check,registry1,0,313,10,41,0,7094272,true,not_revoked,1,0,0,0,0,0,0,0,0,0,
local-1786752604326628000,macmini-m2-macos26.5.2-rust1.97.1-aarch64-20260814,9d3ab807a08ef4cf1077dbc23213e2314ce37c87,MEASURED,1786752604330275000,lifecycle,aegis_key_registry,ML-DSA-65,public_key_lookup,registry1,0,314,10,167,0,7094272,true,found,1,0,1952,0,0,0,0,0,0,0,
local-1786752604326628000,macmini-m2-macos26.5.2-rust1.97.1-aarch64-20260814,9d3ab807a08ef4cf1077dbc23213e2314ce37c87,MEASURED,1786752604330277000,lifecycle,aegis_key_registry,ML-DSA-65,role_authorization_check,registry1,0,314,10,41,1000,7094272,true,authorized,1,0,0,0,0,0,0,0,0,0,
local-1786752604326628000,macmini-m2-macos26.5.2-rust1.97.1-aarch64-20260814,9d3ab807a08ef4cf1077dbc23213e2314ce37c87,MEASURED,1786752604330278000,lifecycle,aegis_key_registry,ML-DSA-65,active_key_check,registry1,0,314,10,42,0,7094272,true,active,1,0,0,0,0,0,0,0,0,0,
local-1786752604326628000,macmini-m2-macos26.5.2-rust1.97.1-aarch64-20260814,9d3ab807a08ef4cf1077dbc23213e2314ce37c87,MEASURED,1786752604330280000,lifecycle,aegis_key_registry,ML-DSA-65,revocation_check,registry1,0,314,10,42,0,7094272,true,not_revoked,1,0,0,0,0,0,0,0,0,0,
local-1786752604326628000,macmini-m2-macos26.5.2-rust1.97.1-aarch64-20260814,9d3ab807a08ef4cf1077dbc23213e2314ce37c87,MEASURED,1786752604330282000,lifecycle,aegis_key_registry,ML-DSA-65,public_key_lookup,registry1,0,315,10,167,0,7094272,true,found,1,0,1952,0,0,0,0,0,0,0,
local-1786752604326628000,macmini-m2-macos26.5.2-rust1.97.1-aarch64-20260814,9d3ab807a08ef4cf1077dbc23213e2314ce37c87,MEASURED,1786752604330283000,lifecycle,aegis_key_registry,ML-DSA-65,role_authorization_check,registry1,0,315,10,42,0,7094272,true,authorized,1,0,0,0,0,0,0,0,0,0,
local-1786752604326628000,macmini-m2-macos26.5.2-rust1.97.1-aarch64-20260814,9d3ab807a08ef4cf1077dbc23213e2314ce37c87,MEASURED,1786752604330285000,lifecycle,aegis_key_registry,ML-DSA-65,active_key_check,registry1,0,315,10,42,0,7094272,true,active,1,0,0,0,0,0,0,0,0,0,
local-1786752604326628000,macmini-m2-macos26.5.2-rust1.97.1-aarch64-20260814,9d3ab807a08ef4cf1077dbc23213e2314ce37c87,MEASURED,1786752604330286000,lifecycle,aegis_key_registry,ML-DSA-65,revocation_check,registry1,0,315,10,0,0,7094272,true,not_revoked,1,0,0,0,0,0,0,0,0,0,
local-1786752604326628000,macmini-m2-macos26.5.2-rust1.97.1-aarch64-20260814,9d3ab807a08ef4cf1077dbc23213e2314ce37c87,MEASURED,1786752604330288000,lifecycle,aegis_key_registry,ML-DSA-65,public_key_lookup,registry1,0,316,10,125,0,7094272,true,found,1,0,1952,0,0,0,0,0,0,0,
local-1786752604326628000,macmini-m2-macos26.5.2-rust1.97.1-aarch64-20260814,9d3ab807a08ef4cf1077dbc23213e2314ce37c87,MEASURED,1786752604330290000,lifecycle,aegis_key_registry,ML-DSA-65,role_authorization_check,registry1,0,316,10,83,0,7094272,true,authorized,1,0,0,0,0,0,0,0,0,0,
local-1786752604326628000,macmini-m2-macos26.5.2-rust1.97.1-aarch64-20260814,9d3ab807a08ef4cf1077dbc23213e2314ce37c87,MEASURED,1786752604330291000,lifecycle,aegis_key_registry,ML-DSA-65,active_key_check,registry1,0,316,10,42,0,7094272,true,active,1,0,0,0,0,0,0,0,0,0,
local-1786752604326628000,macmini-m2-macos26.5.2-rust1.97.1-aarch64-20260814,9d3ab807a08ef4cf1077dbc23213e2314ce37c87,MEASURED,1786752604330293000,lifecycle,aegis_key_registry,ML-DSA-65,revocation_check,registry1,0,316,10,83,1000,7094272,true,not_revoked,1,0,0,0,0,0,0,0,0,0,
local-1786752604326628000,macmini-m2-macos26.5.2-rust1.97.1-aarch64-20260814,9d3ab807a08ef4cf1077dbc23213e2314ce37c87,MEASURED,1786752604330295000,lifecycle,aegis_key_registry,ML-DSA-65,public_key_lookup,registry1,0,317,10,166,1000,7094272,true,found,1,0,1952,0,0,0,0,0,0,0,
local-1786752604326628000,macmini-m2-macos26.5.2-rust1.97.1-aarch64-20260814,9d3ab807a08ef4cf1077dbc23213e2314ce37c87,MEASURED,1786752604330296000,lifecycle,aegis_key_registry,ML-DSA-65,role_authorization_check,registry1,0,317,10,42,0,7094272,true,authorized,1,0,0,0,0,0,0,0,0,0,
local-1786752604326628000,macmini-m2-macos26.5.2-rust1.97.1-aarch64-20260814,9d3ab807a08ef4cf1077dbc23213e2314ce37c87,MEASURED,1786752604330298000,lifecycle,aegis_key_registry,ML-DSA-65,active_key_check,registry1,0,317,10,42,1000,7094272,true,active,1,0,0,0,0,0,0,0,0,0,
local-1786752604326628000,macmini-m2-macos26.5.2-rust1.97.1-aarch64-20260814,9d3ab807a08ef4cf1077dbc23213e2314ce37c87,MEASURED,1786752604330299000,lifecycle,aegis_key_registry,ML-DSA-65,revocation_check,registry1,0,317,10,41,0,7094272,true,not_revoked,1,0,0,0,0,0,0,0,0,0,
local-1786752604326628000,macmini-m2-macos26.5.2-rust1.97.1-aarch64-20260814,9d3ab807a08ef4cf1077dbc23213e2314ce37c87,MEASURED,1786752604330301000,lifecycle,aegis_key_registry,ML-DSA-65,public_key_lookup,registry1,0,318,10,167,0,7094272,true,found,1,0,1952,0,0,0,0,0,0,0,
local-1786752604326628000,macmini-m2-macos26.5.2-rust1.97.1-aarch64-20260814,9d3ab807a08ef4cf1077dbc23213e2314ce37c87,MEASURED,1786752604330303000,lifecycle,aegis_key_registry,ML-DSA-65,role_authorization_check,registry1,0,318,10,41,0,7094272,true,authorized,1,0,0,0,0,0,0,0,0,0,
local-1786752604326628000,macmini-m2-macos26.5.2-rust1.97.1-aarch64-20260814,9d3ab807a08ef4cf1077dbc23213e2314ce37c87,MEASURED,1786752604330304000,lifecycle,aegis_key_registry,ML-DSA-65,active_key_check,registry1,0,318,10,42,0,7094272,true,active,1,0,0,0,0,0,0,0,0,0,
local-1786752604326628000,macmini-m2-macos26.5.2-rust1.97.1-aarch64-20260814,9d3ab807a08ef4cf1077dbc23213e2314ce37c87,MEASURED,1786752604330306000,lifecycle,aegis_key_registry,ML-DSA-65,revocation_check,registry1,0,318,10,42,0,7094272,true,not_revoked,1,0,0,0,0,0,0,0,0,0,
local-1786752604326628000,macmini-m2-macos26.5.2-rust1.97.1-aarch64-20260814,9d3ab807a08ef4cf1077dbc23213e2314ce37c87,MEASURED,1786752604330307000,lifecycle,aegis_key_registry,ML-DSA-65,public_key_lookup,registry1,0,319,10,166,0,7094272,true,found,1,0,1952,0,0,0,0,0,0,0,
local-1786752604326628000,macmini-m2-macos26.5.2-rust1.97.1-aarch64-20260814,9d3ab807a08ef4cf1077dbc23213e2314ce37c87,MEASURED,1786752604330309000,lifecycle,aegis_key_registry,ML-DSA-65,role_authorization_check,registry1,0,319,10,42,0,7094272,true,authorized,1,0,0,0,0,0,0,0,0,0,
local-1786752604326628000,macmini-m2-macos26.5.2-rust1.97.1-aarch64-20260814,9d3ab807a08ef4cf1077dbc23213e2314ce37c87,MEASURED,1786752604330311000,lifecycle,aegis_key_registry,ML-DSA-65,active_key_check,registry1,0,319,10,42,0,7094272,true,active,1,0,0,0,0,0,0,0,0,0,
local-1786752604326628000,macmini-m2-macos26.5.2-rust1.97.1-aarch64-20260814,9d3ab807a08ef4cf1077dbc23213e2314ce37c87,MEASURED,1786752604330312000,lifecycle,aegis_key_registry,ML-DSA-65,revocation_check,registry1,0,319,10,42,0,7094272,true,not_revoked,1,0,0,0,0,0,0,0,0,0,
local-1786752604326628000,macmini-m2-macos26.5.2-rust1.97.1-aarch64-20260814,9d3ab807a08ef4cf1077dbc23213e2314ce37c87,MEASURED,1786752604330314000,lifecycle,aegis_key_registry,ML-DSA-65,public_key_lookup,registry1,0,320,10,167,0,7094272,true,found,1,0,1952,0,0,0,0,0,0,0,
local-1786752604326628000,macmini-m2-macos26.5.2-rust1.97.1-aarch64-20260814,9d3ab807a08ef4cf1077dbc23213e2314ce37c87,MEASURED,1786752604330320000,lifecycle,aegis_key_registry,ML-DSA-65,role_authorization_check,registry1,0,320,10,42,2000,7094272,true,authorized,1,0,0,0,0,0,0,0,0,0,
local-1786752604326628000,macmini-m2-macos26.5.2-rust1.97.1-aarch64-20260814,9d3ab807a08ef4cf1077dbc23213e2314ce37c87,MEASURED,1786752604330322000,lifecycle,aegis_key_registry,ML-DSA-65,active_key_check,registry1,0,320,10,83,0,7094272,true,active,1,0,0,0,0,0,0,0,0,0,
local-1786752604326628000,macmini-m2-macos26.5.2-rust1.97.1-aarch64-20260814,9d3ab807a08ef4cf1077dbc23213e2314ce37c87,MEASURED,1786752604330324000,lifecycle,aegis_key_registry,ML-DSA-65,revocation_check,registry1,0,320,10,42,0,7094272,true,not_revoked,1,0,0,0,0,0,0,0,0,0,
local-1786752604326628000,macmini-m2-macos26.5.2-rust1.97.1-aarch64-20260814,9d3ab807a08ef4cf1077dbc23213e2314ce37c87,MEASURED,1786752604330325000,lifecycle,aegis_key_registry,ML-DSA-65,public_key_lookup,registry1,0,321,10,166,1000,7094272,true,found,1,0,1952,0,0,0,0,0,0,0,
local-1786752604326628000,macmini-m2-macos26.5.2-rust1.97.1-aarch64-20260814,9d3ab807a08ef4cf1077dbc23213e2314ce37c87,MEASURED,1786752604330327000,lifecycle,aegis_key_registry,ML-DSA-65,role_authorization_check,registry1,0,321,10,42,0,7094272,true,authorized,1,0,0,0,0,0,0,0,0,0,
local-1786752604326628000,macmini-m2-macos26.5.2-rust1.97.1-aarch64-20260814,9d3ab807a08ef4cf1077dbc23213e2314ce37c87,MEASURED,1786752604330329000,lifecycle,aegis_key_registry,ML-DSA-65,active_key_check,registry1,0,321,10,83,0,7094272,true,active,1,0,0,0,0,0,0,0,0,0,
local-1786752604326628000,macmini-m2-macos26.5.2-rust1.97.1-aarch64-20260814,9d3ab807a08ef4cf1077dbc23213e2314ce37c87,MEASURED,1786752604330330000,lifecycle,aegis_key_registry,ML-DSA-65,revocation_check,registry1,0,321,10,42,1000,7094272,true,not_revoked,1,0,0,0,0,0,0,0,0,0,
local-1786752604326628000,macmini-m2-macos26.5.2-rust1.97.1-aarch64-20260814,9d3ab807a08ef4cf1077dbc23213e2314ce37c87,MEASURED,1786752604330332000,lifecycle,aegis_key_registry,ML-DSA-65,public_key_lookup,registry1,0,322,10,166,0,7094272,true,found,1,0,1952,0,0,0,0,0,0,0,
local-1786752604326628000,macmini-m2-macos26.5.2-rust1.97.1-aarch64-20260814,9d3ab807a08ef4cf1077dbc23213e2314ce37c87,MEASURED,1786752604330333000,lifecycle,aegis_key_registry,ML-DSA-65,role_authorization_check,registry1,0,322,10,42,0,7094272,true,authorized,1,0,0,0,0,0,0,0,0,0,
local-1786752604326628000,macmini-m2-macos26.5.2-rust1.97.1-aarch64-20260814,9d3ab807a08ef4cf1077dbc23213e2314ce37c87,MEASURED,1786752604330335000,lifecycle,aegis_key_registry,ML-DSA-65,active_key_check,registry1,0,322,10,42,1000,7094272,true,active,1,0,0,0,0,0,0,0,0,0,
local-1786752604326628000,macmini-m2-macos26.5.2-rust1.97.1-aarch64-20260814,9d3ab807a08ef4cf1077dbc23213e2314ce37c87,MEASURED,1786752604330337000,lifecycle,aegis_key_registry,ML-DSA-65,revocation_check,registry1,0,322,10,42,0,7094272,true,not_revoked,1,0,0,0,0,0,0,0,0,0,
local-1786752604326628000,macmini-m2-macos26.5.2-rust1.97.1-aarch64-20260814,9d3ab807a08ef4cf1077dbc23213e2314ce37c87,MEASURED,1786752604330338000,lifecycle,aegis_key_registry,ML-DSA-65,public_key_lookup,registry1,0,323,10,125,0,7094272,true,found,1,0,1952,0,0,0,0,0,0,0,
local-1786752604326628000,macmini-m2-macos26.5.2-rust1.97.1-aarch64-20260814,9d3ab807a08ef4cf1077dbc23213e2314ce37c87,MEASURED,1786752604330340000,lifecycle,aegis_key_registry,ML-DSA-65,role_authorization_check,registry1,0,323,10,42,0,7094272,true,authorized,1,0,0,0,0,0,0,0,0,0,
local-1786752604326628000,macmini-m2-macos26.5.2-rust1.97.1-aarch64-20260814,9d3ab807a08ef4cf1077dbc23213e2314ce37c87,MEASURED,1786752604330341000,lifecycle,aegis_key_registry,ML-DSA-65,active_key_check,registry1,0,323,10,41,1000,7094272,true,active,1,0,0,0,0,0,0,0,0,0,
local-1786752604326628000,macmini-m2-macos26.5.2-rust1.97.1-aarch64-20260814,9d3ab807a08ef4cf1077dbc23213e2314ce37c87,MEASURED,1786752604330343000,lifecycle,aegis_key_registry,ML-DSA-65,revocation_check,registry1,0,323,10,42,0,7094272,true,not_revoked,1,0,0,0,0,0,0,0,0,0,
local-1786752604326628000,macmini-m2-macos26.5.2-rust1.97.1-aarch64-20260814,9d3ab807a08ef4cf1077dbc23213e2314ce37c87,MEASURED,1786752604330345000,lifecycle,aegis_key_registry,ML-DSA-65,public_key_lookup,registry1,0,324,10,167,0,7094272,true,found,1,0,1952,0,0,0,0,0,0,0,
local-1786752604326628000,macmini-m2-macos26.5.2-rust1.97.1-aarch64-20260814,9d3ab807a08ef4cf1077dbc23213e2314ce37c87,MEASURED,1786752604330346000,lifecycle,aegis_key_registry,ML-DSA-65,role_authorization_check,registry1,0,324,10,41,1000,7094272,true,authorized,1,0,0,0,0,0,0,0,0,0,
local-1786752604326628000,macmini-m2-macos26.5.2-rust1.97.1-aarch64-20260814,9d3ab807a08ef4cf1077dbc23213e2314ce37c87,MEASURED,1786752604330348000,lifecycle,aegis_key_registry,ML-DSA-65,active_key_check,registry1,0,324,10,42,0,7094272,true,active,1,0,0,0,0,0,0,0,0,0,
local-1786752604326628000,macmini-m2-macos26.5.2-rust1.97.1-aarch64-20260814,9d3ab807a08ef4cf1077dbc23213e2314ce37c87,MEASURED,1786752604330349000,lifecycle,aegis_key_registry,ML-DSA-65,revocation_check,registry1,0,324,10,41,0,7094272,true,not_revoked,1,0,0,0,0,0,0,0,0,0,
local-1786752604326628000,macmini-m2-macos26.5.2-rust1.97.1-aarch64-20260814,9d3ab807a08ef4cf1077dbc23213e2314ce37c87,MEASURED,1786752604330351000,lifecycle,aegis_key_registry,ML-DSA-65,public_key_lookup,registry1,0,325,10,125,2000,7094272,true,found,1,0,1952,0,0,0,0,0,0,0,
local-1786752604326628000,macmini-m2-macos26.5.2-rust1.97.1-aarch64-20260814,9d3ab807a08ef4cf1077dbc23213e2314ce37c87,MEASURED,1786752604330353000,lifecycle,aegis_key_registry,ML-DSA-65,role_authorization_check,registry1,0,325,10,42,0,7094272,true,authorized,1,0,0,0,0,0,0,0,0,0,
local-1786752604326628000,macmini-m2-macos26.5.2-rust1.97.1-aarch64-20260814,9d3ab807a08ef4cf1077dbc23213e2314ce37c87,MEASURED,1786752604330354000,lifecycle,aegis_key_registry,ML-DSA-65,active_key_check,registry1,0,325,10,42,0,7094272,true,active,1,0,0,0,0,0,0,0,0,0,
local-1786752604326628000,macmini-m2-macos26.5.2-rust1.97.1-aarch64-20260814,9d3ab807a08ef4cf1077dbc23213e2314ce37c87,MEASURED,1786752604330356000,lifecycle,aegis_key_registry,ML-DSA-65,revocation_check,registry1,0,325,10,42,1000,7094272,true,not_revoked,1,0,0,0,0,0,0,0,0,0,
local-1786752604326628000,macmini-m2-macos26.5.2-rust1.97.1-aarch64-20260814,9d3ab807a08ef4cf1077dbc23213e2314ce37c87,MEASURED,1786752604330358000,lifecycle,aegis_key_registry,ML-DSA-65,public_key_lookup,registry1,0,326,10,125,0,7094272,true,found,1,0,1952,0,0,0,0,0,0,0,
local-1786752604326628000,macmini-m2-macos26.5.2-rust1.97.1-aarch64-20260814,9d3ab807a08ef4cf1077dbc23213e2314ce37c87,MEASURED,1786752604330359000,lifecycle,aegis_key_registry,ML-DSA-65,role_authorization_check,registry1,0,326,10,42,0,7094272,true,authorized,1,0,0,0,0,0,0,0,0,0,
local-1786752604326628000,macmini-m2-macos26.5.2-rust1.97.1-aarch64-20260814,9d3ab807a08ef4cf1077dbc23213e2314ce37c87,MEASURED,1786752604330361000,lifecycle,aegis_key_registry,ML-DSA-65,active_key_check,registry1,0,326,10,42,1000,7094272,true,active,1,0,0,0,0,0,0,0,0,0,
local-1786752604326628000,macmini-m2-macos26.5.2-rust1.97.1-aarch64-20260814,9d3ab807a08ef4cf1077dbc23213e2314ce37c87,MEASURED,1786752604330363000,lifecycle,aegis_key_registry,ML-DSA-65,revocation_check,registry1,0,326,10,83,0,7094272,true,not_revoked,1,0,0,0,0,0,0,0,0,0,
local-1786752604326628000,macmini-m2-macos26.5.2-rust1.97.1-aarch64-20260814,9d3ab807a08ef4cf1077dbc23213e2314ce37c87,MEASURED,1786752604330365000,lifecycle,aegis_key_registry,ML-DSA-65,public_key_lookup,registry1,0,327,10,250,1000,7094272,true,found,1,0,1952,0,0,0,0,0,0,0,
local-1786752604326628000,macmini-m2-macos26.5.2-rust1.97.1-aarch64-20260814,9d3ab807a08ef4cf1077dbc23213e2314ce37c87,MEASURED,1786752604330367000,lifecycle,aegis_key_registry,ML-DSA-65,role_authorization_check,registry1,0,327,10,42,1000,7094272,true,authorized,1,0,0,0,0,0,0,0,0,0,
local-1786752604326628000,macmini-m2-macos26.5.2-rust1.97.1-aarch64-20260814,9d3ab807a08ef4cf1077dbc23213e2314ce37c87,MEASURED,1786752604330375000,lifecycle,aegis_key_registry,ML-DSA-65,active_key_check,registry1,0,327,10,83,1000,7094272,true,active,1,0,0,0,0,0,0,0,0,0,
local-1786752604326628000,macmini-m2-macos26.5.2-rust1.97.1-aarch64-20260814,9d3ab807a08ef4cf1077dbc23213e2314ce37c87,MEASURED,1786752604330377000,lifecycle,aegis_key_registry,ML-DSA-65,revocation_check,registry1,0,327,10,42,0,7094272,true,not_revoked,1,0,0,0,0,0,0,0,0,0,
local-1786752604326628000,macmini-m2-macos26.5.2-rust1.97.1-aarch64-20260814,9d3ab807a08ef4cf1077dbc23213e2314ce37c87,MEASURED,1786752604330380000,lifecycle,aegis_key_registry,ML-DSA-65,public_key_lookup,registry1,0,328,10,250,0,7094272,true,found,1,0,1952,0,0,0,0,0,0,0,
local-1786752604326628000,macmini-m2-macos26.5.2-rust1.97.1-aarch64-20260814,9d3ab807a08ef4cf1077dbc23213e2314ce37c87,MEASURED,1786752604330382000,lifecycle,aegis_key_registry,ML-DSA-65,role_authorization_check,registry1,0,328,10,84,0,7094272,true,authorized,1,0,0,0,0,0,0,0,0,0,
local-1786752604326628000,macmini-m2-macos26.5.2-rust1.97.1-aarch64-20260814,9d3ab807a08ef4cf1077dbc23213e2314ce37c87,MEASURED,1786752604330384000,lifecycle,aegis_key_registry,ML-DSA-65,active_key_check,registry1,0,328,10,41,0,7094272,true,active,1,0,0,0,0,0,0,0,0,0,
local-1786752604326628000,macmini-m2-macos26.5.2-rust1.97.1-aarch64-20260814,9d3ab807a08ef4cf1077dbc23213e2314ce37c87,MEASURED,1786752604330385000,lifecycle,aegis_key_registry,ML-DSA-65,revocation_check,registry1,0,328,10,41,0,7094272,true,not_revoked,1,0,0,0,0,0,0,0,0,0,
local-1786752604326628000,macmini-m2-macos26.5.2-rust1.97.1-aarch64-20260814,9d3ab807a08ef4cf1077dbc23213e2314ce37c87,MEASURED,1786752604330387000,lifecycle,aegis_key_registry,ML-DSA-65,public_key_lookup,registry1,0,329,10,167,0,7094272,true,found,1,0,1952,0,0,0,0,0,0,0,
local-1786752604326628000,macmini-m2-macos26.5.2-rust1.97.1-aarch64-20260814,9d3ab807a08ef4cf1077dbc23213e2314ce37c87,MEASURED,1786752604330388000,lifecycle,aegis_key_registry,ML-DSA-65,role_authorization_check,registry1,0,329,10,42,0,7094272,true,authorized,1,0,0,0,0,0,0,0,0,0,
local-1786752604326628000,macmini-m2-macos26.5.2-rust1.97.1-aarch64-20260814,9d3ab807a08ef4cf1077dbc23213e2314ce37c87,MEASURED,1786752604330390000,lifecycle,aegis_key_registry,ML-DSA-65,active_key_check,registry1,0,329,10,42,0,7094272,true,active,1,0,0,0,0,0,0,0,0,0,
local-1786752604326628000,macmini-m2-macos26.5.2-rust1.97.1-aarch64-20260814,9d3ab807a08ef4cf1077dbc23213e2314ce37c87,MEASURED,1786752604330392000,lifecycle,aegis_key_registry,ML-DSA-65,revocation_check,registry1,0,329,10,42,1000,7094272,true,not_revoked,1,0,0,0,0,0,0,0,0,0,
local-1786752604326628000,macmini-m2-macos26.5.2-rust1.97.1-aarch64-20260814,9d3ab807a08ef4cf1077dbc23213e2314ce37c87,MEASURED,1786752604330393000,lifecycle,aegis_key_registry,ML-DSA-65,public_key_lookup,registry1,0,330,10,167,0,7094272,true,found,1,0,1952,0,0,0,0,0,0,0,
local-1786752604326628000,macmini-m2-macos26.5.2-rust1.97.1-aarch64-20260814,9d3ab807a08ef4cf1077dbc23213e2314ce37c87,MEASURED,1786752604330395000,lifecycle,aegis_key_registry,ML-DSA-65,role_authorization_check,registry1,0,330,10,84,0,7094272,true,authorized,1,0,0,0,0,0,0,0,0,0,
local-1786752604326628000,macmini-m2-macos26.5.2-rust1.97.1-aarch64-20260814,9d3ab807a08ef4cf1077dbc23213e2314ce37c87,MEASURED,1786752604330397000,lifecycle,aegis_key_registry,ML-DSA-65,active_key_check,registry1,0,330,10,42,1000,7094272,true,active,1,0,0,0,0,0,0,0,0,0,
local-1786752604326628000,macmini-m2-macos26.5.2-rust1.97.1-aarch64-20260814,9d3ab807a08ef4cf1077dbc23213e2314ce37c87,MEASURED,1786752604330398000,lifecycle,aegis_key_registry,ML-DSA-65,revocation_check,registry1,0,330,10,42,0,7094272,true,not_revoked,1,0,0,0,0,0,0,0,0,0,
local-1786752604326628000,macmini-m2-macos26.5.2-rust1.97.1-aarch64-20260814,9d3ab807a08ef4cf1077dbc23213e2314ce37c87,MEASURED,1786752604330400000,lifecycle,aegis_key_registry,ML-DSA-65,public_key_lookup,registry1,0,331,10,208,0,7094272,true,found,1,0,1952,0,0,0,0,0,0,0,
local-1786752604326628000,macmini-m2-macos26.5.2-rust1.97.1-aarch64-20260814,9d3ab807a08ef4cf1077dbc23213e2314ce37c87,MEASURED,1786752604330402000,lifecycle,aegis_key_registry,ML-DSA-65,role_authorization_check,registry1,0,331,10,42,1000,7094272,true,authorized,1,0,0,0,0,0,0,0,0,0,
local-1786752604326628000,macmini-m2-macos26.5.2-rust1.97.1-aarch64-20260814,9d3ab807a08ef4cf1077dbc23213e2314ce37c87,MEASURED,1786752604330403000,lifecycle,aegis_key_registry,ML-DSA-65,active_key_check,registry1,0,331,10,42,1000,7094272,true,active,1,0,0,0,0,0,0,0,0,0,
local-1786752604326628000,macmini-m2-macos26.5.2-rust1.97.1-aarch64-20260814,9d3ab807a08ef4cf1077dbc23213e2314ce37c87,MEASURED,1786752604330405000,lifecycle,aegis_key_registry,ML-DSA-65,revocation_check,registry1,0,331,10,41,0,7094272,true,not_revoked,1,0,0,0,0,0,0,0,0,0,
local-1786752604326628000,macmini-m2-macos26.5.2-rust1.97.1-aarch64-20260814,9d3ab807a08ef4cf1077dbc23213e2314ce37c87,MEASURED,1786752604330407000,lifecycle,aegis_key_registry,ML-DSA-65,public_key_lookup,registry1,0,332,10,125,0,7094272,true,found,1,0,1952,0,0,0,0,0,0,0,
local-1786752604326628000,macmini-m2-macos26.5.2-rust1.97.1-aarch64-20260814,9d3ab807a08ef4cf1077dbc23213e2314ce37c87,MEASURED,1786752604330408000,lifecycle,aegis_key_registry,ML-DSA-65,role_authorization_check,registry1,0,332,10,42,0,7094272,true,authorized,1,0,0,0,0,0,0,0,0,0,
local-1786752604326628000,macmini-m2-macos26.5.2-rust1.97.1-aarch64-20260814,9d3ab807a08ef4cf1077dbc23213e2314ce37c87,MEASURED,1786752604330410000,lifecycle,aegis_key_registry,ML-DSA-65,active_key_check,registry1,0,332,10,42,0,7094272,true,active,1,0,0,0,0,0,0,0,0,0,
local-1786752604326628000,macmini-m2-macos26.5.2-rust1.97.1-aarch64-20260814,9d3ab807a08ef4cf1077dbc23213e2314ce37c87,MEASURED,1786752604330412000,lifecycle,aegis_key_registry,ML-DSA-65,revocation_check,registry1,0,332,10,42,0,7094272,true,not_revoked,1,0,0,0,0,0,0,0,0,0,
local-1786752604326628000,macmini-m2-macos26.5.2-rust1.97.1-aarch64-20260814,9d3ab807a08ef4cf1077dbc23213e2314ce37c87,MEASURED,1786752604330413000,lifecycle,aegis_key_registry,ML-DSA-65,public_key_lookup,registry1,0,333,10,167,0,7094272,true,found,1,0,1952,0,0,0,0,0,0,0,
local-1786752604326628000,macmini-m2-macos26.5.2-rust1.97.1-aarch64-20260814,9d3ab807a08ef4cf1077dbc23213e2314ce37c87,MEASURED,1786752604330415000,lifecycle,aegis_key_registry,ML-DSA-65,role_authorization_check,registry1,0,333,10,42,0,7094272,true,authorized,1,0,0,0,0,0,0,0,0,0,
local-1786752604326628000,macmini-m2-macos26.5.2-rust1.97.1-aarch64-20260814,9d3ab807a08ef4cf1077dbc23213e2314ce37c87,MEASURED,1786752604330417000,lifecycle,aegis_key_registry,ML-DSA-65,active_key_check,registry1,0,333,10,42,0,7094272,true,active,1,0,0,0,0,0,0,0,0,0,
local-1786752604326628000,macmini-m2-macos26.5.2-rust1.97.1-aarch64-20260814,9d3ab807a08ef4cf1077dbc23213e2314ce37c87,MEASURED,1786752604330418000,lifecycle,aegis_key_registry,ML-DSA-65,revocation_check,registry1,0,333,10,42,0,7094272,true,not_revoked,1,0,0,0,0,0,0,0,0,0,
local-1786752604326628000,macmini-m2-macos26.5.2-rust1.97.1-aarch64-20260814,9d3ab807a08ef4cf1077dbc23213e2314ce37c87,MEASURED,1786752604330420000,lifecycle,aegis_key_registry,ML-DSA-65,public_key_lookup,registry1,0,334,10,167,0,7094272,true,found,1,0,1952,0,0,0,0,0,0,0,
local-1786752604326628000,macmini-m2-macos26.5.2-rust1.97.1-aarch64-20260814,9d3ab807a08ef4cf1077dbc23213e2314ce37c87,MEASURED,1786752604330422000,lifecycle,aegis_key_registry,ML-DSA-65,role_authorization_check,registry1,0,334,10,42,0,7094272,true,authorized,1,0,0,0,0,0,0,0,0,0,
local-1786752604326628000,macmini-m2-macos26.5.2-rust1.97.1-aarch64-20260814,9d3ab807a08ef4cf1077dbc23213e2314ce37c87,MEASURED,1786752604330423000,lifecycle,aegis_key_registry,ML-DSA-65,active_key_check,registry1,0,334,10,42,0,7094272,true,active,1,0,0,0,0,0,0,0,0,0,
local-1786752604326628000,macmini-m2-macos26.5.2-rust1.97.1-aarch64-20260814,9d3ab807a08ef4cf1077dbc23213e2314ce37c87,MEASURED,1786752604330429000,lifecycle,aegis_key_registry,ML-DSA-65,revocation_check,registry1,0,334,10,83,1000,7094272,true,not_revoked,1,0,0,0,0,0,0,0,0,0,
local-1786752604326628000,macmini-m2-macos26.5.2-rust1.97.1-aarch64-20260814,9d3ab807a08ef4cf1077dbc23213e2314ce37c87,MEASURED,1786752604330431000,lifecycle,aegis_key_registry,ML-DSA-65,public_key_lookup,registry1,0,335,10,166,0,7094272,true,found,1,0,1952,0,0,0,0,0,0,0,
local-1786752604326628000,macmini-m2-macos26.5.2-rust1.97.1-aarch64-20260814,9d3ab807a08ef4cf1077dbc23213e2314ce37c87,MEASURED,1786752604330433000,lifecycle,aegis_key_registry,ML-DSA-65,role_authorization_check,registry1,0,335,10,84,0,7094272,true,authorized,1,0,0,0,0,0,0,0,0,0,
local-1786752604326628000,macmini-m2-macos26.5.2-rust1.97.1-aarch64-20260814,9d3ab807a08ef4cf1077dbc23213e2314ce37c87,MEASURED,1786752604330435000,lifecycle,aegis_key_registry,ML-DSA-65,active_key_check,registry1,0,335,10,0,1000,7094272,true,active,1,0,0,0,0,0,0,0,0,0,
local-1786752604326628000,macmini-m2-macos26.5.2-rust1.97.1-aarch64-20260814,9d3ab807a08ef4cf1077dbc23213e2314ce37c87,MEASURED,1786752604330436000,lifecycle,aegis_key_registry,ML-DSA-65,revocation_check,registry1,0,335,10,42,0,7094272,true,not_revoked,1,0,0,0,0,0,0,0,0,0,
local-1786752604326628000,macmini-m2-macos26.5.2-rust1.97.1-aarch64-20260814,9d3ab807a08ef4cf1077dbc23213e2314ce37c87,MEASURED,1786752604330438000,lifecycle,aegis_key_registry,ML-DSA-65,public_key_lookup,registry1,0,336,10,167,0,7094272,true,found,1,0,1952,0,0,0,0,0,0,0,
local-1786752604326628000,macmini-m2-macos26.5.2-rust1.97.1-aarch64-20260814,9d3ab807a08ef4cf1077dbc23213e2314ce37c87,MEASURED,1786752604330440000,lifecycle,aegis_key_registry,ML-DSA-65,role_authorization_check,registry1,0,336,10,42,1000,7094272,true,authorized,1,0,0,0,0,0,0,0,0,0,
local-1786752604326628000,macmini-m2-macos26.5.2-rust1.97.1-aarch64-20260814,9d3ab807a08ef4cf1077dbc23213e2314ce37c87,MEASURED,1786752604330441000,lifecycle,aegis_key_registry,ML-DSA-65,active_key_check,registry1,0,336,10,42,1000,7094272,true,active,1,0,0,0,0,0,0,0,0,0,
local-1786752604326628000,macmini-m2-macos26.5.2-rust1.97.1-aarch64-20260814,9d3ab807a08ef4cf1077dbc23213e2314ce37c87,MEASURED,1786752604330443000,lifecycle,aegis_key_registry,ML-DSA-65,revocation_check,registry1,0,336,10,42,0,7094272,true,not_revoked,1,0,0,0,0,0,0,0,0,0,
local-1786752604326628000,macmini-m2-macos26.5.2-rust1.97.1-aarch64-20260814,9d3ab807a08ef4cf1077dbc23213e2314ce37c87,MEASURED,1786752604330445000,lifecycle,aegis_key_registry,ML-DSA-65,public_key_lookup,registry1,0,337,10,167,0,7094272,true,found,1,0,1952,0,0,0,0,0,0,0,
local-1786752604326628000,macmini-m2-macos26.5.2-rust1.97.1-aarch64-20260814,9d3ab807a08ef4cf1077dbc23213e2314ce37c87,MEASURED,1786752604330446000,lifecycle,aegis_key_registry,ML-DSA-65,role_authorization_check,registry1,0,337,10,42,0,7094272,true,authorized,1,0,0,0,0,0,0,0,0,0,
local-1786752604326628000,macmini-m2-macos26.5.2-rust1.97.1-aarch64-20260814,9d3ab807a08ef4cf1077dbc23213e2314ce37c87,MEASURED,1786752604330448000,lifecycle,aegis_key_registry,ML-DSA-65,active_key_check,registry1,0,337,10,41,0,7094272,true,active,1,0,0,0,0,0,0,0,0,0,
local-1786752604326628000,macmini-m2-macos26.5.2-rust1.97.1-aarch64-20260814,9d3ab807a08ef4cf1077dbc23213e2314ce37c87,MEASURED,1786752604330450000,lifecycle,aegis_key_registry,ML-DSA-65,revocation_check,registry1,0,337,10,41,0,7094272,true,not_revoked,1,0,0,0,0,0,0,0,0,0,
local-1786752604326628000,macmini-m2-macos26.5.2-rust1.97.1-aarch64-20260814,9d3ab807a08ef4cf1077dbc23213e2314ce37c87,MEASURED,1786752604330451000,lifecycle,aegis_key_registry,ML-DSA-65,public_key_lookup,registry1,0,338,10,208,1000,7094272,true,found,1,0,1952,0,0,0,0,0,0,0,
local-1786752604326628000,macmini-m2-macos26.5.2-rust1.97.1-aarch64-20260814,9d3ab807a08ef4cf1077dbc23213e2314ce37c87,MEASURED,1786752604330453000,lifecycle,aegis_key_registry,ML-DSA-65,role_authorization_check,registry1,0,338,10,42,0,7094272,true,authorized,1,0,0,0,0,0,0,0,0,0,
local-1786752604326628000,macmini-m2-macos26.5.2-rust1.97.1-aarch64-20260814,9d3ab807a08ef4cf1077dbc23213e2314ce37c87,MEASURED,1786752604330455000,lifecycle,aegis_key_registry,ML-DSA-65,active_key_check,registry1,0,338,10,83,0,7094272,true,active,1,0,0,0,0,0,0,0,0,0,
local-1786752604326628000,macmini-m2-macos26.5.2-rust1.97.1-aarch64-20260814,9d3ab807a08ef4cf1077dbc23213e2314ce37c87,MEASURED,1786752604330457000,lifecycle,aegis_key_registry,ML-DSA-65,revocation_check,registry1,0,338,10,42,0,7094272,true,not_revoked,1,0,0,0,0,0,0,0,0,0,
local-1786752604326628000,macmini-m2-macos26.5.2-rust1.97.1-aarch64-20260814,9d3ab807a08ef4cf1077dbc23213e2314ce37c87,MEASURED,1786752604330458000,lifecycle,aegis_key_registry,ML-DSA-65,public_key_lookup,registry1,0,339,10,166,0,7094272,true,found,1,0,1952,0,0,0,0,0,0,0,
local-1786752604326628000,macmini-m2-macos26.5.2-rust1.97.1-aarch64-20260814,9d3ab807a08ef4cf1077dbc23213e2314ce37c87,MEASURED,1786752604330460000,lifecycle,aegis_key_registry,ML-DSA-65,role_authorization_check,registry1,0,339,10,42,0,7094272,true,authorized,1,0,0,0,0,0,0,0,0,0,
local-1786752604326628000,macmini-m2-macos26.5.2-rust1.97.1-aarch64-20260814,9d3ab807a08ef4cf1077dbc23213e2314ce37c87,MEASURED,1786752604330462000,lifecycle,aegis_key_registry,ML-DSA-65,active_key_check,registry1,0,339,10,42,0,7094272,true,active,1,0,0,0,0,0,0,0,0,0,
local-1786752604326628000,macmini-m2-macos26.5.2-rust1.97.1-aarch64-20260814,9d3ab807a08ef4cf1077dbc23213e2314ce37c87,MEASURED,1786752604330463000,lifecycle,aegis_key_registry,ML-DSA-65,revocation_check,registry1,0,339,10,42,0,7094272,true,not_revoked,1,0,0,0,0,0,0,0,0,0,
local-1786752604326628000,macmini-m2-macos26.5.2-rust1.97.1-aarch64-20260814,9d3ab807a08ef4cf1077dbc23213e2314ce37c87,MEASURED,1786752604330465000,lifecycle,aegis_key_registry,ML-DSA-65,public_key_lookup,registry1,0,340,10,167,0,7094272,true,found,1,0,1952,0,0,0,0,0,0,0,
local-1786752604326628000,macmini-m2-macos26.5.2-rust1.97.1-aarch64-20260814,9d3ab807a08ef4cf1077dbc23213e2314ce37c87,MEASURED,1786752604330466000,lifecycle,aegis_key_registry,ML-DSA-65,role_authorization_check,registry1,0,340,10,42,0,7094272,true,authorized,1,0,0,0,0,0,0,0,0,0,
local-1786752604326628000,macmini-m2-macos26.5.2-rust1.97.1-aarch64-20260814,9d3ab807a08ef4cf1077dbc23213e2314ce37c87,MEASURED,1786752604330468000,lifecycle,aegis_key_registry,ML-DSA-65,active_key_check,registry1,0,340,10,42,0,7094272,true,active,1,0,0,0,0,0,0,0,0,0,
local-1786752604326628000,macmini-m2-macos26.5.2-rust1.97.1-aarch64-20260814,9d3ab807a08ef4cf1077dbc23213e2314ce37c87,MEASURED,1786752604330470000,lifecycle,aegis_key_registry,ML-DSA-65,revocation_check,registry1,0,340,10,42,0,7094272,true,not_revoked,1,0,0,0,0,0,0,0,0,0,
local-1786752604326628000,macmini-m2-macos26.5.2-rust1.97.1-aarch64-20260814,9d3ab807a08ef4cf1077dbc23213e2314ce37c87,MEASURED,1786752604330471000,lifecycle,aegis_key_registry,ML-DSA-65,public_key_lookup,registry1,0,341,10,167,1000,7094272,true,found,1,0,1952,0,0,0,0,0,0,0,
local-1786752604326628000,macmini-m2-macos26.5.2-rust1.97.1-aarch64-20260814,9d3ab807a08ef4cf1077dbc23213e2314ce37c87,MEASURED,1786752604330473000,lifecycle,aegis_key_registry,ML-DSA-65,role_authorization_check,registry1,0,341,10,42,0,7094272,true,authorized,1,0,0,0,0,0,0,0,0,0,
local-1786752604326628000,macmini-m2-macos26.5.2-rust1.97.1-aarch64-20260814,9d3ab807a08ef4cf1077dbc23213e2314ce37c87,MEASURED,1786752604330475000,lifecycle,aegis_key_registry,ML-DSA-65,active_key_check,registry1,0,341,10,42,0,7094272,true,active,1,0,0,0,0,0,0,0,0,0,
local-1786752604326628000,macmini-m2-macos26.5.2-rust1.97.1-aarch64-20260814,9d3ab807a08ef4cf1077dbc23213e2314ce37c87,MEASURED,1786752604330476000,lifecycle,aegis_key_registry,ML-DSA-65,revocation_check,registry1,0,341,10,41,1000,7094272,true,not_revoked,1,0,0,0,0,0,0,0,0,0,
local-1786752604326628000,macmini-m2-macos26.5.2-rust1.97.1-aarch64-20260814,9d3ab807a08ef4cf1077dbc23213e2314ce37c87,MEASURED,1786752604330482000,lifecycle,aegis_key_registry,ML-DSA-65,public_key_lookup,registry1,0,342,10,208,0,7094272,true,found,1,0,1952,0,0,0,0,0,0,0,
local-1786752604326628000,macmini-m2-macos26.5.2-rust1.97.1-aarch64-20260814,9d3ab807a08ef4cf1077dbc23213e2314ce37c87,MEASURED,1786752604330484000,lifecycle,aegis_key_registry,ML-DSA-65,role_authorization_check,registry1,0,342,10,41,1000,7094272,true,authorized,1,0,0,0,0,0,0,0,0,0,
local-1786752604326628000,macmini-m2-macos26.5.2-rust1.97.1-aarch64-20260814,9d3ab807a08ef4cf1077dbc23213e2314ce37c87,MEASURED,1786752604330486000,lifecycle,aegis_key_registry,ML-DSA-65,active_key_check,registry1,0,342,10,83,0,7094272,true,active,1,0,0,0,0,0,0,0,0,0,
local-1786752604326628000,macmini-m2-macos26.5.2-rust1.97.1-aarch64-20260814,9d3ab807a08ef4cf1077dbc23213e2314ce37c87,MEASURED,1786752604330487000,lifecycle,aegis_key_registry,ML-DSA-65,revocation_check,registry1,0,342,10,42,0,7094272,true,not_revoked,1,0,0,0,0,0,0,0,0,0,
local-1786752604326628000,macmini-m2-macos26.5.2-rust1.97.1-aarch64-20260814,9d3ab807a08ef4cf1077dbc23213e2314ce37c87,MEASURED,1786752604330489000,lifecycle,aegis_key_registry,ML-DSA-65,public_key_lookup,registry1,0,343,10,209,1000,7094272,true,found,1,0,1952,0,0,0,0,0,0,0,
local-1786752604326628000,macmini-m2-macos26.5.2-rust1.97.1-aarch64-20260814,9d3ab807a08ef4cf1077dbc23213e2314ce37c87,MEASURED,1786752604330491000,lifecycle,aegis_key_registry,ML-DSA-65,role_authorization_check,registry1,0,343,10,42,0,7094272,true,authorized,1,0,0,0,0,0,0,0,0,0,
local-1786752604326628000,macmini-m2-macos26.5.2-rust1.97.1-aarch64-20260814,9d3ab807a08ef4cf1077dbc23213e2314ce37c87,MEASURED,1786752604330492000,lifecycle,aegis_key_registry,ML-DSA-65,active_key_check,registry1,0,343,10,42,0,7094272,true,active,1,0,0,0,0,0,0,0,0,0,
local-1786752604326628000,macmini-m2-macos26.5.2-rust1.97.1-aarch64-20260814,9d3ab807a08ef4cf1077dbc23213e2314ce37c87,MEASURED,1786752604330494000,lifecycle,aegis_key_registry,ML-DSA-65,revocation_check,registry1,0,343,10,42,1000,7094272,true,not_revoked,1,0,0,0,0,0,0,0,0,0,
local-1786752604326628000,macmini-m2-macos26.5.2-rust1.97.1-aarch64-20260814,9d3ab807a08ef4cf1077dbc23213e2314ce37c87,MEASURED,1786752604330496000,lifecycle,aegis_key_registry,ML-DSA-65,public_key_lookup,registry1,0,344,10,167,0,7094272,true,found,1,0,1952,0,0,0,0,0,0,0,
local-1786752604326628000,macmini-m2-macos26.5.2-rust1.97.1-aarch64-20260814,9d3ab807a08ef4cf1077dbc23213e2314ce37c87,MEASURED,1786752604330497000,lifecycle,aegis_key_registry,ML-DSA-65,role_authorization_check,registry1,0,344,10,42,0,7094272,true,authorized,1,0,0,0,0,0,0,0,0,0,
local-1786752604326628000,macmini-m2-macos26.5.2-rust1.97.1-aarch64-20260814,9d3ab807a08ef4cf1077dbc23213e2314ce37c87,MEASURED,1786752604330499000,lifecycle,aegis_key_registry,ML-DSA-65,active_key_check,registry1,0,344,10,84,1000,7094272,true,active,1,0,0,0,0,0,0,0,0,0,
local-1786752604326628000,macmini-m2-macos26.5.2-rust1.97.1-aarch64-20260814,9d3ab807a08ef4cf1077dbc23213e2314ce37c87,MEASURED,1786752604330501000,lifecycle,aegis_key_registry,ML-DSA-65,revocation_check,registry1,0,344,10,42,0,7094272,true,not_revoked,1,0,0,0,0,0,0,0,0,0,
local-1786752604326628000,macmini-m2-macos26.5.2-rust1.97.1-aarch64-20260814,9d3ab807a08ef4cf1077dbc23213e2314ce37c87,MEASURED,1786752604330502000,lifecycle,aegis_key_registry,ML-DSA-65,public_key_lookup,registry1,0,345,10,209,0,7094272,true,found,1,0,1952,0,0,0,0,0,0,0,
local-1786752604326628000,macmini-m2-macos26.5.2-rust1.97.1-aarch64-20260814,9d3ab807a08ef4cf1077dbc23213e2314ce37c87,MEASURED,1786752604330504000,lifecycle,aegis_key_registry,ML-DSA-65,role_authorization_check,registry1,0,345,10,0,1000,7094272,true,authorized,1,0,0,0,0,0,0,0,0,0,
local-1786752604326628000,macmini-m2-macos26.5.2-rust1.97.1-aarch64-20260814,9d3ab807a08ef4cf1077dbc23213e2314ce37c87,MEASURED,1786752604330506000,lifecycle,aegis_key_registry,ML-DSA-65,active_key_check,registry1,0,345,10,83,0,7094272,true,active,1,0,0,0,0,0,0,0,0,0,
local-1786752604326628000,macmini-m2-macos26.5.2-rust1.97.1-aarch64-20260814,9d3ab807a08ef4cf1077dbc23213e2314ce37c87,MEASURED,1786752604330508000,lifecycle,aegis_key_registry,ML-DSA-65,revocation_check,registry1,0,345,10,42,0,7094272,true,not_revoked,1,0,0,0,0,0,0,0,0,0,
local-1786752604326628000,macmini-m2-macos26.5.2-rust1.97.1-aarch64-20260814,9d3ab807a08ef4cf1077dbc23213e2314ce37c87,MEASURED,1786752604330509000,lifecycle,aegis_key_registry,ML-DSA-65,public_key_lookup,registry1,0,346,10,167,2000,7094272,true,found,1,0,1952,0,0,0,0,0,0,0,
local-1786752604326628000,macmini-m2-macos26.5.2-rust1.97.1-aarch64-20260814,9d3ab807a08ef4cf1077dbc23213e2314ce37c87,MEASURED,1786752604330511000,lifecycle,aegis_key_registry,ML-DSA-65,role_authorization_check,registry1,0,346,10,42,0,7094272,true,authorized,1,0,0,0,0,0,0,0,0,0,
local-1786752604326628000,macmini-m2-macos26.5.2-rust1.97.1-aarch64-20260814,9d3ab807a08ef4cf1077dbc23213e2314ce37c87,MEASURED,1786752604330513000,lifecycle,aegis_key_registry,ML-DSA-65,active_key_check,registry1,0,346,10,42,0,7094272,true,active,1,0,0,0,0,0,0,0,0,0,
local-1786752604326628000,macmini-m2-macos26.5.2-rust1.97.1-aarch64-20260814,9d3ab807a08ef4cf1077dbc23213e2314ce37c87,MEASURED,1786752604330514000,lifecycle,aegis_key_registry,ML-DSA-65,revocation_check,registry1,0,346,10,42,2000,7094272,true,not_revoked,1,0,0,0,0,0,0,0,0,0,
local-1786752604326628000,macmini-m2-macos26.5.2-rust1.97.1-aarch64-20260814,9d3ab807a08ef4cf1077dbc23213e2314ce37c87,MEASURED,1786752604330516000,lifecycle,aegis_key_registry,ML-DSA-65,public_key_lookup,registry1,0,347,10,167,0,7094272,true,found,1,0,1952,0,0,0,0,0,0,0,
local-1786752604326628000,macmini-m2-macos26.5.2-rust1.97.1-aarch64-20260814,9d3ab807a08ef4cf1077dbc23213e2314ce37c87,MEASURED,1786752604330518000,lifecycle,aegis_key_registry,ML-DSA-65,role_authorization_check,registry1,0,347,10,42,0,7094272,true,authorized,1,0,0,0,0,0,0,0,0,0,
local-1786752604326628000,macmini-m2-macos26.5.2-rust1.97.1-aarch64-20260814,9d3ab807a08ef4cf1077dbc23213e2314ce37c87,MEASURED,1786752604330519000,lifecycle,aegis_key_registry,ML-DSA-65,active_key_check,registry1,0,347,10,42,2000,7094272,true,active,1,0,0,0,0,0,0,0,0,0,
local-1786752604326628000,macmini-m2-macos26.5.2-rust1.97.1-aarch64-20260814,9d3ab807a08ef4cf1077dbc23213e2314ce37c87,MEASURED,1786752604330521000,lifecycle,aegis_key_registry,ML-DSA-65,revocation_check,registry1,0,347,10,42,0,7094272,true,not_revoked,1,0,0,0,0,0,0,0,0,0,
local-1786752604326628000,macmini-m2-macos26.5.2-rust1.97.1-aarch64-20260814,9d3ab807a08ef4cf1077dbc23213e2314ce37c87,MEASURED,1786752604330523000,lifecycle,aegis_key_registry,ML-DSA-65,public_key_lookup,registry1,0,348,10,166,0,7094272,true,found,1,0,1952,0,0,0,0,0,0,0,
local-1786752604326628000,macmini-m2-macos26.5.2-rust1.97.1-aarch64-20260814,9d3ab807a08ef4cf1077dbc23213e2314ce37c87,MEASURED,1786752604330524000,lifecycle,aegis_key_registry,ML-DSA-65,role_authorization_check,registry1,0,348,10,41,1000,7094272,true,authorized,1,0,0,0,0,0,0,0,0,0,
local-1786752604326628000,macmini-m2-macos26.5.2-rust1.97.1-aarch64-20260814,9d3ab807a08ef4cf1077dbc23213e2314ce37c87,MEASURED,1786752604330526000,lifecycle,aegis_key_registry,ML-DSA-65,active_key_check,registry1,0,348,10,41,0,7094272,true,active,1,0,0,0,0,0,0,0,0,0,
local-1786752604326628000,macmini-m2-macos26.5.2-rust1.97.1-aarch64-20260814,9d3ab807a08ef4cf1077dbc23213e2314ce37c87,MEASURED,1786752604330527000,lifecycle,aegis_key_registry,ML-DSA-65,revocation_check,registry1,0,348,10,42,0,7094272,true,not_revoked,1,0,0,0,0,0,0,0,0,0,
local-1786752604326628000,macmini-m2-macos26.5.2-rust1.97.1-aarch64-20260814,9d3ab807a08ef4cf1077dbc23213e2314ce37c87,MEASURED,1786752604330529000,lifecycle,aegis_key_registry,ML-DSA-65,public_key_lookup,registry1,0,349,10,209,2000,7094272,true,found,1,0,1952,0,0,0,0,0,0,0,
local-1786752604326628000,macmini-m2-macos26.5.2-rust1.97.1-aarch64-20260814,9d3ab807a08ef4cf1077dbc23213e2314ce37c87,MEASURED,1786752604330535000,lifecycle,aegis_key_registry,ML-DSA-65,role_authorization_check,registry1,0,349,10,41,0,7094272,true,authorized,1,0,0,0,0,0,0,0,0,0,
local-1786752604326628000,macmini-m2-macos26.5.2-rust1.97.1-aarch64-20260814,9d3ab807a08ef4cf1077dbc23213e2314ce37c87,MEASURED,1786752604330537000,lifecycle,aegis_key_registry,ML-DSA-65,active_key_check,registry1,0,349,10,84,2000,7094272,true,active,1,0,0,0,0,0,0,0,0,0,
local-1786752604326628000,macmini-m2-macos26.5.2-rust1.97.1-aarch64-20260814,9d3ab807a08ef4cf1077dbc23213e2314ce37c87,MEASURED,1786752604330539000,lifecycle,aegis_key_registry,ML-DSA-65,revocation_check,registry1,0,349,10,42,0,7094272,true,not_revoked,1,0,0,0,0,0,0,0,0,0,
local-1786752604326628000,macmini-m2-macos26.5.2-rust1.97.1-aarch64-20260814,9d3ab807a08ef4cf1077dbc23213e2314ce37c87,MEASURED,1786752604330541000,lifecycle,aegis_key_registry,ML-DSA-65,public_key_lookup,registry1,0,350,10,208,0,7094272,true,found,1,0,1952,0,0,0,0,0,0,0,
local-1786752604326628000,macmini-m2-macos26.5.2-rust1.97.1-aarch64-20260814,9d3ab807a08ef4cf1077dbc23213e2314ce37c87,MEASURED,1786752604330542000,lifecycle,aegis_key_registry,ML-DSA-65,role_authorization_check,registry1,0,350,10,42,1000,7094272,true,authorized,1,0,0,0,0,0,0,0,0,0,
local-1786752604326628000,macmini-m2-macos26.5.2-rust1.97.1-aarch64-20260814,9d3ab807a08ef4cf1077dbc23213e2314ce37c87,MEASURED,1786752604330544000,lifecycle,aegis_key_registry,ML-DSA-65,active_key_check,registry1,0,350,10,84,0,7094272,true,active,1,0,0,0,0,0,0,0,0,0,
local-1786752604326628000,macmini-m2-macos26.5.2-rust1.97.1-aarch64-20260814,9d3ab807a08ef4cf1077dbc23213e2314ce37c87,MEASURED,1786752604330546000,lifecycle,aegis_key_registry,ML-DSA-65,revocation_check,registry1,0,350,10,42,0,7094272,true,not_revoked,1,0,0,0,0,0,0,0,0,0,
local-1786752604326628000,macmini-m2-macos26.5.2-rust1.97.1-aarch64-20260814,9d3ab807a08ef4cf1077dbc23213e2314ce37c87,MEASURED,1786752604330547000,lifecycle,aegis_key_registry,ML-DSA-65,public_key_lookup,registry1,0,351,10,208,1000,7094272,true,found,1,0,1952,0,0,0,0,0,0,0,
local-1786752604326628000,macmini-m2-macos26.5.2-rust1.97.1-aarch64-20260814,9d3ab807a08ef4cf1077dbc23213e2314ce37c87,MEASURED,1786752604330549000,lifecycle,aegis_key_registry,ML-DSA-65,role_authorization_check,registry1,0,351,10,42,0,7094272,true,authorized,1,0,0,0,0,0,0,0,0,0,
local-1786752604326628000,macmini-m2-macos26.5.2-rust1.97.1-aarch64-20260814,9d3ab807a08ef4cf1077dbc23213e2314ce37c87,MEASURED,1786752604330551000,lifecycle,aegis_key_registry,ML-DSA-65,active_key_check,registry1,0,351,10,41,0,7094272,true,active,1,0,0,0,0,0,0,0,0,0,
local-1786752604326628000,macmini-m2-macos26.5.2-rust1.97.1-aarch64-20260814,9d3ab807a08ef4cf1077dbc23213e2314ce37c87,MEASURED,1786752604330552000,lifecycle,aegis_key_registry,ML-DSA-65,revocation_check,registry1,0,351,10,42,1000,7094272,true,not_revoked,1,0,0,0,0,0,0,0,0,0,
local-1786752604326628000,macmini-m2-macos26.5.2-rust1.97.1-aarch64-20260814,9d3ab807a08ef4cf1077dbc23213e2314ce37c87,MEASURED,1786752604330554000,lifecycle,aegis_key_registry,ML-DSA-65,public_key_lookup,registry1,0,352,10,208,0,7094272,true,found,1,0,1952,0,0,0,0,0,0,0,
local-1786752604326628000,macmini-m2-macos26.5.2-rust1.97.1-aarch64-20260814,9d3ab807a08ef4cf1077dbc23213e2314ce37c87,MEASURED,1786752604330556000,lifecycle,aegis_key_registry,ML-DSA-65,role_authorization_check,registry1,0,352,10,42,0,7094272,true,authorized,1,0,0,0,0,0,0,0,0,0,
local-1786752604326628000,macmini-m2-macos26.5.2-rust1.97.1-aarch64-20260814,9d3ab807a08ef4cf1077dbc23213e2314ce37c87,MEASURED,1786752604330557000,lifecycle,aegis_key_registry,ML-DSA-65,active_key_check,registry1,0,352,10,42,0,7094272,true,active,1,0,0,0,0,0,0,0,0,0,
local-1786752604326628000,macmini-m2-macos26.5.2-rust1.97.1-aarch64-20260814,9d3ab807a08ef4cf1077dbc23213e2314ce37c87,MEASURED,1786752604330559000,lifecycle,aegis_key_registry,ML-DSA-65,revocation_check,registry1,0,352,10,42,0,7094272,true,not_revoked,1,0,0,0,0,0,0,0,0,0,
local-1786752604326628000,macmini-m2-macos26.5.2-rust1.97.1-aarch64-20260814,9d3ab807a08ef4cf1077dbc23213e2314ce37c87,MEASURED,1786752604330561000,lifecycle,aegis_key_registry,ML-DSA-65,public_key_lookup,registry1,0,353,10,167,0,7094272,true,found,1,0,1952,0,0,0,0,0,0,0,
local-1786752604326628000,macmini-m2-macos26.5.2-rust1.97.1-aarch64-20260814,9d3ab807a08ef4cf1077dbc23213e2314ce37c87,MEASURED,1786752604330562000,lifecycle,aegis_key_registry,ML-DSA-65,role_authorization_check,registry1,0,353,10,42,1000,7094272,true,authorized,1,0,0,0,0,0,0,0,0,0,
local-1786752604326628000,macmini-m2-macos26.5.2-rust1.97.1-aarch64-20260814,9d3ab807a08ef4cf1077dbc23213e2314ce37c87,MEASURED,1786752604330564000,lifecycle,aegis_key_registry,ML-DSA-65,active_key_check,registry1,0,353,10,42,0,7094272,true,active,1,0,0,0,0,0,0,0,0,0,
local-1786752604326628000,macmini-m2-macos26.5.2-rust1.97.1-aarch64-20260814,9d3ab807a08ef4cf1077dbc23213e2314ce37c87,MEASURED,1786752604330565000,lifecycle,aegis_key_registry,ML-DSA-65,revocation_check,registry1,0,353,10,42,0,7094272,true,not_revoked,1,0,0,0,0,0,0,0,0,0,
local-1786752604326628000,macmini-m2-macos26.5.2-rust1.97.1-aarch64-20260814,9d3ab807a08ef4cf1077dbc23213e2314ce37c87,MEASURED,1786752604330567000,lifecycle,aegis_key_registry,ML-DSA-65,public_key_lookup,registry1,0,354,10,167,2000,7094272,true,found,1,0,1952,0,0,0,0,0,0,0,
local-1786752604326628000,macmini-m2-macos26.5.2-rust1.97.1-aarch64-20260814,9d3ab807a08ef4cf1077dbc23213e2314ce37c87,MEASURED,1786752604330569000,lifecycle,aegis_key_registry,ML-DSA-65,role_authorization_check,registry1,0,354,10,41,0,7094272,true,authorized,1,0,0,0,0,0,0,0,0,0,
local-1786752604326628000,macmini-m2-macos26.5.2-rust1.97.1-aarch64-20260814,9d3ab807a08ef4cf1077dbc23213e2314ce37c87,MEASURED,1786752604330571000,lifecycle,aegis_key_registry,ML-DSA-65,active_key_check,registry1,0,354,10,41,0,7094272,true,active,1,0,0,0,0,0,0,0,0,0,
local-1786752604326628000,macmini-m2-macos26.5.2-rust1.97.1-aarch64-20260814,9d3ab807a08ef4cf1077dbc23213e2314ce37c87,MEASURED,1786752604330572000,lifecycle,aegis_key_registry,ML-DSA-65,revocation_check,registry1,0,354,10,41,2000,7094272,true,not_revoked,1,0,0,0,0,0,0,0,0,0,
local-1786752604326628000,macmini-m2-macos26.5.2-rust1.97.1-aarch64-20260814,9d3ab807a08ef4cf1077dbc23213e2314ce37c87,MEASURED,1786752604330574000,lifecycle,aegis_key_registry,ML-DSA-65,public_key_lookup,registry1,0,355,10,167,0,7094272,true,found,1,0,1952,0,0,0,0,0,0,0,
local-1786752604326628000,macmini-m2-macos26.5.2-rust1.97.1-aarch64-20260814,9d3ab807a08ef4cf1077dbc23213e2314ce37c87,MEASURED,1786752604330576000,lifecycle,aegis_key_registry,ML-DSA-65,role_authorization_check,registry1,0,355,10,41,0,7094272,true,authorized,1,0,0,0,0,0,0,0,0,0,
local-1786752604326628000,macmini-m2-macos26.5.2-rust1.97.1-aarch64-20260814,9d3ab807a08ef4cf1077dbc23213e2314ce37c87,MEASURED,1786752604330577000,lifecycle,aegis_key_registry,ML-DSA-65,active_key_check,registry1,0,355,10,41,2000,7094272,true,active,1,0,0,0,0,0,0,0,0,0,
local-1786752604326628000,macmini-m2-macos26.5.2-rust1.97.1-aarch64-20260814,9d3ab807a08ef4cf1077dbc23213e2314ce37c87,MEASURED,1786752604330579000,lifecycle,aegis_key_registry,ML-DSA-65,revocation_check,registry1,0,355,10,41,0,7094272,true,not_revoked,1,0,0,0,0,0,0,0,0,0,
local-1786752604326628000,macmini-m2-macos26.5.2-rust1.97.1-aarch64-20260814,9d3ab807a08ef4cf1077dbc23213e2314ce37c87,MEASURED,1786752604330581000,lifecycle,aegis_key_registry,ML-DSA-65,public_key_lookup,registry1,0,356,10,125,0,7094272,true,found,1,0,1952,0,0,0,0,0,0,0,
local-1786752604326628000,macmini-m2-macos26.5.2-rust1.97.1-aarch64-20260814,9d3ab807a08ef4cf1077dbc23213e2314ce37c87,MEASURED,1786752604330582000,lifecycle,aegis_key_registry,ML-DSA-65,role_authorization_check,registry1,0,356,10,42,2000,7094272,true,authorized,1,0,0,0,0,0,0,0,0,0,
local-1786752604326628000,macmini-m2-macos26.5.2-rust1.97.1-aarch64-20260814,9d3ab807a08ef4cf1077dbc23213e2314ce37c87,MEASURED,1786752604330588000,lifecycle,aegis_key_registry,ML-DSA-65,active_key_check,registry1,0,356,10,41,0,7094272,true,active,1,0,0,0,0,0,0,0,0,0,
local-1786752604326628000,macmini-m2-macos26.5.2-rust1.97.1-aarch64-20260814,9d3ab807a08ef4cf1077dbc23213e2314ce37c87,MEASURED,1786752604330590000,lifecycle,aegis_key_registry,ML-DSA-65,revocation_check,registry1,0,356,10,42,0,7094272,true,not_revoked,1,0,0,0,0,0,0,0,0,0,
local-1786752604326628000,macmini-m2-macos26.5.2-rust1.97.1-aarch64-20260814,9d3ab807a08ef4cf1077dbc23213e2314ce37c87,MEASURED,1786752604330591000,lifecycle,aegis_key_registry,ML-DSA-65,public_key_lookup,registry1,0,357,10,167,0,7094272,true,found,1,0,1952,0,0,0,0,0,0,0,
local-1786752604326628000,macmini-m2-macos26.5.2-rust1.97.1-aarch64-20260814,9d3ab807a08ef4cf1077dbc23213e2314ce37c87,MEASURED,1786752604330593000,lifecycle,aegis_key_registry,ML-DSA-65,role_authorization_check,registry1,0,357,10,41,0,7094272,true,authorized,1,0,0,0,0,0,0,0,0,0,
local-1786752604326628000,macmini-m2-macos26.5.2-rust1.97.1-aarch64-20260814,9d3ab807a08ef4cf1077dbc23213e2314ce37c87,MEASURED,1786752604330595000,lifecycle,aegis_key_registry,ML-DSA-65,active_key_check,registry1,0,357,10,42,0,7094272,true,active,1,0,0,0,0,0,0,0,0,0,
local-1786752604326628000,macmini-m2-macos26.5.2-rust1.97.1-aarch64-20260814,9d3ab807a08ef4cf1077dbc23213e2314ce37c87,MEASURED,1786752604330596000,lifecycle,aegis_key_registry,ML-DSA-65,revocation_check,registry1,0,357,10,41,0,7094272,true,not_revoked,1,0,0,0,0,0,0,0,0,0,
local-1786752604326628000,macmini-m2-macos26.5.2-rust1.97.1-aarch64-20260814,9d3ab807a08ef4cf1077dbc23213e2314ce37c87,MEASURED,1786752604330598000,lifecycle,aegis_key_registry,ML-DSA-65,public_key_lookup,registry1,0,358,10,166,0,7094272,true,found,1,0,1952,0,0,0,0,0,0,0,
local-1786752604326628000,macmini-m2-macos26.5.2-rust1.97.1-aarch64-20260814,9d3ab807a08ef4cf1077dbc23213e2314ce37c87,MEASURED,1786752604330600000,lifecycle,aegis_key_registry,ML-DSA-65,role_authorization_check,registry1,0,358,10,83,0,7094272,true,authorized,1,0,0,0,0,0,0,0,0,0,
local-1786752604326628000,macmini-m2-macos26.5.2-rust1.97.1-aarch64-20260814,9d3ab807a08ef4cf1077dbc23213e2314ce37c87,MEASURED,1786752604330603000,lifecycle,aegis_key_registry,ML-DSA-65,active_key_check,registry1,0,358,10,41,0,7094272,true,active,1,0,0,0,0,0,0,0,0,0,
local-1786752604326628000,macmini-m2-macos26.5.2-rust1.97.1-aarch64-20260814,9d3ab807a08ef4cf1077dbc23213e2314ce37c87,MEASURED,1786752604330605000,lifecycle,aegis_key_registry,ML-DSA-65,revocation_check,registry1,0,358,10,84,0,7094272,true,not_revoked,1,0,0,0,0,0,0,0,0,0,
local-1786752604326628000,macmini-m2-macos26.5.2-rust1.97.1-aarch64-20260814,9d3ab807a08ef4cf1077dbc23213e2314ce37c87,MEASURED,1786752604330606000,lifecycle,aegis_key_registry,ML-DSA-65,public_key_lookup,registry1,0,359,10,166,1000,7094272,true,found,1,0,1952,0,0,0,0,0,0,0,
local-1786752604326628000,macmini-m2-macos26.5.2-rust1.97.1-aarch64-20260814,9d3ab807a08ef4cf1077dbc23213e2314ce37c87,MEASURED,1786752604330608000,lifecycle,aegis_key_registry,ML-DSA-65,role_authorization_check,registry1,0,359,10,42,0,7094272,true,authorized,1,0,0,0,0,0,0,0,0,0,
local-1786752604326628000,macmini-m2-macos26.5.2-rust1.97.1-aarch64-20260814,9d3ab807a08ef4cf1077dbc23213e2314ce37c87,MEASURED,1786752604330610000,lifecycle,aegis_key_registry,ML-DSA-65,active_key_check,registry1,0,359,10,42,0,7094272,true,active,1,0,0,0,0,0,0,0,0,0,
local-1786752604326628000,macmini-m2-macos26.5.2-rust1.97.1-aarch64-20260814,9d3ab807a08ef4cf1077dbc23213e2314ce37c87,MEASURED,1786752604330611000,lifecycle,aegis_key_registry,ML-DSA-65,revocation_check,registry1,0,359,10,42,0,7094272,true,not_revoked,1,0,0,0,0,0,0,0,0,0,
local-1786752604326628000,macmini-m2-macos26.5.2-rust1.97.1-aarch64-20260814,9d3ab807a08ef4cf1077dbc23213e2314ce37c87,MEASURED,1786752604330613000,lifecycle,aegis_key_registry,ML-DSA-65,public_key_lookup,registry1,0,360,10,167,0,7094272,true,found,1,0,1952,0,0,0,0,0,0,0,
local-1786752604326628000,macmini-m2-macos26.5.2-rust1.97.1-aarch64-20260814,9d3ab807a08ef4cf1077dbc23213e2314ce37c87,MEASURED,1786752604330615000,lifecycle,aegis_key_registry,ML-DSA-65,role_authorization_check,registry1,0,360,10,42,0,7094272,true,authorized,1,0,0,0,0,0,0,0,0,0,
local-1786752604326628000,macmini-m2-macos26.5.2-rust1.97.1-aarch64-20260814,9d3ab807a08ef4cf1077dbc23213e2314ce37c87,MEASURED,1786752604330617000,lifecycle,aegis_key_registry,ML-DSA-65,active_key_check,registry1,0,360,10,42,0,7094272,true,active,1,0,0,0,0,0,0,0,0,0,
local-1786752604326628000,macmini-m2-macos26.5.2-rust1.97.1-aarch64-20260814,9d3ab807a08ef4cf1077dbc23213e2314ce37c87,MEASURED,1786752604330618000,lifecycle,aegis_key_registry,ML-DSA-65,revocation_check,registry1,0,360,10,42,0,7094272,true,not_revoked,1,0,0,0,0,0,0,0,0,0,
local-1786752604326628000,macmini-m2-macos26.5.2-rust1.97.1-aarch64-20260814,9d3ab807a08ef4cf1077dbc23213e2314ce37c87,MEASURED,1786752604330620000,lifecycle,aegis_key_registry,ML-DSA-65,public_key_lookup,registry1,0,361,10,167,2000,7094272,true,found,1,0,1952,0,0,0,0,0,0,0,
local-1786752604326628000,macmini-m2-macos26.5.2-rust1.97.1-aarch64-20260814,9d3ab807a08ef4cf1077dbc23213e2314ce37c87,MEASURED,1786752604330622000,lifecycle,aegis_key_registry,ML-DSA-65,role_authorization_check,registry1,0,361,10,42,0,7094272,true,authorized,1,0,0,0,0,0,0,0,0,0,
local-1786752604326628000,macmini-m2-macos26.5.2-rust1.97.1-aarch64-20260814,9d3ab807a08ef4cf1077dbc23213e2314ce37c87,MEASURED,1786752604330623000,lifecycle,aegis_key_registry,ML-DSA-65,active_key_check,registry1,0,361,10,42,0,7094272,true,active,1,0,0,0,0,0,0,0,0,0,
local-1786752604326628000,macmini-m2-macos26.5.2-rust1.97.1-aarch64-20260814,9d3ab807a08ef4cf1077dbc23213e2314ce37c87,MEASURED,1786752604330625000,lifecycle,aegis_key_registry,ML-DSA-65,revocation_check,registry1,0,361,10,42,1000,7094272,true,not_revoked,1,0,0,0,0,0,0,0,0,0,
local-1786752604326628000,macmini-m2-macos26.5.2-rust1.97.1-aarch64-20260814,9d3ab807a08ef4cf1077dbc23213e2314ce37c87,MEASURED,1786752604330627000,lifecycle,aegis_key_registry,ML-DSA-65,public_key_lookup,registry1,0,362,10,167,0,7094272,true,found,1,0,1952,0,0,0,0,0,0,0,
local-1786752604326628000,macmini-m2-macos26.5.2-rust1.97.1-aarch64-20260814,9d3ab807a08ef4cf1077dbc23213e2314ce37c87,MEASURED,1786752604330628000,lifecycle,aegis_key_registry,ML-DSA-65,role_authorization_check,registry1,0,362,10,42,0,7094272,true,authorized,1,0,0,0,0,0,0,0,0,0,
local-1786752604326628000,macmini-m2-macos26.5.2-rust1.97.1-aarch64-20260814,9d3ab807a08ef4cf1077dbc23213e2314ce37c87,MEASURED,1786752604330630000,lifecycle,aegis_key_registry,ML-DSA-65,active_key_check,registry1,0,362,10,42,2000,7094272,true,active,1,0,0,0,0,0,0,0,0,0,
local-1786752604326628000,macmini-m2-macos26.5.2-rust1.97.1-aarch64-20260814,9d3ab807a08ef4cf1077dbc23213e2314ce37c87,MEASURED,1786752604330632000,lifecycle,aegis_key_registry,ML-DSA-65,revocation_check,registry1,0,362,10,42,0,7094272,true,not_revoked,1,0,0,0,0,0,0,0,0,0,
local-1786752604326628000,macmini-m2-macos26.5.2-rust1.97.1-aarch64-20260814,9d3ab807a08ef4cf1077dbc23213e2314ce37c87,MEASURED,1786752604330634000,lifecycle,aegis_key_registry,ML-DSA-65,public_key_lookup,registry1,0,363,10,167,0,7094272,true,found,1,0,1952,0,0,0,0,0,0,0,
local-1786752604326628000,macmini-m2-macos26.5.2-rust1.97.1-aarch64-20260814,9d3ab807a08ef4cf1077dbc23213e2314ce37c87,MEASURED,1786752604330635000,lifecycle,aegis_key_registry,ML-DSA-65,role_authorization_check,registry1,0,363,10,42,2000,7094272,true,authorized,1,0,0,0,0,0,0,0,0,0,
local-1786752604326628000,macmini-m2-macos26.5.2-rust1.97.1-aarch64-20260814,9d3ab807a08ef4cf1077dbc23213e2314ce37c87,MEASURED,1786752604330637000,lifecycle,aegis_key_registry,ML-DSA-65,active_key_check,registry1,0,363,10,42,0,7094272,true,active,1,0,0,0,0,0,0,0,0,0,
local-1786752604326628000,macmini-m2-macos26.5.2-rust1.97.1-aarch64-20260814,9d3ab807a08ef4cf1077dbc23213e2314ce37c87,MEASURED,1786752604330643000,lifecycle,aegis_key_registry,ML-DSA-65,revocation_check,registry1,0,363,10,42,1000,7094272,true,not_revoked,1,0,0,0,0,0,0,0,0,0,
local-1786752604326628000,macmini-m2-macos26.5.2-rust1.97.1-aarch64-20260814,9d3ab807a08ef4cf1077dbc23213e2314ce37c87,MEASURED,1786752604330645000,lifecycle,aegis_key_registry,ML-DSA-65,public_key_lookup,registry1,0,364,10,209,0,7094272,true,found,1,0,1952,0,0,0,0,0,0,0,
local-1786752604326628000,macmini-m2-macos26.5.2-rust1.97.1-aarch64-20260814,9d3ab807a08ef4cf1077dbc23213e2314ce37c87,MEASURED,1786752604330647000,lifecycle,aegis_key_registry,ML-DSA-65,role_authorization_check,registry1,0,364,10,42,1000,7094272,true,authorized,1,0,0,0,0,0,0,0,0,0,
local-1786752604326628000,macmini-m2-macos26.5.2-rust1.97.1-aarch64-20260814,9d3ab807a08ef4cf1077dbc23213e2314ce37c87,MEASURED,1786752604330649000,lifecycle,aegis_key_registry,ML-DSA-65,active_key_check,registry1,0,364,10,42,0,7094272,true,active,1,0,0,0,0,0,0,0,0,0,
local-1786752604326628000,macmini-m2-macos26.5.2-rust1.97.1-aarch64-20260814,9d3ab807a08ef4cf1077dbc23213e2314ce37c87,MEASURED,1786752604330650000,lifecycle,aegis_key_registry,ML-DSA-65,revocation_check,registry1,0,364,10,84,0,7094272,true,not_revoked,1,0,0,0,0,0,0,0,0,0,
local-1786752604326628000,macmini-m2-macos26.5.2-rust1.97.1-aarch64-20260814,9d3ab807a08ef4cf1077dbc23213e2314ce37c87,MEASURED,1786752604330652000,lifecycle,aegis_key_registry,ML-DSA-65,public_key_lookup,registry1,0,365,10,167,1000,7094272,true,found,1,0,1952,0,0,0,0,0,0,0,
local-1786752604326628000,macmini-m2-macos26.5.2-rust1.97.1-aarch64-20260814,9d3ab807a08ef4cf1077dbc23213e2314ce37c87,MEASURED,1786752604330654000,lifecycle,aegis_key_registry,ML-DSA-65,role_authorization_check,registry1,0,365,10,42,0,7094272,true,authorized,1,0,0,0,0,0,0,0,0,0,
local-1786752604326628000,macmini-m2-macos26.5.2-rust1.97.1-aarch64-20260814,9d3ab807a08ef4cf1077dbc23213e2314ce37c87,MEASURED,1786752604330655000,lifecycle,aegis_key_registry,ML-DSA-65,active_key_check,registry1,0,365,10,42,0,7094272,true,active,1,0,0,0,0,0,0,0,0,0,
local-1786752604326628000,macmini-m2-macos26.5.2-rust1.97.1-aarch64-20260814,9d3ab807a08ef4cf1077dbc23213e2314ce37c87,MEASURED,1786752604330657000,lifecycle,aegis_key_registry,ML-DSA-65,revocation_check,registry1,0,365,10,42,0,7094272,true,not_revoked,1,0,0,0,0,0,0,0,0,0,
local-1786752604326628000,macmini-m2-macos26.5.2-rust1.97.1-aarch64-20260814,9d3ab807a08ef4cf1077dbc23213e2314ce37c87,MEASURED,1786752604330659000,lifecycle,aegis_key_registry,ML-DSA-65,public_key_lookup,registry1,0,366,10,167,0,7094272,true,found,1,0,1952,0,0,0,0,0,0,0,
local-1786752604326628000,macmini-m2-macos26.5.2-rust1.97.1-aarch64-20260814,9d3ab807a08ef4cf1077dbc23213e2314ce37c87,MEASURED,1786752604330660000,lifecycle,aegis_key_registry,ML-DSA-65,role_authorization_check,registry1,0,366,10,42,0,7094272,true,authorized,1,0,0,0,0,0,0,0,0,0,
local-1786752604326628000,macmini-m2-macos26.5.2-rust1.97.1-aarch64-20260814,9d3ab807a08ef4cf1077dbc23213e2314ce37c87,MEASURED,1786752604330662000,lifecycle,aegis_key_registry,ML-DSA-65,active_key_check,registry1,0,366,10,42,0,7094272,true,active,1,0,0,0,0,0,0,0,0,0,
local-1786752604326628000,macmini-m2-macos26.5.2-rust1.97.1-aarch64-20260814,9d3ab807a08ef4cf1077dbc23213e2314ce37c87,MEASURED,1786752604330663000,lifecycle,aegis_key_registry,ML-DSA-65,revocation_check,registry1,0,366,10,42,0,7094272,true,not_revoked,1,0,0,0,0,0,0,0,0,0,
local-1786752604326628000,macmini-m2-macos26.5.2-rust1.97.1-aarch64-20260814,9d3ab807a08ef4cf1077dbc23213e2314ce37c87,MEASURED,1786752604330665000,lifecycle,aegis_key_registry,ML-DSA-65,public_key_lookup,registry1,0,367,10,167,0,7094272,true,found,1,0,1952,0,0,0,0,0,0,0,
local-1786752604326628000,macmini-m2-macos26.5.2-rust1.97.1-aarch64-20260814,9d3ab807a08ef4cf1077dbc23213e2314ce37c87,MEASURED,1786752604330667000,lifecycle,aegis_key_registry,ML-DSA-65,role_authorization_check,registry1,0,367,10,42,0,7094272,true,authorized,1,0,0,0,0,0,0,0,0,0,
local-1786752604326628000,macmini-m2-macos26.5.2-rust1.97.1-aarch64-20260814,9d3ab807a08ef4cf1077dbc23213e2314ce37c87,MEASURED,1786752604330668000,lifecycle,aegis_key_registry,ML-DSA-65,active_key_check,registry1,0,367,10,41,1000,7094272,true,active,1,0,0,0,0,0,0,0,0,0,
local-1786752604326628000,macmini-m2-macos26.5.2-rust1.97.1-aarch64-20260814,9d3ab807a08ef4cf1077dbc23213e2314ce37c87,MEASURED,1786752604330670000,lifecycle,aegis_key_registry,ML-DSA-65,revocation_check,registry1,0,367,10,41,0,7094272,true,not_revoked,1,0,0,0,0,0,0,0,0,0,
local-1786752604326628000,macmini-m2-macos26.5.2-rust1.97.1-aarch64-20260814,9d3ab807a08ef4cf1077dbc23213e2314ce37c87,MEASURED,1786752604330672000,lifecycle,aegis_key_registry,ML-DSA-65,public_key_lookup,registry1,0,368,10,166,0,7094272,true,found,1,0,1952,0,0,0,0,0,0,0,
local-1786752604326628000,macmini-m2-macos26.5.2-rust1.97.1-aarch64-20260814,9d3ab807a08ef4cf1077dbc23213e2314ce37c87,MEASURED,1786752604330673000,lifecycle,aegis_key_registry,ML-DSA-65,role_authorization_check,registry1,0,368,10,41,1000,7094272,true,authorized,1,0,0,0,0,0,0,0,0,0,
local-1786752604326628000,macmini-m2-macos26.5.2-rust1.97.1-aarch64-20260814,9d3ab807a08ef4cf1077dbc23213e2314ce37c87,MEASURED,1786752604330675000,lifecycle,aegis_key_registry,ML-DSA-65,active_key_check,registry1,0,368,10,41,0,7094272,true,active,1,0,0,0,0,0,0,0,0,0,
local-1786752604326628000,macmini-m2-macos26.5.2-rust1.97.1-aarch64-20260814,9d3ab807a08ef4cf1077dbc23213e2314ce37c87,MEASURED,1786752604330677000,lifecycle,aegis_key_registry,ML-DSA-65,revocation_check,registry1,0,368,10,42,0,7094272,true,not_revoked,1,0,0,0,0,0,0,0,0,0,
local-1786752604326628000,macmini-m2-macos26.5.2-rust1.97.1-aarch64-20260814,9d3ab807a08ef4cf1077dbc23213e2314ce37c87,MEASURED,1786752604330678000,lifecycle,aegis_key_registry,ML-DSA-65,public_key_lookup,registry1,0,369,10,166,1000,7094272,true,found,1,0,1952,0,0,0,0,0,0,0,
local-1786752604326628000,macmini-m2-macos26.5.2-rust1.97.1-aarch64-20260814,9d3ab807a08ef4cf1077dbc23213e2314ce37c87,MEASURED,1786752604330680000,lifecycle,aegis_key_registry,ML-DSA-65,role_authorization_check,registry1,0,369,10,41,0,7094272,true,authorized,1,0,0,0,0,0,0,0,0,0,
local-1786752604326628000,macmini-m2-macos26.5.2-rust1.97.1-aarch64-20260814,9d3ab807a08ef4cf1077dbc23213e2314ce37c87,MEASURED,1786752604330682000,lifecycle,aegis_key_registry,ML-DSA-65,active_key_check,registry1,0,369,10,42,0,7094272,true,active,1,0,0,0,0,0,0,0,0,0,
local-1786752604326628000,macmini-m2-macos26.5.2-rust1.97.1-aarch64-20260814,9d3ab807a08ef4cf1077dbc23213e2314ce37c87,MEASURED,1786752604330683000,lifecycle,aegis_key_registry,ML-DSA-65,revocation_check,registry1,0,369,10,42,1000,7094272,true,not_revoked,1,0,0,0,0,0,0,0,0,0,
local-1786752604326628000,macmini-m2-macos26.5.2-rust1.97.1-aarch64-20260814,9d3ab807a08ef4cf1077dbc23213e2314ce37c87,MEASURED,1786752604330685000,lifecycle,aegis_key_registry,ML-DSA-65,public_key_lookup,registry1,0,370,10,167,0,7094272,true,found,1,0,1952,0,0,0,0,0,0,0,
local-1786752604326628000,macmini-m2-macos26.5.2-rust1.97.1-aarch64-20260814,9d3ab807a08ef4cf1077dbc23213e2314ce37c87,MEASURED,1786752604330687000,lifecycle,aegis_key_registry,ML-DSA-65,role_authorization_check,registry1,0,370,10,41,0,7094272,true,authorized,1,0,0,0,0,0,0,0,0,0,
local-1786752604326628000,macmini-m2-macos26.5.2-rust1.97.1-aarch64-20260814,9d3ab807a08ef4cf1077dbc23213e2314ce37c87,MEASURED,1786752604330688000,lifecycle,aegis_key_registry,ML-DSA-65,active_key_check,registry1,0,370,10,42,2000,7094272,true,active,1,0,0,0,0,0,0,0,0,0,
local-1786752604326628000,macmini-m2-macos26.5.2-rust1.97.1-aarch64-20260814,9d3ab807a08ef4cf1077dbc23213e2314ce37c87,MEASURED,1786752604330690000,lifecycle,aegis_key_registry,ML-DSA-65,revocation_check,registry1,0,370,10,42,0,7094272,true,not_revoked,1,0,0,0,0,0,0,0,0,0,
local-1786752604326628000,macmini-m2-macos26.5.2-rust1.97.1-aarch64-20260814,9d3ab807a08ef4cf1077dbc23213e2314ce37c87,MEASURED,1786752604330696000,lifecycle,aegis_key_registry,ML-DSA-65,public_key_lookup,registry1,0,371,10,209,1000,7094272,true,found,1,0,1952,0,0,0,0,0,0,0,
local-1786752604326628000,macmini-m2-macos26.5.2-rust1.97.1-aarch64-20260814,9d3ab807a08ef4cf1077dbc23213e2314ce37c87,MEASURED,1786752604330697000,lifecycle,aegis_key_registry,ML-DSA-65,role_authorization_check,registry1,0,371,10,42,0,7094272,true,authorized,1,0,0,0,0,0,0,0,0,0,
local-1786752604326628000,macmini-m2-macos26.5.2-rust1.97.1-aarch64-20260814,9d3ab807a08ef4cf1077dbc23213e2314ce37c87,MEASURED,1786752604330699000,lifecycle,aegis_key_registry,ML-DSA-65,active_key_check,registry1,0,371,10,84,1000,7094272,true,active,1,0,0,0,0,0,0,0,0,0,
local-1786752604326628000,macmini-m2-macos26.5.2-rust1.97.1-aarch64-20260814,9d3ab807a08ef4cf1077dbc23213e2314ce37c87,MEASURED,1786752604330701000,lifecycle,aegis_key_registry,ML-DSA-65,revocation_check,registry1,0,371,10,42,0,7094272,true,not_revoked,1,0,0,0,0,0,0,0,0,0,
local-1786752604326628000,macmini-m2-macos26.5.2-rust1.97.1-aarch64-20260814,9d3ab807a08ef4cf1077dbc23213e2314ce37c87,MEASURED,1786752604330702000,lifecycle,aegis_key_registry,ML-DSA-65,public_key_lookup,registry1,0,372,10,167,0,7094272,true,found,1,0,1952,0,0,0,0,0,0,0,
local-1786752604326628000,macmini-m2-macos26.5.2-rust1.97.1-aarch64-20260814,9d3ab807a08ef4cf1077dbc23213e2314ce37c87,MEASURED,1786752604330704000,lifecycle,aegis_key_registry,ML-DSA-65,role_authorization_check,registry1,0,372,10,42,1000,7094272,true,authorized,1,0,0,0,0,0,0,0,0,0,
local-1786752604326628000,macmini-m2-macos26.5.2-rust1.97.1-aarch64-20260814,9d3ab807a08ef4cf1077dbc23213e2314ce37c87,MEASURED,1786752604330706000,lifecycle,aegis_key_registry,ML-DSA-65,active_key_check,registry1,0,372,10,42,0,7094272,true,active,1,0,0,0,0,0,0,0,0,0,
local-1786752604326628000,macmini-m2-macos26.5.2-rust1.97.1-aarch64-20260814,9d3ab807a08ef4cf1077dbc23213e2314ce37c87,MEASURED,1786752604330707000,lifecycle,aegis_key_registry,ML-DSA-65,revocation_check,registry1,0,372,10,41,0,7094272,true,not_revoked,1,0,0,0,0,0,0,0,0,0,
local-1786752604326628000,macmini-m2-macos26.5.2-rust1.97.1-aarch64-20260814,9d3ab807a08ef4cf1077dbc23213e2314ce37c87,MEASURED,1786752604330709000,lifecycle,aegis_key_registry,ML-DSA-65,public_key_lookup,registry1,0,373,10,167,2000,7094272,true,found,1,0,1952,0,0,0,0,0,0,0,
local-1786752604326628000,macmini-m2-macos26.5.2-rust1.97.1-aarch64-20260814,9d3ab807a08ef4cf1077dbc23213e2314ce37c87,MEASURED,1786752604330711000,lifecycle,aegis_key_registry,ML-DSA-65,role_authorization_check,registry1,0,373,10,42,0,7094272,true,authorized,1,0,0,0,0,0,0,0,0,0,
local-1786752604326628000,macmini-m2-macos26.5.2-rust1.97.1-aarch64-20260814,9d3ab807a08ef4cf1077dbc23213e2314ce37c87,MEASURED,1786752604330713000,lifecycle,aegis_key_registry,ML-DSA-65,active_key_check,registry1,0,373,10,42,0,7094272,true,active,1,0,0,0,0,0,0,0,0,0,
local-1786752604326628000,macmini-m2-macos26.5.2-rust1.97.1-aarch64-20260814,9d3ab807a08ef4cf1077dbc23213e2314ce37c87,MEASURED,1786752604330714000,lifecycle,aegis_key_registry,ML-DSA-65,revocation_check,registry1,0,373,10,42,2000,7094272,true,not_revoked,1,0,0,0,0,0,0,0,0,0,
local-1786752604326628000,macmini-m2-macos26.5.2-rust1.97.1-aarch64-20260814,9d3ab807a08ef4cf1077dbc23213e2314ce37c87,MEASURED,1786752604330716000,lifecycle,aegis_key_registry,ML-DSA-65,public_key_lookup,registry1,0,374,10,166,0,7094272,true,found,1,0,1952,0,0,0,0,0,0,0,
local-1786752604326628000,macmini-m2-macos26.5.2-rust1.97.1-aarch64-20260814,9d3ab807a08ef4cf1077dbc23213e2314ce37c87,MEASURED,1786752604330718000,lifecycle,aegis_key_registry,ML-DSA-65,role_authorization_check,registry1,0,374,10,42,0,7094272,true,authorized,1,0,0,0,0,0,0,0,0,0,
local-1786752604326628000,macmini-m2-macos26.5.2-rust1.97.1-aarch64-20260814,9d3ab807a08ef4cf1077dbc23213e2314ce37c87,MEASURED,1786752604330720000,lifecycle,aegis_key_registry,ML-DSA-65,active_key_check,registry1,0,374,10,42,0,7094272,true,active,1,0,0,0,0,0,0,0,0,0,
local-1786752604326628000,macmini-m2-macos26.5.2-rust1.97.1-aarch64-20260814,9d3ab807a08ef4cf1077dbc23213e2314ce37c87,MEASURED,1786752604330721000,lifecycle,aegis_key_registry,ML-DSA-65,revocation_check,registry1,0,374,10,83,0,7094272,true,not_revoked,1,0,0,0,0,0,0,0,0,0,
local-1786752604326628000,macmini-m2-macos26.5.2-rust1.97.1-aarch64-20260814,9d3ab807a08ef4cf1077dbc23213e2314ce37c87,MEASURED,1786752604330723000,lifecycle,aegis_key_registry,ML-DSA-65,public_key_lookup,registry1,0,375,10,167,2000,7094272,true,found,1,0,1952,0,0,0,0,0,0,0,
local-1786752604326628000,macmini-m2-macos26.5.2-rust1.97.1-aarch64-20260814,9d3ab807a08ef4cf1077dbc23213e2314ce37c87,MEASURED,1786752604330725000,lifecycle,aegis_key_registry,ML-DSA-65,role_authorization_check,registry1,0,375,10,42,0,7094272,true,authorized,1,0,0,0,0,0,0,0,0,0,
local-1786752604326628000,macmini-m2-macos26.5.2-rust1.97.1-aarch64-20260814,9d3ab807a08ef4cf1077dbc23213e2314ce37c87,MEASURED,1786752604330726000,lifecycle,aegis_key_registry,ML-DSA-65,active_key_check,registry1,0,375,10,41,0,7094272,true,active,1,0,0,0,0,0,0,0,0,0,
local-1786752604326628000,macmini-m2-macos26.5.2-rust1.97.1-aarch64-20260814,9d3ab807a08ef4cf1077dbc23213e2314ce37c87,MEASURED,1786752604330728000,lifecycle,aegis_key_registry,ML-DSA-65,revocation_check,registry1,0,375,10,41,1000,7094272,true,not_revoked,1,0,0,0,0,0,0,0,0,0,
local-1786752604326628000,macmini-m2-macos26.5.2-rust1.97.1-aarch64-20260814,9d3ab807a08ef4cf1077dbc23213e2314ce37c87,MEASURED,1786752604330730000,lifecycle,aegis_key_registry,ML-DSA-65,public_key_lookup,registry1,0,376,10,167,0,7094272,true,found,1,0,1952,0,0,0,0,0,0,0,
local-1786752604326628000,macmini-m2-macos26.5.2-rust1.97.1-aarch64-20260814,9d3ab807a08ef4cf1077dbc23213e2314ce37c87,MEASURED,1786752604330731000,lifecycle,aegis_key_registry,ML-DSA-65,role_authorization_check,registry1,0,376,10,41,0,7094272,true,authorized,1,0,0,0,0,0,0,0,0,0,
local-1786752604326628000,macmini-m2-macos26.5.2-rust1.97.1-aarch64-20260814,9d3ab807a08ef4cf1077dbc23213e2314ce37c87,MEASURED,1786752604330733000,lifecycle,aegis_key_registry,ML-DSA-65,active_key_check,registry1,0,376,10,42,1000,7094272,true,active,1,0,0,0,0,0,0,0,0,0,
local-1786752604326628000,macmini-m2-macos26.5.2-rust1.97.1-aarch64-20260814,9d3ab807a08ef4cf1077dbc23213e2314ce37c87,MEASURED,1786752604330734000,lifecycle,aegis_key_registry,ML-DSA-65,revocation_check,registry1,0,376,10,42,1000,7094272,true,not_revoked,1,0,0,0,0,0,0,0,0,0,
local-1786752604326628000,macmini-m2-macos26.5.2-rust1.97.1-aarch64-20260814,9d3ab807a08ef4cf1077dbc23213e2314ce37c87,MEASURED,1786752604330736000,lifecycle,aegis_key_registry,ML-DSA-65,public_key_lookup,registry1,0,377,10,166,0,7094272,true,found,1,0,1952,0,0,0,0,0,0,0,
local-1786752604326628000,macmini-m2-macos26.5.2-rust1.97.1-aarch64-20260814,9d3ab807a08ef4cf1077dbc23213e2314ce37c87,MEASURED,1786752604330738000,lifecycle,aegis_key_registry,ML-DSA-65,role_authorization_check,registry1,0,377,10,42,1000,7094272,true,authorized,1,0,0,0,0,0,0,0,0,0,
local-1786752604326628000,macmini-m2-macos26.5.2-rust1.97.1-aarch64-20260814,9d3ab807a08ef4cf1077dbc23213e2314ce37c87,MEASURED,1786752604330739000,lifecycle,aegis_key_registry,ML-DSA-65,active_key_check,registry1,0,377,10,41,0,7094272,true,active,1,0,0,0,0,0,0,0,0,0,
local-1786752604326628000,macmini-m2-macos26.5.2-rust1.97.1-aarch64-20260814,9d3ab807a08ef4cf1077dbc23213e2314ce37c87,MEASURED,1786752604330741000,lifecycle,aegis_key_registry,ML-DSA-65,revocation_check,registry1,0,377,10,42,1000,7094272,true,not_revoked,1,0,0,0,0,0,0,0,0,0,
local-1786752604326628000,macmini-m2-macos26.5.2-rust1.97.1-aarch64-20260814,9d3ab807a08ef4cf1077dbc23213e2314ce37c87,MEASURED,1786752604330743000,lifecycle,aegis_key_registry,ML-DSA-65,public_key_lookup,registry1,0,378,10,125,1000,7094272,true,found,1,0,1952,0,0,0,0,0,0,0,
local-1786752604326628000,macmini-m2-macos26.5.2-rust1.97.1-aarch64-20260814,9d3ab807a08ef4cf1077dbc23213e2314ce37c87,MEASURED,1786752604330749000,lifecycle,aegis_key_registry,ML-DSA-65,role_authorization_check,registry1,0,378,10,83,0,7094272,true,authorized,1,0,0,0,0,0,0,0,0,0,
local-1786752604326628000,macmini-m2-macos26.5.2-rust1.97.1-aarch64-20260814,9d3ab807a08ef4cf1077dbc23213e2314ce37c87,MEASURED,1786752604330751000,lifecycle,aegis_key_registry,ML-DSA-65,active_key_check,registry1,0,378,10,42,0,7094272,true,active,1,0,0,0,0,0,0,0,0,0,
local-1786752604326628000,macmini-m2-macos26.5.2-rust1.97.1-aarch64-20260814,9d3ab807a08ef4cf1077dbc23213e2314ce37c87,MEASURED,1786752604330752000,lifecycle,aegis_key_registry,ML-DSA-65,revocation_check,registry1,0,378,10,41,0,7094272,true,not_revoked,1,0,0,0,0,0,0,0,0,0,
local-1786752604326628000,macmini-m2-macos26.5.2-rust1.97.1-aarch64-20260814,9d3ab807a08ef4cf1077dbc23213e2314ce37c87,MEASURED,1786752604330754000,lifecycle,aegis_key_registry,ML-DSA-65,public_key_lookup,registry1,0,379,10,167,0,7094272,true,found,1,0,1952,0,0,0,0,0,0,0,
local-1786752604326628000,macmini-m2-macos26.5.2-rust1.97.1-aarch64-20260814,9d3ab807a08ef4cf1077dbc23213e2314ce37c87,MEASURED,1786752604330756000,lifecycle,aegis_key_registry,ML-DSA-65,role_authorization_check,registry1,0,379,10,0,0,7094272,true,authorized,1,0,0,0,0,0,0,0,0,0,
local-1786752604326628000,macmini-m2-macos26.5.2-rust1.97.1-aarch64-20260814,9d3ab807a08ef4cf1077dbc23213e2314ce37c87,MEASURED,1786752604330757000,lifecycle,aegis_key_registry,ML-DSA-65,active_key_check,registry1,0,379,10,42,0,7094272,true,active,1,0,0,0,0,0,0,0,0,0,
local-1786752604326628000,macmini-m2-macos26.5.2-rust1.97.1-aarch64-20260814,9d3ab807a08ef4cf1077dbc23213e2314ce37c87,MEASURED,1786752604330759000,lifecycle,aegis_key_registry,ML-DSA-65,revocation_check,registry1,0,379,10,42,0,7094272,true,not_revoked,1,0,0,0,0,0,0,0,0,0,
local-1786752604326628000,macmini-m2-macos26.5.2-rust1.97.1-aarch64-20260814,9d3ab807a08ef4cf1077dbc23213e2314ce37c87,MEASURED,1786752604330761000,lifecycle,aegis_key_registry,ML-DSA-65,public_key_lookup,registry1,0,380,10,166,0,7094272,true,found,1,0,1952,0,0,0,0,0,0,0,
local-1786752604326628000,macmini-m2-macos26.5.2-rust1.97.1-aarch64-20260814,9d3ab807a08ef4cf1077dbc23213e2314ce37c87,MEASURED,1786752604330762000,lifecycle,aegis_key_registry,ML-DSA-65,role_authorization_check,registry1,0,380,10,42,0,7094272,true,authorized,1,0,0,0,0,0,0,0,0,0,
local-1786752604326628000,macmini-m2-macos26.5.2-rust1.97.1-aarch64-20260814,9d3ab807a08ef4cf1077dbc23213e2314ce37c87,MEASURED,1786752604330764000,lifecycle,aegis_key_registry,ML-DSA-65,active_key_check,registry1,0,380,10,83,0,7094272,true,active,1,0,0,0,0,0,0,0,0,0,
local-1786752604326628000,macmini-m2-macos26.5.2-rust1.97.1-aarch64-20260814,9d3ab807a08ef4cf1077dbc23213e2314ce37c87,MEASURED,1786752604330765000,lifecycle,aegis_key_registry,ML-DSA-65,revocation_check,registry1,0,380,10,41,0,7094272,true,not_revoked,1,0,0,0,0,0,0,0,0,0,
local-1786752604326628000,macmini-m2-macos26.5.2-rust1.97.1-aarch64-20260814,9d3ab807a08ef4cf1077dbc23213e2314ce37c87,MEASURED,1786752604330767000,lifecycle,aegis_key_registry,ML-DSA-65,public_key_lookup,registry1,0,381,10,167,0,7094272,true,found,1,0,1952,0,0,0,0,0,0,0,
local-1786752604326628000,macmini-m2-macos26.5.2-rust1.97.1-aarch64-20260814,9d3ab807a08ef4cf1077dbc23213e2314ce37c87,MEASURED,1786752604330768000,lifecycle,aegis_key_registry,ML-DSA-65,role_authorization_check,registry1,0,381,10,41,0,7094272,true,authorized,1,0,0,0,0,0,0,0,0,0,
local-1786752604326628000,macmini-m2-macos26.5.2-rust1.97.1-aarch64-20260814,9d3ab807a08ef4cf1077dbc23213e2314ce37c87,MEASURED,1786752604330770000,lifecycle,aegis_key_registry,ML-DSA-65,active_key_check,registry1,0,381,10,42,0,7094272,true,active,1,0,0,0,0,0,0,0,0,0,
local-1786752604326628000,macmini-m2-macos26.5.2-rust1.97.1-aarch64-20260814,9d3ab807a08ef4cf1077dbc23213e2314ce37c87,MEASURED,1786752604330772000,lifecycle,aegis_key_registry,ML-DSA-65,revocation_check,registry1,0,381,10,42,0,7094272,true,not_revoked,1,0,0,0,0,0,0,0,0,0,
local-1786752604326628000,macmini-m2-macos26.5.2-rust1.97.1-aarch64-20260814,9d3ab807a08ef4cf1077dbc23213e2314ce37c87,MEASURED,1786752604330773000,lifecycle,aegis_key_registry,ML-DSA-65,public_key_lookup,registry1,0,382,10,166,2000,7094272,true,found,1,0,1952,0,0,0,0,0,0,0,
local-1786752604326628000,macmini-m2-macos26.5.2-rust1.97.1-aarch64-20260814,9d3ab807a08ef4cf1077dbc23213e2314ce37c87,MEASURED,1786752604330775000,lifecycle,aegis_key_registry,ML-DSA-65,role_authorization_check,registry1,0,382,10,42,0,7094272,true,authorized,1,0,0,0,0,0,0,0,0,0,
local-1786752604326628000,macmini-m2-macos26.5.2-rust1.97.1-aarch64-20260814,9d3ab807a08ef4cf1077dbc23213e2314ce37c87,MEASURED,1786752604330776000,lifecycle,aegis_key_registry,ML-DSA-65,active_key_check,registry1,0,382,10,41,0,7094272,true,active,1,0,0,0,0,0,0,0,0,0,
local-1786752604326628000,macmini-m2-macos26.5.2-rust1.97.1-aarch64-20260814,9d3ab807a08ef4cf1077dbc23213e2314ce37c87,MEASURED,1786752604330778000,lifecycle,aegis_key_registry,ML-DSA-65,revocation_check,registry1,0,382,10,42,1000,7094272,true,not_revoked,1,0,0,0,0,0,0,0,0,0,
local-1786752604326628000,macmini-m2-macos26.5.2-rust1.97.1-aarch64-20260814,9d3ab807a08ef4cf1077dbc23213e2314ce37c87,MEASURED,1786752604330780000,lifecycle,aegis_key_registry,ML-DSA-65,public_key_lookup,registry1,0,383,10,166,1000,7094272,true,found,1,0,1952,0,0,0,0,0,0,0,
local-1786752604326628000,macmini-m2-macos26.5.2-rust1.97.1-aarch64-20260814,9d3ab807a08ef4cf1077dbc23213e2314ce37c87,MEASURED,1786752604330781000,lifecycle,aegis_key_registry,ML-DSA-65,role_authorization_check,registry1,0,383,10,42,0,7094272,true,authorized,1,0,0,0,0,0,0,0,0,0,
local-1786752604326628000,macmini-m2-macos26.5.2-rust1.97.1-aarch64-20260814,9d3ab807a08ef4cf1077dbc23213e2314ce37c87,MEASURED,1786752604330783000,lifecycle,aegis_key_registry,ML-DSA-65,active_key_check,registry1,0,383,10,41,1000,7094272,true,active,1,0,0,0,0,0,0,0,0,0,
local-1786752604326628000,macmini-m2-macos26.5.2-rust1.97.1-aarch64-20260814,9d3ab807a08ef4cf1077dbc23213e2314ce37c87,MEASURED,1786752604330784000,lifecycle,aegis_key_registry,ML-DSA-65,revocation_check,registry1,0,383,10,42,0,7094272,true,not_revoked,1,0,0,0,0,0,0,0,0,0,
local-1786752604326628000,macmini-m2-macos26.5.2-rust1.97.1-aarch64-20260814,9d3ab807a08ef4cf1077dbc23213e2314ce37c87,MEASURED,1786752604330786000,lifecycle,aegis_key_registry,ML-DSA-65,public_key_lookup,registry1,0,384,10,166,0,7094272,true,found,1,0,1952,0,0,0,0,0,0,0,
local-1786752604326628000,macmini-m2-macos26.5.2-rust1.97.1-aarch64-20260814,9d3ab807a08ef4cf1077dbc23213e2314ce37c87,MEASURED,1786752604330788000,lifecycle,aegis_key_registry,ML-DSA-65,role_authorization_check,registry1,0,384,10,42,0,7094272,true,authorized,1,0,0,0,0,0,0,0,0,0,
local-1786752604326628000,macmini-m2-macos26.5.2-rust1.97.1-aarch64-20260814,9d3ab807a08ef4cf1077dbc23213e2314ce37c87,MEASURED,1786752604330789000,lifecycle,aegis_key_registry,ML-DSA-65,active_key_check,registry1,0,384,10,42,0,7094272,true,active,1,0,0,0,0,0,0,0,0,0,
local-1786752604326628000,macmini-m2-macos26.5.2-rust1.97.1-aarch64-20260814,9d3ab807a08ef4cf1077dbc23213e2314ce37c87,MEASURED,1786752604330791000,lifecycle,aegis_key_registry,ML-DSA-65,revocation_check,registry1,0,384,10,42,0,7094272,true,not_revoked,1,0,0,0,0,0,0,0,0,0,
local-1786752604326628000,macmini-m2-macos26.5.2-rust1.97.1-aarch64-20260814,9d3ab807a08ef4cf1077dbc23213e2314ce37c87,MEASURED,1786752604330792000,lifecycle,aegis_key_registry,ML-DSA-65,public_key_lookup,registry1,0,385,10,166,1000,7094272,true,found,1,0,1952,0,0,0,0,0,0,0,
local-1786752604326628000,macmini-m2-macos26.5.2-rust1.97.1-aarch64-20260814,9d3ab807a08ef4cf1077dbc23213e2314ce37c87,MEASURED,1786752604330794000,lifecycle,aegis_key_registry,ML-DSA-65,role_authorization_check,registry1,0,385,10,41,0,7094272,true,authorized,1,0,0,0,0,0,0,0,0,0,
local-1786752604326628000,macmini-m2-macos26.5.2-rust1.97.1-aarch64-20260814,9d3ab807a08ef4cf1077dbc23213e2314ce37c87,MEASURED,1786752604330800000,lifecycle,aegis_key_registry,ML-DSA-65,active_key_check,registry1,0,385,10,42,1000,7094272,true,active,1,0,0,0,0,0,0,0,0,0,
local-1786752604326628000,macmini-m2-macos26.5.2-rust1.97.1-aarch64-20260814,9d3ab807a08ef4cf1077dbc23213e2314ce37c87,MEASURED,1786752604330802000,lifecycle,aegis_key_registry,ML-DSA-65,revocation_check,registry1,0,385,10,41,0,7094272,true,not_revoked,1,0,0,0,0,0,0,0,0,0,
local-1786752604326628000,macmini-m2-macos26.5.2-rust1.97.1-aarch64-20260814,9d3ab807a08ef4cf1077dbc23213e2314ce37c87,MEASURED,1786752604330804000,lifecycle,aegis_key_registry,ML-DSA-65,public_key_lookup,registry1,0,386,10,167,0,7094272,true,found,1,0,1952,0,0,0,0,0,0,0,
local-1786752604326628000,macmini-m2-macos26.5.2-rust1.97.1-aarch64-20260814,9d3ab807a08ef4cf1077dbc23213e2314ce37c87,MEASURED,1786752604330805000,lifecycle,aegis_key_registry,ML-DSA-65,role_authorization_check,registry1,0,386,10,42,0,7094272,true,authorized,1,0,0,0,0,0,0,0,0,0,
local-1786752604326628000,macmini-m2-macos26.5.2-rust1.97.1-aarch64-20260814,9d3ab807a08ef4cf1077dbc23213e2314ce37c87,MEASURED,1786752604330807000,lifecycle,aegis_key_registry,ML-DSA-65,active_key_check,registry1,0,386,10,41,0,7094272,true,active,1,0,0,0,0,0,0,0,0,0,
local-1786752604326628000,macmini-m2-macos26.5.2-rust1.97.1-aarch64-20260814,9d3ab807a08ef4cf1077dbc23213e2314ce37c87,MEASURED,1786752604330809000,lifecycle,aegis_key_registry,ML-DSA-65,revocation_check,registry1,0,386,10,41,0,7094272,true,not_revoked,1,0,0,0,0,0,0,0,0,0,
local-1786752604326628000,macmini-m2-macos26.5.2-rust1.97.1-aarch64-20260814,9d3ab807a08ef4cf1077dbc23213e2314ce37c87,MEASURED,1786752604330810000,lifecycle,aegis_key_registry,ML-DSA-65,public_key_lookup,registry1,0,387,10,125,0,7094272,true,found,1,0,1952,0,0,0,0,0,0,0,
local-1786752604326628000,macmini-m2-macos26.5.2-rust1.97.1-aarch64-20260814,9d3ab807a08ef4cf1077dbc23213e2314ce37c87,MEASURED,1786752604330812000,lifecycle,aegis_key_registry,ML-DSA-65,role_authorization_check,registry1,0,387,10,41,0,7094272,true,authorized,1,0,0,0,0,0,0,0,0,0,
local-1786752604326628000,macmini-m2-macos26.5.2-rust1.97.1-aarch64-20260814,9d3ab807a08ef4cf1077dbc23213e2314ce37c87,MEASURED,1786752604330814000,lifecycle,aegis_key_registry,ML-DSA-65,active_key_check,registry1,0,387,10,42,1000,7094272,true,active,1,0,0,0,0,0,0,0,0,0,
local-1786752604326628000,macmini-m2-macos26.5.2-rust1.97.1-aarch64-20260814,9d3ab807a08ef4cf1077dbc23213e2314ce37c87,MEASURED,1786752604330815000,lifecycle,aegis_key_registry,ML-DSA-65,revocation_check,registry1,0,387,10,41,0,7094272,true,not_revoked,1,0,0,0,0,0,0,0,0,0,
local-1786752604326628000,macmini-m2-macos26.5.2-rust1.97.1-aarch64-20260814,9d3ab807a08ef4cf1077dbc23213e2314ce37c87,MEASURED,1786752604330817000,lifecycle,aegis_key_registry,ML-DSA-65,public_key_lookup,registry1,0,388,10,167,1000,7094272,true,found,1,0,1952,0,0,0,0,0,0,0,
local-1786752604326628000,macmini-m2-macos26.5.2-rust1.97.1-aarch64-20260814,9d3ab807a08ef4cf1077dbc23213e2314ce37c87,MEASURED,1786752604330818000,lifecycle,aegis_key_registry,ML-DSA-65,role_authorization_check,registry1,0,388,10,42,0,7094272,true,authorized,1,0,0,0,0,0,0,0,0,0,
local-1786752604326628000,macmini-m2-macos26.5.2-rust1.97.1-aarch64-20260814,9d3ab807a08ef4cf1077dbc23213e2314ce37c87,MEASURED,1786752604330820000,lifecycle,aegis_key_registry,ML-DSA-65,active_key_check,registry1,0,388,10,42,0,7094272,true,active,1,0,0,0,0,0,0,0,0,0,
local-1786752604326628000,macmini-m2-macos26.5.2-rust1.97.1-aarch64-20260814,9d3ab807a08ef4cf1077dbc23213e2314ce37c87,MEASURED,1786752604330822000,lifecycle,aegis_key_registry,ML-DSA-65,revocation_check,registry1,0,388,10,41,0,7094272,true,not_revoked,1,0,0,0,0,0,0,0,0,0,
local-1786752604326628000,macmini-m2-macos26.5.2-rust1.97.1-aarch64-20260814,9d3ab807a08ef4cf1077dbc23213e2314ce37c87,MEASURED,1786752604330823000,lifecycle,aegis_key_registry,ML-DSA-65,public_key_lookup,registry1,0,389,10,167,0,7094272,true,found,1,0,1952,0,0,0,0,0,0,0,
local-1786752604326628000,macmini-m2-macos26.5.2-rust1.97.1-aarch64-20260814,9d3ab807a08ef4cf1077dbc23213e2314ce37c87,MEASURED,1786752604330825000,lifecycle,aegis_key_registry,ML-DSA-65,role_authorization_check,registry1,0,389,10,41,0,7094272,true,authorized,1,0,0,0,0,0,0,0,0,0,
local-1786752604326628000,macmini-m2-macos26.5.2-rust1.97.1-aarch64-20260814,9d3ab807a08ef4cf1077dbc23213e2314ce37c87,MEASURED,1786752604330826000,lifecycle,aegis_key_registry,ML-DSA-65,active_key_check,registry1,0,389,10,42,0,7094272,true,active,1,0,0,0,0,0,0,0,0,0,
local-1786752604326628000,macmini-m2-macos26.5.2-rust1.97.1-aarch64-20260814,9d3ab807a08ef4cf1077dbc23213e2314ce37c87,MEASURED,1786752604330828000,lifecycle,aegis_key_registry,ML-DSA-65,revocation_check,registry1,0,389,10,42,1000,7094272,true,not_revoked,1,0,0,0,0,0,0,0,0,0,
local-1786752604326628000,macmini-m2-macos26.5.2-rust1.97.1-aarch64-20260814,9d3ab807a08ef4cf1077dbc23213e2314ce37c87,MEASURED,1786752604330830000,lifecycle,aegis_key_registry,ML-DSA-65,public_key_lookup,registry1,0,390,10,167,0,7094272,true,found,1,0,1952,0,0,0,0,0,0,0,
local-1786752604326628000,macmini-m2-macos26.5.2-rust1.97.1-aarch64-20260814,9d3ab807a08ef4cf1077dbc23213e2314ce37c87,MEASURED,1786752604330831000,lifecycle,aegis_key_registry,ML-DSA-65,role_authorization_check,registry1,0,390,10,83,0,7094272,true,authorized,1,0,0,0,0,0,0,0,0,0,
local-1786752604326628000,macmini-m2-macos26.5.2-rust1.97.1-aarch64-20260814,9d3ab807a08ef4cf1077dbc23213e2314ce37c87,MEASURED,1786752604330833000,lifecycle,aegis_key_registry,ML-DSA-65,active_key_check,registry1,0,390,10,42,0,7094272,true,active,1,0,0,0,0,0,0,0,0,0,
local-1786752604326628000,macmini-m2-macos26.5.2-rust1.97.1-aarch64-20260814,9d3ab807a08ef4cf1077dbc23213e2314ce37c87,MEASURED,1786752604330835000,lifecycle,aegis_key_registry,ML-DSA-65,revocation_check,registry1,0,390,10,125,0,7094272,true,not_revoked,1,0,0,0,0,0,0,0,0,0,
local-1786752604326628000,macmini-m2-macos26.5.2-rust1.97.1-aarch64-20260814,9d3ab807a08ef4cf1077dbc23213e2314ce37c87,MEASURED,1786752604330836000,lifecycle,aegis_key_registry,ML-DSA-65,public_key_lookup,registry1,0,391,10,125,0,7094272,true,found,1,0,1952,0,0,0,0,0,0,0,
local-1786752604326628000,macmini-m2-macos26.5.2-rust1.97.1-aarch64-20260814,9d3ab807a08ef4cf1077dbc23213e2314ce37c87,MEASURED,1786752604330838000,lifecycle,aegis_key_registry,ML-DSA-65,role_authorization_check,registry1,0,391,10,41,1000,7094272,true,authorized,1,0,0,0,0,0,0,0,0,0,
local-1786752604326628000,macmini-m2-macos26.5.2-rust1.97.1-aarch64-20260814,9d3ab807a08ef4cf1077dbc23213e2314ce37c87,MEASURED,1786752604330840000,lifecycle,aegis_key_registry,ML-DSA-65,active_key_check,registry1,0,391,10,42,0,7094272,true,active,1,0,0,0,0,0,0,0,0,0,
local-1786752604326628000,macmini-m2-macos26.5.2-rust1.97.1-aarch64-20260814,9d3ab807a08ef4cf1077dbc23213e2314ce37c87,MEASURED,1786752604330841000,lifecycle,aegis_key_registry,ML-DSA-65,revocation_check,registry1,0,391,10,0,0,7094272,true,not_revoked,1,0,0,0,0,0,0,0,0,0,
local-1786752604326628000,macmini-m2-macos26.5.2-rust1.97.1-aarch64-20260814,9d3ab807a08ef4cf1077dbc23213e2314ce37c87,MEASURED,1786752604330843000,lifecycle,aegis_key_registry,ML-DSA-65,public_key_lookup,registry1,0,392,10,125,1000,7094272,true,found,1,0,1952,0,0,0,0,0,0,0,
local-1786752604326628000,macmini-m2-macos26.5.2-rust1.97.1-aarch64-20260814,9d3ab807a08ef4cf1077dbc23213e2314ce37c87,MEASURED,1786752604330845000,lifecycle,aegis_key_registry,ML-DSA-65,role_authorization_check,registry1,0,392,10,42,0,7094272,true,authorized,1,0,0,0,0,0,0,0,0,0,
local-1786752604326628000,macmini-m2-macos26.5.2-rust1.97.1-aarch64-20260814,9d3ab807a08ef4cf1077dbc23213e2314ce37c87,MEASURED,1786752604330846000,lifecycle,aegis_key_registry,ML-DSA-65,active_key_check,registry1,0,392,10,84,0,7094272,true,active,1,0,0,0,0,0,0,0,0,0,
local-1786752604326628000,macmini-m2-macos26.5.2-rust1.97.1-aarch64-20260814,9d3ab807a08ef4cf1077dbc23213e2314ce37c87,MEASURED,1786752604330853000,lifecycle,aegis_key_registry,ML-DSA-65,revocation_check,registry1,0,392,10,83,0,7094272,true,not_revoked,1,0,0,0,0,0,0,0,0,0,
local-1786752604326628000,macmini-m2-macos26.5.2-rust1.97.1-aarch64-20260814,9d3ab807a08ef4cf1077dbc23213e2314ce37c87,MEASURED,1786752604330854000,lifecycle,aegis_key_registry,ML-DSA-65,public_key_lookup,registry1,0,393,10,166,1000,7094272,true,found,1,0,1952,0,0,0,0,0,0,0,
local-1786752604326628000,macmini-m2-macos26.5.2-rust1.97.1-aarch64-20260814,9d3ab807a08ef4cf1077dbc23213e2314ce37c87,MEASURED,1786752604330856000,lifecycle,aegis_key_registry,ML-DSA-65,role_authorization_check,registry1,0,393,10,42,0,7094272,true,authorized,1,0,0,0,0,0,0,0,0,0,
local-1786752604326628000,macmini-m2-macos26.5.2-rust1.97.1-aarch64-20260814,9d3ab807a08ef4cf1077dbc23213e2314ce37c87,MEASURED,1786752604330858000,lifecycle,aegis_key_registry,ML-DSA-65,active_key_check,registry1,0,393,10,84,0,7094272,true,active,1,0,0,0,0,0,0,0,0,0,
local-1786752604326628000,macmini-m2-macos26.5.2-rust1.97.1-aarch64-20260814,9d3ab807a08ef4cf1077dbc23213e2314ce37c87,MEASURED,1786752604330859000,lifecycle,aegis_key_registry,ML-DSA-65,revocation_check,registry1,0,393,10,41,0,7094272,true,not_revoked,1,0,0,0,0,0,0,0,0,0,
local-1786752604326628000,macmini-m2-macos26.5.2-rust1.97.1-aarch64-20260814,9d3ab807a08ef4cf1077dbc23213e2314ce37c87,MEASURED,1786752604330861000,lifecycle,aegis_key_registry,ML-DSA-65,public_key_lookup,registry1,0,394,10,167,0,7094272,true,found,1,0,1952,0,0,0,0,0,0,0,
local-1786752604326628000,macmini-m2-macos26.5.2-rust1.97.1-aarch64-20260814,9d3ab807a08ef4cf1077dbc23213e2314ce37c87,MEASURED,1786752604330862000,lifecycle,aegis_key_registry,ML-DSA-65,role_authorization_check,registry1,0,394,10,41,0,7094272,true,authorized,1,0,0,0,0,0,0,0,0,0,
local-1786752604326628000,macmini-m2-macos26.5.2-rust1.97.1-aarch64-20260814,9d3ab807a08ef4cf1077dbc23213e2314ce37c87,MEASURED,1786752604330864000,lifecycle,aegis_key_registry,ML-DSA-65,active_key_check,registry1,0,394,10,42,1000,7094272,true,active,1,0,0,0,0,0,0,0,0,0,
local-1786752604326628000,macmini-m2-macos26.5.2-rust1.97.1-aarch64-20260814,9d3ab807a08ef4cf1077dbc23213e2314ce37c87,MEASURED,1786752604330866000,lifecycle,aegis_key_registry,ML-DSA-65,revocation_check,registry1,0,394,10,0,0,7094272,true,not_revoked,1,0,0,0,0,0,0,0,0,0,
local-1786752604326628000,macmini-m2-macos26.5.2-rust1.97.1-aarch64-20260814,9d3ab807a08ef4cf1077dbc23213e2314ce37c87,MEASURED,1786752604330867000,lifecycle,aegis_key_registry,ML-DSA-65,public_key_lookup,registry1,0,395,10,125,0,7094272,true,found,1,0,1952,0,0,0,0,0,0,0,
local-1786752604326628000,macmini-m2-macos26.5.2-rust1.97.1-aarch64-20260814,9d3ab807a08ef4cf1077dbc23213e2314ce37c87,MEASURED,1786752604330869000,lifecycle,aegis_key_registry,ML-DSA-65,role_authorization_check,registry1,0,395,10,42,0,7094272,true,authorized,1,0,0,0,0,0,0,0,0,0,
local-1786752604326628000,macmini-m2-macos26.5.2-rust1.97.1-aarch64-20260814,9d3ab807a08ef4cf1077dbc23213e2314ce37c87,MEASURED,1786752604330870000,lifecycle,aegis_key_registry,ML-DSA-65,active_key_check,registry1,0,395,10,42,0,7094272,true,active,1,0,0,0,0,0,0,0,0,0,
local-1786752604326628000,macmini-m2-macos26.5.2-rust1.97.1-aarch64-20260814,9d3ab807a08ef4cf1077dbc23213e2314ce37c87,MEASURED,1786752604330872000,lifecycle,aegis_key_registry,ML-DSA-65,revocation_check,registry1,0,395,10,42,0,7094272,true,not_revoked,1,0,0,0,0,0,0,0,0,0,
local-1786752604326628000,macmini-m2-macos26.5.2-rust1.97.1-aarch64-20260814,9d3ab807a08ef4cf1077dbc23213e2314ce37c87,MEASURED,1786752604330874000,lifecycle,aegis_key_registry,ML-DSA-65,public_key_lookup,registry1,0,396,10,125,0,7094272,true,found,1,0,1952,0,0,0,0,0,0,0,
local-1786752604326628000,macmini-m2-macos26.5.2-rust1.97.1-aarch64-20260814,9d3ab807a08ef4cf1077dbc23213e2314ce37c87,MEASURED,1786752604330875000,lifecycle,aegis_key_registry,ML-DSA-65,role_authorization_check,registry1,0,396,10,0,0,7094272,true,authorized,1,0,0,0,0,0,0,0,0,0,
local-1786752604326628000,macmini-m2-macos26.5.2-rust1.97.1-aarch64-20260814,9d3ab807a08ef4cf1077dbc23213e2314ce37c87,MEASURED,1786752604330877000,lifecycle,aegis_key_registry,ML-DSA-65,active_key_check,registry1,0,396,10,41,0,7094272,true,active,1,0,0,0,0,0,0,0,0,0,
local-1786752604326628000,macmini-m2-macos26.5.2-rust1.97.1-aarch64-20260814,9d3ab807a08ef4cf1077dbc23213e2314ce37c87,MEASURED,1786752604330878000,lifecycle,aegis_key_registry,ML-DSA-65,revocation_check,registry1,0,396,10,42,0,7094272,true,not_revoked,1,0,0,0,0,0,0,0,0,0,
local-1786752604326628000,macmini-m2-macos26.5.2-rust1.97.1-aarch64-20260814,9d3ab807a08ef4cf1077dbc23213e2314ce37c87,MEASURED,1786752604330880000,lifecycle,aegis_key_registry,ML-DSA-65,public_key_lookup,registry1,0,397,10,125,0,7094272,true,found,1,0,1952,0,0,0,0,0,0,0,
local-1786752604326628000,macmini-m2-macos26.5.2-rust1.97.1-aarch64-20260814,9d3ab807a08ef4cf1077dbc23213e2314ce37c87,MEASURED,1786752604330881000,lifecycle,aegis_key_registry,ML-DSA-65,role_authorization_check,registry1,0,397,10,41,0,7094272,true,authorized,1,0,0,0,0,0,0,0,0,0,
local-1786752604326628000,macmini-m2-macos26.5.2-rust1.97.1-aarch64-20260814,9d3ab807a08ef4cf1077dbc23213e2314ce37c87,MEASURED,1786752604330883000,lifecycle,aegis_key_registry,ML-DSA-65,active_key_check,registry1,0,397,10,42,0,7094272,true,active,1,0,0,0,0,0,0,0,0,0,
local-1786752604326628000,macmini-m2-macos26.5.2-rust1.97.1-aarch64-20260814,9d3ab807a08ef4cf1077dbc23213e2314ce37c87,MEASURED,1786752604330885000,lifecycle,aegis_key_registry,ML-DSA-65,revocation_check,registry1,0,397,10,42,0,7094272,true,not_revoked,1,0,0,0,0,0,0,0,0,0,
local-1786752604326628000,macmini-m2-macos26.5.2-rust1.97.1-aarch64-20260814,9d3ab807a08ef4cf1077dbc23213e2314ce37c87,MEASURED,1786752604330886000,lifecycle,aegis_key_registry,ML-DSA-65,public_key_lookup,registry1,0,398,10,167,0,7094272,true,found,1,0,1952,0,0,0,0,0,0,0,
local-1786752604326628000,macmini-m2-macos26.5.2-rust1.97.1-aarch64-20260814,9d3ab807a08ef4cf1077dbc23213e2314ce37c87,MEASURED,1786752604330888000,lifecycle,aegis_key_registry,ML-DSA-65,role_authorization_check,registry1,0,398,10,42,0,7094272,true,authorized,1,0,0,0,0,0,0,0,0,0,
local-1786752604326628000,macmini-m2-macos26.5.2-rust1.97.1-aarch64-20260814,9d3ab807a08ef4cf1077dbc23213e2314ce37c87,MEASURED,1786752604330889000,lifecycle,aegis_key_registry,ML-DSA-65,active_key_check,registry1,0,398,10,41,0,7094272,true,active,1,0,0,0,0,0,0,0,0,0,
local-1786752604326628000,macmini-m2-macos26.5.2-rust1.97.1-aarch64-20260814,9d3ab807a08ef4cf1077dbc23213e2314ce37c87,MEASURED,1786752604330891000,lifecycle,aegis_key_registry,ML-DSA-65,revocation_check,registry1,0,398,10,42,1000,7094272,true,not_revoked,1,0,0,0,0,0,0,0,0,0,
local-1786752604326628000,macmini-m2-macos26.5.2-rust1.97.1-aarch64-20260814,9d3ab807a08ef4cf1077dbc23213e2314ce37c87,MEASURED,1786752604330893000,lifecycle,aegis_key_registry,ML-DSA-65,public_key_lookup,registry1,0,399,10,166,1000,7094272,true,found,1,0,1952,0,0,0,0,0,0,0,
local-1786752604326628000,macmini-m2-macos26.5.2-rust1.97.1-aarch64-20260814,9d3ab807a08ef4cf1077dbc23213e2314ce37c87,MEASURED,1786752604330894000,lifecycle,aegis_key_registry,ML-DSA-65,role_authorization_check,registry1,0,399,10,42,0,7094272,true,authorized,1,0,0,0,0,0,0,0,0,0,
local-1786752604326628000,macmini-m2-macos26.5.2-rust1.97.1-aarch64-20260814,9d3ab807a08ef4cf1077dbc23213e2314ce37c87,MEASURED,1786752604330896000,lifecycle,aegis_key_registry,ML-DSA-65,active_key_check,registry1,0,399,10,41,1000,7094272,true,active,1,0,0,0,0,0,0,0,0,0,
local-1786752604326628000,macmini-m2-macos26.5.2-rust1.97.1-aarch64-20260814,9d3ab807a08ef4cf1077dbc23213e2314ce37c87,MEASURED,1786752604330898000,lifecycle,aegis_key_registry,ML-DSA-65,revocation_check,registry1,0,399,10,41,1000,7094272,true,not_revoked,1,0,0,0,0,0,0,0,0,0,
local-1786752604326628000,macmini-m2-macos26.5.2-rust1.97.1-aarch64-20260814,9d3ab807a08ef4cf1077dbc23213e2314ce37c87,MEASURED,1786752604330906000,lifecycle,aegis_key_registry,ML-DSA-65,public_key_lookup,registry1,0,400,10,250,1000,7094272,true,found,1,0,1952,0,0,0,0,0,0,0,
local-1786752604326628000,macmini-m2-macos26.5.2-rust1.97.1-aarch64-20260814,9d3ab807a08ef4cf1077dbc23213e2314ce37c87,MEASURED,1786752604330908000,lifecycle,aegis_key_registry,ML-DSA-65,role_authorization_check,registry1,0,400,10,41,0,7094272,true,authorized,1,0,0,0,0,0,0,0,0,0,
local-1786752604326628000,macmini-m2-macos26.5.2-rust1.97.1-aarch64-20260814,9d3ab807a08ef4cf1077dbc23213e2314ce37c87,MEASURED,1786752604330910000,lifecycle,aegis_key_registry,ML-DSA-65,active_key_check,registry1,0,400,10,41,1000,7094272,true,active,1,0,0,0,0,0,0,0,0,0,
local-1786752604326628000,macmini-m2-macos26.5.2-rust1.97.1-aarch64-20260814,9d3ab807a08ef4cf1077dbc23213e2314ce37c87,MEASURED,1786752604330912000,lifecycle,aegis_key_registry,ML-DSA-65,revocation_check,registry1,0,400,10,42,0,7094272,true,not_revoked,1,0,0,0,0,0,0,0,0,0,
local-1786752604326628000,macmini-m2-macos26.5.2-rust1.97.1-aarch64-20260814,9d3ab807a08ef4cf1077dbc23213e2314ce37c87,MEASURED,1786752604330914000,lifecycle,aegis_key_registry,ML-DSA-65,public_key_lookup,registry1,0,401,10,250,2000,7094272,true,found,1,0,1952,0,0,0,0,0,0,0,
local-1786752604326628000,macmini-m2-macos26.5.2-rust1.97.1-aarch64-20260814,9d3ab807a08ef4cf1077dbc23213e2314ce37c87,MEASURED,1786752604330917000,lifecycle,aegis_key_registry,ML-DSA-65,role_authorization_check,registry1,0,401,10,83,1000,7094272,true,authorized,1,0,0,0,0,0,0,0,0,0,
local-1786752604326628000,macmini-m2-macos26.5.2-rust1.97.1-aarch64-20260814,9d3ab807a08ef4cf1077dbc23213e2314ce37c87,MEASURED,1786752604330919000,lifecycle,aegis_key_registry,ML-DSA-65,active_key_check,registry1,0,401,10,41,0,7094272,true,active,1,0,0,0,0,0,0,0,0,0,
local-1786752604326628000,macmini-m2-macos26.5.2-rust1.97.1-aarch64-20260814,9d3ab807a08ef4cf1077dbc23213e2314ce37c87,MEASURED,1786752604330920000,lifecycle,aegis_key_registry,ML-DSA-65,revocation_check,registry1,0,401,10,84,0,7094272,true,not_revoked,1,0,0,0,0,0,0,0,0,0,
local-1786752604326628000,macmini-m2-macos26.5.2-rust1.97.1-aarch64-20260814,9d3ab807a08ef4cf1077dbc23213e2314ce37c87,MEASURED,1786752604330922000,lifecycle,aegis_key_registry,ML-DSA-65,public_key_lookup,registry1,0,402,10,167,0,7094272,true,found,1,0,1952,0,0,0,0,0,0,0,
local-1786752604326628000,macmini-m2-macos26.5.2-rust1.97.1-aarch64-20260814,9d3ab807a08ef4cf1077dbc23213e2314ce37c87,MEASURED,1786752604330924000,lifecycle,aegis_key_registry,ML-DSA-65,role_authorization_check,registry1,0,402,10,42,0,7094272,true,authorized,1,0,0,0,0,0,0,0,0,0,
local-1786752604326628000,macmini-m2-macos26.5.2-rust1.97.1-aarch64-20260814,9d3ab807a08ef4cf1077dbc23213e2314ce37c87,MEASURED,1786752604330925000,lifecycle,aegis_key_registry,ML-DSA-65,active_key_check,registry1,0,402,10,42,0,7094272,true,active,1,0,0,0,0,0,0,0,0,0,
local-1786752604326628000,macmini-m2-macos26.5.2-rust1.97.1-aarch64-20260814,9d3ab807a08ef4cf1077dbc23213e2314ce37c87,MEASURED,1786752604330927000,lifecycle,aegis_key_registry,ML-DSA-65,revocation_check,registry1,0,402,10,42,0,7094272,true,not_revoked,1,0,0,0,0,0,0,0,0,0,
local-1786752604326628000,macmini-m2-macos26.5.2-rust1.97.1-aarch64-20260814,9d3ab807a08ef4cf1077dbc23213e2314ce37c87,MEASURED,1786752604330929000,lifecycle,aegis_key_registry,ML-DSA-65,public_key_lookup,registry1,0,403,10,208,0,7094272,true,found,1,0,1952,0,0,0,0,0,0,0,
local-1786752604326628000,macmini-m2-macos26.5.2-rust1.97.1-aarch64-20260814,9d3ab807a08ef4cf1077dbc23213e2314ce37c87,MEASURED,1786752604330930000,lifecycle,aegis_key_registry,ML-DSA-65,role_authorization_check,registry1,0,403,10,41,0,7094272,true,authorized,1,0,0,0,0,0,0,0,0,0,
local-1786752604326628000,macmini-m2-macos26.5.2-rust1.97.1-aarch64-20260814,9d3ab807a08ef4cf1077dbc23213e2314ce37c87,MEASURED,1786752604330932000,lifecycle,aegis_key_registry,ML-DSA-65,active_key_check,registry1,0,403,10,0,0,7094272,true,active,1,0,0,0,0,0,0,0,0,0,
local-1786752604326628000,macmini-m2-macos26.5.2-rust1.97.1-aarch64-20260814,9d3ab807a08ef4cf1077dbc23213e2314ce37c87,MEASURED,1786752604330934000,lifecycle,aegis_key_registry,ML-DSA-65,revocation_check,registry1,0,403,10,42,0,7094272,true,not_revoked,1,0,0,0,0,0,0,0,0,0,
local-1786752604326628000,macmini-m2-macos26.5.2-rust1.97.1-aarch64-20260814,9d3ab807a08ef4cf1077dbc23213e2314ce37c87,MEASURED,1786752604330935000,lifecycle,aegis_key_registry,ML-DSA-65,public_key_lookup,registry1,0,404,10,167,1000,7094272,true,found,1,0,1952,0,0,0,0,0,0,0,
local-1786752604326628000,macmini-m2-macos26.5.2-rust1.97.1-aarch64-20260814,9d3ab807a08ef4cf1077dbc23213e2314ce37c87,MEASURED,1786752604330937000,lifecycle,aegis_key_registry,ML-DSA-65,role_authorization_check,registry1,0,404,10,42,0,7094272,true,authorized,1,0,0,0,0,0,0,0,0,0,
local-1786752604326628000,macmini-m2-macos26.5.2-rust1.97.1-aarch64-20260814,9d3ab807a08ef4cf1077dbc23213e2314ce37c87,MEASURED,1786752604330939000,lifecycle,aegis_key_registry,ML-DSA-65,active_key_check,registry1,0,404,10,83,0,7094272,true,active,1,0,0,0,0,0,0,0,0,0,
local-1786752604326628000,macmini-m2-macos26.5.2-rust1.97.1-aarch64-20260814,9d3ab807a08ef4cf1077dbc23213e2314ce37c87,MEASURED,1786752604330940000,lifecycle,aegis_key_registry,ML-DSA-65,revocation_check,registry1,0,404,10,41,0,7094272,true,not_revoked,1,0,0,0,0,0,0,0,0,0,
local-1786752604326628000,macmini-m2-macos26.5.2-rust1.97.1-aarch64-20260814,9d3ab807a08ef4cf1077dbc23213e2314ce37c87,MEASURED,1786752604330942000,lifecycle,aegis_key_registry,ML-DSA-65,public_key_lookup,registry1,0,405,10,167,0,7094272,true,found,1,0,1952,0,0,0,0,0,0,0,
local-1786752604326628000,macmini-m2-macos26.5.2-rust1.97.1-aarch64-20260814,9d3ab807a08ef4cf1077dbc23213e2314ce37c87,MEASURED,1786752604330944000,lifecycle,aegis_key_registry,ML-DSA-65,role_authorization_check,registry1,0,405,10,42,0,7094272,true,authorized,1,0,0,0,0,0,0,0,0,0,
local-1786752604326628000,macmini-m2-macos26.5.2-rust1.97.1-aarch64-20260814,9d3ab807a08ef4cf1077dbc23213e2314ce37c87,MEASURED,1786752604330945000,lifecycle,aegis_key_registry,ML-DSA-65,active_key_check,registry1,0,405,10,42,0,7094272,true,active,1,0,0,0,0,0,0,0,0,0,
local-1786752604326628000,macmini-m2-macos26.5.2-rust1.97.1-aarch64-20260814,9d3ab807a08ef4cf1077dbc23213e2314ce37c87,MEASURED,1786752604330947000,lifecycle,aegis_key_registry,ML-DSA-65,revocation_check,registry1,0,405,10,42,0,7094272,true,not_revoked,1,0,0,0,0,0,0,0,0,0,
local-1786752604326628000,macmini-m2-macos26.5.2-rust1.97.1-aarch64-20260814,9d3ab807a08ef4cf1077dbc23213e2314ce37c87,MEASURED,1786752604330948000,lifecycle,aegis_key_registry,ML-DSA-65,public_key_lookup,registry1,0,406,10,167,0,7094272,true,found,1,0,1952,0,0,0,0,0,0,0,
local-1786752604326628000,macmini-m2-macos26.5.2-rust1.97.1-aarch64-20260814,9d3ab807a08ef4cf1077dbc23213e2314ce37c87,MEASURED,1786752604330950000,lifecycle,aegis_key_registry,ML-DSA-65,role_authorization_check,registry1,0,406,10,41,0,7094272,true,authorized,1,0,0,0,0,0,0,0,0,0,
local-1786752604326628000,macmini-m2-macos26.5.2-rust1.97.1-aarch64-20260814,9d3ab807a08ef4cf1077dbc23213e2314ce37c87,MEASURED,1786752604330952000,lifecycle,aegis_key_registry,ML-DSA-65,active_key_check,registry1,0,406,10,42,0,7094272,true,active,1,0,0,0,0,0,0,0,0,0,
local-1786752604326628000,macmini-m2-macos26.5.2-rust1.97.1-aarch64-20260814,9d3ab807a08ef4cf1077dbc23213e2314ce37c87,MEASURED,1786752604330953000,lifecycle,aegis_key_registry,ML-DSA-65,revocation_check,registry1,0,406,10,41,0,7094272,true,not_revoked,1,0,0,0,0,0,0,0,0,0,
local-1786752604326628000,macmini-m2-macos26.5.2-rust1.97.1-aarch64-20260814,9d3ab807a08ef4cf1077dbc23213e2314ce37c87,MEASURED,1786752604330955000,lifecycle,aegis_key_registry,ML-DSA-65,public_key_lookup,registry1,0,407,10,166,0,7094272,true,found,1,0,1952,0,0,0,0,0,0,0,
local-1786752604326628000,macmini-m2-macos26.5.2-rust1.97.1-aarch64-20260814,9d3ab807a08ef4cf1077dbc23213e2314ce37c87,MEASURED,1786752604330962000,lifecycle,aegis_key_registry,ML-DSA-65,role_authorization_check,registry1,0,407,10,42,0,7094272,true,authorized,1,0,0,0,0,0,0,0,0,0,
local-1786752604326628000,macmini-m2-macos26.5.2-rust1.97.1-aarch64-20260814,9d3ab807a08ef4cf1077dbc23213e2314ce37c87,MEASURED,1786752604330963000,lifecycle,aegis_key_registry,ML-DSA-65,active_key_check,registry1,0,407,10,83,0,7094272,true,active,1,0,0,0,0,0,0,0,0,0,
local-1786752604326628000,macmini-m2-macos26.5.2-rust1.97.1-aarch64-20260814,9d3ab807a08ef4cf1077dbc23213e2314ce37c87,MEASURED,1786752604330965000,lifecycle,aegis_key_registry,ML-DSA-65,revocation_check,registry1,0,407,10,41,1000,7094272,true,not_revoked,1,0,0,0,0,0,0,0,0,0,
local-1786752604326628000,macmini-m2-macos26.5.2-rust1.97.1-aarch64-20260814,9d3ab807a08ef4cf1077dbc23213e2314ce37c87,MEASURED,1786752604330967000,lifecycle,aegis_key_registry,ML-DSA-65,public_key_lookup,registry1,0,408,10,208,0,7094272,true,found,1,0,1952,0,0,0,0,0,0,0,
local-1786752604326628000,macmini-m2-macos26.5.2-rust1.97.1-aarch64-20260814,9d3ab807a08ef4cf1077dbc23213e2314ce37c87,MEASURED,1786752604330969000,lifecycle,aegis_key_registry,ML-DSA-65,role_authorization_check,registry1,0,408,10,42,0,7094272,true,authorized,1,0,0,0,0,0,0,0,0,0,
local-1786752604326628000,macmini-m2-macos26.5.2-rust1.97.1-aarch64-20260814,9d3ab807a08ef4cf1077dbc23213e2314ce37c87,MEASURED,1786752604330970000,lifecycle,aegis_key_registry,ML-DSA-65,active_key_check,registry1,0,408,10,42,1000,7094272,true,active,1,0,0,0,0,0,0,0,0,0,
local-1786752604326628000,macmini-m2-macos26.5.2-rust1.97.1-aarch64-20260814,9d3ab807a08ef4cf1077dbc23213e2314ce37c87,MEASURED,1786752604330972000,lifecycle,aegis_key_registry,ML-DSA-65,revocation_check,registry1,0,408,10,42,0,7094272,true,not_revoked,1,0,0,0,0,0,0,0,0,0,
local-1786752604326628000,macmini-m2-macos26.5.2-rust1.97.1-aarch64-20260814,9d3ab807a08ef4cf1077dbc23213e2314ce37c87,MEASURED,1786752604330974000,lifecycle,aegis_key_registry,ML-DSA-65,public_key_lookup,registry1,0,409,10,125,0,7094272,true,found,1,0,1952,0,0,0,0,0,0,0,
local-1786752604326628000,macmini-m2-macos26.5.2-rust1.97.1-aarch64-20260814,9d3ab807a08ef4cf1077dbc23213e2314ce37c87,MEASURED,1786752604330975000,lifecycle,aegis_key_registry,ML-DSA-65,role_authorization_check,registry1,0,409,10,42,1000,7094272,true,authorized,1,0,0,0,0,0,0,0,0,0,
local-1786752604326628000,macmini-m2-macos26.5.2-rust1.97.1-aarch64-20260814,9d3ab807a08ef4cf1077dbc23213e2314ce37c87,MEASURED,1786752604330977000,lifecycle,aegis_key_registry,ML-DSA-65,active_key_check,registry1,0,409,10,42,0,7094272,true,active,1,0,0,0,0,0,0,0,0,0,
local-1786752604326628000,macmini-m2-macos26.5.2-rust1.97.1-aarch64-20260814,9d3ab807a08ef4cf1077dbc23213e2314ce37c87,MEASURED,1786752604330979000,lifecycle,aegis_key_registry,ML-DSA-65,revocation_check,registry1,0,409,10,41,0,7094272,true,not_revoked,1,0,0,0,0,0,0,0,0,0,
local-1786752604326628000,macmini-m2-macos26.5.2-rust1.97.1-aarch64-20260814,9d3ab807a08ef4cf1077dbc23213e2314ce37c87,MEASURED,1786752604330980000,lifecycle,aegis_key_registry,ML-DSA-65,public_key_lookup,registry1,0,410,10,166,2000,7094272,true,found,1,0,1952,0,0,0,0,0,0,0,
local-1786752604326628000,macmini-m2-macos26.5.2-rust1.97.1-aarch64-20260814,9d3ab807a08ef4cf1077dbc23213e2314ce37c87,MEASURED,1786752604330982000,lifecycle,aegis_key_registry,ML-DSA-65,role_authorization_check,registry1,0,410,10,42,0,7094272,true,authorized,1,0,0,0,0,0,0,0,0,0,
local-1786752604326628000,macmini-m2-macos26.5.2-rust1.97.1-aarch64-20260814,9d3ab807a08ef4cf1077dbc23213e2314ce37c87,MEASURED,1786752604330984000,lifecycle,aegis_key_registry,ML-DSA-65,active_key_check,registry1,0,410,10,83,0,7094272,true,active,1,0,0,0,0,0,0,0,0,0,
local-1786752604326628000,macmini-m2-macos26.5.2-rust1.97.1-aarch64-20260814,9d3ab807a08ef4cf1077dbc23213e2314ce37c87,MEASURED,1786752604330985000,lifecycle,aegis_key_registry,ML-DSA-65,revocation_check,registry1,0,410,10,41,1000,7094272,true,not_revoked,1,0,0,0,0,0,0,0,0,0,
local-1786752604326628000,macmini-m2-macos26.5.2-rust1.97.1-aarch64-20260814,9d3ab807a08ef4cf1077dbc23213e2314ce37c87,MEASURED,1786752604330987000,lifecycle,aegis_key_registry,ML-DSA-65,public_key_lookup,registry1,0,411,10,166,0,7094272,true,found,1,0,1952,0,0,0,0,0,0,0,
local-1786752604326628000,macmini-m2-macos26.5.2-rust1.97.1-aarch64-20260814,9d3ab807a08ef4cf1077dbc23213e2314ce37c87,MEASURED,1786752604330989000,lifecycle,aegis_key_registry,ML-DSA-65,role_authorization_check,registry1,0,411,10,41,0,7094272,true,authorized,1,0,0,0,0,0,0,0,0,0,
local-1786752604326628000,macmini-m2-macos26.5.2-rust1.97.1-aarch64-20260814,9d3ab807a08ef4cf1077dbc23213e2314ce37c87,MEASURED,1786752604330990000,lifecycle,aegis_key_registry,ML-DSA-65,active_key_check,registry1,0,411,10,83,0,7094272,true,active,1,0,0,0,0,0,0,0,0,0,
local-1786752604326628000,macmini-m2-macos26.5.2-rust1.97.1-aarch64-20260814,9d3ab807a08ef4cf1077dbc23213e2314ce37c87,MEASURED,1786752604330992000,lifecycle,aegis_key_registry,ML-DSA-65,revocation_check,registry1,0,411,10,42,0,7094272,true,not_revoked,1,0,0,0,0,0,0,0,0,0,
local-1786752604326628000,macmini-m2-macos26.5.2-rust1.97.1-aarch64-20260814,9d3ab807a08ef4cf1077dbc23213e2314ce37c87,MEASURED,1786752604330994000,lifecycle,aegis_key_registry,ML-DSA-65,public_key_lookup,registry1,0,412,10,167,0,7094272,true,found,1,0,1952,0,0,0,0,0,0,0,
local-1786752604326628000,macmini-m2-macos26.5.2-rust1.97.1-aarch64-20260814,9d3ab807a08ef4cf1077dbc23213e2314ce37c87,MEASURED,1786752604330995000,lifecycle,aegis_key_registry,ML-DSA-65,role_authorization_check,registry1,0,412,10,42,0,7094272,true,authorized,1,0,0,0,0,0,0,0,0,0,
local-1786752604326628000,macmini-m2-macos26.5.2-rust1.97.1-aarch64-20260814,9d3ab807a08ef4cf1077dbc23213e2314ce37c87,MEASURED,1786752604330997000,lifecycle,aegis_key_registry,ML-DSA-65,active_key_check,registry1,0,412,10,42,0,7094272,true,active,1,0,0,0,0,0,0,0,0,0,
local-1786752604326628000,macmini-m2-macos26.5.2-rust1.97.1-aarch64-20260814,9d3ab807a08ef4cf1077dbc23213e2314ce37c87,MEASURED,1786752604330998000,lifecycle,aegis_key_registry,ML-DSA-65,revocation_check,registry1,0,412,10,41,0,7094272,true,not_revoked,1,0,0,0,0,0,0,0,0,0,
local-1786752604326628000,macmini-m2-macos26.5.2-rust1.97.1-aarch64-20260814,9d3ab807a08ef4cf1077dbc23213e2314ce37c87,MEASURED,1786752604331000000,lifecycle,aegis_key_registry,ML-DSA-65,public_key_lookup,registry1,0,413,10,166,1000,7094272,true,found,1,0,1952,0,0,0,0,0,0,0,
local-1786752604326628000,macmini-m2-macos26.5.2-rust1.97.1-aarch64-20260814,9d3ab807a08ef4cf1077dbc23213e2314ce37c87,MEASURED,1786752604331002000,lifecycle,aegis_key_registry,ML-DSA-65,role_authorization_check,registry1,0,413,10,41,0,7094272,true,authorized,1,0,0,0,0,0,0,0,0,0,
local-1786752604326628000,macmini-m2-macos26.5.2-rust1.97.1-aarch64-20260814,9d3ab807a08ef4cf1077dbc23213e2314ce37c87,MEASURED,1786752604331003000,lifecycle,aegis_key_registry,ML-DSA-65,active_key_check,registry1,0,413,10,42,0,7094272,true,active,1,0,0,0,0,0,0,0,0,0,
local-1786752604326628000,macmini-m2-macos26.5.2-rust1.97.1-aarch64-20260814,9d3ab807a08ef4cf1077dbc23213e2314ce37c87,MEASURED,1786752604331005000,lifecycle,aegis_key_registry,ML-DSA-65,revocation_check,registry1,0,413,10,42,1000,7094272,true,not_revoked,1,0,0,0,0,0,0,0,0,0,
local-1786752604326628000,macmini-m2-macos26.5.2-rust1.97.1-aarch64-20260814,9d3ab807a08ef4cf1077dbc23213e2314ce37c87,MEASURED,1786752604331007000,lifecycle,aegis_key_registry,ML-DSA-65,public_key_lookup,registry1,0,414,10,125,0,7094272,true,found,1,0,1952,0,0,0,0,0,0,0,
local-1786752604326628000,macmini-m2-macos26.5.2-rust1.97.1-aarch64-20260814,9d3ab807a08ef4cf1077dbc23213e2314ce37c87,MEASURED,1786752604331008000,lifecycle,aegis_key_registry,ML-DSA-65,role_authorization_check,registry1,0,414,10,42,0,7094272,true,authorized,1,0,0,0,0,0,0,0,0,0,
local-1786752604326628000,macmini-m2-macos26.5.2-rust1.97.1-aarch64-20260814,9d3ab807a08ef4cf1077dbc23213e2314ce37c87,MEASURED,1786752604331014000,lifecycle,aegis_key_registry,ML-DSA-65,active_key_check,registry1,0,414,10,83,0,7094272,true,active,1,0,0,0,0,0,0,0,0,0,
local-1786752604326628000,macmini-m2-macos26.5.2-rust1.97.1-aarch64-20260814,9d3ab807a08ef4cf1077dbc23213e2314ce37c87,MEASURED,1786752604331016000,lifecycle,aegis_key_registry,ML-DSA-65,revocation_check,registry1,0,414,10,41,0,7094272,true,not_revoked,1,0,0,0,0,0,0,0,0,0,
local-1786752604326628000,macmini-m2-macos26.5.2-rust1.97.1-aarch64-20260814,9d3ab807a08ef4cf1077dbc23213e2314ce37c87,MEASURED,1786752604331018000,lifecycle,aegis_key_registry,ML-DSA-65,public_key_lookup,registry1,0,415,10,166,1000,7094272,true,found,1,0,1952,0,0,0,0,0,0,0,
local-1786752604326628000,macmini-m2-macos26.5.2-rust1.97.1-aarch64-20260814,9d3ab807a08ef4cf1077dbc23213e2314ce37c87,MEASURED,1786752604331019000,lifecycle,aegis_key_registry,ML-DSA-65,role_authorization_check,registry1,0,415,10,42,0,7094272,true,authorized,1,0,0,0,0,0,0,0,0,0,
local-1786752604326628000,macmini-m2-macos26.5.2-rust1.97.1-aarch64-20260814,9d3ab807a08ef4cf1077dbc23213e2314ce37c87,MEASURED,1786752604331021000,lifecycle,aegis_key_registry,ML-DSA-65,active_key_check,registry1,0,415,10,41,0,7094272,true,active,1,0,0,0,0,0,0,0,0,0,
local-1786752604326628000,macmini-m2-macos26.5.2-rust1.97.1-aarch64-20260814,9d3ab807a08ef4cf1077dbc23213e2314ce37c87,MEASURED,1786752604331023000,lifecycle,aegis_key_registry,ML-DSA-65,revocation_check,registry1,0,415,10,41,1000,7094272,true,not_revoked,1,0,0,0,0,0,0,0,0,0,
local-1786752604326628000,macmini-m2-macos26.5.2-rust1.97.1-aarch64-20260814,9d3ab807a08ef4cf1077dbc23213e2314ce37c87,MEASURED,1786752604331024000,lifecycle,aegis_key_registry,ML-DSA-65,public_key_lookup,registry1,0,416,10,166,0,7094272,true,found,1,0,1952,0,0,0,0,0,0,0,
local-1786752604326628000,macmini-m2-macos26.5.2-rust1.97.1-aarch64-20260814,9d3ab807a08ef4cf1077dbc23213e2314ce37c87,MEASURED,1786752604331026000,lifecycle,aegis_key_registry,ML-DSA-65,role_authorization_check,registry1,0,416,10,41,0,7094272,true,authorized,1,0,0,0,0,0,0,0,0,0,
local-1786752604326628000,macmini-m2-macos26.5.2-rust1.97.1-aarch64-20260814,9d3ab807a08ef4cf1077dbc23213e2314ce37c87,MEASURED,1786752604331028000,lifecycle,aegis_key_registry,ML-DSA-65,active_key_check,registry1,0,416,10,41,0,7094272,true,active,1,0,0,0,0,0,0,0,0,0,
local-1786752604326628000,macmini-m2-macos26.5.2-rust1.97.1-aarch64-20260814,9d3ab807a08ef4cf1077dbc23213e2314ce37c87,MEASURED,1786752604331029000,lifecycle,aegis_key_registry,ML-DSA-65,revocation_check,registry1,0,416,10,41,0,7094272,true,not_revoked,1,0,0,0,0,0,0,0,0,0,
local-1786752604326628000,macmini-m2-macos26.5.2-rust1.97.1-aarch64-20260814,9d3ab807a08ef4cf1077dbc23213e2314ce37c87,MEASURED,1786752604331031000,lifecycle,aegis_key_registry,ML-DSA-65,public_key_lookup,registry1,0,417,10,166,0,7094272,true,found,1,0,1952,0,0,0,0,0,0,0,
local-1786752604326628000,macmini-m2-macos26.5.2-rust1.97.1-aarch64-20260814,9d3ab807a08ef4cf1077dbc23213e2314ce37c87,MEASURED,1786752604331033000,lifecycle,aegis_key_registry,ML-DSA-65,role_authorization_check,registry1,0,417,10,42,0,7094272,true,authorized,1,0,0,0,0,0,0,0,0,0,
local-1786752604326628000,macmini-m2-macos26.5.2-rust1.97.1-aarch64-20260814,9d3ab807a08ef4cf1077dbc23213e2314ce37c87,MEASURED,1786752604331034000,lifecycle,aegis_key_registry,ML-DSA-65,active_key_check,registry1,0,417,10,41,0,7094272,true,active,1,0,0,0,0,0,0,0,0,0,
local-1786752604326628000,macmini-m2-macos26.5.2-rust1.97.1-aarch64-20260814,9d3ab807a08ef4cf1077dbc23213e2314ce37c87,MEASURED,1786752604331036000,lifecycle,aegis_key_registry,ML-DSA-65,revocation_check,registry1,0,417,10,42,0,7094272,true,not_revoked,1,0,0,0,0,0,0,0,0,0,
local-1786752604326628000,macmini-m2-macos26.5.2-rust1.97.1-aarch64-20260814,9d3ab807a08ef4cf1077dbc23213e2314ce37c87,MEASURED,1786752604331038000,lifecycle,aegis_key_registry,ML-DSA-65,public_key_lookup,registry1,0,418,10,167,1000,7094272,true,found,1,0,1952,0,0,0,0,0,0,0,
local-1786752604326628000,macmini-m2-macos26.5.2-rust1.97.1-aarch64-20260814,9d3ab807a08ef4cf1077dbc23213e2314ce37c87,MEASURED,1786752604331040000,lifecycle,aegis_key_registry,ML-DSA-65,role_authorization_check,registry1,0,418,10,41,1000,7094272,true,authorized,1,0,0,0,0,0,0,0,0,0,
local-1786752604326628000,macmini-m2-macos26.5.2-rust1.97.1-aarch64-20260814,9d3ab807a08ef4cf1077dbc23213e2314ce37c87,MEASURED,1786752604331041000,lifecycle,aegis_key_registry,ML-DSA-65,active_key_check,registry1,0,418,10,41,0,7094272,true,active,1,0,0,0,0,0,0,0,0,0,
local-1786752604326628000,macmini-m2-macos26.5.2-rust1.97.1-aarch64-20260814,9d3ab807a08ef4cf1077dbc23213e2314ce37c87,MEASURED,1786752604331043000,lifecycle,aegis_key_registry,ML-DSA-65,revocation_check,registry1,0,418,10,42,0,7094272,true,not_revoked,1,0,0,0,0,0,0,0,0,0,
local-1786752604326628000,macmini-m2-macos26.5.2-rust1.97.1-aarch64-20260814,9d3ab807a08ef4cf1077dbc23213e2314ce37c87,MEASURED,1786752604331045000,lifecycle,aegis_key_registry,ML-DSA-65,public_key_lookup,registry1,0,419,10,167,1000,7094272,true,found,1,0,1952,0,0,0,0,0,0,0,
local-1786752604326628000,macmini-m2-macos26.5.2-rust1.97.1-aarch64-20260814,9d3ab807a08ef4cf1077dbc23213e2314ce37c87,MEASURED,1786752604331046000,lifecycle,aegis_key_registry,ML-DSA-65,role_authorization_check,registry1,0,419,10,42,0,7094272,true,authorized,1,0,0,0,0,0,0,0,0,0,
local-1786752604326628000,macmini-m2-macos26.5.2-rust1.97.1-aarch64-20260814,9d3ab807a08ef4cf1077dbc23213e2314ce37c87,MEASURED,1786752604331048000,lifecycle,aegis_key_registry,ML-DSA-65,active_key_check,registry1,0,419,10,42,0,7094272,true,active,1,0,0,0,0,0,0,0,0,0,
local-1786752604326628000,macmini-m2-macos26.5.2-rust1.97.1-aarch64-20260814,9d3ab807a08ef4cf1077dbc23213e2314ce37c87,MEASURED,1786752604331050000,lifecycle,aegis_key_registry,ML-DSA-65,revocation_check,registry1,0,419,10,42,1000,7094272,true,not_revoked,1,0,0,0,0,0,0,0,0,0,
local-1786752604326628000,macmini-m2-macos26.5.2-rust1.97.1-aarch64-20260814,9d3ab807a08ef4cf1077dbc23213e2314ce37c87,MEASURED,1786752604331051000,lifecycle,aegis_key_registry,ML-DSA-65,public_key_lookup,registry1,0,420,10,208,0,7094272,true,found,1,0,1952,0,0,0,0,0,0,0,
local-1786752604326628000,macmini-m2-macos26.5.2-rust1.97.1-aarch64-20260814,9d3ab807a08ef4cf1077dbc23213e2314ce37c87,MEASURED,1786752604331053000,lifecycle,aegis_key_registry,ML-DSA-65,role_authorization_check,registry1,0,420,10,42,0,7094272,true,authorized,1,0,0,0,0,0,0,0,0,0,
local-1786752604326628000,macmini-m2-macos26.5.2-rust1.97.1-aarch64-20260814,9d3ab807a08ef4cf1077dbc23213e2314ce37c87,MEASURED,1786752604331055000,lifecycle,aegis_key_registry,ML-DSA-65,active_key_check,registry1,0,420,10,41,1000,7094272,true,active,1,0,0,0,0,0,0,0,0,0,
local-1786752604326628000,macmini-m2-macos26.5.2-rust1.97.1-aarch64-20260814,9d3ab807a08ef4cf1077dbc23213e2314ce37c87,MEASURED,1786752604331056000,lifecycle,aegis_key_registry,ML-DSA-65,revocation_check,registry1,0,420,10,42,0,7094272,true,not_revoked,1,0,0,0,0,0,0,0,0,0,
local-1786752604326628000,macmini-m2-macos26.5.2-rust1.97.1-aarch64-20260814,9d3ab807a08ef4cf1077dbc23213e2314ce37c87,MEASURED,1786752604331058000,lifecycle,aegis_key_registry,ML-DSA-65,public_key_lookup,registry1,0,421,10,167,0,7094272,true,found,1,0,1952,0,0,0,0,0,0,0,
local-1786752604326628000,macmini-m2-macos26.5.2-rust1.97.1-aarch64-20260814,9d3ab807a08ef4cf1077dbc23213e2314ce37c87,MEASURED,1786752604331060000,lifecycle,aegis_key_registry,ML-DSA-65,role_authorization_check,registry1,0,421,10,41,1000,7094272,true,authorized,1,0,0,0,0,0,0,0,0,0,
local-1786752604326628000,macmini-m2-macos26.5.2-rust1.97.1-aarch64-20260814,9d3ab807a08ef4cf1077dbc23213e2314ce37c87,MEASURED,1786752604331061000,lifecycle,aegis_key_registry,ML-DSA-65,active_key_check,registry1,0,421,10,41,0,7094272,true,active,1,0,0,0,0,0,0,0,0,0,
local-1786752604326628000,macmini-m2-macos26.5.2-rust1.97.1-aarch64-20260814,9d3ab807a08ef4cf1077dbc23213e2314ce37c87,MEASURED,1786752604331069000,lifecycle,aegis_key_registry,ML-DSA-65,revocation_check,registry1,0,421,10,41,0,7094272,true,not_revoked,1,0,0,0,0,0,0,0,0,0,
local-1786752604326628000,macmini-m2-macos26.5.2-rust1.97.1-aarch64-20260814,9d3ab807a08ef4cf1077dbc23213e2314ce37c87,MEASURED,1786752604331071000,lifecycle,aegis_key_registry,ML-DSA-65,public_key_lookup,registry1,0,422,10,208,0,7094272,true,found,1,0,1952,0,0,0,0,0,0,0,
local-1786752604326628000,macmini-m2-macos26.5.2-rust1.97.1-aarch64-20260814,9d3ab807a08ef4cf1077dbc23213e2314ce37c87,MEASURED,1786752604331073000,lifecycle,aegis_key_registry,ML-DSA-65,role_authorization_check,registry1,0,422,10,42,0,7094272,true,authorized,1,0,0,0,0,0,0,0,0,0,
local-1786752604326628000,macmini-m2-macos26.5.2-rust1.97.1-aarch64-20260814,9d3ab807a08ef4cf1077dbc23213e2314ce37c87,MEASURED,1786752604331075000,lifecycle,aegis_key_registry,ML-DSA-65,active_key_check,registry1,0,422,10,84,0,7094272,true,active,1,0,0,0,0,0,0,0,0,0,
local-1786752604326628000,macmini-m2-macos26.5.2-rust1.97.1-aarch64-20260814,9d3ab807a08ef4cf1077dbc23213e2314ce37c87,MEASURED,1786752604331076000,lifecycle,aegis_key_registry,ML-DSA-65,revocation_check,registry1,0,422,10,84,1000,7094272,true,not_revoked,1,0,0,0,0,0,0,0,0,0,
local-1786752604326628000,macmini-m2-macos26.5.2-rust1.97.1-aarch64-20260814,9d3ab807a08ef4cf1077dbc23213e2314ce37c87,MEASURED,1786752604331078000,lifecycle,aegis_key_registry,ML-DSA-65,public_key_lookup,registry1,0,423,10,167,0,7094272,true,found,1,0,1952,0,0,0,0,0,0,0,
local-1786752604326628000,macmini-m2-macos26.5.2-rust1.97.1-aarch64-20260814,9d3ab807a08ef4cf1077dbc23213e2314ce37c87,MEASURED,1786752604331080000,lifecycle,aegis_key_registry,ML-DSA-65,role_authorization_check,registry1,0,423,10,42,0,7094272,true,authorized,1,0,0,0,0,0,0,0,0,0,
local-1786752604326628000,macmini-m2-macos26.5.2-rust1.97.1-aarch64-20260814,9d3ab807a08ef4cf1077dbc23213e2314ce37c87,MEASURED,1786752604331082000,lifecycle,aegis_key_registry,ML-DSA-65,active_key_check,registry1,0,423,10,42,0,7094272,true,active,1,0,0,0,0,0,0,0,0,0,
local-1786752604326628000,macmini-m2-macos26.5.2-rust1.97.1-aarch64-20260814,9d3ab807a08ef4cf1077dbc23213e2314ce37c87,MEASURED,1786752604331083000,lifecycle,aegis_key_registry,ML-DSA-65,revocation_check,registry1,0,423,10,42,0,7094272,true,not_revoked,1,0,0,0,0,0,0,0,0,0,
local-1786752604326628000,macmini-m2-macos26.5.2-rust1.97.1-aarch64-20260814,9d3ab807a08ef4cf1077dbc23213e2314ce37c87,MEASURED,1786752604331085000,lifecycle,aegis_key_registry,ML-DSA-65,public_key_lookup,registry1,0,424,10,208,1000,7094272,true,found,1,0,1952,0,0,0,0,0,0,0,
local-1786752604326628000,macmini-m2-macos26.5.2-rust1.97.1-aarch64-20260814,9d3ab807a08ef4cf1077dbc23213e2314ce37c87,MEASURED,1786752604331087000,lifecycle,aegis_key_registry,ML-DSA-65,role_authorization_check,registry1,0,424,10,41,1000,7094272,true,authorized,1,0,0,0,0,0,0,0,0,0,
local-1786752604326628000,macmini-m2-macos26.5.2-rust1.97.1-aarch64-20260814,9d3ab807a08ef4cf1077dbc23213e2314ce37c87,MEASURED,1786752604331088000,lifecycle,aegis_key_registry,ML-DSA-65,active_key_check,registry1,0,424,10,42,0,7094272,true,active,1,0,0,0,0,0,0,0,0,0,
local-1786752604326628000,macmini-m2-macos26.5.2-rust1.97.1-aarch64-20260814,9d3ab807a08ef4cf1077dbc23213e2314ce37c87,MEASURED,1786752604331090000,lifecycle,aegis_key_registry,ML-DSA-65,revocation_check,registry1,0,424,10,42,1000,7094272,true,not_revoked,1,0,0,0,0,0,0,0,0,0,
local-1786752604326628000,macmini-m2-macos26.5.2-rust1.97.1-aarch64-20260814,9d3ab807a08ef4cf1077dbc23213e2314ce37c87,MEASURED,1786752604331092000,lifecycle,aegis_key_registry,ML-DSA-65,public_key_lookup,registry1,0,425,10,167,1000,7094272,true,found,1,0,1952,0,0,0,0,0,0,0,
local-1786752604326628000,macmini-m2-macos26.5.2-rust1.97.1-aarch64-20260814,9d3ab807a08ef4cf1077dbc23213e2314ce37c87,MEASURED,1786752604331093000,lifecycle,aegis_key_registry,ML-DSA-65,role_authorization_check,registry1,0,425,10,42,0,7094272,true,authorized,1,0,0,0,0,0,0,0,0,0,
local-1786752604326628000,macmini-m2-macos26.5.2-rust1.97.1-aarch64-20260814,9d3ab807a08ef4cf1077dbc23213e2314ce37c87,MEASURED,1786752604331095000,lifecycle,aegis_key_registry,ML-DSA-65,active_key_check,registry1,0,425,10,42,1000,7094272,true,active,1,0,0,0,0,0,0,0,0,0,
local-1786752604326628000,macmini-m2-macos26.5.2-rust1.97.1-aarch64-20260814,9d3ab807a08ef4cf1077dbc23213e2314ce37c87,MEASURED,1786752604331097000,lifecycle,aegis_key_registry,ML-DSA-65,revocation_check,registry1,0,425,10,42,0,7094272,true,not_revoked,1,0,0,0,0,0,0,0,0,0,
local-1786752604326628000,macmini-m2-macos26.5.2-rust1.97.1-aarch64-20260814,9d3ab807a08ef4cf1077dbc23213e2314ce37c87,MEASURED,1786752604331098000,lifecycle,aegis_key_registry,ML-DSA-65,public_key_lookup,registry1,0,426,10,167,0,7094272,true,found,1,0,1952,0,0,0,0,0,0,0,
local-1786752604326628000,macmini-m2-macos26.5.2-rust1.97.1-aarch64-20260814,9d3ab807a08ef4cf1077dbc23213e2314ce37c87,MEASURED,1786752604331100000,lifecycle,aegis_key_registry,ML-DSA-65,role_authorization_check,registry1,0,426,10,41,0,7094272,true,authorized,1,0,0,0,0,0,0,0,0,0,
local-1786752604326628000,macmini-m2-macos26.5.2-rust1.97.1-aarch64-20260814,9d3ab807a08ef4cf1077dbc23213e2314ce37c87,MEASURED,1786752604331102000,lifecycle,aegis_key_registry,ML-DSA-65,active_key_check,registry1,0,426,10,41,0,7094272,true,active,1,0,0,0,0,0,0,0,0,0,
local-1786752604326628000,macmini-m2-macos26.5.2-rust1.97.1-aarch64-20260814,9d3ab807a08ef4cf1077dbc23213e2314ce37c87,MEASURED,1786752604331103000,lifecycle,aegis_key_registry,ML-DSA-65,revocation_check,registry1,0,426,10,42,0,7094272,true,not_revoked,1,0,0,0,0,0,0,0,0,0,
local-1786752604326628000,macmini-m2-macos26.5.2-rust1.97.1-aarch64-20260814,9d3ab807a08ef4cf1077dbc23213e2314ce37c87,MEASURED,1786752604331105000,lifecycle,aegis_key_registry,ML-DSA-65,public_key_lookup,registry1,0,427,10,167,0,7094272,true,found,1,0,1952,0,0,0,0,0,0,0,
local-1786752604326628000,macmini-m2-macos26.5.2-rust1.97.1-aarch64-20260814,9d3ab807a08ef4cf1077dbc23213e2314ce37c87,MEASURED,1786752604331107000,lifecycle,aegis_key_registry,ML-DSA-65,role_authorization_check,registry1,0,427,10,42,0,7094272,true,authorized,1,0,0,0,0,0,0,0,0,0,
local-1786752604326628000,macmini-m2-macos26.5.2-rust1.97.1-aarch64-20260814,9d3ab807a08ef4cf1077dbc23213e2314ce37c87,MEASURED,1786752604331108000,lifecycle,aegis_key_registry,ML-DSA-65,active_key_check,registry1,0,427,10,42,0,7094272,true,active,1,0,0,0,0,0,0,0,0,0,
local-1786752604326628000,macmini-m2-macos26.5.2-rust1.97.1-aarch64-20260814,9d3ab807a08ef4cf1077dbc23213e2314ce37c87,MEASURED,1786752604331110000,lifecycle,aegis_key_registry,ML-DSA-65,revocation_check,registry1,0,427,10,0,0,7094272,true,not_revoked,1,0,0,0,0,0,0,0,0,0,
local-1786752604326628000,macmini-m2-macos26.5.2-rust1.97.1-aarch64-20260814,9d3ab807a08ef4cf1077dbc23213e2314ce37c87,MEASURED,1786752604331111000,lifecycle,aegis_key_registry,ML-DSA-65,public_key_lookup,registry1,0,428,10,166,0,7094272,true,found,1,0,1952,0,0,0,0,0,0,0,
local-1786752604326628000,macmini-m2-macos26.5.2-rust1.97.1-aarch64-20260814,9d3ab807a08ef4cf1077dbc23213e2314ce37c87,MEASURED,1786752604331113000,lifecycle,aegis_key_registry,ML-DSA-65,role_authorization_check,registry1,0,428,10,41,0,7094272,true,authorized,1,0,0,0,0,0,0,0,0,0,
local-1786752604326628000,macmini-m2-macos26.5.2-rust1.97.1-aarch64-20260814,9d3ab807a08ef4cf1077dbc23213e2314ce37c87,MEASURED,1786752604331115000,lifecycle,aegis_key_registry,ML-DSA-65,active_key_check,registry1,0,428,10,42,0,7094272,true,active,1,0,0,0,0,0,0,0,0,0,
local-1786752604326628000,macmini-m2-macos26.5.2-rust1.97.1-aarch64-20260814,9d3ab807a08ef4cf1077dbc23213e2314ce37c87,MEASURED,1786752604331116000,lifecycle,aegis_key_registry,ML-DSA-65,revocation_check,registry1,0,428,10,0,0,7094272,true,not_revoked,1,0,0,0,0,0,0,0,0,0,
local-1786752604326628000,macmini-m2-macos26.5.2-rust1.97.1-aarch64-20260814,9d3ab807a08ef4cf1077dbc23213e2314ce37c87,MEASURED,1786752604331122000,lifecycle,aegis_key_registry,ML-DSA-65,public_key_lookup,registry1,0,429,10,166,0,7094272,true,found,1,0,1952,0,0,0,0,0,0,0,
local-1786752604326628000,macmini-m2-macos26.5.2-rust1.97.1-aarch64-20260814,9d3ab807a08ef4cf1077dbc23213e2314ce37c87,MEASURED,1786752604331124000,lifecycle,aegis_key_registry,ML-DSA-65,role_authorization_check,registry1,0,429,10,41,0,7094272,true,authorized,1,0,0,0,0,0,0,0,0,0,
local-1786752604326628000,macmini-m2-macos26.5.2-rust1.97.1-aarch64-20260814,9d3ab807a08ef4cf1077dbc23213e2314ce37c87,MEASURED,1786752604331126000,lifecycle,aegis_key_registry,ML-DSA-65,active_key_check,registry1,0,429,10,42,0,7094272,true,active,1,0,0,0,0,0,0,0,0,0,
local-1786752604326628000,macmini-m2-macos26.5.2-rust1.97.1-aarch64-20260814,9d3ab807a08ef4cf1077dbc23213e2314ce37c87,MEASURED,1786752604331127000,lifecycle,aegis_key_registry,ML-DSA-65,revocation_check,registry1,0,429,10,42,0,7094272,true,not_revoked,1,0,0,0,0,0,0,0,0,0,
local-1786752604326628000,macmini-m2-macos26.5.2-rust1.97.1-aarch64-20260814,9d3ab807a08ef4cf1077dbc23213e2314ce37c87,MEASURED,1786752604331129000,lifecycle,aegis_key_registry,ML-DSA-65,public_key_lookup,registry1,0,430,10,167,0,7094272,true,found,1,0,1952,0,0,0,0,0,0,0,
local-1786752604326628000,macmini-m2-macos26.5.2-rust1.97.1-aarch64-20260814,9d3ab807a08ef4cf1077dbc23213e2314ce37c87,MEASURED,1786752604331131000,lifecycle,aegis_key_registry,ML-DSA-65,role_authorization_check,registry1,0,430,10,41,0,7094272,true,authorized,1,0,0,0,0,0,0,0,0,0,
local-1786752604326628000,macmini-m2-macos26.5.2-rust1.97.1-aarch64-20260814,9d3ab807a08ef4cf1077dbc23213e2314ce37c87,MEASURED,1786752604331132000,lifecycle,aegis_key_registry,ML-DSA-65,active_key_check,registry1,0,430,10,42,1000,7094272,true,active,1,0,0,0,0,0,0,0,0,0,
local-1786752604326628000,macmini-m2-macos26.5.2-rust1.97.1-aarch64-20260814,9d3ab807a08ef4cf1077dbc23213e2314ce37c87,MEASURED,1786752604331134000,lifecycle,aegis_key_registry,ML-DSA-65,revocation_check,registry1,0,430,10,42,0,7094272,true,not_revoked,1,0,0,0,0,0,0,0,0,0,
local-1786752604326628000,macmini-m2-macos26.5.2-rust1.97.1-aarch64-20260814,9d3ab807a08ef4cf1077dbc23213e2314ce37c87,MEASURED,1786752604331136000,lifecycle,aegis_key_registry,ML-DSA-65,public_key_lookup,registry1,0,431,10,125,0,7094272,true,found,1,0,1952,0,0,0,0,0,0,0,
local-1786752604326628000,macmini-m2-macos26.5.2-rust1.97.1-aarch64-20260814,9d3ab807a08ef4cf1077dbc23213e2314ce37c87,MEASURED,1786752604331138000,lifecycle,aegis_key_registry,ML-DSA-65,role_authorization_check,registry1,0,431,10,42,0,7094272,true,authorized,1,0,0,0,0,0,0,0,0,0,
local-1786752604326628000,macmini-m2-macos26.5.2-rust1.97.1-aarch64-20260814,9d3ab807a08ef4cf1077dbc23213e2314ce37c87,MEASURED,1786752604331139000,lifecycle,aegis_key_registry,ML-DSA-65,active_key_check,registry1,0,431,10,42,0,7094272,true,active,1,0,0,0,0,0,0,0,0,0,
local-1786752604326628000,macmini-m2-macos26.5.2-rust1.97.1-aarch64-20260814,9d3ab807a08ef4cf1077dbc23213e2314ce37c87,MEASURED,1786752604331141000,lifecycle,aegis_key_registry,ML-DSA-65,revocation_check,registry1,0,431,10,42,0,7094272,true,not_revoked,1,0,0,0,0,0,0,0,0,0,
local-1786752604326628000,macmini-m2-macos26.5.2-rust1.97.1-aarch64-20260814,9d3ab807a08ef4cf1077dbc23213e2314ce37c87,MEASURED,1786752604331143000,lifecycle,aegis_key_registry,ML-DSA-65,public_key_lookup,registry1,0,432,10,167,0,7094272,true,found,1,0,1952,0,0,0,0,0,0,0,
local-1786752604326628000,macmini-m2-macos26.5.2-rust1.97.1-aarch64-20260814,9d3ab807a08ef4cf1077dbc23213e2314ce37c87,MEASURED,1786752604331144000,lifecycle,aegis_key_registry,ML-DSA-65,role_authorization_check,registry1,0,432,10,41,0,7094272,true,authorized,1,0,0,0,0,0,0,0,0,0,
local-1786752604326628000,macmini-m2-macos26.5.2-rust1.97.1-aarch64-20260814,9d3ab807a08ef4cf1077dbc23213e2314ce37c87,MEASURED,1786752604331146000,lifecycle,aegis_key_registry,ML-DSA-65,active_key_check,registry1,0,432,10,42,0,7094272,true,active,1,0,0,0,0,0,0,0,0,0,
local-1786752604326628000,macmini-m2-macos26.5.2-rust1.97.1-aarch64-20260814,9d3ab807a08ef4cf1077dbc23213e2314ce37c87,MEASURED,1786752604331147000,lifecycle,aegis_key_registry,ML-DSA-65,revocation_check,registry1,0,432,10,42,1000,7094272,true,not_revoked,1,0,0,0,0,0,0,0,0,0,
local-1786752604326628000,macmini-m2-macos26.5.2-rust1.97.1-aarch64-20260814,9d3ab807a08ef4cf1077dbc23213e2314ce37c87,MEASURED,1786752604331149000,lifecycle,aegis_key_registry,ML-DSA-65,public_key_lookup,registry1,0,433,10,167,0,7094272,true,found,1,0,1952,0,0,0,0,0,0,0,
local-1786752604326628000,macmini-m2-macos26.5.2-rust1.97.1-aarch64-20260814,9d3ab807a08ef4cf1077dbc23213e2314ce37c87,MEASURED,1786752604331151000,lifecycle,aegis_key_registry,ML-DSA-65,role_authorization_check,registry1,0,433,10,42,0,7094272,true,authorized,1,0,0,0,0,0,0,0,0,0,
local-1786752604326628000,macmini-m2-macos26.5.2-rust1.97.1-aarch64-20260814,9d3ab807a08ef4cf1077dbc23213e2314ce37c87,MEASURED,1786752604331152000,lifecycle,aegis_key_registry,ML-DSA-65,active_key_check,registry1,0,433,10,42,1000,7094272,true,active,1,0,0,0,0,0,0,0,0,0,
local-1786752604326628000,macmini-m2-macos26.5.2-rust1.97.1-aarch64-20260814,9d3ab807a08ef4cf1077dbc23213e2314ce37c87,MEASURED,1786752604331154000,lifecycle,aegis_key_registry,ML-DSA-65,revocation_check,registry1,0,433,10,0,0,7094272,true,not_revoked,1,0,0,0,0,0,0,0,0,0,
local-1786752604326628000,macmini-m2-macos26.5.2-rust1.97.1-aarch64-20260814,9d3ab807a08ef4cf1077dbc23213e2314ce37c87,MEASURED,1786752604331156000,lifecycle,aegis_key_registry,ML-DSA-65,public_key_lookup,registry1,0,434,10,166,0,7094272,true,found,1,0,1952,0,0,0,0,0,0,0,
local-1786752604326628000,macmini-m2-macos26.5.2-rust1.97.1-aarch64-20260814,9d3ab807a08ef4cf1077dbc23213e2314ce37c87,MEASURED,1786752604331157000,lifecycle,aegis_key_registry,ML-DSA-65,role_authorization_check,registry1,0,434,10,42,1000,7094272,true,authorized,1,0,0,0,0,0,0,0,0,0,
local-1786752604326628000,macmini-m2-macos26.5.2-rust1.97.1-aarch64-20260814,9d3ab807a08ef4cf1077dbc23213e2314ce37c87,MEASURED,1786752604331159000,lifecycle,aegis_key_registry,ML-DSA-65,active_key_check,registry1,0,434,10,42,0,7094272,true,active,1,0,0,0,0,0,0,0,0,0,
local-1786752604326628000,macmini-m2-macos26.5.2-rust1.97.1-aarch64-20260814,9d3ab807a08ef4cf1077dbc23213e2314ce37c87,MEASURED,1786752604331161000,lifecycle,aegis_key_registry,ML-DSA-65,revocation_check,registry1,0,434,10,42,0,7094272,true,not_revoked,1,0,0,0,0,0,0,0,0,0,
local-1786752604326628000,macmini-m2-macos26.5.2-rust1.97.1-aarch64-20260814,9d3ab807a08ef4cf1077dbc23213e2314ce37c87,MEASURED,1786752604331162000,lifecycle,aegis_key_registry,ML-DSA-65,public_key_lookup,registry1,0,435,10,166,1000,7094272,true,found,1,0,1952,0,0,0,0,0,0,0,
local-1786752604326628000,macmini-m2-macos26.5.2-rust1.97.1-aarch64-20260814,9d3ab807a08ef4cf1077dbc23213e2314ce37c87,MEASURED,1786752604331164000,lifecycle,aegis_key_registry,ML-DSA-65,role_authorization_check,registry1,0,435,10,41,0,7094272,true,authorized,1,0,0,0,0,0,0,0,0,0,
local-1786752604326628000,macmini-m2-macos26.5.2-rust1.97.1-aarch64-20260814,9d3ab807a08ef4cf1077dbc23213e2314ce37c87,MEASURED,1786752604331166000,lifecycle,aegis_key_registry,ML-DSA-65,active_key_check,registry1,0,435,10,41,0,7094272,true,active,1,0,0,0,0,0,0,0,0,0,
local-1786752604326628000,macmini-m2-macos26.5.2-rust1.97.1-aarch64-20260814,9d3ab807a08ef4cf1077dbc23213e2314ce37c87,MEASURED,1786752604331167000,lifecycle,aegis_key_registry,ML-DSA-65,revocation_check,registry1,0,435,10,41,1000,7094272,true,not_revoked,1,0,0,0,0,0,0,0,0,0,
local-1786752604326628000,macmini-m2-macos26.5.2-rust1.97.1-aarch64-20260814,9d3ab807a08ef4cf1077dbc23213e2314ce37c87,MEASURED,1786752604331169000,lifecycle,aegis_key_registry,ML-DSA-65,public_key_lookup,registry1,0,436,10,166,0,7094272,true,found,1,0,1952,0,0,0,0,0,0,0,
local-1786752604326628000,macmini-m2-macos26.5.2-rust1.97.1-aarch64-20260814,9d3ab807a08ef4cf1077dbc23213e2314ce37c87,MEASURED,1786752604331176000,lifecycle,aegis_key_registry,ML-DSA-65,role_authorization_check,registry1,0,436,10,42,1000,7094272,true,authorized,1,0,0,0,0,0,0,0,0,0,
local-1786752604326628000,macmini-m2-macos26.5.2-rust1.97.1-aarch64-20260814,9d3ab807a08ef4cf1077dbc23213e2314ce37c87,MEASURED,1786752604331177000,lifecycle,aegis_key_registry,ML-DSA-65,active_key_check,registry1,0,436,10,42,0,7094272,true,active,1,0,0,0,0,0,0,0,0,0,
local-1786752604326628000,macmini-m2-macos26.5.2-rust1.97.1-aarch64-20260814,9d3ab807a08ef4cf1077dbc23213e2314ce37c87,MEASURED,1786752604331179000,lifecycle,aegis_key_registry,ML-DSA-65,revocation_check,registry1,0,436,10,83,1000,7094272,true,not_revoked,1,0,0,0,0,0,0,0,0,0,
local-1786752604326628000,macmini-m2-macos26.5.2-rust1.97.1-aarch64-20260814,9d3ab807a08ef4cf1077dbc23213e2314ce37c87,MEASURED,1786752604331181000,lifecycle,aegis_key_registry,ML-DSA-65,public_key_lookup,registry1,0,437,10,208,1000,7094272,true,found,1,0,1952,0,0,0,0,0,0,0,
local-1786752604326628000,macmini-m2-macos26.5.2-rust1.97.1-aarch64-20260814,9d3ab807a08ef4cf1077dbc23213e2314ce37c87,MEASURED,1786752604331182000,lifecycle,aegis_key_registry,ML-DSA-65,role_authorization_check,registry1,0,437,10,41,0,7094272,true,authorized,1,0,0,0,0,0,0,0,0,0,
local-1786752604326628000,macmini-m2-macos26.5.2-rust1.97.1-aarch64-20260814,9d3ab807a08ef4cf1077dbc23213e2314ce37c87,MEASURED,1786752604331184000,lifecycle,aegis_key_registry,ML-DSA-65,active_key_check,registry1,0,437,10,42,0,7094272,true,active,1,0,0,0,0,0,0,0,0,0,
local-1786752604326628000,macmini-m2-macos26.5.2-rust1.97.1-aarch64-20260814,9d3ab807a08ef4cf1077dbc23213e2314ce37c87,MEASURED,1786752604331186000,lifecycle,aegis_key_registry,ML-DSA-65,revocation_check,registry1,0,437,10,42,1000,7094272,true,not_revoked,1,0,0,0,0,0,0,0,0,0,
local-1786752604326628000,macmini-m2-macos26.5.2-rust1.97.1-aarch64-20260814,9d3ab807a08ef4cf1077dbc23213e2314ce37c87,MEASURED,1786752604331187000,lifecycle,aegis_key_registry,ML-DSA-65,public_key_lookup,registry1,0,438,10,167,0,7094272,true,found,1,0,1952,0,0,0,0,0,0,0,
local-1786752604326628000,macmini-m2-macos26.5.2-rust1.97.1-aarch64-20260814,9d3ab807a08ef4cf1077dbc23213e2314ce37c87,MEASURED,1786752604331189000,lifecycle,aegis_key_registry,ML-DSA-65,role_authorization_check,registry1,0,438,10,42,0,7094272,true,authorized,1,0,0,0,0,0,0,0,0,0,
local-1786752604326628000,macmini-m2-macos26.5.2-rust1.97.1-aarch64-20260814,9d3ab807a08ef4cf1077dbc23213e2314ce37c87,MEASURED,1786752604331191000,lifecycle,aegis_key_registry,ML-DSA-65,active_key_check,registry1,0,438,10,42,1000,7094272,true,active,1,0,0,0,0,0,0,0,0,0,
local-1786752604326628000,macmini-m2-macos26.5.2-rust1.97.1-aarch64-20260814,9d3ab807a08ef4cf1077dbc23213e2314ce37c87,MEASURED,1786752604331192000,lifecycle,aegis_key_registry,ML-DSA-65,revocation_check,registry1,0,438,10,42,0,7094272,true,not_revoked,1,0,0,0,0,0,0,0,0,0,
local-1786752604326628000,macmini-m2-macos26.5.2-rust1.97.1-aarch64-20260814,9d3ab807a08ef4cf1077dbc23213e2314ce37c87,MEASURED,1786752604331194000,lifecycle,aegis_key_registry,ML-DSA-65,public_key_lookup,registry1,0,439,10,208,0,7094272,true,found,1,0,1952,0,0,0,0,0,0,0,
local-1786752604326628000,macmini-m2-macos26.5.2-rust1.97.1-aarch64-20260814,9d3ab807a08ef4cf1077dbc23213e2314ce37c87,MEASURED,1786752604331196000,lifecycle,aegis_key_registry,ML-DSA-65,role_authorization_check,registry1,0,439,10,41,0,7094272,true,authorized,1,0,0,0,0,0,0,0,0,0,
local-1786752604326628000,macmini-m2-macos26.5.2-rust1.97.1-aarch64-20260814,9d3ab807a08ef4cf1077dbc23213e2314ce37c87,MEASURED,1786752604331197000,lifecycle,aegis_key_registry,ML-DSA-65,active_key_check,registry1,0,439,10,41,0,7094272,true,active,1,0,0,0,0,0,0,0,0,0,
local-1786752604326628000,macmini-m2-macos26.5.2-rust1.97.1-aarch64-20260814,9d3ab807a08ef4cf1077dbc23213e2314ce37c87,MEASURED,1786752604331199000,lifecycle,aegis_key_registry,ML-DSA-65,revocation_check,registry1,0,439,10,42,1000,7094272,true,not_revoked,1,0,0,0,0,0,0,0,0,0,
local-1786752604326628000,macmini-m2-macos26.5.2-rust1.97.1-aarch64-20260814,9d3ab807a08ef4cf1077dbc23213e2314ce37c87,MEASURED,1786752604331201000,lifecycle,aegis_key_registry,ML-DSA-65,public_key_lookup,registry1,0,440,10,167,1000,7094272,true,found,1,0,1952,0,0,0,0,0,0,0,
local-1786752604326628000,macmini-m2-macos26.5.2-rust1.97.1-aarch64-20260814,9d3ab807a08ef4cf1077dbc23213e2314ce37c87,MEASURED,1786752604331202000,lifecycle,aegis_key_registry,ML-DSA-65,role_authorization_check,registry1,0,440,10,42,0,7094272,true,authorized,1,0,0,0,0,0,0,0,0,0,
local-1786752604326628000,macmini-m2-macos26.5.2-rust1.97.1-aarch64-20260814,9d3ab807a08ef4cf1077dbc23213e2314ce37c87,MEASURED,1786752604331204000,lifecycle,aegis_key_registry,ML-DSA-65,active_key_check,registry1,0,440,10,42,1000,7094272,true,active,1,0,0,0,0,0,0,0,0,0,
local-1786752604326628000,macmini-m2-macos26.5.2-rust1.97.1-aarch64-20260814,9d3ab807a08ef4cf1077dbc23213e2314ce37c87,MEASURED,1786752604331205000,lifecycle,aegis_key_registry,ML-DSA-65,revocation_check,registry1,0,440,10,42,0,7094272,true,not_revoked,1,0,0,0,0,0,0,0,0,0,
local-1786752604326628000,macmini-m2-macos26.5.2-rust1.97.1-aarch64-20260814,9d3ab807a08ef4cf1077dbc23213e2314ce37c87,MEASURED,1786752604331207000,lifecycle,aegis_key_registry,ML-DSA-65,public_key_lookup,registry1,0,441,10,167,0,7094272,true,found,1,0,1952,0,0,0,0,0,0,0,
local-1786752604326628000,macmini-m2-macos26.5.2-rust1.97.1-aarch64-20260814,9d3ab807a08ef4cf1077dbc23213e2314ce37c87,MEASURED,1786752604331209000,lifecycle,aegis_key_registry,ML-DSA-65,role_authorization_check,registry1,0,441,10,42,1000,7094272,true,authorized,1,0,0,0,0,0,0,0,0,0,
local-1786752604326628000,macmini-m2-macos26.5.2-rust1.97.1-aarch64-20260814,9d3ab807a08ef4cf1077dbc23213e2314ce37c87,MEASURED,1786752604331210000,lifecycle,aegis_key_registry,ML-DSA-65,active_key_check,registry1,0,441,10,42,0,7094272,true,active,1,0,0,0,0,0,0,0,0,0,
local-1786752604326628000,macmini-m2-macos26.5.2-rust1.97.1-aarch64-20260814,9d3ab807a08ef4cf1077dbc23213e2314ce37c87,MEASURED,1786752604331212000,lifecycle,aegis_key_registry,ML-DSA-65,revocation_check,registry1,0,441,10,42,0,7094272,true,not_revoked,1,0,0,0,0,0,0,0,0,0,
local-1786752604326628000,macmini-m2-macos26.5.2-rust1.97.1-aarch64-20260814,9d3ab807a08ef4cf1077dbc23213e2314ce37c87,MEASURED,1786752604331214000,lifecycle,aegis_key_registry,ML-DSA-65,public_key_lookup,registry1,0,442,10,167,1000,7094272,true,found,1,0,1952,0,0,0,0,0,0,0,
local-1786752604326628000,macmini-m2-macos26.5.2-rust1.97.1-aarch64-20260814,9d3ab807a08ef4cf1077dbc23213e2314ce37c87,MEASURED,1786752604331215000,lifecycle,aegis_key_registry,ML-DSA-65,role_authorization_check,registry1,0,442,10,42,0,7094272,true,authorized,1,0,0,0,0,0,0,0,0,0,
local-1786752604326628000,macmini-m2-macos26.5.2-rust1.97.1-aarch64-20260814,9d3ab807a08ef4cf1077dbc23213e2314ce37c87,MEASURED,1786752604331217000,lifecycle,aegis_key_registry,ML-DSA-65,active_key_check,registry1,0,442,10,41,0,7094272,true,active,1,0,0,0,0,0,0,0,0,0,
local-1786752604326628000,macmini-m2-macos26.5.2-rust1.97.1-aarch64-20260814,9d3ab807a08ef4cf1077dbc23213e2314ce37c87,MEASURED,1786752604331219000,lifecycle,aegis_key_registry,ML-DSA-65,revocation_check,registry1,0,442,10,42,1000,7094272,true,not_revoked,1,0,0,0,0,0,0,0,0,0,
local-1786752604326628000,macmini-m2-macos26.5.2-rust1.97.1-aarch64-20260814,9d3ab807a08ef4cf1077dbc23213e2314ce37c87,MEASURED,1786752604331220000,lifecycle,aegis_key_registry,ML-DSA-65,public_key_lookup,registry1,0,443,10,167,0,7094272,true,found,1,0,1952,0,0,0,0,0,0,0,
local-1786752604326628000,macmini-m2-macos26.5.2-rust1.97.1-aarch64-20260814,9d3ab807a08ef4cf1077dbc23213e2314ce37c87,MEASURED,1786752604331222000,lifecycle,aegis_key_registry,ML-DSA-65,role_authorization_check,registry1,0,443,10,41,0,7094272,true,authorized,1,0,0,0,0,0,0,0,0,0,
local-1786752604326628000,macmini-m2-macos26.5.2-rust1.97.1-aarch64-20260814,9d3ab807a08ef4cf1077dbc23213e2314ce37c87,MEASURED,1786752604331228000,lifecycle,aegis_key_registry,ML-DSA-65,active_key_check,registry1,0,443,10,83,1000,7094272,true,active,1,0,0,0,0,0,0,0,0,0,
local-1786752604326628000,macmini-m2-macos26.5.2-rust1.97.1-aarch64-20260814,9d3ab807a08ef4cf1077dbc23213e2314ce37c87,MEASURED,1786752604331230000,lifecycle,aegis_key_registry,ML-DSA-65,revocation_check,registry1,0,443,10,41,0,7094272,true,not_revoked,1,0,0,0,0,0,0,0,0,0,
local-1786752604326628000,macmini-m2-macos26.5.2-rust1.97.1-aarch64-20260814,9d3ab807a08ef4cf1077dbc23213e2314ce37c87,MEASURED,1786752604331232000,lifecycle,aegis_key_registry,ML-DSA-65,public_key_lookup,registry1,0,444,10,167,0,7094272,true,found,1,0,1952,0,0,0,0,0,0,0,
local-1786752604326628000,macmini-m2-macos26.5.2-rust1.97.1-aarch64-20260814,9d3ab807a08ef4cf1077dbc23213e2314ce37c87,MEASURED,1786752604331233000,lifecycle,aegis_key_registry,ML-DSA-65,role_authorization_check,registry1,0,444,10,42,1000,7094272,true,authorized,1,0,0,0,0,0,0,0,0,0,
local-1786752604326628000,macmini-m2-macos26.5.2-rust1.97.1-aarch64-20260814,9d3ab807a08ef4cf1077dbc23213e2314ce37c87,MEASURED,1786752604331235000,lifecycle,aegis_key_registry,ML-DSA-65,active_key_check,registry1,0,444,10,41,0,7094272,true,active,1,0,0,0,0,0,0,0,0,0,
local-1786752604326628000,macmini-m2-macos26.5.2-rust1.97.1-aarch64-20260814,9d3ab807a08ef4cf1077dbc23213e2314ce37c87,MEASURED,1786752604331236000,lifecycle,aegis_key_registry,ML-DSA-65,revocation_check,registry1,0,444,10,83,0,7094272,true,not_revoked,1,0,0,0,0,0,0,0,0,0,
local-1786752604326628000,macmini-m2-macos26.5.2-rust1.97.1-aarch64-20260814,9d3ab807a08ef4cf1077dbc23213e2314ce37c87,MEASURED,1786752604331238000,lifecycle,aegis_key_registry,ML-DSA-65,public_key_lookup,registry1,0,445,10,166,1000,7094272,true,found,1,0,1952,0,0,0,0,0,0,0,
local-1786752604326628000,macmini-m2-macos26.5.2-rust1.97.1-aarch64-20260814,9d3ab807a08ef4cf1077dbc23213e2314ce37c87,MEASURED,1786752604331240000,lifecycle,aegis_key_registry,ML-DSA-65,role_authorization_check,registry1,0,445,10,42,0,7094272,true,authorized,1,0,0,0,0,0,0,0,0,0,
local-1786752604326628000,macmini-m2-macos26.5.2-rust1.97.1-aarch64-20260814,9d3ab807a08ef4cf1077dbc23213e2314ce37c87,MEASURED,1786752604331241000,lifecycle,aegis_key_registry,ML-DSA-65,active_key_check,registry1,0,445,10,41,0,7094272,true,active,1,0,0,0,0,0,0,0,0,0,
local-1786752604326628000,macmini-m2-macos26.5.2-rust1.97.1-aarch64-20260814,9d3ab807a08ef4cf1077dbc23213e2314ce37c87,MEASURED,1786752604331243000,lifecycle,aegis_key_registry,ML-DSA-65,revocation_check,registry1,0,445,10,42,1000,7094272,true,not_revoked,1,0,0,0,0,0,0,0,0,0,
local-1786752604326628000,macmini-m2-macos26.5.2-rust1.97.1-aarch64-20260814,9d3ab807a08ef4cf1077dbc23213e2314ce37c87,MEASURED,1786752604331245000,lifecycle,aegis_key_registry,ML-DSA-65,public_key_lookup,registry1,0,446,10,167,0,7094272,true,found,1,0,1952,0,0,0,0,0,0,0,
local-1786752604326628000,macmini-m2-macos26.5.2-rust1.97.1-aarch64-20260814,9d3ab807a08ef4cf1077dbc23213e2314ce37c87,MEASURED,1786752604331247000,lifecycle,aegis_key_registry,ML-DSA-65,role_authorization_check,registry1,0,446,10,42,0,7094272,true,authorized,1,0,0,0,0,0,0,0,0,0,
local-1786752604326628000,macmini-m2-macos26.5.2-rust1.97.1-aarch64-20260814,9d3ab807a08ef4cf1077dbc23213e2314ce37c87,MEASURED,1786752604331248000,lifecycle,aegis_key_registry,ML-DSA-65,active_key_check,registry1,0,446,10,84,1000,7094272,true,active,1,0,0,0,0,0,0,0,0,0,
local-1786752604326628000,macmini-m2-macos26.5.2-rust1.97.1-aarch64-20260814,9d3ab807a08ef4cf1077dbc23213e2314ce37c87,MEASURED,1786752604331250000,lifecycle,aegis_key_registry,ML-DSA-65,revocation_check,registry1,0,446,10,42,0,7094272,true,not_revoked,1,0,0,0,0,0,0,0,0,0,
local-1786752604326628000,macmini-m2-macos26.5.2-rust1.97.1-aarch64-20260814,9d3ab807a08ef4cf1077dbc23213e2314ce37c87,MEASURED,1786752604331252000,lifecycle,aegis_key_registry,ML-DSA-65,public_key_lookup,registry1,0,447,10,167,0,7094272,true,found,1,0,1952,0,0,0,0,0,0,0,
local-1786752604326628000,macmini-m2-macos26.5.2-rust1.97.1-aarch64-20260814,9d3ab807a08ef4cf1077dbc23213e2314ce37c87,MEASURED,1786752604331253000,lifecycle,aegis_key_registry,ML-DSA-65,role_authorization_check,registry1,0,447,10,41,2000,7094272,true,authorized,1,0,0,0,0,0,0,0,0,0,
local-1786752604326628000,macmini-m2-macos26.5.2-rust1.97.1-aarch64-20260814,9d3ab807a08ef4cf1077dbc23213e2314ce37c87,MEASURED,1786752604331255000,lifecycle,aegis_key_registry,ML-DSA-65,active_key_check,registry1,0,447,10,41,0,7094272,true,active,1,0,0,0,0,0,0,0,0,0,
local-1786752604326628000,macmini-m2-macos26.5.2-rust1.97.1-aarch64-20260814,9d3ab807a08ef4cf1077dbc23213e2314ce37c87,MEASURED,1786752604331256000,lifecycle,aegis_key_registry,ML-DSA-65,revocation_check,registry1,0,447,10,0,0,7094272,true,not_revoked,1,0,0,0,0,0,0,0,0,0,
local-1786752604326628000,macmini-m2-macos26.5.2-rust1.97.1-aarch64-20260814,9d3ab807a08ef4cf1077dbc23213e2314ce37c87,MEASURED,1786752604331258000,lifecycle,aegis_key_registry,ML-DSA-65,public_key_lookup,registry1,0,448,10,166,2000,7094272,true,found,1,0,1952,0,0,0,0,0,0,0,
local-1786752604326628000,macmini-m2-macos26.5.2-rust1.97.1-aarch64-20260814,9d3ab807a08ef4cf1077dbc23213e2314ce37c87,MEASURED,1786752604331260000,lifecycle,aegis_key_registry,ML-DSA-65,role_authorization_check,registry1,0,448,10,41,0,7094272,true,authorized,1,0,0,0,0,0,0,0,0,0,
local-1786752604326628000,macmini-m2-macos26.5.2-rust1.97.1-aarch64-20260814,9d3ab807a08ef4cf1077dbc23213e2314ce37c87,MEASURED,1786752604331262000,lifecycle,aegis_key_registry,ML-DSA-65,active_key_check,registry1,0,448,10,42,0,7094272,true,active,1,0,0,0,0,0,0,0,0,0,
local-1786752604326628000,macmini-m2-macos26.5.2-rust1.97.1-aarch64-20260814,9d3ab807a08ef4cf1077dbc23213e2314ce37c87,MEASURED,1786752604331263000,lifecycle,aegis_key_registry,ML-DSA-65,revocation_check,registry1,0,448,10,42,0,7094272,true,not_revoked,1,0,0,0,0,0,0,0,0,0,
local-1786752604326628000,macmini-m2-macos26.5.2-rust1.97.1-aarch64-20260814,9d3ab807a08ef4cf1077dbc23213e2314ce37c87,MEASURED,1786752604331265000,lifecycle,aegis_key_registry,ML-DSA-65,public_key_lookup,registry1,0,449,10,167,0,7094272,true,found,1,0,1952,0,0,0,0,0,0,0,
local-1786752604326628000,macmini-m2-macos26.5.2-rust1.97.1-aarch64-20260814,9d3ab807a08ef4cf1077dbc23213e2314ce37c87,MEASURED,1786752604331267000,lifecycle,aegis_key_registry,ML-DSA-65,role_authorization_check,registry1,0,449,10,42,0,7094272,true,authorized,1,0,0,0,0,0,0,0,0,0,
local-1786752604326628000,macmini-m2-macos26.5.2-rust1.97.1-aarch64-20260814,9d3ab807a08ef4cf1077dbc23213e2314ce37c87,MEASURED,1786752604331268000,lifecycle,aegis_key_registry,ML-DSA-65,active_key_check,registry1,0,449,10,42,0,7094272,true,active,1,0,0,0,0,0,0,0,0,0,
local-1786752604326628000,macmini-m2-macos26.5.2-rust1.97.1-aarch64-20260814,9d3ab807a08ef4cf1077dbc23213e2314ce37c87,MEASURED,1786752604331270000,lifecycle,aegis_key_registry,ML-DSA-65,revocation_check,registry1,0,449,10,42,0,7094272,true,not_revoked,1,0,0,0,0,0,0,0,0,0,
local-1786752604326628000,macmini-m2-macos26.5.2-rust1.97.1-aarch64-20260814,9d3ab807a08ef4cf1077dbc23213e2314ce37c87,MEASURED,1786752604331271000,lifecycle,aegis_key_registry,ML-DSA-65,public_key_lookup,registry1,0,450,10,166,0,7094272,true,found,1,0,1952,0,0,0,0,0,0,0,
local-1786752604326628000,macmini-m2-macos26.5.2-rust1.97.1-aarch64-20260814,9d3ab807a08ef4cf1077dbc23213e2314ce37c87,MEASURED,1786752604331273000,lifecycle,aegis_key_registry,ML-DSA-65,role_authorization_check,registry1,0,450,10,42,1000,7094272,true,authorized,1,0,0,0,0,0,0,0,0,0,
local-1786752604326628000,macmini-m2-macos26.5.2-rust1.97.1-aarch64-20260814,9d3ab807a08ef4cf1077dbc23213e2314ce37c87,MEASURED,1786752604331275000,lifecycle,aegis_key_registry,ML-DSA-65,active_key_check,registry1,0,450,10,42,0,7094272,true,active,1,0,0,0,0,0,0,0,0,0,
local-1786752604326628000,macmini-m2-macos26.5.2-rust1.97.1-aarch64-20260814,9d3ab807a08ef4cf1077dbc23213e2314ce37c87,MEASURED,1786752604331281000,lifecycle,aegis_key_registry,ML-DSA-65,revocation_check,registry1,0,450,10,42,1000,7094272,true,not_revoked,1,0,0,0,0,0,0,0,0,0,
local-1786752604326628000,macmini-m2-macos26.5.2-rust1.97.1-aarch64-20260814,9d3ab807a08ef4cf1077dbc23213e2314ce37c87,MEASURED,1786752604331283000,lifecycle,aegis_key_registry,ML-DSA-65,public_key_lookup,registry1,0,451,10,167,0,7094272,true,found,1,0,1952,0,0,0,0,0,0,0,
local-1786752604326628000,macmini-m2-macos26.5.2-rust1.97.1-aarch64-20260814,9d3ab807a08ef4cf1077dbc23213e2314ce37c87,MEASURED,1786752604331285000,lifecycle,aegis_key_registry,ML-DSA-65,role_authorization_check,registry1,0,451,10,42,0,7094272,true,authorized,1,0,0,0,0,0,0,0,0,0,
local-1786752604326628000,macmini-m2-macos26.5.2-rust1.97.1-aarch64-20260814,9d3ab807a08ef4cf1077dbc23213e2314ce37c87,MEASURED,1786752604331286000,lifecycle,aegis_key_registry,ML-DSA-65,active_key_check,registry1,0,451,10,41,2000,7094272,true,active,1,0,0,0,0,0,0,0,0,0,
local-1786752604326628000,macmini-m2-macos26.5.2-rust1.97.1-aarch64-20260814,9d3ab807a08ef4cf1077dbc23213e2314ce37c87,MEASURED,1786752604331288000,lifecycle,aegis_key_registry,ML-DSA-65,revocation_check,registry1,0,451,10,41,0,7094272,true,not_revoked,1,0,0,0,0,0,0,0,0,0,
local-1786752604326628000,macmini-m2-macos26.5.2-rust1.97.1-aarch64-20260814,9d3ab807a08ef4cf1077dbc23213e2314ce37c87,MEASURED,1786752604331289000,lifecycle,aegis_key_registry,ML-DSA-65,public_key_lookup,registry1,0,452,10,167,0,7094272,true,found,1,0,1952,0,0,0,0,0,0,0,
local-1786752604326628000,macmini-m2-macos26.5.2-rust1.97.1-aarch64-20260814,9d3ab807a08ef4cf1077dbc23213e2314ce37c87,MEASURED,1786752604331291000,lifecycle,aegis_key_registry,ML-DSA-65,role_authorization_check,registry1,0,452,10,84,2000,7094272,true,authorized,1,0,0,0,0,0,0,0,0,0,
local-1786752604326628000,macmini-m2-macos26.5.2-rust1.97.1-aarch64-20260814,9d3ab807a08ef4cf1077dbc23213e2314ce37c87,MEASURED,1786752604331293000,lifecycle,aegis_key_registry,ML-DSA-65,active_key_check,registry1,0,452,10,42,0,7094272,true,active,1,0,0,0,0,0,0,0,0,0,
local-1786752604326628000,macmini-m2-macos26.5.2-rust1.97.1-aarch64-20260814,9d3ab807a08ef4cf1077dbc23213e2314ce37c87,MEASURED,1786752604331295000,lifecycle,aegis_key_registry,ML-DSA-65,revocation_check,registry1,0,452,10,41,0,7094272,true,not_revoked,1,0,0,0,0,0,0,0,0,0,
local-1786752604326628000,macmini-m2-macos26.5.2-rust1.97.1-aarch64-20260814,9d3ab807a08ef4cf1077dbc23213e2314ce37c87,MEASURED,1786752604331296000,lifecycle,aegis_key_registry,ML-DSA-65,public_key_lookup,registry1,0,453,10,166,2000,7094272,true,found,1,0,1952,0,0,0,0,0,0,0,
local-1786752604326628000,macmini-m2-macos26.5.2-rust1.97.1-aarch64-20260814,9d3ab807a08ef4cf1077dbc23213e2314ce37c87,MEASURED,1786752604331298000,lifecycle,aegis_key_registry,ML-DSA-65,role_authorization_check,registry1,0,453,10,41,0,7094272,true,authorized,1,0,0,0,0,0,0,0,0,0,
local-1786752604326628000,macmini-m2-macos26.5.2-rust1.97.1-aarch64-20260814,9d3ab807a08ef4cf1077dbc23213e2314ce37c87,MEASURED,1786752604331300000,lifecycle,aegis_key_registry,ML-DSA-65,active_key_check,registry1,0,453,10,42,0,7094272,true,active,1,0,0,0,0,0,0,0,0,0,
local-1786752604326628000,macmini-m2-macos26.5.2-rust1.97.1-aarch64-20260814,9d3ab807a08ef4cf1077dbc23213e2314ce37c87,MEASURED,1786752604331301000,lifecycle,aegis_key_registry,ML-DSA-65,revocation_check,registry1,0,453,10,42,2000,7094272,true,not_revoked,1,0,0,0,0,0,0,0,0,0,
local-1786752604326628000,macmini-m2-macos26.5.2-rust1.97.1-aarch64-20260814,9d3ab807a08ef4cf1077dbc23213e2314ce37c87,MEASURED,1786752604331303000,lifecycle,aegis_key_registry,ML-DSA-65,public_key_lookup,registry1,0,454,10,167,0,7094272,true,found,1,0,1952,0,0,0,0,0,0,0,
local-1786752604326628000,macmini-m2-macos26.5.2-rust1.97.1-aarch64-20260814,9d3ab807a08ef4cf1077dbc23213e2314ce37c87,MEASURED,1786752604331305000,lifecycle,aegis_key_registry,ML-DSA-65,role_authorization_check,registry1,0,454,10,84,0,7094272,true,authorized,1,0,0,0,0,0,0,0,0,0,
local-1786752604326628000,macmini-m2-macos26.5.2-rust1.97.1-aarch64-20260814,9d3ab807a08ef4cf1077dbc23213e2314ce37c87,MEASURED,1786752604331306000,lifecycle,aegis_key_registry,ML-DSA-65,active_key_check,registry1,0,454,10,42,2000,7094272,true,active,1,0,0,0,0,0,0,0,0,0,
local-1786752604326628000,macmini-m2-macos26.5.2-rust1.97.1-aarch64-20260814,9d3ab807a08ef4cf1077dbc23213e2314ce37c87,MEASURED,1786752604331308000,lifecycle,aegis_key_registry,ML-DSA-65,revocation_check,registry1,0,454,10,42,0,7094272,true,not_revoked,1,0,0,0,0,0,0,0,0,0,
local-1786752604326628000,macmini-m2-macos26.5.2-rust1.97.1-aarch64-20260814,9d3ab807a08ef4cf1077dbc23213e2314ce37c87,MEASURED,1786752604331310000,lifecycle,aegis_key_registry,ML-DSA-65,public_key_lookup,registry1,0,455,10,167,0,7094272,true,found,1,0,1952,0,0,0,0,0,0,0,
local-1786752604326628000,macmini-m2-macos26.5.2-rust1.97.1-aarch64-20260814,9d3ab807a08ef4cf1077dbc23213e2314ce37c87,MEASURED,1786752604331311000,lifecycle,aegis_key_registry,ML-DSA-65,role_authorization_check,registry1,0,455,10,42,1000,7094272,true,authorized,1,0,0,0,0,0,0,0,0,0,
local-1786752604326628000,macmini-m2-macos26.5.2-rust1.97.1-aarch64-20260814,9d3ab807a08ef4cf1077dbc23213e2314ce37c87,MEASURED,1786752604331313000,lifecycle,aegis_key_registry,ML-DSA-65,active_key_check,registry1,0,455,10,41,0,7094272,true,active,1,0,0,0,0,0,0,0,0,0,
local-1786752604326628000,macmini-m2-macos26.5.2-rust1.97.1-aarch64-20260814,9d3ab807a08ef4cf1077dbc23213e2314ce37c87,MEASURED,1786752604331315000,lifecycle,aegis_key_registry,ML-DSA-65,revocation_check,registry1,0,455,10,83,0,7094272,true,not_revoked,1,0,0,0,0,0,0,0,0,0,
local-1786752604326628000,macmini-m2-macos26.5.2-rust1.97.1-aarch64-20260814,9d3ab807a08ef4cf1077dbc23213e2314ce37c87,MEASURED,1786752604331316000,lifecycle,aegis_key_registry,ML-DSA-65,public_key_lookup,registry1,0,456,10,167,2000,7094272,true,found,1,0,1952,0,0,0,0,0,0,0,
local-1786752604326628000,macmini-m2-macos26.5.2-rust1.97.1-aarch64-20260814,9d3ab807a08ef4cf1077dbc23213e2314ce37c87,MEASURED,1786752604331318000,lifecycle,aegis_key_registry,ML-DSA-65,role_authorization_check,registry1,0,456,10,83,0,7094272,true,authorized,1,0,0,0,0,0,0,0,0,0,
local-1786752604326628000,macmini-m2-macos26.5.2-rust1.97.1-aarch64-20260814,9d3ab807a08ef4cf1077dbc23213e2314ce37c87,MEASURED,1786752604331320000,lifecycle,aegis_key_registry,ML-DSA-65,active_key_check,registry1,0,456,10,42,0,7094272,true,active,1,0,0,0,0,0,0,0,0,0,
local-1786752604326628000,macmini-m2-macos26.5.2-rust1.97.1-aarch64-20260814,9d3ab807a08ef4cf1077dbc23213e2314ce37c87,MEASURED,1786752604331321000,lifecycle,aegis_key_registry,ML-DSA-65,revocation_check,registry1,0,456,10,41,1000,7094272,true,not_revoked,1,0,0,0,0,0,0,0,0,0,
local-1786752604326628000,macmini-m2-macos26.5.2-rust1.97.1-aarch64-20260814,9d3ab807a08ef4cf1077dbc23213e2314ce37c87,MEASURED,1786752604331323000,lifecycle,aegis_key_registry,ML-DSA-65,public_key_lookup,registry1,0,457,10,166,0,7094272,true,found,1,0,1952,0,0,0,0,0,0,0,
local-1786752604326628000,macmini-m2-macos26.5.2-rust1.97.1-aarch64-20260814,9d3ab807a08ef4cf1077dbc23213e2314ce37c87,MEASURED,1786752604331325000,lifecycle,aegis_key_registry,ML-DSA-65,role_authorization_check,registry1,0,457,10,41,0,7094272,true,authorized,1,0,0,0,0,0,0,0,0,0,
local-1786752604326628000,macmini-m2-macos26.5.2-rust1.97.1-aarch64-20260814,9d3ab807a08ef4cf1077dbc23213e2314ce37c87,MEASURED,1786752604331326000,lifecycle,aegis_key_registry,ML-DSA-65,active_key_check,registry1,0,457,10,41,0,7094272,true,active,1,0,0,0,0,0,0,0,0,0,
local-1786752604326628000,macmini-m2-macos26.5.2-rust1.97.1-aarch64-20260814,9d3ab807a08ef4cf1077dbc23213e2314ce37c87,MEASURED,1786752604331328000,lifecycle,aegis_key_registry,ML-DSA-65,revocation_check,registry1,0,457,10,41,0,7094272,true,not_revoked,1,0,0,0,0,0,0,0,0,0,
local-1786752604326628000,macmini-m2-macos26.5.2-rust1.97.1-aarch64-20260814,9d3ab807a08ef4cf1077dbc23213e2314ce37c87,MEASURED,1786752604331334000,lifecycle,aegis_key_registry,ML-DSA-65,public_key_lookup,registry1,0,458,10,208,1000,7094272,true,found,1,0,1952,0,0,0,0,0,0,0,
local-1786752604326628000,macmini-m2-macos26.5.2-rust1.97.1-aarch64-20260814,9d3ab807a08ef4cf1077dbc23213e2314ce37c87,MEASURED,1786752604331336000,lifecycle,aegis_key_registry,ML-DSA-65,role_authorization_check,registry1,0,458,10,42,0,7094272,true,authorized,1,0,0,0,0,0,0,0,0,0,
local-1786752604326628000,macmini-m2-macos26.5.2-rust1.97.1-aarch64-20260814,9d3ab807a08ef4cf1077dbc23213e2314ce37c87,MEASURED,1786752604331337000,lifecycle,aegis_key_registry,ML-DSA-65,active_key_check,registry1,0,458,10,84,0,7094272,true,active,1,0,0,0,0,0,0,0,0,0,
local-1786752604326628000,macmini-m2-macos26.5.2-rust1.97.1-aarch64-20260814,9d3ab807a08ef4cf1077dbc23213e2314ce37c87,MEASURED,1786752604331339000,lifecycle,aegis_key_registry,ML-DSA-65,revocation_check,registry1,0,458,10,42,0,7094272,true,not_revoked,1,0,0,0,0,0,0,0,0,0,
local-1786752604326628000,macmini-m2-macos26.5.2-rust1.97.1-aarch64-20260814,9d3ab807a08ef4cf1077dbc23213e2314ce37c87,MEASURED,1786752604331341000,lifecycle,aegis_key_registry,ML-DSA-65,public_key_lookup,registry1,0,459,10,167,0,7094272,true,found,1,0,1952,0,0,0,0,0,0,0,
local-1786752604326628000,macmini-m2-macos26.5.2-rust1.97.1-aarch64-20260814,9d3ab807a08ef4cf1077dbc23213e2314ce37c87,MEASURED,1786752604331343000,lifecycle,aegis_key_registry,ML-DSA-65,role_authorization_check,registry1,0,459,10,42,0,7094272,true,authorized,1,0,0,0,0,0,0,0,0,0,
local-1786752604326628000,macmini-m2-macos26.5.2-rust1.97.1-aarch64-20260814,9d3ab807a08ef4cf1077dbc23213e2314ce37c87,MEASURED,1786752604331344000,lifecycle,aegis_key_registry,ML-DSA-65,active_key_check,registry1,0,459,10,42,0,7094272,true,active,1,0,0,0,0,0,0,0,0,0,
local-1786752604326628000,macmini-m2-macos26.5.2-rust1.97.1-aarch64-20260814,9d3ab807a08ef4cf1077dbc23213e2314ce37c87,MEASURED,1786752604331346000,lifecycle,aegis_key_registry,ML-DSA-65,revocation_check,registry1,0,459,10,42,0,7094272,true,not_revoked,1,0,0,0,0,0,0,0,0,0,
local-1786752604326628000,macmini-m2-macos26.5.2-rust1.97.1-aarch64-20260814,9d3ab807a08ef4cf1077dbc23213e2314ce37c87,MEASURED,1786752604331347000,lifecycle,aegis_key_registry,ML-DSA-65,public_key_lookup,registry1,0,460,10,209,0,7094272,true,found,1,0,1952,0,0,0,0,0,0,0,
local-1786752604326628000,macmini-m2-macos26.5.2-rust1.97.1-aarch64-20260814,9d3ab807a08ef4cf1077dbc23213e2314ce37c87,MEASURED,1786752604331349000,lifecycle,aegis_key_registry,ML-DSA-65,role_authorization_check,registry1,0,460,10,84,0,7094272,true,authorized,1,0,0,0,0,0,0,0,0,0,
local-1786752604326628000,macmini-m2-macos26.5.2-rust1.97.1-aarch64-20260814,9d3ab807a08ef4cf1077dbc23213e2314ce37c87,MEASURED,1786752604331351000,lifecycle,aegis_key_registry,ML-DSA-65,active_key_check,registry1,0,460,10,42,0,7094272,true,active,1,0,0,0,0,0,0,0,0,0,
local-1786752604326628000,macmini-m2-macos26.5.2-rust1.97.1-aarch64-20260814,9d3ab807a08ef4cf1077dbc23213e2314ce37c87,MEASURED,1786752604331353000,lifecycle,aegis_key_registry,ML-DSA-65,revocation_check,registry1,0,460,10,42,0,7094272,true,not_revoked,1,0,0,0,0,0,0,0,0,0,
local-1786752604326628000,macmini-m2-macos26.5.2-rust1.97.1-aarch64-20260814,9d3ab807a08ef4cf1077dbc23213e2314ce37c87,MEASURED,1786752604331354000,lifecycle,aegis_key_registry,ML-DSA-65,public_key_lookup,registry1,0,461,10,167,0,7094272,true,found,1,0,1952,0,0,0,0,0,0,0,
local-1786752604326628000,macmini-m2-macos26.5.2-rust1.97.1-aarch64-20260814,9d3ab807a08ef4cf1077dbc23213e2314ce37c87,MEASURED,1786752604331356000,lifecycle,aegis_key_registry,ML-DSA-65,role_authorization_check,registry1,0,461,10,42,0,7094272,true,authorized,1,0,0,0,0,0,0,0,0,0,
local-1786752604326628000,macmini-m2-macos26.5.2-rust1.97.1-aarch64-20260814,9d3ab807a08ef4cf1077dbc23213e2314ce37c87,MEASURED,1786752604331358000,lifecycle,aegis_key_registry,ML-DSA-65,active_key_check,registry1,0,461,10,42,1000,7094272,true,active,1,0,0,0,0,0,0,0,0,0,
local-1786752604326628000,macmini-m2-macos26.5.2-rust1.97.1-aarch64-20260814,9d3ab807a08ef4cf1077dbc23213e2314ce37c87,MEASURED,1786752604331360000,lifecycle,aegis_key_registry,ML-DSA-65,revocation_check,registry1,0,461,10,42,1000,7094272,true,not_revoked,1,0,0,0,0,0,0,0,0,0,
local-1786752604326628000,macmini-m2-macos26.5.2-rust1.97.1-aarch64-20260814,9d3ab807a08ef4cf1077dbc23213e2314ce37c87,MEASURED,1786752604331361000,lifecycle,aegis_key_registry,ML-DSA-65,public_key_lookup,registry1,0,462,10,167,0,7094272,true,found,1,0,1952,0,0,0,0,0,0,0,
local-1786752604326628000,macmini-m2-macos26.5.2-rust1.97.1-aarch64-20260814,9d3ab807a08ef4cf1077dbc23213e2314ce37c87,MEASURED,1786752604331363000,lifecycle,aegis_key_registry,ML-DSA-65,role_authorization_check,registry1,0,462,10,83,1000,7094272,true,authorized,1,0,0,0,0,0,0,0,0,0,
local-1786752604326628000,macmini-m2-macos26.5.2-rust1.97.1-aarch64-20260814,9d3ab807a08ef4cf1077dbc23213e2314ce37c87,MEASURED,1786752604331365000,lifecycle,aegis_key_registry,ML-DSA-65,active_key_check,registry1,0,462,10,41,1000,7094272,true,active,1,0,0,0,0,0,0,0,0,0,
local-1786752604326628000,macmini-m2-macos26.5.2-rust1.97.1-aarch64-20260814,9d3ab807a08ef4cf1077dbc23213e2314ce37c87,MEASURED,1786752604331367000,lifecycle,aegis_key_registry,ML-DSA-65,revocation_check,registry1,0,462,10,42,0,7094272,true,not_revoked,1,0,0,0,0,0,0,0,0,0,
local-1786752604326628000,macmini-m2-macos26.5.2-rust1.97.1-aarch64-20260814,9d3ab807a08ef4cf1077dbc23213e2314ce37c87,MEASURED,1786752604331368000,lifecycle,aegis_key_registry,ML-DSA-65,public_key_lookup,registry1,0,463,10,167,0,7094272,true,found,1,0,1952,0,0,0,0,0,0,0,
local-1786752604326628000,macmini-m2-macos26.5.2-rust1.97.1-aarch64-20260814,9d3ab807a08ef4cf1077dbc23213e2314ce37c87,MEASURED,1786752604331370000,lifecycle,aegis_key_registry,ML-DSA-65,role_authorization_check,registry1,0,463,10,41,0,7094272,true,authorized,1,0,0,0,0,0,0,0,0,0,
local-1786752604326628000,macmini-m2-macos26.5.2-rust1.97.1-aarch64-20260814,9d3ab807a08ef4cf1077dbc23213e2314ce37c87,MEASURED,1786752604331372000,lifecycle,aegis_key_registry,ML-DSA-65,active_key_check,registry1,0,463,10,42,0,7094272,true,active,1,0,0,0,0,0,0,0,0,0,
local-1786752604326628000,macmini-m2-macos26.5.2-rust1.97.1-aarch64-20260814,9d3ab807a08ef4cf1077dbc23213e2314ce37c87,MEASURED,1786752604331373000,lifecycle,aegis_key_registry,ML-DSA-65,revocation_check,registry1,0,463,10,42,1000,7094272,true,not_revoked,1,0,0,0,0,0,0,0,0,0,
local-1786752604326628000,macmini-m2-macos26.5.2-rust1.97.1-aarch64-20260814,9d3ab807a08ef4cf1077dbc23213e2314ce37c87,MEASURED,1786752604331375000,lifecycle,aegis_key_registry,ML-DSA-65,public_key_lookup,registry1,0,464,10,167,0,7094272,true,found,1,0,1952,0,0,0,0,0,0,0,
local-1786752604326628000,macmini-m2-macos26.5.2-rust1.97.1-aarch64-20260814,9d3ab807a08ef4cf1077dbc23213e2314ce37c87,MEASURED,1786752604331377000,lifecycle,aegis_key_registry,ML-DSA-65,role_authorization_check,registry1,0,464,10,41,1000,7094272,true,authorized,1,0,0,0,0,0,0,0,0,0,
local-1786752604326628000,macmini-m2-macos26.5.2-rust1.97.1-aarch64-20260814,9d3ab807a08ef4cf1077dbc23213e2314ce37c87,MEASURED,1786752604331379000,lifecycle,aegis_key_registry,ML-DSA-65,active_key_check,registry1,0,464,10,42,1000,7094272,true,active,1,0,0,0,0,0,0,0,0,0,
local-1786752604326628000,macmini-m2-macos26.5.2-rust1.97.1-aarch64-20260814,9d3ab807a08ef4cf1077dbc23213e2314ce37c87,MEASURED,1786752604331381000,lifecycle,aegis_key_registry,ML-DSA-65,revocation_check,registry1,0,464,10,42,0,7094272,true,not_revoked,1,0,0,0,0,0,0,0,0,0,
local-1786752604326628000,macmini-m2-macos26.5.2-rust1.97.1-aarch64-20260814,9d3ab807a08ef4cf1077dbc23213e2314ce37c87,MEASURED,1786752604331383000,lifecycle,aegis_key_registry,ML-DSA-65,public_key_lookup,registry1,0,465,10,250,0,7094272,true,found,1,0,1952,0,0,0,0,0,0,0,
local-1786752604326628000,macmini-m2-macos26.5.2-rust1.97.1-aarch64-20260814,9d3ab807a08ef4cf1077dbc23213e2314ce37c87,MEASURED,1786752604331389000,lifecycle,aegis_key_registry,ML-DSA-65,role_authorization_check,registry1,0,465,10,41,1000,7094272,true,authorized,1,0,0,0,0,0,0,0,0,0,
local-1786752604326628000,macmini-m2-macos26.5.2-rust1.97.1-aarch64-20260814,9d3ab807a08ef4cf1077dbc23213e2314ce37c87,MEASURED,1786752604331391000,lifecycle,aegis_key_registry,ML-DSA-65,active_key_check,registry1,0,465,10,83,0,7094272,true,active,1,0,0,0,0,0,0,0,0,0,
local-1786752604326628000,macmini-m2-macos26.5.2-rust1.97.1-aarch64-20260814,9d3ab807a08ef4cf1077dbc23213e2314ce37c87,MEASURED,1786752604331393000,lifecycle,aegis_key_registry,ML-DSA-65,revocation_check,registry1,0,465,10,41,1000,7094272,true,not_revoked,1,0,0,0,0,0,0,0,0,0,
local-1786752604326628000,macmini-m2-macos26.5.2-rust1.97.1-aarch64-20260814,9d3ab807a08ef4cf1077dbc23213e2314ce37c87,MEASURED,1786752604331395000,lifecycle,aegis_key_registry,ML-DSA-65,public_key_lookup,registry1,0,466,10,167,1000,7094272,true,found,1,0,1952,0,0,0,0,0,0,0,
local-1786752604326628000,macmini-m2-macos26.5.2-rust1.97.1-aarch64-20260814,9d3ab807a08ef4cf1077dbc23213e2314ce37c87,MEASURED,1786752604331396000,lifecycle,aegis_key_registry,ML-DSA-65,role_authorization_check,registry1,0,466,10,42,0,7094272,true,authorized,1,0,0,0,0,0,0,0,0,0,
local-1786752604326628000,macmini-m2-macos26.5.2-rust1.97.1-aarch64-20260814,9d3ab807a08ef4cf1077dbc23213e2314ce37c87,MEASURED,1786752604331398000,lifecycle,aegis_key_registry,ML-DSA-65,active_key_check,registry1,0,466,10,42,1000,7094272,true,active,1,0,0,0,0,0,0,0,0,0,
local-1786752604326628000,macmini-m2-macos26.5.2-rust1.97.1-aarch64-20260814,9d3ab807a08ef4cf1077dbc23213e2314ce37c87,MEASURED,1786752604331399000,lifecycle,aegis_key_registry,ML-DSA-65,revocation_check,registry1,0,466,10,83,1000,7094272,true,not_revoked,1,0,0,0,0,0,0,0,0,0,
local-1786752604326628000,macmini-m2-macos26.5.2-rust1.97.1-aarch64-20260814,9d3ab807a08ef4cf1077dbc23213e2314ce37c87,MEASURED,1786752604331401000,lifecycle,aegis_key_registry,ML-DSA-65,public_key_lookup,registry1,0,467,10,167,0,7094272,true,found,1,0,1952,0,0,0,0,0,0,0,
local-1786752604326628000,macmini-m2-macos26.5.2-rust1.97.1-aarch64-20260814,9d3ab807a08ef4cf1077dbc23213e2314ce37c87,MEASURED,1786752604331403000,lifecycle,aegis_key_registry,ML-DSA-65,role_authorization_check,registry1,0,467,10,42,0,7094272,true,authorized,1,0,0,0,0,0,0,0,0,0,
local-1786752604326628000,macmini-m2-macos26.5.2-rust1.97.1-aarch64-20260814,9d3ab807a08ef4cf1077dbc23213e2314ce37c87,MEASURED,1786752604331405000,lifecycle,aegis_key_registry,ML-DSA-65,active_key_check,registry1,0,467,10,41,0,7094272,true,active,1,0,0,0,0,0,0,0,0,0,
local-1786752604326628000,macmini-m2-macos26.5.2-rust1.97.1-aarch64-20260814,9d3ab807a08ef4cf1077dbc23213e2314ce37c87,MEASURED,1786752604331406000,lifecycle,aegis_key_registry,ML-DSA-65,revocation_check,registry1,0,467,10,42,0,7094272,true,not_revoked,1,0,0,0,0,0,0,0,0,0,
local-1786752604326628000,macmini-m2-macos26.5.2-rust1.97.1-aarch64-20260814,9d3ab807a08ef4cf1077dbc23213e2314ce37c87,MEASURED,1786752604331408000,lifecycle,aegis_key_registry,ML-DSA-65,public_key_lookup,registry1,0,468,10,167,1000,7094272,true,found,1,0,1952,0,0,0,0,0,0,0,
local-1786752604326628000,macmini-m2-macos26.5.2-rust1.97.1-aarch64-20260814,9d3ab807a08ef4cf1077dbc23213e2314ce37c87,MEASURED,1786752604331410000,lifecycle,aegis_key_registry,ML-DSA-65,role_authorization_check,registry1,0,468,10,0,1000,7094272,true,authorized,1,0,0,0,0,0,0,0,0,0,
local-1786752604326628000,macmini-m2-macos26.5.2-rust1.97.1-aarch64-20260814,9d3ab807a08ef4cf1077dbc23213e2314ce37c87,MEASURED,1786752604331411000,lifecycle,aegis_key_registry,ML-DSA-65,active_key_check,registry1,0,468,10,42,0,7094272,true,active,1,0,0,0,0,0,0,0,0,0,
local-1786752604326628000,macmini-m2-macos26.5.2-rust1.97.1-aarch64-20260814,9d3ab807a08ef4cf1077dbc23213e2314ce37c87,MEASURED,1786752604331413000,lifecycle,aegis_key_registry,ML-DSA-65,revocation_check,registry1,0,468,10,41,0,7094272,true,not_revoked,1,0,0,0,0,0,0,0,0,0,
local-1786752604326628000,macmini-m2-macos26.5.2-rust1.97.1-aarch64-20260814,9d3ab807a08ef4cf1077dbc23213e2314ce37c87,MEASURED,1786752604331415000,lifecycle,aegis_key_registry,ML-DSA-65,public_key_lookup,registry1,0,469,10,166,0,7094272,true,found,1,0,1952,0,0,0,0,0,0,0,
local-1786752604326628000,macmini-m2-macos26.5.2-rust1.97.1-aarch64-20260814,9d3ab807a08ef4cf1077dbc23213e2314ce37c87,MEASURED,1786752604331416000,lifecycle,aegis_key_registry,ML-DSA-65,role_authorization_check,registry1,0,469,10,41,0,7094272,true,authorized,1,0,0,0,0,0,0,0,0,0,
local-1786752604326628000,macmini-m2-macos26.5.2-rust1.97.1-aarch64-20260814,9d3ab807a08ef4cf1077dbc23213e2314ce37c87,MEASURED,1786752604331418000,lifecycle,aegis_key_registry,ML-DSA-65,active_key_check,registry1,0,469,10,42,0,7094272,true,active,1,0,0,0,0,0,0,0,0,0,
local-1786752604326628000,macmini-m2-macos26.5.2-rust1.97.1-aarch64-20260814,9d3ab807a08ef4cf1077dbc23213e2314ce37c87,MEASURED,1786752604331420000,lifecycle,aegis_key_registry,ML-DSA-65,revocation_check,registry1,0,469,10,42,1000,7094272,true,not_revoked,1,0,0,0,0,0,0,0,0,0,
local-1786752604326628000,macmini-m2-macos26.5.2-rust1.97.1-aarch64-20260814,9d3ab807a08ef4cf1077dbc23213e2314ce37c87,MEASURED,1786752604331421000,lifecycle,aegis_key_registry,ML-DSA-65,public_key_lookup,registry1,0,470,10,167,0,7094272,true,found,1,0,1952,0,0,0,0,0,0,0,
local-1786752604326628000,macmini-m2-macos26.5.2-rust1.97.1-aarch64-20260814,9d3ab807a08ef4cf1077dbc23213e2314ce37c87,MEASURED,1786752604331423000,lifecycle,aegis_key_registry,ML-DSA-65,role_authorization_check,registry1,0,470,10,42,0,7094272,true,authorized,1,0,0,0,0,0,0,0,0,0,
local-1786752604326628000,macmini-m2-macos26.5.2-rust1.97.1-aarch64-20260814,9d3ab807a08ef4cf1077dbc23213e2314ce37c87,MEASURED,1786752604331425000,lifecycle,aegis_key_registry,ML-DSA-65,active_key_check,registry1,0,470,10,208,0,7094272,true,active,1,0,0,0,0,0,0,0,0,0,
local-1786752604326628000,macmini-m2-macos26.5.2-rust1.97.1-aarch64-20260814,9d3ab807a08ef4cf1077dbc23213e2314ce37c87,MEASURED,1786752604331427000,lifecycle,aegis_key_registry,ML-DSA-65,revocation_check,registry1,0,470,10,42,0,7094272,true,not_revoked,1,0,0,0,0,0,0,0,0,0,
local-1786752604326628000,macmini-m2-macos26.5.2-rust1.97.1-aarch64-20260814,9d3ab807a08ef4cf1077dbc23213e2314ce37c87,MEASURED,1786752604331428000,lifecycle,aegis_key_registry,ML-DSA-65,public_key_lookup,registry1,0,471,10,167,0,7094272,true,found,1,0,1952,0,0,0,0,0,0,0,
local-1786752604326628000,macmini-m2-macos26.5.2-rust1.97.1-aarch64-20260814,9d3ab807a08ef4cf1077dbc23213e2314ce37c87,MEASURED,1786752604331430000,lifecycle,aegis_key_registry,ML-DSA-65,role_authorization_check,registry1,0,471,10,42,0,7094272,true,authorized,1,0,0,0,0,0,0,0,0,0,
local-1786752604326628000,macmini-m2-macos26.5.2-rust1.97.1-aarch64-20260814,9d3ab807a08ef4cf1077dbc23213e2314ce37c87,MEASURED,1786752604331432000,lifecycle,aegis_key_registry,ML-DSA-65,active_key_check,registry1,0,471,10,42,0,7094272,true,active,1,0,0,0,0,0,0,0,0,0,
local-1786752604326628000,macmini-m2-macos26.5.2-rust1.97.1-aarch64-20260814,9d3ab807a08ef4cf1077dbc23213e2314ce37c87,MEASURED,1786752604331433000,lifecycle,aegis_key_registry,ML-DSA-65,revocation_check,registry1,0,471,10,41,0,7094272,true,not_revoked,1,0,0,0,0,0,0,0,0,0,
local-1786752604326628000,macmini-m2-macos26.5.2-rust1.97.1-aarch64-20260814,9d3ab807a08ef4cf1077dbc23213e2314ce37c87,MEASURED,1786752604331435000,lifecycle,aegis_key_registry,ML-DSA-65,public_key_lookup,registry1,0,472,10,166,0,7094272,true,found,1,0,1952,0,0,0,0,0,0,0,
local-1786752604326628000,macmini-m2-macos26.5.2-rust1.97.1-aarch64-20260814,9d3ab807a08ef4cf1077dbc23213e2314ce37c87,MEASURED,1786752604331437000,lifecycle,aegis_key_registry,ML-DSA-65,role_authorization_check,registry1,0,472,10,42,1000,7094272,true,authorized,1,0,0,0,0,0,0,0,0,0,
local-1786752604326628000,macmini-m2-macos26.5.2-rust1.97.1-aarch64-20260814,9d3ab807a08ef4cf1077dbc23213e2314ce37c87,MEASURED,1786752604331443000,lifecycle,aegis_key_registry,ML-DSA-65,active_key_check,registry1,0,472,10,84,1000,7094272,true,active,1,0,0,0,0,0,0,0,0,0,
local-1786752604326628000,macmini-m2-macos26.5.2-rust1.97.1-aarch64-20260814,9d3ab807a08ef4cf1077dbc23213e2314ce37c87,MEASURED,1786752604331444000,lifecycle,aegis_key_registry,ML-DSA-65,revocation_check,registry1,0,472,10,41,0,7094272,true,not_revoked,1,0,0,0,0,0,0,0,0,0,
local-1786752604326628000,macmini-m2-macos26.5.2-rust1.97.1-aarch64-20260814,9d3ab807a08ef4cf1077dbc23213e2314ce37c87,MEASURED,1786752604331446000,lifecycle,aegis_key_registry,ML-DSA-65,public_key_lookup,registry1,0,473,10,208,0,7094272,true,found,1,0,1952,0,0,0,0,0,0,0,
local-1786752604326628000,macmini-m2-macos26.5.2-rust1.97.1-aarch64-20260814,9d3ab807a08ef4cf1077dbc23213e2314ce37c87,MEASURED,1786752604331448000,lifecycle,aegis_key_registry,ML-DSA-65,role_authorization_check,registry1,0,473,10,42,0,7094272,true,authorized,1,0,0,0,0,0,0,0,0,0,
local-1786752604326628000,macmini-m2-macos26.5.2-rust1.97.1-aarch64-20260814,9d3ab807a08ef4cf1077dbc23213e2314ce37c87,MEASURED,1786752604331450000,lifecycle,aegis_key_registry,ML-DSA-65,active_key_check,registry1,0,473,10,83,1000,7094272,true,active,1,0,0,0,0,0,0,0,0,0,
local-1786752604326628000,macmini-m2-macos26.5.2-rust1.97.1-aarch64-20260814,9d3ab807a08ef4cf1077dbc23213e2314ce37c87,MEASURED,1786752604331452000,lifecycle,aegis_key_registry,ML-DSA-65,revocation_check,registry1,0,473,10,41,0,7094272,true,not_revoked,1,0,0,0,0,0,0,0,0,0,
local-1786752604326628000,macmini-m2-macos26.5.2-rust1.97.1-aarch64-20260814,9d3ab807a08ef4cf1077dbc23213e2314ce37c87,MEASURED,1786752604331453000,lifecycle,aegis_key_registry,ML-DSA-65,public_key_lookup,registry1,0,474,10,166,0,7094272,true,found,1,0,1952,0,0,0,0,0,0,0,
local-1786752604326628000,macmini-m2-macos26.5.2-rust1.97.1-aarch64-20260814,9d3ab807a08ef4cf1077dbc23213e2314ce37c87,MEASURED,1786752604331455000,lifecycle,aegis_key_registry,ML-DSA-65,role_authorization_check,registry1,0,474,10,41,1000,7094272,true,authorized,1,0,0,0,0,0,0,0,0,0,
local-1786752604326628000,macmini-m2-macos26.5.2-rust1.97.1-aarch64-20260814,9d3ab807a08ef4cf1077dbc23213e2314ce37c87,MEASURED,1786752604331457000,lifecycle,aegis_key_registry,ML-DSA-65,active_key_check,registry1,0,474,10,41,0,7094272,true,active,1,0,0,0,0,0,0,0,0,0,
local-1786752604326628000,macmini-m2-macos26.5.2-rust1.97.1-aarch64-20260814,9d3ab807a08ef4cf1077dbc23213e2314ce37c87,MEASURED,1786752604331458000,lifecycle,aegis_key_registry,ML-DSA-65,revocation_check,registry1,0,474,10,42,0,7094272,true,not_revoked,1,0,0,0,0,0,0,0,0,0,
local-1786752604326628000,macmini-m2-macos26.5.2-rust1.97.1-aarch64-20260814,9d3ab807a08ef4cf1077dbc23213e2314ce37c87,MEASURED,1786752604331460000,lifecycle,aegis_key_registry,ML-DSA-65,public_key_lookup,registry1,0,475,10,167,0,7094272,true,found,1,0,1952,0,0,0,0,0,0,0,
local-1786752604326628000,macmini-m2-macos26.5.2-rust1.97.1-aarch64-20260814,9d3ab807a08ef4cf1077dbc23213e2314ce37c87,MEASURED,1786752604331462000,lifecycle,aegis_key_registry,ML-DSA-65,role_authorization_check,registry1,0,475,10,42,0,7094272,true,authorized,1,0,0,0,0,0,0,0,0,0,
local-1786752604326628000,macmini-m2-macos26.5.2-rust1.97.1-aarch64-20260814,9d3ab807a08ef4cf1077dbc23213e2314ce37c87,MEASURED,1786752604331463000,lifecycle,aegis_key_registry,ML-DSA-65,active_key_check,registry1,0,475,10,42,0,7094272,true,active,1,0,0,0,0,0,0,0,0,0,
local-1786752604326628000,macmini-m2-macos26.5.2-rust1.97.1-aarch64-20260814,9d3ab807a08ef4cf1077dbc23213e2314ce37c87,MEASURED,1786752604331465000,lifecycle,aegis_key_registry,ML-DSA-65,revocation_check,registry1,0,475,10,42,0,7094272,true,not_revoked,1,0,0,0,0,0,0,0,0,0,
local-1786752604326628000,macmini-m2-macos26.5.2-rust1.97.1-aarch64-20260814,9d3ab807a08ef4cf1077dbc23213e2314ce37c87,MEASURED,1786752604331467000,lifecycle,aegis_key_registry,ML-DSA-65,public_key_lookup,registry1,0,476,10,167,0,7094272,true,found,1,0,1952,0,0,0,0,0,0,0,
local-1786752604326628000,macmini-m2-macos26.5.2-rust1.97.1-aarch64-20260814,9d3ab807a08ef4cf1077dbc23213e2314ce37c87,MEASURED,1786752604331468000,lifecycle,aegis_key_registry,ML-DSA-65,role_authorization_check,registry1,0,476,10,42,0,7094272,true,authorized,1,0,0,0,0,0,0,0,0,0,
local-1786752604326628000,macmini-m2-macos26.5.2-rust1.97.1-aarch64-20260814,9d3ab807a08ef4cf1077dbc23213e2314ce37c87,MEASURED,1786752604331470000,lifecycle,aegis_key_registry,ML-DSA-65,active_key_check,registry1,0,476,10,42,1000,7094272,true,active,1,0,0,0,0,0,0,0,0,0,
local-1786752604326628000,macmini-m2-macos26.5.2-rust1.97.1-aarch64-20260814,9d3ab807a08ef4cf1077dbc23213e2314ce37c87,MEASURED,1786752604331472000,lifecycle,aegis_key_registry,ML-DSA-65,revocation_check,registry1,0,476,10,42,0,7094272,true,not_revoked,1,0,0,0,0,0,0,0,0,0,
local-1786752604326628000,macmini-m2-macos26.5.2-rust1.97.1-aarch64-20260814,9d3ab807a08ef4cf1077dbc23213e2314ce37c87,MEASURED,1786752604331474000,lifecycle,aegis_key_registry,ML-DSA-65,public_key_lookup,registry1,0,477,10,125,0,7094272,true,found,1,0,1952,0,0,0,0,0,0,0,
local-1786752604326628000,macmini-m2-macos26.5.2-rust1.97.1-aarch64-20260814,9d3ab807a08ef4cf1077dbc23213e2314ce37c87,MEASURED,1786752604331475000,lifecycle,aegis_key_registry,ML-DSA-65,role_authorization_check,registry1,0,477,10,42,0,7094272,true,authorized,1,0,0,0,0,0,0,0,0,0,
local-1786752604326628000,macmini-m2-macos26.5.2-rust1.97.1-aarch64-20260814,9d3ab807a08ef4cf1077dbc23213e2314ce37c87,MEASURED,1786752604331477000,lifecycle,aegis_key_registry,ML-DSA-65,active_key_check,registry1,0,477,10,41,0,7094272,true,active,1,0,0,0,0,0,0,0,0,0,
local-1786752604326628000,macmini-m2-macos26.5.2-rust1.97.1-aarch64-20260814,9d3ab807a08ef4cf1077dbc23213e2314ce37c87,MEASURED,1786752604331479000,lifecycle,aegis_key_registry,ML-DSA-65,revocation_check,registry1,0,477,10,41,1000,7094272,true,not_revoked,1,0,0,0,0,0,0,0,0,0,
local-1786752604326628000,macmini-m2-macos26.5.2-rust1.97.1-aarch64-20260814,9d3ab807a08ef4cf1077dbc23213e2314ce37c87,MEASURED,1786752604331481000,lifecycle,aegis_key_registry,ML-DSA-65,public_key_lookup,registry1,0,478,10,166,1000,7094272,true,found,1,0,1952,0,0,0,0,0,0,0,
local-1786752604326628000,macmini-m2-macos26.5.2-rust1.97.1-aarch64-20260814,9d3ab807a08ef4cf1077dbc23213e2314ce37c87,MEASURED,1786752604331482000,lifecycle,aegis_key_registry,ML-DSA-65,role_authorization_check,registry1,0,478,10,42,0,7094272,true,authorized,1,0,0,0,0,0,0,0,0,0,
local-1786752604326628000,macmini-m2-macos26.5.2-rust1.97.1-aarch64-20260814,9d3ab807a08ef4cf1077dbc23213e2314ce37c87,MEASURED,1786752604331484000,lifecycle,aegis_key_registry,ML-DSA-65,active_key_check,registry1,0,478,10,42,0,7094272,true,active,1,0,0,0,0,0,0,0,0,0,
local-1786752604326628000,macmini-m2-macos26.5.2-rust1.97.1-aarch64-20260814,9d3ab807a08ef4cf1077dbc23213e2314ce37c87,MEASURED,1786752604331486000,lifecycle,aegis_key_registry,ML-DSA-65,revocation_check,registry1,0,478,10,42,1000,7094272,true,not_revoked,1,0,0,0,0,0,0,0,0,0,
local-1786752604326628000,macmini-m2-macos26.5.2-rust1.97.1-aarch64-20260814,9d3ab807a08ef4cf1077dbc23213e2314ce37c87,MEASURED,1786752604331487000,lifecycle,aegis_key_registry,ML-DSA-65,public_key_lookup,registry1,0,479,10,167,1000,7094272,true,found,1,0,1952,0,0,0,0,0,0,0,
local-1786752604326628000,macmini-m2-macos26.5.2-rust1.97.1-aarch64-20260814,9d3ab807a08ef4cf1077dbc23213e2314ce37c87,MEASURED,1786752604331489000,lifecycle,aegis_key_registry,ML-DSA-65,role_authorization_check,registry1,0,479,10,42,0,7094272,true,authorized,1,0,0,0,0,0,0,0,0,0,
local-1786752604326628000,macmini-m2-macos26.5.2-rust1.97.1-aarch64-20260814,9d3ab807a08ef4cf1077dbc23213e2314ce37c87,MEASURED,1786752604331491000,lifecycle,aegis_key_registry,ML-DSA-65,active_key_check,registry1,0,479,10,42,1000,7094272,true,active,1,0,0,0,0,0,0,0,0,0,
local-1786752604326628000,macmini-m2-macos26.5.2-rust1.97.1-aarch64-20260814,9d3ab807a08ef4cf1077dbc23213e2314ce37c87,MEASURED,1786752604331497000,lifecycle,aegis_key_registry,ML-DSA-65,revocation_check,registry1,0,479,10,42,1000,7094272,true,not_revoked,1,0,0,0,0,0,0,0,0,0,
local-1786752604326628000,macmini-m2-macos26.5.2-rust1.97.1-aarch64-20260814,9d3ab807a08ef4cf1077dbc23213e2314ce37c87,MEASURED,1786752604331499000,lifecycle,aegis_key_registry,ML-DSA-65,public_key_lookup,registry1,0,480,10,167,0,7094272,true,found,1,0,1952,0,0,0,0,0,0,0,
local-1786752604326628000,macmini-m2-macos26.5.2-rust1.97.1-aarch64-20260814,9d3ab807a08ef4cf1077dbc23213e2314ce37c87,MEASURED,1786752604331501000,lifecycle,aegis_key_registry,ML-DSA-65,role_authorization_check,registry1,0,480,10,42,0,7094272,true,authorized,1,0,0,0,0,0,0,0,0,0,
local-1786752604326628000,macmini-m2-macos26.5.2-rust1.97.1-aarch64-20260814,9d3ab807a08ef4cf1077dbc23213e2314ce37c87,MEASURED,1786752604331503000,lifecycle,aegis_key_registry,ML-DSA-65,active_key_check,registry1,0,480,10,42,1000,7094272,true,active,1,0,0,0,0,0,0,0,0,0,
local-1786752604326628000,macmini-m2-macos26.5.2-rust1.97.1-aarch64-20260814,9d3ab807a08ef4cf1077dbc23213e2314ce37c87,MEASURED,1786752604331504000,lifecycle,aegis_key_registry,ML-DSA-65,revocation_check,registry1,0,480,10,42,0,7094272,true,not_revoked,1,0,0,0,0,0,0,0,0,0,
local-1786752604326628000,macmini-m2-macos26.5.2-rust1.97.1-aarch64-20260814,9d3ab807a08ef4cf1077dbc23213e2314ce37c87,MEASURED,1786752604331506000,lifecycle,aegis_key_registry,ML-DSA-65,public_key_lookup,registry1,0,481,10,167,0,7094272,true,found,1,0,1952,0,0,0,0,0,0,0,
local-1786752604326628000,macmini-m2-macos26.5.2-rust1.97.1-aarch64-20260814,9d3ab807a08ef4cf1077dbc23213e2314ce37c87,MEASURED,1786752604331508000,lifecycle,aegis_key_registry,ML-DSA-65,role_authorization_check,registry1,0,481,10,42,0,7094272,true,authorized,1,0,0,0,0,0,0,0,0,0,
local-1786752604326628000,macmini-m2-macos26.5.2-rust1.97.1-aarch64-20260814,9d3ab807a08ef4cf1077dbc23213e2314ce37c87,MEASURED,1786752604331509000,lifecycle,aegis_key_registry,ML-DSA-65,active_key_check,registry1,0,481,10,42,0,7094272,true,active,1,0,0,0,0,0,0,0,0,0,
local-1786752604326628000,macmini-m2-macos26.5.2-rust1.97.1-aarch64-20260814,9d3ab807a08ef4cf1077dbc23213e2314ce37c87,MEASURED,1786752604331511000,lifecycle,aegis_key_registry,ML-DSA-65,revocation_check,registry1,0,481,10,84,0,7094272,true,not_revoked,1,0,0,0,0,0,0,0,0,0,
local-1786752604326628000,macmini-m2-macos26.5.2-rust1.97.1-aarch64-20260814,9d3ab807a08ef4cf1077dbc23213e2314ce37c87,MEASURED,1786752604331513000,lifecycle,aegis_key_registry,ML-DSA-65,public_key_lookup,registry1,0,482,10,209,0,7094272,true,found,1,0,1952,0,0,0,0,0,0,0,
local-1786752604326628000,macmini-m2-macos26.5.2-rust1.97.1-aarch64-20260814,9d3ab807a08ef4cf1077dbc23213e2314ce37c87,MEASURED,1786752604331514000,lifecycle,aegis_key_registry,ML-DSA-65,role_authorization_check,registry1,0,482,10,83,0,7094272,true,authorized,1,0,0,0,0,0,0,0,0,0,
local-1786752604326628000,macmini-m2-macos26.5.2-rust1.97.1-aarch64-20260814,9d3ab807a08ef4cf1077dbc23213e2314ce37c87,MEASURED,1786752604331516000,lifecycle,aegis_key_registry,ML-DSA-65,active_key_check,registry1,0,482,10,42,0,7094272,true,active,1,0,0,0,0,0,0,0,0,0,
local-1786752604326628000,macmini-m2-macos26.5.2-rust1.97.1-aarch64-20260814,9d3ab807a08ef4cf1077dbc23213e2314ce37c87,MEASURED,1786752604331518000,lifecycle,aegis_key_registry,ML-DSA-65,revocation_check,registry1,0,482,10,42,1000,7094272,true,not_revoked,1,0,0,0,0,0,0,0,0,0,
local-1786752604326628000,macmini-m2-macos26.5.2-rust1.97.1-aarch64-20260814,9d3ab807a08ef4cf1077dbc23213e2314ce37c87,MEASURED,1786752604331519000,lifecycle,aegis_key_registry,ML-DSA-65,public_key_lookup,registry1,0,483,10,208,1000,7094272,true,found,1,0,1952,0,0,0,0,0,0,0,
local-1786752604326628000,macmini-m2-macos26.5.2-rust1.97.1-aarch64-20260814,9d3ab807a08ef4cf1077dbc23213e2314ce37c87,MEASURED,1786752604331521000,lifecycle,aegis_key_registry,ML-DSA-65,role_authorization_check,registry1,0,483,10,41,0,7094272,true,authorized,1,0,0,0,0,0,0,0,0,0,
local-1786752604326628000,macmini-m2-macos26.5.2-rust1.97.1-aarch64-20260814,9d3ab807a08ef4cf1077dbc23213e2314ce37c87,MEASURED,1786752604331523000,lifecycle,aegis_key_registry,ML-DSA-65,active_key_check,registry1,0,483,10,41,1000,7094272,true,active,1,0,0,0,0,0,0,0,0,0,
local-1786752604326628000,macmini-m2-macos26.5.2-rust1.97.1-aarch64-20260814,9d3ab807a08ef4cf1077dbc23213e2314ce37c87,MEASURED,1786752604331524000,lifecycle,aegis_key_registry,ML-DSA-65,revocation_check,registry1,0,483,10,41,0,7094272,true,not_revoked,1,0,0,0,0,0,0,0,0,0,
local-1786752604326628000,macmini-m2-macos26.5.2-rust1.97.1-aarch64-20260814,9d3ab807a08ef4cf1077dbc23213e2314ce37c87,MEASURED,1786752604331526000,lifecycle,aegis_key_registry,ML-DSA-65,public_key_lookup,registry1,0,484,10,167,0,7094272,true,found,1,0,1952,0,0,0,0,0,0,0,
local-1786752604326628000,macmini-m2-macos26.5.2-rust1.97.1-aarch64-20260814,9d3ab807a08ef4cf1077dbc23213e2314ce37c87,MEASURED,1786752604331528000,lifecycle,aegis_key_registry,ML-DSA-65,role_authorization_check,registry1,0,484,10,42,1000,7094272,true,authorized,1,0,0,0,0,0,0,0,0,0,
local-1786752604326628000,macmini-m2-macos26.5.2-rust1.97.1-aarch64-20260814,9d3ab807a08ef4cf1077dbc23213e2314ce37c87,MEASURED,1786752604331530000,lifecycle,aegis_key_registry,ML-DSA-65,active_key_check,registry1,0,484,10,42,1000,7094272,true,active,1,0,0,0,0,0,0,0,0,0,
local-1786752604326628000,macmini-m2-macos26.5.2-rust1.97.1-aarch64-20260814,9d3ab807a08ef4cf1077dbc23213e2314ce37c87,MEASURED,1786752604331531000,lifecycle,aegis_key_registry,ML-DSA-65,revocation_check,registry1,0,484,10,42,0,7094272,true,not_revoked,1,0,0,0,0,0,0,0,0,0,
local-1786752604326628000,macmini-m2-macos26.5.2-rust1.97.1-aarch64-20260814,9d3ab807a08ef4cf1077dbc23213e2314ce37c87,MEASURED,1786752604331533000,lifecycle,aegis_key_registry,ML-DSA-65,public_key_lookup,registry1,0,485,10,166,1000,7094272,true,found,1,0,1952,0,0,0,0,0,0,0,
local-1786752604326628000,macmini-m2-macos26.5.2-rust1.97.1-aarch64-20260814,9d3ab807a08ef4cf1077dbc23213e2314ce37c87,MEASURED,1786752604331535000,lifecycle,aegis_key_registry,ML-DSA-65,role_authorization_check,registry1,0,485,10,42,0,7094272,true,authorized,1,0,0,0,0,0,0,0,0,0,
local-1786752604326628000,macmini-m2-macos26.5.2-rust1.97.1-aarch64-20260814,9d3ab807a08ef4cf1077dbc23213e2314ce37c87,MEASURED,1786752604331536000,lifecycle,aegis_key_registry,ML-DSA-65,active_key_check,registry1,0,485,10,42,0,7094272,true,active,1,0,0,0,0,0,0,0,0,0,
local-1786752604326628000,macmini-m2-macos26.5.2-rust1.97.1-aarch64-20260814,9d3ab807a08ef4cf1077dbc23213e2314ce37c87,MEASURED,1786752604331538000,lifecycle,aegis_key_registry,ML-DSA-65,revocation_check,registry1,0,485,10,41,0,7094272,true,not_revoked,1,0,0,0,0,0,0,0,0,0,
local-1786752604326628000,macmini-m2-macos26.5.2-rust1.97.1-aarch64-20260814,9d3ab807a08ef4cf1077dbc23213e2314ce37c87,MEASURED,1786752604331540000,lifecycle,aegis_key_registry,ML-DSA-65,public_key_lookup,registry1,0,486,10,167,0,7094272,true,found,1,0,1952,0,0,0,0,0,0,0,
local-1786752604326628000,macmini-m2-macos26.5.2-rust1.97.1-aarch64-20260814,9d3ab807a08ef4cf1077dbc23213e2314ce37c87,MEASURED,1786752604331542000,lifecycle,aegis_key_registry,ML-DSA-65,role_authorization_check,registry1,0,486,10,42,0,7094272,true,authorized,1,0,0,0,0,0,0,0,0,0,
local-1786752604326628000,macmini-m2-macos26.5.2-rust1.97.1-aarch64-20260814,9d3ab807a08ef4cf1077dbc23213e2314ce37c87,MEASURED,1786752604331543000,lifecycle,aegis_key_registry,ML-DSA-65,active_key_check,registry1,0,486,10,42,0,7094272,true,active,1,0,0,0,0,0,0,0,0,0,
local-1786752604326628000,macmini-m2-macos26.5.2-rust1.97.1-aarch64-20260814,9d3ab807a08ef4cf1077dbc23213e2314ce37c87,MEASURED,1786752604331545000,lifecycle,aegis_key_registry,ML-DSA-65,revocation_check,registry1,0,486,10,41,0,7094272,true,not_revoked,1,0,0,0,0,0,0,0,0,0,
local-1786752604326628000,macmini-m2-macos26.5.2-rust1.97.1-aarch64-20260814,9d3ab807a08ef4cf1077dbc23213e2314ce37c87,MEASURED,1786752604331551000,lifecycle,aegis_key_registry,ML-DSA-65,public_key_lookup,registry1,0,487,10,167,0,7094272,true,found,1,0,1952,0,0,0,0,0,0,0,
local-1786752604326628000,macmini-m2-macos26.5.2-rust1.97.1-aarch64-20260814,9d3ab807a08ef4cf1077dbc23213e2314ce37c87,MEASURED,1786752604331553000,lifecycle,aegis_key_registry,ML-DSA-65,role_authorization_check,registry1,0,487,10,41,0,7094272,true,authorized,1,0,0,0,0,0,0,0,0,0,
local-1786752604326628000,macmini-m2-macos26.5.2-rust1.97.1-aarch64-20260814,9d3ab807a08ef4cf1077dbc23213e2314ce37c87,MEASURED,1786752604331555000,lifecycle,aegis_key_registry,ML-DSA-65,active_key_check,registry1,0,487,10,83,0,7094272,true,active,1,0,0,0,0,0,0,0,0,0,
local-1786752604326628000,macmini-m2-macos26.5.2-rust1.97.1-aarch64-20260814,9d3ab807a08ef4cf1077dbc23213e2314ce37c87,MEASURED,1786752604331556000,lifecycle,aegis_key_registry,ML-DSA-65,revocation_check,registry1,0,487,10,83,0,7094272,true,not_revoked,1,0,0,0,0,0,0,0,0,0,
local-1786752604326628000,macmini-m2-macos26.5.2-rust1.97.1-aarch64-20260814,9d3ab807a08ef4cf1077dbc23213e2314ce37c87,MEASURED,1786752604331558000,lifecycle,aegis_key_registry,ML-DSA-65,public_key_lookup,registry1,0,488,10,166,0,7094272,true,found,1,0,1952,0,0,0,0,0,0,0,
local-1786752604326628000,macmini-m2-macos26.5.2-rust1.97.1-aarch64-20260814,9d3ab807a08ef4cf1077dbc23213e2314ce37c87,MEASURED,1786752604331560000,lifecycle,aegis_key_registry,ML-DSA-65,role_authorization_check,registry1,0,488,10,83,0,7094272,true,authorized,1,0,0,0,0,0,0,0,0,0,
local-1786752604326628000,macmini-m2-macos26.5.2-rust1.97.1-aarch64-20260814,9d3ab807a08ef4cf1077dbc23213e2314ce37c87,MEASURED,1786752604331561000,lifecycle,aegis_key_registry,ML-DSA-65,active_key_check,registry1,0,488,10,41,1000,7094272,true,active,1,0,0,0,0,0,0,0,0,0,
local-1786752604326628000,macmini-m2-macos26.5.2-rust1.97.1-aarch64-20260814,9d3ab807a08ef4cf1077dbc23213e2314ce37c87,MEASURED,1786752604331563000,lifecycle,aegis_key_registry,ML-DSA-65,revocation_check,registry1,0,488,10,41,0,7094272,true,not_revoked,1,0,0,0,0,0,0,0,0,0,
local-1786752604326628000,macmini-m2-macos26.5.2-rust1.97.1-aarch64-20260814,9d3ab807a08ef4cf1077dbc23213e2314ce37c87,MEASURED,1786752604331565000,lifecycle,aegis_key_registry,ML-DSA-65,public_key_lookup,registry1,0,489,10,166,1000,7094272,true,found,1,0,1952,0,0,0,0,0,0,0,
local-1786752604326628000,macmini-m2-macos26.5.2-rust1.97.1-aarch64-20260814,9d3ab807a08ef4cf1077dbc23213e2314ce37c87,MEASURED,1786752604331566000,lifecycle,aegis_key_registry,ML-DSA-65,role_authorization_check,registry1,0,489,10,41,1000,7094272,true,authorized,1,0,0,0,0,0,0,0,0,0,
local-1786752604326628000,macmini-m2-macos26.5.2-rust1.97.1-aarch64-20260814,9d3ab807a08ef4cf1077dbc23213e2314ce37c87,MEASURED,1786752604331568000,lifecycle,aegis_key_registry,ML-DSA-65,active_key_check,registry1,0,489,10,125,0,7094272,true,active,1,0,0,0,0,0,0,0,0,0,
local-1786752604326628000,macmini-m2-macos26.5.2-rust1.97.1-aarch64-20260814,9d3ab807a08ef4cf1077dbc23213e2314ce37c87,MEASURED,1786752604331570000,lifecycle,aegis_key_registry,ML-DSA-65,revocation_check,registry1,0,489,10,42,0,7094272,true,not_revoked,1,0,0,0,0,0,0,0,0,0,
local-1786752604326628000,macmini-m2-macos26.5.2-rust1.97.1-aarch64-20260814,9d3ab807a08ef4cf1077dbc23213e2314ce37c87,MEASURED,1786752604331572000,lifecycle,aegis_key_registry,ML-DSA-65,public_key_lookup,registry1,0,490,10,250,1000,7094272,true,found,1,0,1952,0,0,0,0,0,0,0,
local-1786752604326628000,macmini-m2-macos26.5.2-rust1.97.1-aarch64-20260814,9d3ab807a08ef4cf1077dbc23213e2314ce37c87,MEASURED,1786752604331573000,lifecycle,aegis_key_registry,ML-DSA-65,role_authorization_check,registry1,0,490,10,42,0,7094272,true,authorized,1,0,0,0,0,0,0,0,0,0,
local-1786752604326628000,macmini-m2-macos26.5.2-rust1.97.1-aarch64-20260814,9d3ab807a08ef4cf1077dbc23213e2314ce37c87,MEASURED,1786752604331575000,lifecycle,aegis_key_registry,ML-DSA-65,active_key_check,registry1,0,490,10,42,1000,7094272,true,active,1,0,0,0,0,0,0,0,0,0,
local-1786752604326628000,macmini-m2-macos26.5.2-rust1.97.1-aarch64-20260814,9d3ab807a08ef4cf1077dbc23213e2314ce37c87,MEASURED,1786752604331577000,lifecycle,aegis_key_registry,ML-DSA-65,revocation_check,registry1,0,490,10,41,0,7094272,true,not_revoked,1,0,0,0,0,0,0,0,0,0,
local-1786752604326628000,macmini-m2-macos26.5.2-rust1.97.1-aarch64-20260814,9d3ab807a08ef4cf1077dbc23213e2314ce37c87,MEASURED,1786752604331578000,lifecycle,aegis_key_registry,ML-DSA-65,public_key_lookup,registry1,0,491,10,167,0,7094272,true,found,1,0,1952,0,0,0,0,0,0,0,
local-1786752604326628000,macmini-m2-macos26.5.2-rust1.97.1-aarch64-20260814,9d3ab807a08ef4cf1077dbc23213e2314ce37c87,MEASURED,1786752604331580000,lifecycle,aegis_key_registry,ML-DSA-65,role_authorization_check,registry1,0,491,10,42,0,7094272,true,authorized,1,0,0,0,0,0,0,0,0,0,
local-1786752604326628000,macmini-m2-macos26.5.2-rust1.97.1-aarch64-20260814,9d3ab807a08ef4cf1077dbc23213e2314ce37c87,MEASURED,1786752604331582000,lifecycle,aegis_key_registry,ML-DSA-65,active_key_check,registry1,0,491,10,42,0,7094272,true,active,1,0,0,0,0,0,0,0,0,0,
local-1786752604326628000,macmini-m2-macos26.5.2-rust1.97.1-aarch64-20260814,9d3ab807a08ef4cf1077dbc23213e2314ce37c87,MEASURED,1786752604331583000,lifecycle,aegis_key_registry,ML-DSA-65,revocation_check,registry1,0,491,10,42,0,7094272,true,not_revoked,1,0,0,0,0,0,0,0,0,0,
local-1786752604326628000,macmini-m2-macos26.5.2-rust1.97.1-aarch64-20260814,9d3ab807a08ef4cf1077dbc23213e2314ce37c87,MEASURED,1786752604331585000,lifecycle,aegis_key_registry,ML-DSA-65,public_key_lookup,registry1,0,492,10,166,1000,7094272,true,found,1,0,1952,0,0,0,0,0,0,0,
local-1786752604326628000,macmini-m2-macos26.5.2-rust1.97.1-aarch64-20260814,9d3ab807a08ef4cf1077dbc23213e2314ce37c87,MEASURED,1786752604331587000,lifecycle,aegis_key_registry,ML-DSA-65,role_authorization_check,registry1,0,492,10,41,0,7094272,true,authorized,1,0,0,0,0,0,0,0,0,0,
local-1786752604326628000,macmini-m2-macos26.5.2-rust1.97.1-aarch64-20260814,9d3ab807a08ef4cf1077dbc23213e2314ce37c87,MEASURED,1786752604331588000,lifecycle,aegis_key_registry,ML-DSA-65,active_key_check,registry1,0,492,10,42,0,7094272,true,active,1,0,0,0,0,0,0,0,0,0,
local-1786752604326628000,macmini-m2-macos26.5.2-rust1.97.1-aarch64-20260814,9d3ab807a08ef4cf1077dbc23213e2314ce37c87,MEASURED,1786752604331590000,lifecycle,aegis_key_registry,ML-DSA-65,revocation_check,registry1,0,492,10,42,1000,7094272,true,not_revoked,1,0,0,0,0,0,0,0,0,0,
local-1786752604326628000,macmini-m2-macos26.5.2-rust1.97.1-aarch64-20260814,9d3ab807a08ef4cf1077dbc23213e2314ce37c87,MEASURED,1786752604331592000,lifecycle,aegis_key_registry,ML-DSA-65,public_key_lookup,registry1,0,493,10,167,0,7094272,true,found,1,0,1952,0,0,0,0,0,0,0,
local-1786752604326628000,macmini-m2-macos26.5.2-rust1.97.1-aarch64-20260814,9d3ab807a08ef4cf1077dbc23213e2314ce37c87,MEASURED,1786752604331593000,lifecycle,aegis_key_registry,ML-DSA-65,role_authorization_check,registry1,0,493,10,42,0,7094272,true,authorized,1,0,0,0,0,0,0,0,0,0,
local-1786752604326628000,macmini-m2-macos26.5.2-rust1.97.1-aarch64-20260814,9d3ab807a08ef4cf1077dbc23213e2314ce37c87,MEASURED,1786752604331595000,lifecycle,aegis_key_registry,ML-DSA-65,active_key_check,registry1,0,493,10,42,1000,7094272,true,active,1,0,0,0,0,0,0,0,0,0,
local-1786752604326628000,macmini-m2-macos26.5.2-rust1.97.1-aarch64-20260814,9d3ab807a08ef4cf1077dbc23213e2314ce37c87,MEASURED,1786752604331597000,lifecycle,aegis_key_registry,ML-DSA-65,revocation_check,registry1,0,493,10,41,1000,7094272,true,not_revoked,1,0,0,0,0,0,0,0,0,0,
local-1786752604326628000,macmini-m2-macos26.5.2-rust1.97.1-aarch64-20260814,9d3ab807a08ef4cf1077dbc23213e2314ce37c87,MEASURED,1786752604331599000,lifecycle,aegis_key_registry,ML-DSA-65,public_key_lookup,registry1,0,494,10,167,0,7094272,true,found,1,0,1952,0,0,0,0,0,0,0,
local-1786752604326628000,macmini-m2-macos26.5.2-rust1.97.1-aarch64-20260814,9d3ab807a08ef4cf1077dbc23213e2314ce37c87,MEASURED,1786752604331606000,lifecycle,aegis_key_registry,ML-DSA-65,role_authorization_check,registry1,0,494,10,83,0,7094272,true,authorized,1,0,0,0,0,0,0,0,0,0,
local-1786752604326628000,macmini-m2-macos26.5.2-rust1.97.1-aarch64-20260814,9d3ab807a08ef4cf1077dbc23213e2314ce37c87,MEASURED,1786752604331608000,lifecycle,aegis_key_registry,ML-DSA-65,active_key_check,registry1,0,494,10,41,1000,7094272,true,active,1,0,0,0,0,0,0,0,0,0,
local-1786752604326628000,macmini-m2-macos26.5.2-rust1.97.1-aarch64-20260814,9d3ab807a08ef4cf1077dbc23213e2314ce37c87,MEASURED,1786752604331609000,lifecycle,aegis_key_registry,ML-DSA-65,revocation_check,registry1,0,494,10,41,0,7094272,true,not_revoked,1,0,0,0,0,0,0,0,0,0,
local-1786752604326628000,macmini-m2-macos26.5.2-rust1.97.1-aarch64-20260814,9d3ab807a08ef4cf1077dbc23213e2314ce37c87,MEASURED,1786752604331611000,lifecycle,aegis_key_registry,ML-DSA-65,public_key_lookup,registry1,0,495,10,166,0,7094272,true,found,1,0,1952,0,0,0,0,0,0,0,
local-1786752604326628000,macmini-m2-macos26.5.2-rust1.97.1-aarch64-20260814,9d3ab807a08ef4cf1077dbc23213e2314ce37c87,MEASURED,1786752604331613000,lifecycle,aegis_key_registry,ML-DSA-65,role_authorization_check,registry1,0,495,10,42,1000,7094272,true,authorized,1,0,0,0,0,0,0,0,0,0,
local-1786752604326628000,macmini-m2-macos26.5.2-rust1.97.1-aarch64-20260814,9d3ab807a08ef4cf1077dbc23213e2314ce37c87,MEASURED,1786752604331614000,lifecycle,aegis_key_registry,ML-DSA-65,active_key_check,registry1,0,495,10,41,0,7094272,true,active,1,0,0,0,0,0,0,0,0,0,
local-1786752604326628000,macmini-m2-macos26.5.2-rust1.97.1-aarch64-20260814,9d3ab807a08ef4cf1077dbc23213e2314ce37c87,MEASURED,1786752604331616000,lifecycle,aegis_key_registry,ML-DSA-65,revocation_check,registry1,0,495,10,42,0,7094272,true,not_revoked,1,0,0,0,0,0,0,0,0,0,
local-1786752604326628000,macmini-m2-macos26.5.2-rust1.97.1-aarch64-20260814,9d3ab807a08ef4cf1077dbc23213e2314ce37c87,MEASURED,1786752604331618000,lifecycle,aegis_key_registry,ML-DSA-65,public_key_lookup,registry1,0,496,10,166,1000,7094272,true,found,1,0,1952,0,0,0,0,0,0,0,
local-1786752604326628000,macmini-m2-macos26.5.2-rust1.97.1-aarch64-20260814,9d3ab807a08ef4cf1077dbc23213e2314ce37c87,MEASURED,1786752604331619000,lifecycle,aegis_key_registry,ML-DSA-65,role_authorization_check,registry1,0,496,10,42,0,7094272,true,authorized,1,0,0,0,0,0,0,0,0,0,
local-1786752604326628000,macmini-m2-macos26.5.2-rust1.97.1-aarch64-20260814,9d3ab807a08ef4cf1077dbc23213e2314ce37c87,MEASURED,1786752604331621000,lifecycle,aegis_key_registry,ML-DSA-65,active_key_check,registry1,0,496,10,42,0,7094272,true,active,1,0,0,0,0,0,0,0,0,0,
local-1786752604326628000,macmini-m2-macos26.5.2-rust1.97.1-aarch64-20260814,9d3ab807a08ef4cf1077dbc23213e2314ce37c87,MEASURED,1786752604331623000,lifecycle,aegis_key_registry,ML-DSA-65,revocation_check,registry1,0,496,10,42,0,7094272,true,not_revoked,1,0,0,0,0,0,0,0,0,0,
local-1786752604326628000,macmini-m2-macos26.5.2-rust1.97.1-aarch64-20260814,9d3ab807a08ef4cf1077dbc23213e2314ce37c87,MEASURED,1786752604331625000,lifecycle,aegis_key_registry,ML-DSA-65,public_key_lookup,registry1,0,497,10,166,0,7094272,true,found,1,0,1952,0,0,0,0,0,0,0,
local-1786752604326628000,macmini-m2-macos26.5.2-rust1.97.1-aarch64-20260814,9d3ab807a08ef4cf1077dbc23213e2314ce37c87,MEASURED,1786752604331626000,lifecycle,aegis_key_registry,ML-DSA-65,role_authorization_check,registry1,0,497,10,42,1000,7094272,true,authorized,1,0,0,0,0,0,0,0,0,0,
local-1786752604326628000,macmini-m2-macos26.5.2-rust1.97.1-aarch64-20260814,9d3ab807a08ef4cf1077dbc23213e2314ce37c87,MEASURED,1786752604331628000,lifecycle,aegis_key_registry,ML-DSA-65,active_key_check,registry1,0,497,10,41,0,7094272,true,active,1,0,0,0,0,0,0,0,0,0,
local-1786752604326628000,macmini-m2-macos26.5.2-rust1.97.1-aarch64-20260814,9d3ab807a08ef4cf1077dbc23213e2314ce37c87,MEASURED,1786752604331630000,lifecycle,aegis_key_registry,ML-DSA-65,revocation_check,registry1,0,497,10,83,0,7094272,true,not_revoked,1,0,0,0,0,0,0,0,0,0,
local-1786752604326628000,macmini-m2-macos26.5.2-rust1.97.1-aarch64-20260814,9d3ab807a08ef4cf1077dbc23213e2314ce37c87,MEASURED,1786752604331631000,lifecycle,aegis_key_registry,ML-DSA-65,public_key_lookup,registry1,0,498,10,167,1000,7094272,true,found,1,0,1952,0,0,0,0,0,0,0,
local-1786752604326628000,macmini-m2-macos26.5.2-rust1.97.1-aarch64-20260814,9d3ab807a08ef4cf1077dbc23213e2314ce37c87,MEASURED,1786752604331633000,lifecycle,aegis_key_registry,ML-DSA-65,role_authorization_check,registry1,0,498,10,42,0,7094272,true,authorized,1,0,0,0,0,0,0,0,0,0,
local-1786752604326628000,macmini-m2-macos26.5.2-rust1.97.1-aarch64-20260814,9d3ab807a08ef4cf1077dbc23213e2314ce37c87,MEASURED,1786752604331635000,lifecycle,aegis_key_registry,ML-DSA-65,active_key_check,registry1,0,498,10,42,0,7094272,true,active,1,0,0,0,0,0,0,0,0,0,
local-1786752604326628000,macmini-m2-macos26.5.2-rust1.97.1-aarch64-20260814,9d3ab807a08ef4cf1077dbc23213e2314ce37c87,MEASURED,1786752604331636000,lifecycle,aegis_key_registry,ML-DSA-65,revocation_check,registry1,0,498,10,42,1000,7094272,true,not_revoked,1,0,0,0,0,0,0,0,0,0,
local-1786752604326628000,macmini-m2-macos26.5.2-rust1.97.1-aarch64-20260814,9d3ab807a08ef4cf1077dbc23213e2314ce37c87,MEASURED,1786752604331638000,lifecycle,aegis_key_registry,ML-DSA-65,public_key_lookup,registry1,0,499,10,167,0,7094272,true,found,1,0,1952,0,0,0,0,0,0,0,
local-1786752604326628000,macmini-m2-macos26.5.2-rust1.97.1-aarch64-20260814,9d3ab807a08ef4cf1077dbc23213e2314ce37c87,MEASURED,1786752604331640000,lifecycle,aegis_key_registry,ML-DSA-65,role_authorization_check,registry1,0,499,10,42,0,7094272,true,authorized,1,0,0,0,0,0,0,0,0,0,
local-1786752604326628000,macmini-m2-macos26.5.2-rust1.97.1-aarch64-20260814,9d3ab807a08ef4cf1077dbc23213e2314ce37c87,MEASURED,1786752604331641000,lifecycle,aegis_key_registry,ML-DSA-65,active_key_check,registry1,0,499,10,42,1000,7094272,true,active,1,0,0,0,0,0,0,0,0,0,
local-1786752604326628000,macmini-m2-macos26.5.2-rust1.97.1-aarch64-20260814,9d3ab807a08ef4cf1077dbc23213e2314ce37c87,MEASURED,1786752604331643000,lifecycle,aegis_key_registry,ML-DSA-65,revocation_check,registry1,0,499,10,42,0,7094272,true,not_revoked,1,0,0,0,0,0,0,0,0,0,
local-1786752604326628000,macmini-m2-macos26.5.2-rust1.97.1-aarch64-20260814,9d3ab807a08ef4cf1077dbc23213e2314ce37c87,MEASURED,1786752604331790000,lifecycle,aegis_key_lifecycle,ML-DSA-65,lifecycle_root,registry1,0,0,10,958,2000,7290880,true,root_computed,1,0,0,0,0,0,0,0,1,0,serialized_bytes column stores lifecycle record count for this scaling operation
local-1786752604326628000,macmini-m2-macos26.5.2-rust1.97.1-aarch64-20260814,9d3ab807a08ef4cf1077dbc23213e2314ce37c87,MEASURED,1786752604331794000,lifecycle,aegis_key_lifecycle,ML-DSA-65,lifecycle_root,registry1,0,1,10,750,1000,7290880,true,root_computed,1,0,0,0,0,0,0,0,1,0,serialized_bytes column stores lifecycle record count for this scaling operation
local-1786752604326628000,macmini-m2-macos26.5.2-rust1.97.1-aarch64-20260814,9d3ab807a08ef4cf1077dbc23213e2314ce37c87,MEASURED,1786752604331798000,lifecycle,aegis_key_lifecycle,ML-DSA-65,lifecycle_root,registry1,0,2,10,1875,3000,7307264,true,root_computed,1,0,0,0,0,0,0,0,1,0,serialized_bytes column stores lifecycle record count for this scaling operation
local-1786752604326628000,macmini-m2-macos26.5.2-rust1.97.1-aarch64-20260814,9d3ab807a08ef4cf1077dbc23213e2314ce37c87,MEASURED,1786752604331801000,lifecycle,aegis_key_lifecycle,ML-DSA-65,lifecycle_root,registry1,0,3,10,750,1000,7307264,true,root_computed,1,0,0,0,0,0,0,0,1,0,serialized_bytes column stores lifecycle record count for this scaling operation
local-1786752604326628000,macmini-m2-macos26.5.2-rust1.97.1-aarch64-20260814,9d3ab807a08ef4cf1077dbc23213e2314ce37c87,MEASURED,1786752604331803000,lifecycle,aegis_key_lifecycle,ML-DSA-65,lifecycle_root,registry1,0,4,10,750,1000,7307264,true,root_computed,1,0,0,0,0,0,0,0,1,0,serialized_bytes column stores lifecycle record count for this scaling operation
local-1786752604326628000,macmini-m2-macos26.5.2-rust1.97.1-aarch64-20260814,9d3ab807a08ef4cf1077dbc23213e2314ce37c87,MEASURED,1786752604331813000,lifecycle,aegis_key_lifecycle,ML-DSA-65,lifecycle_root,registry1,0,5,10,1042,2000,7307264,true,root_computed,1,0,0,0,0,0,0,0,1,0,serialized_bytes column stores lifecycle record count for this scaling operation
local-1786752604326628000,macmini-m2-macos26.5.2-rust1.97.1-aarch64-20260814,9d3ab807a08ef4cf1077dbc23213e2314ce37c87,MEASURED,1786752604331815000,lifecycle,aegis_key_lifecycle,ML-DSA-65,lifecycle_root,registry1,0,6,10,750,1000,7307264,true,root_computed,1,0,0,0,0,0,0,0,1,0,serialized_bytes column stores lifecycle record count for this scaling operation
local-1786752604326628000,macmini-m2-macos26.5.2-rust1.97.1-aarch64-20260814,9d3ab807a08ef4cf1077dbc23213e2314ce37c87,MEASURED,1786752604331818000,lifecycle,aegis_key_lifecycle,ML-DSA-65,lifecycle_root,registry1,0,7,10,709,0,7307264,true,root_computed,1,0,0,0,0,0,0,0,1,0,serialized_bytes column stores lifecycle record count for this scaling operation
local-1786752604326628000,macmini-m2-macos26.5.2-rust1.97.1-aarch64-20260814,9d3ab807a08ef4cf1077dbc23213e2314ce37c87,MEASURED,1786752604331820000,lifecycle,aegis_key_lifecycle,ML-DSA-65,lifecycle_root,registry1,0,8,10,709,2000,7307264,true,root_computed,1,0,0,0,0,0,0,0,1,0,serialized_bytes column stores lifecycle record count for this scaling operation
local-1786752604326628000,macmini-m2-macos26.5.2-rust1.97.1-aarch64-20260814,9d3ab807a08ef4cf1077dbc23213e2314ce37c87,MEASURED,1786752604331823000,lifecycle,aegis_key_lifecycle,ML-DSA-65,lifecycle_root,registry1,0,9,10,708,1000,7307264,true,root_computed,1,0,0,0,0,0,0,0,1,0,serialized_bytes column stores lifecycle record count for this scaling operation
local-1786752604326628000,macmini-m2-macos26.5.2-rust1.97.1-aarch64-20260814,9d3ab807a08ef4cf1077dbc23213e2314ce37c87,MEASURED,1786752604331825000,lifecycle,aegis_key_lifecycle,ML-DSA-65,lifecycle_root,registry1,0,10,10,708,1000,7307264,true,root_computed,1,0,0,0,0,0,0,0,1,0,serialized_bytes column stores lifecycle record count for this scaling operation
local-1786752604326628000,macmini-m2-macos26.5.2-rust1.97.1-aarch64-20260814,9d3ab807a08ef4cf1077dbc23213e2314ce37c87,MEASURED,1786752604331829000,lifecycle,aegis_key_lifecycle,ML-DSA-65,lifecycle_root,registry1,0,11,10,750,1000,7323648,true,root_computed,1,0,0,0,0,0,0,0,1,0,serialized_bytes column stores lifecycle record count for this scaling operation
local-1786752604326628000,macmini-m2-macos26.5.2-rust1.97.1-aarch64-20260814,9d3ab807a08ef4cf1077dbc23213e2314ce37c87,MEASURED,1786752604331833000,lifecycle,aegis_key_lifecycle,ML-DSA-65,lifecycle_root,registry1,0,12,10,750,1000,7340032,true,root_computed,1,0,0,0,0,0,0,0,1,0,serialized_bytes column stores lifecycle record count for this scaling operation
local-1786752604326628000,macmini-m2-macos26.5.2-rust1.97.1-aarch64-20260814,9d3ab807a08ef4cf1077dbc23213e2314ce37c87,MEASURED,1786752604331836000,lifecycle,aegis_key_lifecycle,ML-DSA-65,lifecycle_root,registry1,0,13,10,709,0,7340032,true,root_computed,1,0,0,0,0,0,0,0,1,0,serialized_bytes column stores lifecycle record count for this scaling operation
local-1786752604326628000,macmini-m2-macos26.5.2-rust1.97.1-aarch64-20260814,9d3ab807a08ef4cf1077dbc23213e2314ce37c87,MEASURED,1786752604331838000,lifecycle,aegis_key_lifecycle,ML-DSA-65,lifecycle_root,registry1,0,14,10,667,1000,7340032,true,root_computed,1,0,0,0,0,0,0,0,1,0,serialized_bytes column stores lifecycle record count for this scaling operation
local-1786752604326628000,macmini-m2-macos26.5.2-rust1.97.1-aarch64-20260814,9d3ab807a08ef4cf1077dbc23213e2314ce37c87,MEASURED,1786752604331840000,lifecycle,aegis_key_lifecycle,ML-DSA-65,lifecycle_root,registry1,0,15,10,709,1000,7340032,true,root_computed,1,0,0,0,0,0,0,0,1,0,serialized_bytes column stores lifecycle record count for this scaling operation
local-1786752604326628000,macmini-m2-macos26.5.2-rust1.97.1-aarch64-20260814,9d3ab807a08ef4cf1077dbc23213e2314ce37c87,MEASURED,1786752604331843000,lifecycle,aegis_key_lifecycle,ML-DSA-65,lifecycle_root,registry1,0,16,10,708,1000,7340032,true,root_computed,1,0,0,0,0,0,0,0,1,0,serialized_bytes column stores lifecycle record count for this scaling operation
local-1786752604326628000,macmini-m2-macos26.5.2-rust1.97.1-aarch64-20260814,9d3ab807a08ef4cf1077dbc23213e2314ce37c87,MEASURED,1786752604331845000,lifecycle,aegis_key_lifecycle,ML-DSA-65,lifecycle_root,registry1,0,17,10,708,1000,7340032,true,root_computed,1,0,0,0,0,0,0,0,1,0,serialized_bytes column stores lifecycle record count for this scaling operation
local-1786752604326628000,macmini-m2-macos26.5.2-rust1.97.1-aarch64-20260814,9d3ab807a08ef4cf1077dbc23213e2314ce37c87,MEASURED,1786752604331848000,lifecycle,aegis_key_lifecycle,ML-DSA-65,lifecycle_root,registry1,0,18,10,709,2000,7340032,true,root_computed,1,0,0,0,0,0,0,0,1,0,serialized_bytes column stores lifecycle record count for this scaling operation
local-1786752604326628000,macmini-m2-macos26.5.2-rust1.97.1-aarch64-20260814,9d3ab807a08ef4cf1077dbc23213e2314ce37c87,MEASURED,1786752604331850000,lifecycle,aegis_key_lifecycle,ML-DSA-65,lifecycle_root,registry1,0,19,10,667,1000,7340032,true,root_computed,1,0,0,0,0,0,0,0,1,0,serialized_bytes column stores lifecycle record count for this scaling operation
local-1786752604326628000,macmini-m2-macos26.5.2-rust1.97.1-aarch64-20260814,9d3ab807a08ef4cf1077dbc23213e2314ce37c87,MEASURED,1786752604331852000,lifecycle,aegis_key_lifecycle,ML-DSA-65,lifecycle_root,registry1,0,20,10,708,1000,7340032,true,root_computed,1,0,0,0,0,0,0,0,1,0,serialized_bytes column stores lifecycle record count for this scaling operation
local-1786752604326628000,macmini-m2-macos26.5.2-rust1.97.1-aarch64-20260814,9d3ab807a08ef4cf1077dbc23213e2314ce37c87,MEASURED,1786752604331855000,lifecycle,aegis_key_lifecycle,ML-DSA-65,lifecycle_root,registry1,0,21,10,708,2000,7340032,true,root_computed,1,0,0,0,0,0,0,0,1,0,serialized_bytes column stores lifecycle record count for this scaling operation
local-1786752604326628000,macmini-m2-macos26.5.2-rust1.97.1-aarch64-20260814,9d3ab807a08ef4cf1077dbc23213e2314ce37c87,MEASURED,1786752604331857000,lifecycle,aegis_key_lifecycle,ML-DSA-65,lifecycle_root,registry1,0,22,10,709,0,7340032,true,root_computed,1,0,0,0,0,0,0,0,1,0,serialized_bytes column stores lifecycle record count for this scaling operation
local-1786752604326628000,macmini-m2-macos26.5.2-rust1.97.1-aarch64-20260814,9d3ab807a08ef4cf1077dbc23213e2314ce37c87,MEASURED,1786752604331860000,lifecycle,aegis_key_lifecycle,ML-DSA-65,lifecycle_root,registry1,0,23,10,708,0,7340032,true,root_computed,1,0,0,0,0,0,0,0,1,0,serialized_bytes column stores lifecycle record count for this scaling operation
local-1786752604326628000,macmini-m2-macos26.5.2-rust1.97.1-aarch64-20260814,9d3ab807a08ef4cf1077dbc23213e2314ce37c87,MEASURED,1786752604331862000,lifecycle,aegis_key_lifecycle,ML-DSA-65,lifecycle_root,registry1,0,24,10,667,2000,7340032,true,root_computed,1,0,0,0,0,0,0,0,1,0,serialized_bytes column stores lifecycle record count for this scaling operation
local-1786752604326628000,macmini-m2-macos26.5.2-rust1.97.1-aarch64-20260814,9d3ab807a08ef4cf1077dbc23213e2314ce37c87,MEASURED,1786752604331865000,lifecycle,aegis_key_lifecycle,ML-DSA-65,lifecycle_root,registry1,0,25,10,667,1000,7340032,true,root_computed,1,0,0,0,0,0,0,0,1,0,serialized_bytes column stores lifecycle record count for this scaling operation
local-1786752604326628000,macmini-m2-macos26.5.2-rust1.97.1-aarch64-20260814,9d3ab807a08ef4cf1077dbc23213e2314ce37c87,MEASURED,1786752604331867000,lifecycle,aegis_key_lifecycle,ML-DSA-65,lifecycle_root,registry1,0,26,10,667,1000,7340032,true,root_computed,1,0,0,0,0,0,0,0,1,0,serialized_bytes column stores lifecycle record count for this scaling operation
local-1786752604326628000,macmini-m2-macos26.5.2-rust1.97.1-aarch64-20260814,9d3ab807a08ef4cf1077dbc23213e2314ce37c87,MEASURED,1786752604331876000,lifecycle,aegis_key_lifecycle,ML-DSA-65,lifecycle_root,registry1,0,27,10,1042,1000,7340032,true,root_computed,1,0,0,0,0,0,0,0,1,0,serialized_bytes column stores lifecycle record count for this scaling operation
local-1786752604326628000,macmini-m2-macos26.5.2-rust1.97.1-aarch64-20260814,9d3ab807a08ef4cf1077dbc23213e2314ce37c87,MEASURED,1786752604331878000,lifecycle,aegis_key_lifecycle,ML-DSA-65,lifecycle_root,registry1,0,28,10,709,1000,7340032,true,root_computed,1,0,0,0,0,0,0,0,1,0,serialized_bytes column stores lifecycle record count for this scaling operation
local-1786752604326628000,macmini-m2-macos26.5.2-rust1.97.1-aarch64-20260814,9d3ab807a08ef4cf1077dbc23213e2314ce37c87,MEASURED,1786752604331880000,lifecycle,aegis_key_lifecycle,ML-DSA-65,lifecycle_root,registry1,0,29,10,708,1000,7340032,true,root_computed,1,0,0,0,0,0,0,0,1,0,serialized_bytes column stores lifecycle record count for this scaling operation
local-1786752604326628000,macmini-m2-macos26.5.2-rust1.97.1-aarch64-20260814,9d3ab807a08ef4cf1077dbc23213e2314ce37c87,MEASURED,1786752604331883000,lifecycle,aegis_key_lifecycle,ML-DSA-65,lifecycle_root,registry1,0,30,10,666,1000,7340032,true,root_computed,1,0,0,0,0,0,0,0,1,0,serialized_bytes column stores lifecycle record count for this scaling operation
local-1786752604326628000,macmini-m2-macos26.5.2-rust1.97.1-aarch64-20260814,9d3ab807a08ef4cf1077dbc23213e2314ce37c87,MEASURED,1786752604331885000,lifecycle,aegis_key_lifecycle,ML-DSA-65,lifecycle_root,registry1,0,31,10,666,1000,7340032,true,root_computed,1,0,0,0,0,0,0,0,1,0,serialized_bytes column stores lifecycle record count for this scaling operation
local-1786752604326628000,macmini-m2-macos26.5.2-rust1.97.1-aarch64-20260814,9d3ab807a08ef4cf1077dbc23213e2314ce37c87,MEASURED,1786752604331888000,lifecycle,aegis_key_lifecycle,ML-DSA-65,lifecycle_root,registry1,0,32,10,666,2000,7340032,true,root_computed,1,0,0,0,0,0,0,0,1,0,serialized_bytes column stores lifecycle record count for this scaling operation
local-1786752604326628000,macmini-m2-macos26.5.2-rust1.97.1-aarch64-20260814,9d3ab807a08ef4cf1077dbc23213e2314ce37c87,MEASURED,1786752604331890000,lifecycle,aegis_key_lifecycle,ML-DSA-65,lifecycle_root,registry1,0,33,10,667,1000,7340032,true,root_computed,1,0,0,0,0,0,0,0,1,0,serialized_bytes column stores lifecycle record count for this scaling operation
local-1786752604326628000,macmini-m2-macos26.5.2-rust1.97.1-aarch64-20260814,9d3ab807a08ef4cf1077dbc23213e2314ce37c87,MEASURED,1786752604331892000,lifecycle,aegis_key_lifecycle,ML-DSA-65,lifecycle_root,registry1,0,34,10,709,1000,7340032,true,root_computed,1,0,0,0,0,0,0,0,1,0,serialized_bytes column stores lifecycle record count for this scaling operation
local-1786752604326628000,macmini-m2-macos26.5.2-rust1.97.1-aarch64-20260814,9d3ab807a08ef4cf1077dbc23213e2314ce37c87,MEASURED,1786752604331895000,lifecycle,aegis_key_lifecycle,ML-DSA-65,lifecycle_root,registry1,0,35,10,667,2000,7340032,true,root_computed,1,0,0,0,0,0,0,0,1,0,serialized_bytes column stores lifecycle record count for this scaling operation
local-1786752604326628000,macmini-m2-macos26.5.2-rust1.97.1-aarch64-20260814,9d3ab807a08ef4cf1077dbc23213e2314ce37c87,MEASURED,1786752604331897000,lifecycle,aegis_key_lifecycle,ML-DSA-65,lifecycle_root,registry1,0,36,10,666,0,7340032,true,root_computed,1,0,0,0,0,0,0,0,1,0,serialized_bytes column stores lifecycle record count for this scaling operation
local-1786752604326628000,macmini-m2-macos26.5.2-rust1.97.1-aarch64-20260814,9d3ab807a08ef4cf1077dbc23213e2314ce37c87,MEASURED,1786752604331900000,lifecycle,aegis_key_lifecycle,ML-DSA-65,lifecycle_root,registry1,0,37,10,709,0,7340032,true,root_computed,1,0,0,0,0,0,0,0,1,0,serialized_bytes column stores lifecycle record count for this scaling operation
local-1786752604326628000,macmini-m2-macos26.5.2-rust1.97.1-aarch64-20260814,9d3ab807a08ef4cf1077dbc23213e2314ce37c87,MEASURED,1786752604331902000,lifecycle,aegis_key_lifecycle,ML-DSA-65,lifecycle_root,registry1,0,38,10,667,1000,7340032,true,root_computed,1,0,0,0,0,0,0,0,1,0,serialized_bytes column stores lifecycle record count for this scaling operation
local-1786752604326628000,macmini-m2-macos26.5.2-rust1.97.1-aarch64-20260814,9d3ab807a08ef4cf1077dbc23213e2314ce37c87,MEASURED,1786752604331904000,lifecycle,aegis_key_lifecycle,ML-DSA-65,lifecycle_root,registry1,0,39,10,666,1000,7340032,true,root_computed,1,0,0,0,0,0,0,0,1,0,serialized_bytes column stores lifecycle record count for this scaling operation
local-1786752604326628000,macmini-m2-macos26.5.2-rust1.97.1-aarch64-20260814,9d3ab807a08ef4cf1077dbc23213e2314ce37c87,MEASURED,1786752604331907000,lifecycle,aegis_key_lifecycle,ML-DSA-65,lifecycle_root,registry1,0,40,10,666,1000,7340032,true,root_computed,1,0,0,0,0,0,0,0,1,0,serialized_bytes column stores lifecycle record count for this scaling operation
local-1786752604326628000,macmini-m2-macos26.5.2-rust1.97.1-aarch64-20260814,9d3ab807a08ef4cf1077dbc23213e2314ce37c87,MEASURED,1786752604331909000,lifecycle,aegis_key_lifecycle,ML-DSA-65,lifecycle_root,registry1,0,41,10,666,1000,7340032,true,root_computed,1,0,0,0,0,0,0,0,1,0,serialized_bytes column stores lifecycle record count for this scaling operation
local-1786752604326628000,macmini-m2-macos26.5.2-rust1.97.1-aarch64-20260814,9d3ab807a08ef4cf1077dbc23213e2314ce37c87,MEASURED,1786752604331912000,lifecycle,aegis_key_lifecycle,ML-DSA-65,lifecycle_root,registry1,0,42,10,667,1000,7340032,true,root_computed,1,0,0,0,0,0,0,0,1,0,serialized_bytes column stores lifecycle record count for this scaling operation
local-1786752604326628000,macmini-m2-macos26.5.2-rust1.97.1-aarch64-20260814,9d3ab807a08ef4cf1077dbc23213e2314ce37c87,MEASURED,1786752604331914000,lifecycle,aegis_key_lifecycle,ML-DSA-65,lifecycle_root,registry1,0,43,10,708,1000,7340032,true,root_computed,1,0,0,0,0,0,0,0,1,0,serialized_bytes column stores lifecycle record count for this scaling operation
local-1786752604326628000,macmini-m2-macos26.5.2-rust1.97.1-aarch64-20260814,9d3ab807a08ef4cf1077dbc23213e2314ce37c87,MEASURED,1786752604331916000,lifecycle,aegis_key_lifecycle,ML-DSA-65,lifecycle_root,registry1,0,44,10,666,1000,7340032,true,root_computed,1,0,0,0,0,0,0,0,1,0,serialized_bytes column stores lifecycle record count for this scaling operation
local-1786752604326628000,macmini-m2-macos26.5.2-rust1.97.1-aarch64-20260814,9d3ab807a08ef4cf1077dbc23213e2314ce37c87,MEASURED,1786752604331919000,lifecycle,aegis_key_lifecycle,ML-DSA-65,lifecycle_root,registry1,0,45,10,708,1000,7340032,true,root_computed,1,0,0,0,0,0,0,0,1,0,serialized_bytes column stores lifecycle record count for this scaling operation
local-1786752604326628000,macmini-m2-macos26.5.2-rust1.97.1-aarch64-20260814,9d3ab807a08ef4cf1077dbc23213e2314ce37c87,MEASURED,1786752604331921000,lifecycle,aegis_key_lifecycle,ML-DSA-65,lifecycle_root,registry1,0,46,10,667,1000,7340032,true,root_computed,1,0,0,0,0,0,0,0,1,0,serialized_bytes column stores lifecycle record count for this scaling operation
local-1786752604326628000,macmini-m2-macos26.5.2-rust1.97.1-aarch64-20260814,9d3ab807a08ef4cf1077dbc23213e2314ce37c87,MEASURED,1786752604331924000,lifecycle,aegis_key_lifecycle,ML-DSA-65,lifecycle_root,registry1,0,47,10,709,0,7340032,true,root_computed,1,0,0,0,0,0,0,0,1,0,serialized_bytes column stores lifecycle record count for this scaling operation
local-1786752604326628000,macmini-m2-macos26.5.2-rust1.97.1-aarch64-20260814,9d3ab807a08ef4cf1077dbc23213e2314ce37c87,MEASURED,1786752604331926000,lifecycle,aegis_key_lifecycle,ML-DSA-65,lifecycle_root,registry1,0,48,10,667,0,7340032,true,root_computed,1,0,0,0,0,0,0,0,1,0,serialized_bytes column stores lifecycle record count for this scaling operation
local-1786752604326628000,macmini-m2-macos26.5.2-rust1.97.1-aarch64-20260814,9d3ab807a08ef4cf1077dbc23213e2314ce37c87,MEASURED,1786752604331933000,lifecycle,aegis_key_lifecycle,ML-DSA-65,lifecycle_root,registry1,0,49,10,750,1000,7340032,true,root_computed,1,0,0,0,0,0,0,0,1,0,serialized_bytes column stores lifecycle record count for this scaling operation
local-1786752604326628000,macmini-m2-macos26.5.2-rust1.97.1-aarch64-20260814,9d3ab807a08ef4cf1077dbc23213e2314ce37c87,MEASURED,1786752604331936000,lifecycle,aegis_key_lifecycle,ML-DSA-65,lifecycle_root,registry1,0,50,10,667,1000,7340032,true,root_computed,1,0,0,0,0,0,0,0,1,0,serialized_bytes column stores lifecycle record count for this scaling operation
local-1786752604326628000,macmini-m2-macos26.5.2-rust1.97.1-aarch64-20260814,9d3ab807a08ef4cf1077dbc23213e2314ce37c87,MEASURED,1786752604331938000,lifecycle,aegis_key_lifecycle,ML-DSA-65,lifecycle_root,registry1,0,51,10,667,2000,7340032,true,root_computed,1,0,0,0,0,0,0,0,1,0,serialized_bytes column stores lifecycle record count for this scaling operation
local-1786752604326628000,macmini-m2-macos26.5.2-rust1.97.1-aarch64-20260814,9d3ab807a08ef4cf1077dbc23213e2314ce37c87,MEASURED,1786752604331940000,lifecycle,aegis_key_lifecycle,ML-DSA-65,lifecycle_root,registry1,0,52,10,666,1000,7340032,true,root_computed,1,0,0,0,0,0,0,0,1,0,serialized_bytes column stores lifecycle record count for this scaling operation
local-1786752604326628000,macmini-m2-macos26.5.2-rust1.97.1-aarch64-20260814,9d3ab807a08ef4cf1077dbc23213e2314ce37c87,MEASURED,1786752604331942000,lifecycle,aegis_key_lifecycle,ML-DSA-65,lifecycle_root,registry1,0,53,10,625,1000,7340032,true,root_computed,1,0,0,0,0,0,0,0,1,0,serialized_bytes column stores lifecycle record count for this scaling operation
local-1786752604326628000,macmini-m2-macos26.5.2-rust1.97.1-aarch64-20260814,9d3ab807a08ef4cf1077dbc23213e2314ce37c87,MEASURED,1786752604331945000,lifecycle,aegis_key_lifecycle,ML-DSA-65,lifecycle_root,registry1,0,54,10,666,2000,7340032,true,root_computed,1,0,0,0,0,0,0,0,1,0,serialized_bytes column stores lifecycle record count for this scaling operation
local-1786752604326628000,macmini-m2-macos26.5.2-rust1.97.1-aarch64-20260814,9d3ab807a08ef4cf1077dbc23213e2314ce37c87,MEASURED,1786752604331947000,lifecycle,aegis_key_lifecycle,ML-DSA-65,lifecycle_root,registry1,0,55,10,625,1000,7340032,true,root_computed,1,0,0,0,0,0,0,0,1,0,serialized_bytes column stores lifecycle record count for this scaling operation
local-1786752604326628000,macmini-m2-macos26.5.2-rust1.97.1-aarch64-20260814,9d3ab807a08ef4cf1077dbc23213e2314ce37c87,MEASURED,1786752604331949000,lifecycle,aegis_key_lifecycle,ML-DSA-65,lifecycle_root,registry1,0,56,10,625,1000,7340032,true,root_computed,1,0,0,0,0,0,0,0,1,0,serialized_bytes column stores lifecycle record count for this scaling operation
local-1786752604326628000,macmini-m2-macos26.5.2-rust1.97.1-aarch64-20260814,9d3ab807a08ef4cf1077dbc23213e2314ce37c87,MEASURED,1786752604331952000,lifecycle,aegis_key_lifecycle,ML-DSA-65,lifecycle_root,registry1,0,57,10,625,1000,7340032,true,root_computed,1,0,0,0,0,0,0,0,1,0,serialized_bytes column stores lifecycle record count for this scaling operation
local-1786752604326628000,macmini-m2-macos26.5.2-rust1.97.1-aarch64-20260814,9d3ab807a08ef4cf1077dbc23213e2314ce37c87,MEASURED,1786752604331954000,lifecycle,aegis_key_lifecycle,ML-DSA-65,lifecycle_root,registry1,0,58,10,625,1000,7340032,true,root_computed,1,0,0,0,0,0,0,0,1,0,serialized_bytes column stores lifecycle record count for this scaling operation
local-1786752604326628000,macmini-m2-macos26.5.2-rust1.97.1-aarch64-20260814,9d3ab807a08ef4cf1077dbc23213e2314ce37c87,MEASURED,1786752604331956000,lifecycle,aegis_key_lifecycle,ML-DSA-65,lifecycle_root,registry1,0,59,10,666,1000,7340032,true,root_computed,1,0,0,0,0,0,0,0,1,0,serialized_bytes column stores lifecycle record count for this scaling operation
local-1786752604326628000,macmini-m2-macos26.5.2-rust1.97.1-aarch64-20260814,9d3ab807a08ef4cf1077dbc23213e2314ce37c87,MEASURED,1786752604331959000,lifecycle,aegis_key_lifecycle,ML-DSA-65,lifecycle_root,registry1,0,60,10,667,1000,7340032,true,root_computed,1,0,0,0,0,0,0,0,1,0,serialized_bytes column stores lifecycle record count for this scaling operation
local-1786752604326628000,macmini-m2-macos26.5.2-rust1.97.1-aarch64-20260814,9d3ab807a08ef4cf1077dbc23213e2314ce37c87,MEASURED,1786752604331961000,lifecycle,aegis_key_lifecycle,ML-DSA-65,lifecycle_root,registry1,0,61,10,667,1000,7340032,true,root_computed,1,0,0,0,0,0,0,0,1,0,serialized_bytes column stores lifecycle record count for this scaling operation
local-1786752604326628000,macmini-m2-macos26.5.2-rust1.97.1-aarch64-20260814,9d3ab807a08ef4cf1077dbc23213e2314ce37c87,MEASURED,1786752604331963000,lifecycle,aegis_key_lifecycle,ML-DSA-65,lifecycle_root,registry1,0,62,10,666,0,7340032,true,root_computed,1,0,0,0,0,0,0,0,1,0,serialized_bytes column stores lifecycle record count for this scaling operation
local-1786752604326628000,macmini-m2-macos26.5.2-rust1.97.1-aarch64-20260814,9d3ab807a08ef4cf1077dbc23213e2314ce37c87,MEASURED,1786752604331966000,lifecycle,aegis_key_lifecycle,ML-DSA-65,lifecycle_root,registry1,0,63,10,667,0,7340032,true,root_computed,1,0,0,0,0,0,0,0,1,0,serialized_bytes column stores lifecycle record count for this scaling operation
local-1786752604326628000,macmini-m2-macos26.5.2-rust1.97.1-aarch64-20260814,9d3ab807a08ef4cf1077dbc23213e2314ce37c87,MEASURED,1786752604331968000,lifecycle,aegis_key_lifecycle,ML-DSA-65,lifecycle_root,registry1,0,64,10,666,1000,7340032,true,root_computed,1,0,0,0,0,0,0,0,1,0,serialized_bytes column stores lifecycle record count for this scaling operation
local-1786752604326628000,macmini-m2-macos26.5.2-rust1.97.1-aarch64-20260814,9d3ab807a08ef4cf1077dbc23213e2314ce37c87,MEASURED,1786752604331970000,lifecycle,aegis_key_lifecycle,ML-DSA-65,lifecycle_root,registry1,0,65,10,667,0,7340032,true,root_computed,1,0,0,0,0,0,0,0,1,0,serialized_bytes column stores lifecycle record count for this scaling operation
local-1786752604326628000,macmini-m2-macos26.5.2-rust1.97.1-aarch64-20260814,9d3ab807a08ef4cf1077dbc23213e2314ce37c87,MEASURED,1786752604331973000,lifecycle,aegis_key_lifecycle,ML-DSA-65,lifecycle_root,registry1,0,66,10,667,0,7340032,true,root_computed,1,0,0,0,0,0,0,0,1,0,serialized_bytes column stores lifecycle record count for this scaling operation
local-1786752604326628000,macmini-m2-macos26.5.2-rust1.97.1-aarch64-20260814,9d3ab807a08ef4cf1077dbc23213e2314ce37c87,MEASURED,1786752604331975000,lifecycle,aegis_key_lifecycle,ML-DSA-65,lifecycle_root,registry1,0,67,10,666,1000,7340032,true,root_computed,1,0,0,0,0,0,0,0,1,0,serialized_bytes column stores lifecycle record count for this scaling operation
local-1786752604326628000,macmini-m2-macos26.5.2-rust1.97.1-aarch64-20260814,9d3ab807a08ef4cf1077dbc23213e2314ce37c87,MEASURED,1786752604331977000,lifecycle,aegis_key_lifecycle,ML-DSA-65,lifecycle_root,registry1,0,68,10,667,0,7340032,true,root_computed,1,0,0,0,0,0,0,0,1,0,serialized_bytes column stores lifecycle record count for this scaling operation
local-1786752604326628000,macmini-m2-macos26.5.2-rust1.97.1-aarch64-20260814,9d3ab807a08ef4cf1077dbc23213e2314ce37c87,MEASURED,1786752604331980000,lifecycle,aegis_key_lifecycle,ML-DSA-65,lifecycle_root,registry1,0,69,10,625,0,7340032,true,root_computed,1,0,0,0,0,0,0,0,1,0,serialized_bytes column stores lifecycle record count for this scaling operation
local-1786752604326628000,macmini-m2-macos26.5.2-rust1.97.1-aarch64-20260814,9d3ab807a08ef4cf1077dbc23213e2314ce37c87,MEASURED,1786752604331982000,lifecycle,aegis_key_lifecycle,ML-DSA-65,lifecycle_root,registry1,0,70,10,625,1000,7340032,true,root_computed,1,0,0,0,0,0,0,0,1,0,serialized_bytes column stores lifecycle record count for this scaling operation
local-1786752604326628000,macmini-m2-macos26.5.2-rust1.97.1-aarch64-20260814,9d3ab807a08ef4cf1077dbc23213e2314ce37c87,MEASURED,1786752604331984000,lifecycle,aegis_key_lifecycle,ML-DSA-65,lifecycle_root,registry1,0,71,10,625,0,7340032,true,root_computed,1,0,0,0,0,0,0,0,1,0,serialized_bytes column stores lifecycle record count for this scaling operation
local-1786752604326628000,macmini-m2-macos26.5.2-rust1.97.1-aarch64-20260814,9d3ab807a08ef4cf1077dbc23213e2314ce37c87,MEASURED,1786752604331991000,lifecycle,aegis_key_lifecycle,ML-DSA-65,lifecycle_root,registry1,0,72,10,750,1000,7340032,true,root_computed,1,0,0,0,0,0,0,0,1,0,serialized_bytes column stores lifecycle record count for this scaling operation
local-1786752604326628000,macmini-m2-macos26.5.2-rust1.97.1-aarch64-20260814,9d3ab807a08ef4cf1077dbc23213e2314ce37c87,MEASURED,1786752604331993000,lifecycle,aegis_key_lifecycle,ML-DSA-65,lifecycle_root,registry1,0,73,10,667,1000,7340032,true,root_computed,1,0,0,0,0,0,0,0,1,0,serialized_bytes column stores lifecycle record count for this scaling operation
local-1786752604326628000,macmini-m2-macos26.5.2-rust1.97.1-aarch64-20260814,9d3ab807a08ef4cf1077dbc23213e2314ce37c87,MEASURED,1786752604331996000,lifecycle,aegis_key_lifecycle,ML-DSA-65,lifecycle_root,registry1,0,74,10,666,1000,7340032,true,root_computed,1,0,0,0,0,0,0,0,1,0,serialized_bytes column stores lifecycle record count for this scaling operation
local-1786752604326628000,macmini-m2-macos26.5.2-rust1.97.1-aarch64-20260814,9d3ab807a08ef4cf1077dbc23213e2314ce37c87,MEASURED,1786752604331998000,lifecycle,aegis_key_lifecycle,ML-DSA-65,lifecycle_root,registry1,0,75,10,625,1000,7340032,true,root_computed,1,0,0,0,0,0,0,0,1,0,serialized_bytes column stores lifecycle record count for this scaling operation
local-1786752604326628000,macmini-m2-macos26.5.2-rust1.97.1-aarch64-20260814,9d3ab807a08ef4cf1077dbc23213e2314ce37c87,MEASURED,1786752604332000000,lifecycle,aegis_key_lifecycle,ML-DSA-65,lifecycle_root,registry1,0,76,10,667,1000,7340032,true,root_computed,1,0,0,0,0,0,0,0,1,0,serialized_bytes column stores lifecycle record count for this scaling operation
local-1786752604326628000,macmini-m2-macos26.5.2-rust1.97.1-aarch64-20260814,9d3ab807a08ef4cf1077dbc23213e2314ce37c87,MEASURED,1786752604332003000,lifecycle,aegis_key_lifecycle,ML-DSA-65,lifecycle_root,registry1,0,77,10,667,1000,7340032,true,root_computed,1,0,0,0,0,0,0,0,1,0,serialized_bytes column stores lifecycle record count for this scaling operation
local-1786752604326628000,macmini-m2-macos26.5.2-rust1.97.1-aarch64-20260814,9d3ab807a08ef4cf1077dbc23213e2314ce37c87,MEASURED,1786752604332005000,lifecycle,aegis_key_lifecycle,ML-DSA-65,lifecycle_root,registry1,0,78,10,666,1000,7340032,true,root_computed,1,0,0,0,0,0,0,0,1,0,serialized_bytes column stores lifecycle record count for this scaling operation
local-1786752604326628000,macmini-m2-macos26.5.2-rust1.97.1-aarch64-20260814,9d3ab807a08ef4cf1077dbc23213e2314ce37c87,MEASURED,1786752604332007000,lifecycle,aegis_key_lifecycle,ML-DSA-65,lifecycle_root,registry1,0,79,10,708,2000,7340032,true,root_computed,1,0,0,0,0,0,0,0,1,0,serialized_bytes column stores lifecycle record count for this scaling operation
local-1786752604326628000,macmini-m2-macos26.5.2-rust1.97.1-aarch64-20260814,9d3ab807a08ef4cf1077dbc23213e2314ce37c87,MEASURED,1786752604332010000,lifecycle,aegis_key_lifecycle,ML-DSA-65,lifecycle_root,registry1,0,80,10,667,1000,7340032,true,root_computed,1,0,0,0,0,0,0,0,1,0,serialized_bytes column stores lifecycle record count for this scaling operation
local-1786752604326628000,macmini-m2-macos26.5.2-rust1.97.1-aarch64-20260814,9d3ab807a08ef4cf1077dbc23213e2314ce37c87,MEASURED,1786752604332012000,lifecycle,aegis_key_lifecycle,ML-DSA-65,lifecycle_root,registry1,0,81,10,666,1000,7340032,true,root_computed,1,0,0,0,0,0,0,0,1,0,serialized_bytes column stores lifecycle record count for this scaling operation
local-1786752604326628000,macmini-m2-macos26.5.2-rust1.97.1-aarch64-20260814,9d3ab807a08ef4cf1077dbc23213e2314ce37c87,MEASURED,1786752604332014000,lifecycle,aegis_key_lifecycle,ML-DSA-65,lifecycle_root,registry1,0,82,10,667,2000,7340032,true,root_computed,1,0,0,0,0,0,0,0,1,0,serialized_bytes column stores lifecycle record count for this scaling operation
local-1786752604326628000,macmini-m2-macos26.5.2-rust1.97.1-aarch64-20260814,9d3ab807a08ef4cf1077dbc23213e2314ce37c87,MEASURED,1786752604332017000,lifecycle,aegis_key_lifecycle,ML-DSA-65,lifecycle_root,registry1,0,83,10,667,1000,7340032,true,root_computed,1,0,0,0,0,0,0,0,1,0,serialized_bytes column stores lifecycle record count for this scaling operation
local-1786752604326628000,macmini-m2-macos26.5.2-rust1.97.1-aarch64-20260814,9d3ab807a08ef4cf1077dbc23213e2314ce37c87,MEASURED,1786752604332019000,lifecycle,aegis_key_lifecycle,ML-DSA-65,lifecycle_root,registry1,0,84,10,708,1000,7340032,true,root_computed,1,0,0,0,0,0,0,0,1,0,serialized_bytes column stores lifecycle record count for this scaling operation
local-1786752604326628000,macmini-m2-macos26.5.2-rust1.97.1-aarch64-20260814,9d3ab807a08ef4cf1077dbc23213e2314ce37c87,MEASURED,1786752604332021000,lifecycle,aegis_key_lifecycle,ML-DSA-65,lifecycle_root,registry1,0,85,10,667,1000,7340032,true,root_computed,1,0,0,0,0,0,0,0,1,0,serialized_bytes column stores lifecycle record count for this scaling operation
local-1786752604326628000,macmini-m2-macos26.5.2-rust1.97.1-aarch64-20260814,9d3ab807a08ef4cf1077dbc23213e2314ce37c87,MEASURED,1786752604332024000,lifecycle,aegis_key_lifecycle,ML-DSA-65,lifecycle_root,registry1,0,86,10,667,1000,7340032,true,root_computed,1,0,0,0,0,0,0,0,1,0,serialized_bytes column stores lifecycle record count for this scaling operation
local-1786752604326628000,macmini-m2-macos26.5.2-rust1.97.1-aarch64-20260814,9d3ab807a08ef4cf1077dbc23213e2314ce37c87,MEASURED,1786752604332026000,lifecycle,aegis_key_lifecycle,ML-DSA-65,lifecycle_root,registry1,0,87,10,667,1000,7340032,true,root_computed,1,0,0,0,0,0,0,0,1,0,serialized_bytes column stores lifecycle record count for this scaling operation
local-1786752604326628000,macmini-m2-macos26.5.2-rust1.97.1-aarch64-20260814,9d3ab807a08ef4cf1077dbc23213e2314ce37c87,MEASURED,1786752604332028000,lifecycle,aegis_key_lifecycle,ML-DSA-65,lifecycle_root,registry1,0,88,10,667,1000,7340032,true,root_computed,1,0,0,0,0,0,0,0,1,0,serialized_bytes column stores lifecycle record count for this scaling operation
local-1786752604326628000,macmini-m2-macos26.5.2-rust1.97.1-aarch64-20260814,9d3ab807a08ef4cf1077dbc23213e2314ce37c87,MEASURED,1786752604332031000,lifecycle,aegis_key_lifecycle,ML-DSA-65,lifecycle_root,registry1,0,89,10,667,2000,7340032,true,root_computed,1,0,0,0,0,0,0,0,1,0,serialized_bytes column stores lifecycle record count for this scaling operation
local-1786752604326628000,macmini-m2-macos26.5.2-rust1.97.1-aarch64-20260814,9d3ab807a08ef4cf1077dbc23213e2314ce37c87,MEASURED,1786752604332033000,lifecycle,aegis_key_lifecycle,ML-DSA-65,lifecycle_root,registry1,0,90,10,666,1000,7340032,true,root_computed,1,0,0,0,0,0,0,0,1,0,serialized_bytes column stores lifecycle record count for this scaling operation
local-1786752604326628000,macmini-m2-macos26.5.2-rust1.97.1-aarch64-20260814,9d3ab807a08ef4cf1077dbc23213e2314ce37c87,MEASURED,1786752604332035000,lifecycle,aegis_key_lifecycle,ML-DSA-65,lifecycle_root,registry1,0,91,10,625,1000,7340032,true,root_computed,1,0,0,0,0,0,0,0,1,0,serialized_bytes column stores lifecycle record count for this scaling operation
local-1786752604326628000,macmini-m2-macos26.5.2-rust1.97.1-aarch64-20260814,9d3ab807a08ef4cf1077dbc23213e2314ce37c87,MEASURED,1786752604332037000,lifecycle,aegis_key_lifecycle,ML-DSA-65,lifecycle_root,registry1,0,92,10,625,2000,7340032,true,root_computed,1,0,0,0,0,0,0,0,1,0,serialized_bytes column stores lifecycle record count for this scaling operation
local-1786752604326628000,macmini-m2-macos26.5.2-rust1.97.1-aarch64-20260814,9d3ab807a08ef4cf1077dbc23213e2314ce37c87,MEASURED,1786752604332040000,lifecycle,aegis_key_lifecycle,ML-DSA-65,lifecycle_root,registry1,0,93,10,667,1000,7340032,true,root_computed,1,0,0,0,0,0,0,0,1,0,serialized_bytes column stores lifecycle record count for this scaling operation
local-1786752604326628000,macmini-m2-macos26.5.2-rust1.97.1-aarch64-20260814,9d3ab807a08ef4cf1077dbc23213e2314ce37c87,MEASURED,1786752604332046000,lifecycle,aegis_key_lifecycle,ML-DSA-65,lifecycle_root,registry1,0,94,10,750,1000,7340032,true,root_computed,1,0,0,0,0,0,0,0,1,0,serialized_bytes column stores lifecycle record count for this scaling operation
local-1786752604326628000,macmini-m2-macos26.5.2-rust1.97.1-aarch64-20260814,9d3ab807a08ef4cf1077dbc23213e2314ce37c87,MEASURED,1786752604332049000,lifecycle,aegis_key_lifecycle,ML-DSA-65,lifecycle_root,registry1,0,95,10,625,1000,7340032,true,root_computed,1,0,0,0,0,0,0,0,1,0,serialized_bytes column stores lifecycle record count for this scaling operation
local-1786752604326628000,macmini-m2-macos26.5.2-rust1.97.1-aarch64-20260814,9d3ab807a08ef4cf1077dbc23213e2314ce37c87,MEASURED,1786752604332051000,lifecycle,aegis_key_lifecycle,ML-DSA-65,lifecycle_root,registry1,0,96,10,667,2000,7340032,true,root_computed,1,0,0,0,0,0,0,0,1,0,serialized_bytes column stores lifecycle record count for this scaling operation
local-1786752604326628000,macmini-m2-macos26.5.2-rust1.97.1-aarch64-20260814,9d3ab807a08ef4cf1077dbc23213e2314ce37c87,MEASURED,1786752604332053000,lifecycle,aegis_key_lifecycle,ML-DSA-65,lifecycle_root,registry1,0,97,10,625,0,7340032,true,root_computed,1,0,0,0,0,0,0,0,1,0,serialized_bytes column stores lifecycle record count for this scaling operation
local-1786752604326628000,macmini-m2-macos26.5.2-rust1.97.1-aarch64-20260814,9d3ab807a08ef4cf1077dbc23213e2314ce37c87,MEASURED,1786752604332056000,lifecycle,aegis_key_lifecycle,ML-DSA-65,lifecycle_root,registry1,0,98,10,667,0,7340032,true,root_computed,1,0,0,0,0,0,0,0,1,0,serialized_bytes column stores lifecycle record count for this scaling operation
local-1786752604326628000,macmini-m2-macos26.5.2-rust1.97.1-aarch64-20260814,9d3ab807a08ef4cf1077dbc23213e2314ce37c87,MEASURED,1786752604332058000,lifecycle,aegis_key_lifecycle,ML-DSA-65,lifecycle_root,registry1,0,99,10,708,1000,7340032,true,root_computed,1,0,0,0,0,0,0,0,1,0,serialized_bytes column stores lifecycle record count for this scaling operation
local-1786752604326628000,macmini-m2-macos26.5.2-rust1.97.1-aarch64-20260814,9d3ab807a08ef4cf1077dbc23213e2314ce37c87,MEASURED,1786752604333228000,lifecycle,aegis_key_lifecycle,ML-DSA-65,lifecycle_root,registry10,0,0,10,4625,5000,7618560,true,root_computed,1,0,0,0,0,0,0,0,10,0,serialized_bytes column stores lifecycle record count for this scaling operation
local-1786752604326628000,macmini-m2-macos26.5.2-rust1.97.1-aarch64-20260814,9d3ab807a08ef4cf1077dbc23213e2314ce37c87,MEASURED,1786752604333235000,lifecycle,aegis_key_lifecycle,ML-DSA-65,lifecycle_root,registry10,0,1,10,4417,5000,7618560,true,root_computed,1,0,0,0,0,0,0,0,10,0,serialized_bytes column stores lifecycle record count for this scaling operation
local-1786752604326628000,macmini-m2-macos26.5.2-rust1.97.1-aarch64-20260814,9d3ab807a08ef4cf1077dbc23213e2314ce37c87,MEASURED,1786752604333242000,lifecycle,aegis_key_lifecycle,ML-DSA-65,lifecycle_root,registry10,0,2,10,4375,4000,7618560,true,root_computed,1,0,0,0,0,0,0,0,10,0,serialized_bytes column stores lifecycle record count for this scaling operation
local-1786752604326628000,macmini-m2-macos26.5.2-rust1.97.1-aarch64-20260814,9d3ab807a08ef4cf1077dbc23213e2314ce37c87,MEASURED,1786752604333248000,lifecycle,aegis_key_lifecycle,ML-DSA-65,lifecycle_root,registry10,0,3,10,4333,4000,7618560,true,root_computed,1,0,0,0,0,0,0,0,10,0,serialized_bytes column stores lifecycle record count for this scaling operation
local-1786752604326628000,macmini-m2-macos26.5.2-rust1.97.1-aarch64-20260814,9d3ab807a08ef4cf1077dbc23213e2314ce37c87,MEASURED,1786752604333254000,lifecycle,aegis_key_lifecycle,ML-DSA-65,lifecycle_root,registry10,0,4,10,4292,6000,7618560,true,root_computed,1,0,0,0,0,0,0,0,10,0,serialized_bytes column stores lifecycle record count for this scaling operation
local-1786752604326628000,macmini-m2-macos26.5.2-rust1.97.1-aarch64-20260814,9d3ab807a08ef4cf1077dbc23213e2314ce37c87,MEASURED,1786752604333260000,lifecycle,aegis_key_lifecycle,ML-DSA-65,lifecycle_root,registry10,0,5,10,4333,4000,7618560,true,root_computed,1,0,0,0,0,0,0,0,10,0,serialized_bytes column stores lifecycle record count for this scaling operation
local-1786752604326628000,macmini-m2-macos26.5.2-rust1.97.1-aarch64-20260814,9d3ab807a08ef4cf1077dbc23213e2314ce37c87,MEASURED,1786752604333266000,lifecycle,aegis_key_lifecycle,ML-DSA-65,lifecycle_root,registry10,0,6,10,4292,4000,7618560,true,root_computed,1,0,0,0,0,0,0,0,10,0,serialized_bytes column stores lifecycle record count for this scaling operation
local-1786752604326628000,macmini-m2-macos26.5.2-rust1.97.1-aarch64-20260814,9d3ab807a08ef4cf1077dbc23213e2314ce37c87,MEASURED,1786752604333272000,lifecycle,aegis_key_lifecycle,ML-DSA-65,lifecycle_root,registry10,0,7,10,4334,6000,7618560,true,root_computed,1,0,0,0,0,0,0,0,10,0,serialized_bytes column stores lifecycle record count for this scaling operation
local-1786752604326628000,macmini-m2-macos26.5.2-rust1.97.1-aarch64-20260814,9d3ab807a08ef4cf1077dbc23213e2314ce37c87,MEASURED,1786752604333278000,lifecycle,aegis_key_lifecycle,ML-DSA-65,lifecycle_root,registry10,0,8,10,4375,4000,7618560,true,root_computed,1,0,0,0,0,0,0,0,10,0,serialized_bytes column stores lifecycle record count for this scaling operation
local-1786752604326628000,macmini-m2-macos26.5.2-rust1.97.1-aarch64-20260814,9d3ab807a08ef4cf1077dbc23213e2314ce37c87,MEASURED,1786752604333284000,lifecycle,aegis_key_lifecycle,ML-DSA-65,lifecycle_root,registry10,0,9,10,4333,4000,7618560,true,root_computed,1,0,0,0,0,0,0,0,10,0,serialized_bytes column stores lifecycle record count for this scaling operation
local-1786752604326628000,macmini-m2-macos26.5.2-rust1.97.1-aarch64-20260814,9d3ab807a08ef4cf1077dbc23213e2314ce37c87,MEASURED,1786752604333290000,lifecycle,aegis_key_lifecycle,ML-DSA-65,lifecycle_root,registry10,0,10,10,4333,5000,7618560,true,root_computed,1,0,0,0,0,0,0,0,10,0,serialized_bytes column stores lifecycle record count for this scaling operation
local-1786752604326628000,macmini-m2-macos26.5.2-rust1.97.1-aarch64-20260814,9d3ab807a08ef4cf1077dbc23213e2314ce37c87,MEASURED,1786752604333296000,lifecycle,aegis_key_lifecycle,ML-DSA-65,lifecycle_root,registry10,0,11,10,4375,4000,7618560,true,root_computed,1,0,0,0,0,0,0,0,10,0,serialized_bytes column stores lifecycle record count for this scaling operation
local-1786752604326628000,macmini-m2-macos26.5.2-rust1.97.1-aarch64-20260814,9d3ab807a08ef4cf1077dbc23213e2314ce37c87,MEASURED,1786752604333302000,lifecycle,aegis_key_lifecycle,ML-DSA-65,lifecycle_root,registry10,0,12,10,4333,4000,7618560,true,root_computed,1,0,0,0,0,0,0,0,10,0,serialized_bytes column stores lifecycle record count for this scaling operation
local-1786752604326628000,macmini-m2-macos26.5.2-rust1.97.1-aarch64-20260814,9d3ab807a08ef4cf1077dbc23213e2314ce37c87,MEASURED,1786752604333308000,lifecycle,aegis_key_lifecycle,ML-DSA-65,lifecycle_root,registry10,0,13,10,4334,5000,7618560,true,root_computed,1,0,0,0,0,0,0,0,10,0,serialized_bytes column stores lifecycle record count for this scaling operation
local-1786752604326628000,macmini-m2-macos26.5.2-rust1.97.1-aarch64-20260814,9d3ab807a08ef4cf1077dbc23213e2314ce37c87,MEASURED,1786752604333314000,lifecycle,aegis_key_lifecycle,ML-DSA-65,lifecycle_root,registry10,0,14,10,4416,5000,7618560,true,root_computed,1,0,0,0,0,0,0,0,10,0,serialized_bytes column stores lifecycle record count for this scaling operation
local-1786752604326628000,macmini-m2-macos26.5.2-rust1.97.1-aarch64-20260814,9d3ab807a08ef4cf1077dbc23213e2314ce37c87,MEASURED,1786752604333320000,lifecycle,aegis_key_lifecycle,ML-DSA-65,lifecycle_root,registry10,0,15,10,4292,4000,7618560,true,root_computed,1,0,0,0,0,0,0,0,10,0,serialized_bytes column stores lifecycle record count for this scaling operation
local-1786752604326628000,macmini-m2-macos26.5.2-rust1.97.1-aarch64-20260814,9d3ab807a08ef4cf1077dbc23213e2314ce37c87,MEASURED,1786752604333333000,lifecycle,aegis_key_lifecycle,ML-DSA-65,lifecycle_root,registry10,0,16,10,4750,4000,7618560,true,root_computed,1,0,0,0,0,0,0,0,10,0,serialized_bytes column stores lifecycle record count for this scaling operation
local-1786752604326628000,macmini-m2-macos26.5.2-rust1.97.1-aarch64-20260814,9d3ab807a08ef4cf1077dbc23213e2314ce37c87,MEASURED,1786752604333339000,lifecycle,aegis_key_lifecycle,ML-DSA-65,lifecycle_root,registry10,0,17,10,4500,4000,7618560,true,root_computed,1,0,0,0,0,0,0,0,10,0,serialized_bytes column stores lifecycle record count for this scaling operation
local-1786752604326628000,macmini-m2-macos26.5.2-rust1.97.1-aarch64-20260814,9d3ab807a08ef4cf1077dbc23213e2314ce37c87,MEASURED,1786752604333345000,lifecycle,aegis_key_lifecycle,ML-DSA-65,lifecycle_root,registry10,0,18,10,4333,4000,7618560,true,root_computed,1,0,0,0,0,0,0,0,10,0,serialized_bytes column stores lifecycle record count for this scaling operation
local-1786752604326628000,macmini-m2-macos26.5.2-rust1.97.1-aarch64-20260814,9d3ab807a08ef4cf1077dbc23213e2314ce37c87,MEASURED,1786752604333351000,lifecycle,aegis_key_lifecycle,ML-DSA-65,lifecycle_root,registry10,0,19,10,4416,5000,7618560,true,root_computed,1,0,0,0,0,0,0,0,10,0,serialized_bytes column stores lifecycle record count for this scaling operation
local-1786752604326628000,macmini-m2-macos26.5.2-rust1.97.1-aarch64-20260814,9d3ab807a08ef4cf1077dbc23213e2314ce37c87,MEASURED,1786752604333357000,lifecycle,aegis_key_lifecycle,ML-DSA-65,lifecycle_root,registry10,0,20,10,4417,4000,7618560,true,root_computed,1,0,0,0,0,0,0,0,10,0,serialized_bytes column stores lifecycle record count for this scaling operation
local-1786752604326628000,macmini-m2-macos26.5.2-rust1.97.1-aarch64-20260814,9d3ab807a08ef4cf1077dbc23213e2314ce37c87,MEASURED,1786752604333363000,lifecycle,aegis_key_lifecycle,ML-DSA-65,lifecycle_root,registry10,0,21,10,4375,4000,7618560,true,root_computed,1,0,0,0,0,0,0,0,10,0,serialized_bytes column stores lifecycle record count for this scaling operation
local-1786752604326628000,macmini-m2-macos26.5.2-rust1.97.1-aarch64-20260814,9d3ab807a08ef4cf1077dbc23213e2314ce37c87,MEASURED,1786752604333369000,lifecycle,aegis_key_lifecycle,ML-DSA-65,lifecycle_root,registry10,0,22,10,4417,5000,7618560,true,root_computed,1,0,0,0,0,0,0,0,10,0,serialized_bytes column stores lifecycle record count for this scaling operation
local-1786752604326628000,macmini-m2-macos26.5.2-rust1.97.1-aarch64-20260814,9d3ab807a08ef4cf1077dbc23213e2314ce37c87,MEASURED,1786752604333376000,lifecycle,aegis_key_lifecycle,ML-DSA-65,lifecycle_root,registry10,0,23,10,4500,5000,7618560,true,root_computed,1,0,0,0,0,0,0,0,10,0,serialized_bytes column stores lifecycle record count for this scaling operation
local-1786752604326628000,macmini-m2-macos26.5.2-rust1.97.1-aarch64-20260814,9d3ab807a08ef4cf1077dbc23213e2314ce37c87,MEASURED,1786752604333382000,lifecycle,aegis_key_lifecycle,ML-DSA-65,lifecycle_root,registry10,0,24,10,4375,4000,7618560,true,root_computed,1,0,0,0,0,0,0,0,10,0,serialized_bytes column stores lifecycle record count for this scaling operation
local-1786752604326628000,macmini-m2-macos26.5.2-rust1.97.1-aarch64-20260814,9d3ab807a08ef4cf1077dbc23213e2314ce37c87,MEASURED,1786752604333388000,lifecycle,aegis_key_lifecycle,ML-DSA-65,lifecycle_root,registry10,0,25,10,4375,4000,7618560,true,root_computed,1,0,0,0,0,0,0,0,10,0,serialized_bytes column stores lifecycle record count for this scaling operation
local-1786752604326628000,macmini-m2-macos26.5.2-rust1.97.1-aarch64-20260814,9d3ab807a08ef4cf1077dbc23213e2314ce37c87,MEASURED,1786752604333394000,lifecycle,aegis_key_lifecycle,ML-DSA-65,lifecycle_root,registry10,0,26,10,4417,5000,7618560,true,root_computed,1,0,0,0,0,0,0,0,10,0,serialized_bytes column stores lifecycle record count for this scaling operation
local-1786752604326628000,macmini-m2-macos26.5.2-rust1.97.1-aarch64-20260814,9d3ab807a08ef4cf1077dbc23213e2314ce37c87,MEASURED,1786752604333400000,lifecycle,aegis_key_lifecycle,ML-DSA-65,lifecycle_root,registry10,0,27,10,4459,5000,7618560,true,root_computed,1,0,0,0,0,0,0,0,10,0,serialized_bytes column stores lifecycle record count for this scaling operation
local-1786752604326628000,macmini-m2-macos26.5.2-rust1.97.1-aarch64-20260814,9d3ab807a08ef4cf1077dbc23213e2314ce37c87,MEASURED,1786752604333406000,lifecycle,aegis_key_lifecycle,ML-DSA-65,lifecycle_root,registry10,0,28,10,4375,5000,7618560,true,root_computed,1,0,0,0,0,0,0,0,10,0,serialized_bytes column stores lifecycle record count for this scaling operation
local-1786752604326628000,macmini-m2-macos26.5.2-rust1.97.1-aarch64-20260814,9d3ab807a08ef4cf1077dbc23213e2314ce37c87,MEASURED,1786752604333412000,lifecycle,aegis_key_lifecycle,ML-DSA-65,lifecycle_root,registry10,0,29,10,4333,4000,7618560,true,root_computed,1,0,0,0,0,0,0,0,10,0,serialized_bytes column stores lifecycle record count for this scaling operation
local-1786752604326628000,macmini-m2-macos26.5.2-rust1.97.1-aarch64-20260814,9d3ab807a08ef4cf1077dbc23213e2314ce37c87,MEASURED,1786752604333418000,lifecycle,aegis_key_lifecycle,ML-DSA-65,lifecycle_root,registry10,0,30,10,4334,5000,7618560,true,root_computed,1,0,0,0,0,0,0,0,10,0,serialized_bytes column stores lifecycle record count for this scaling operation
local-1786752604326628000,macmini-m2-macos26.5.2-rust1.97.1-aarch64-20260814,9d3ab807a08ef4cf1077dbc23213e2314ce37c87,MEASURED,1786752604333424000,lifecycle,aegis_key_lifecycle,ML-DSA-65,lifecycle_root,registry10,0,31,10,4291,5000,7618560,true,root_computed,1,0,0,0,0,0,0,0,10,0,serialized_bytes column stores lifecycle record count for this scaling operation
local-1786752604326628000,macmini-m2-macos26.5.2-rust1.97.1-aarch64-20260814,9d3ab807a08ef4cf1077dbc23213e2314ce37c87,MEASURED,1786752604333430000,lifecycle,aegis_key_lifecycle,ML-DSA-65,lifecycle_root,registry10,0,32,10,4334,5000,7618560,true,root_computed,1,0,0,0,0,0,0,0,10,0,serialized_bytes column stores lifecycle record count for this scaling operation
local-1786752604326628000,macmini-m2-macos26.5.2-rust1.97.1-aarch64-20260814,9d3ab807a08ef4cf1077dbc23213e2314ce37c87,MEASURED,1786752604333436000,lifecycle,aegis_key_lifecycle,ML-DSA-65,lifecycle_root,registry10,0,33,10,4333,5000,7618560,true,root_computed,1,0,0,0,0,0,0,0,10,0,serialized_bytes column stores lifecycle record count for this scaling operation
local-1786752604326628000,macmini-m2-macos26.5.2-rust1.97.1-aarch64-20260814,9d3ab807a08ef4cf1077dbc23213e2314ce37c87,MEASURED,1786752604333442000,lifecycle,aegis_key_lifecycle,ML-DSA-65,lifecycle_root,registry10,0,34,10,4292,5000,7618560,true,root_computed,1,0,0,0,0,0,0,0,10,0,serialized_bytes column stores lifecycle record count for this scaling operation
local-1786752604326628000,macmini-m2-macos26.5.2-rust1.97.1-aarch64-20260814,9d3ab807a08ef4cf1077dbc23213e2314ce37c87,MEASURED,1786752604333448000,lifecycle,aegis_key_lifecycle,ML-DSA-65,lifecycle_root,registry10,0,35,10,4334,5000,7618560,true,root_computed,1,0,0,0,0,0,0,0,10,0,serialized_bytes column stores lifecycle record count for this scaling operation
local-1786752604326628000,macmini-m2-macos26.5.2-rust1.97.1-aarch64-20260814,9d3ab807a08ef4cf1077dbc23213e2314ce37c87,MEASURED,1786752604333454000,lifecycle,aegis_key_lifecycle,ML-DSA-65,lifecycle_root,registry10,0,36,10,4333,4000,7618560,true,root_computed,1,0,0,0,0,0,0,0,10,0,serialized_bytes column stores lifecycle record count for this scaling operation
local-1786752604326628000,macmini-m2-macos26.5.2-rust1.97.1-aarch64-20260814,9d3ab807a08ef4cf1077dbc23213e2314ce37c87,MEASURED,1786752604333460000,lifecycle,aegis_key_lifecycle,ML-DSA-65,lifecycle_root,registry10,0,37,10,4333,5000,7618560,true,root_computed,1,0,0,0,0,0,0,0,10,0,serialized_bytes column stores lifecycle record count for this scaling operation
local-1786752604326628000,macmini-m2-macos26.5.2-rust1.97.1-aarch64-20260814,9d3ab807a08ef4cf1077dbc23213e2314ce37c87,MEASURED,1786752604333472000,lifecycle,aegis_key_lifecycle,ML-DSA-65,lifecycle_root,registry10,0,38,10,4583,4000,7618560,true,root_computed,1,0,0,0,0,0,0,0,10,0,serialized_bytes column stores lifecycle record count for this scaling operation
local-1786752604326628000,macmini-m2-macos26.5.2-rust1.97.1-aarch64-20260814,9d3ab807a08ef4cf1077dbc23213e2314ce37c87,MEASURED,1786752604333478000,lifecycle,aegis_key_lifecycle,ML-DSA-65,lifecycle_root,registry10,0,39,10,4458,5000,7618560,true,root_computed,1,0,0,0,0,0,0,0,10,0,serialized_bytes column stores lifecycle record count for this scaling operation
local-1786752604326628000,macmini-m2-macos26.5.2-rust1.97.1-aarch64-20260814,9d3ab807a08ef4cf1077dbc23213e2314ce37c87,MEASURED,1786752604333484000,lifecycle,aegis_key_lifecycle,ML-DSA-65,lifecycle_root,registry10,0,40,10,4417,5000,7618560,true,root_computed,1,0,0,0,0,0,0,0,10,0,serialized_bytes column stores lifecycle record count for this scaling operation
local-1786752604326628000,macmini-m2-macos26.5.2-rust1.97.1-aarch64-20260814,9d3ab807a08ef4cf1077dbc23213e2314ce37c87,MEASURED,1786752604333490000,lifecycle,aegis_key_lifecycle,ML-DSA-65,lifecycle_root,registry10,0,41,10,4334,4000,7618560,true,root_computed,1,0,0,0,0,0,0,0,10,0,serialized_bytes column stores lifecycle record count for this scaling operation
local-1786752604326628000,macmini-m2-macos26.5.2-rust1.97.1-aarch64-20260814,9d3ab807a08ef4cf1077dbc23213e2314ce37c87,MEASURED,1786752604333496000,lifecycle,aegis_key_lifecycle,ML-DSA-65,lifecycle_root,registry10,0,42,10,4333,5000,7618560,true,root_computed,1,0,0,0,0,0,0,0,10,0,serialized_bytes column stores lifecycle record count for this scaling operation
local-1786752604326628000,macmini-m2-macos26.5.2-rust1.97.1-aarch64-20260814,9d3ab807a08ef4cf1077dbc23213e2314ce37c87,MEASURED,1786752604333502000,lifecycle,aegis_key_lifecycle,ML-DSA-65,lifecycle_root,registry10,0,43,10,4334,5000,7618560,true,root_computed,1,0,0,0,0,0,0,0,10,0,serialized_bytes column stores lifecycle record count for this scaling operation
local-1786752604326628000,macmini-m2-macos26.5.2-rust1.97.1-aarch64-20260814,9d3ab807a08ef4cf1077dbc23213e2314ce37c87,MEASURED,1786752604333508000,lifecycle,aegis_key_lifecycle,ML-DSA-65,lifecycle_root,registry10,0,44,10,4333,4000,7618560,true,root_computed,1,0,0,0,0,0,0,0,10,0,serialized_bytes column stores lifecycle record count for this scaling operation
local-1786752604326628000,macmini-m2-macos26.5.2-rust1.97.1-aarch64-20260814,9d3ab807a08ef4cf1077dbc23213e2314ce37c87,MEASURED,1786752604333514000,lifecycle,aegis_key_lifecycle,ML-DSA-65,lifecycle_root,registry10,0,45,10,4334,4000,7618560,true,root_computed,1,0,0,0,0,0,0,0,10,0,serialized_bytes column stores lifecycle record count for this scaling operation
local-1786752604326628000,macmini-m2-macos26.5.2-rust1.97.1-aarch64-20260814,9d3ab807a08ef4cf1077dbc23213e2314ce37c87,MEASURED,1786752604333520000,lifecycle,aegis_key_lifecycle,ML-DSA-65,lifecycle_root,registry10,0,46,10,4334,5000,7618560,true,root_computed,1,0,0,0,0,0,0,0,10,0,serialized_bytes column stores lifecycle record count for this scaling operation
local-1786752604326628000,macmini-m2-macos26.5.2-rust1.97.1-aarch64-20260814,9d3ab807a08ef4cf1077dbc23213e2314ce37c87,MEASURED,1786752604333526000,lifecycle,aegis_key_lifecycle,ML-DSA-65,lifecycle_root,registry10,0,47,10,4375,4000,7618560,true,root_computed,1,0,0,0,0,0,0,0,10,0,serialized_bytes column stores lifecycle record count for this scaling operation
local-1786752604326628000,macmini-m2-macos26.5.2-rust1.97.1-aarch64-20260814,9d3ab807a08ef4cf1077dbc23213e2314ce37c87,MEASURED,1786752604333531000,lifecycle,aegis_key_lifecycle,ML-DSA-65,lifecycle_root,registry10,0,48,10,4291,4000,7618560,true,root_computed,1,0,0,0,0,0,0,0,10,0,serialized_bytes column stores lifecycle record count for this scaling operation
local-1786752604326628000,macmini-m2-macos26.5.2-rust1.97.1-aarch64-20260814,9d3ab807a08ef4cf1077dbc23213e2314ce37c87,MEASURED,1786752604333537000,lifecycle,aegis_key_lifecycle,ML-DSA-65,lifecycle_root,registry10,0,49,10,4375,5000,7618560,true,root_computed,1,0,0,0,0,0,0,0,10,0,serialized_bytes column stores lifecycle record count for this scaling operation
local-1786752604326628000,macmini-m2-macos26.5.2-rust1.97.1-aarch64-20260814,9d3ab807a08ef4cf1077dbc23213e2314ce37c87,MEASURED,1786752604333543000,lifecycle,aegis_key_lifecycle,ML-DSA-65,lifecycle_root,registry10,0,50,10,4375,4000,7618560,true,root_computed,1,0,0,0,0,0,0,0,10,0,serialized_bytes column stores lifecycle record count for this scaling operation
local-1786752604326628000,macmini-m2-macos26.5.2-rust1.97.1-aarch64-20260814,9d3ab807a08ef4cf1077dbc23213e2314ce37c87,MEASURED,1786752604333549000,lifecycle,aegis_key_lifecycle,ML-DSA-65,lifecycle_root,registry10,0,51,10,4333,4000,7618560,true,root_computed,1,0,0,0,0,0,0,0,10,0,serialized_bytes column stores lifecycle record count for this scaling operation
local-1786752604326628000,macmini-m2-macos26.5.2-rust1.97.1-aarch64-20260814,9d3ab807a08ef4cf1077dbc23213e2314ce37c87,MEASURED,1786752604333555000,lifecycle,aegis_key_lifecycle,ML-DSA-65,lifecycle_root,registry10,0,52,10,4334,6000,7618560,true,root_computed,1,0,0,0,0,0,0,0,10,0,serialized_bytes column stores lifecycle record count for this scaling operation
local-1786752604326628000,macmini-m2-macos26.5.2-rust1.97.1-aarch64-20260814,9d3ab807a08ef4cf1077dbc23213e2314ce37c87,MEASURED,1786752604333561000,lifecycle,aegis_key_lifecycle,ML-DSA-65,lifecycle_root,registry10,0,53,10,4333,4000,7618560,true,root_computed,1,0,0,0,0,0,0,0,10,0,serialized_bytes column stores lifecycle record count for this scaling operation
local-1786752604326628000,macmini-m2-macos26.5.2-rust1.97.1-aarch64-20260814,9d3ab807a08ef4cf1077dbc23213e2314ce37c87,MEASURED,1786752604333567000,lifecycle,aegis_key_lifecycle,ML-DSA-65,lifecycle_root,registry10,0,54,10,4375,5000,7618560,true,root_computed,1,0,0,0,0,0,0,0,10,0,serialized_bytes column stores lifecycle record count for this scaling operation
local-1786752604326628000,macmini-m2-macos26.5.2-rust1.97.1-aarch64-20260814,9d3ab807a08ef4cf1077dbc23213e2314ce37c87,MEASURED,1786752604333573000,lifecycle,aegis_key_lifecycle,ML-DSA-65,lifecycle_root,registry10,0,55,10,4334,5000,7618560,true,root_computed,1,0,0,0,0,0,0,0,10,0,serialized_bytes column stores lifecycle record count for this scaling operation
local-1786752604326628000,macmini-m2-macos26.5.2-rust1.97.1-aarch64-20260814,9d3ab807a08ef4cf1077dbc23213e2314ce37c87,MEASURED,1786752604333581000,lifecycle,aegis_key_lifecycle,ML-DSA-65,lifecycle_root,registry10,0,56,10,6333,6000,7618560,true,root_computed,1,0,0,0,0,0,0,0,10,0,serialized_bytes column stores lifecycle record count for this scaling operation
local-1786752604326628000,macmini-m2-macos26.5.2-rust1.97.1-aarch64-20260814,9d3ab807a08ef4cf1077dbc23213e2314ce37c87,MEASURED,1786752604333587000,lifecycle,aegis_key_lifecycle,ML-DSA-65,lifecycle_root,registry10,0,57,10,4417,4000,7618560,true,root_computed,1,0,0,0,0,0,0,0,10,0,serialized_bytes column stores lifecycle record count for this scaling operation
local-1786752604326628000,macmini-m2-macos26.5.2-rust1.97.1-aarch64-20260814,9d3ab807a08ef4cf1077dbc23213e2314ce37c87,MEASURED,1786752604333593000,lifecycle,aegis_key_lifecycle,ML-DSA-65,lifecycle_root,registry10,0,58,10,4375,5000,7618560,true,root_computed,1,0,0,0,0,0,0,0,10,0,serialized_bytes column stores lifecycle record count for this scaling operation
local-1786752604326628000,macmini-m2-macos26.5.2-rust1.97.1-aarch64-20260814,9d3ab807a08ef4cf1077dbc23213e2314ce37c87,MEASURED,1786752604333599000,lifecycle,aegis_key_lifecycle,ML-DSA-65,lifecycle_root,registry10,0,59,10,4375,4000,7618560,true,root_computed,1,0,0,0,0,0,0,0,10,0,serialized_bytes column stores lifecycle record count for this scaling operation
local-1786752604326628000,macmini-m2-macos26.5.2-rust1.97.1-aarch64-20260814,9d3ab807a08ef4cf1077dbc23213e2314ce37c87,MEASURED,1786752604333609000,lifecycle,aegis_key_lifecycle,ML-DSA-65,lifecycle_root,registry10,0,60,10,4458,4000,7618560,true,root_computed,1,0,0,0,0,0,0,0,10,0,serialized_bytes column stores lifecycle record count for this scaling operation
local-1786752604326628000,macmini-m2-macos26.5.2-rust1.97.1-aarch64-20260814,9d3ab807a08ef4cf1077dbc23213e2314ce37c87,MEASURED,1786752604333616000,lifecycle,aegis_key_lifecycle,ML-DSA-65,lifecycle_root,registry10,0,61,10,4375,4000,7618560,true,root_computed,1,0,0,0,0,0,0,0,10,0,serialized_bytes column stores lifecycle record count for this scaling operation
local-1786752604326628000,macmini-m2-macos26.5.2-rust1.97.1-aarch64-20260814,9d3ab807a08ef4cf1077dbc23213e2314ce37c87,MEASURED,1786752604333622000,lifecycle,aegis_key_lifecycle,ML-DSA-65,lifecycle_root,registry10,0,62,10,4458,5000,7618560,true,root_computed,1,0,0,0,0,0,0,0,10,0,serialized_bytes column stores lifecycle record count for this scaling operation
local-1786752604326628000,macmini-m2-macos26.5.2-rust1.97.1-aarch64-20260814,9d3ab807a08ef4cf1077dbc23213e2314ce37c87,MEASURED,1786752604333628000,lifecycle,aegis_key_lifecycle,ML-DSA-65,lifecycle_root,registry10,0,63,10,4333,4000,7618560,true,root_computed,1,0,0,0,0,0,0,0,10,0,serialized_bytes column stores lifecycle record count for this scaling operation
local-1786752604326628000,macmini-m2-macos26.5.2-rust1.97.1-aarch64-20260814,9d3ab807a08ef4cf1077dbc23213e2314ce37c87,MEASURED,1786752604333634000,lifecycle,aegis_key_lifecycle,ML-DSA-65,lifecycle_root,registry10,0,64,10,4333,4000,7618560,true,root_computed,1,0,0,0,0,0,0,0,10,0,serialized_bytes column stores lifecycle record count for this scaling operation
local-1786752604326628000,macmini-m2-macos26.5.2-rust1.97.1-aarch64-20260814,9d3ab807a08ef4cf1077dbc23213e2314ce37c87,MEASURED,1786752604333640000,lifecycle,aegis_key_lifecycle,ML-DSA-65,lifecycle_root,registry10,0,65,10,4417,5000,7618560,true,root_computed,1,0,0,0,0,0,0,0,10,0,serialized_bytes column stores lifecycle record count for this scaling operation
local-1786752604326628000,macmini-m2-macos26.5.2-rust1.97.1-aarch64-20260814,9d3ab807a08ef4cf1077dbc23213e2314ce37c87,MEASURED,1786752604333646000,lifecycle,aegis_key_lifecycle,ML-DSA-65,lifecycle_root,registry10,0,66,10,4292,5000,7618560,true,root_computed,1,0,0,0,0,0,0,0,10,0,serialized_bytes column stores lifecycle record count for this scaling operation
local-1786752604326628000,macmini-m2-macos26.5.2-rust1.97.1-aarch64-20260814,9d3ab807a08ef4cf1077dbc23213e2314ce37c87,MEASURED,1786752604333651000,lifecycle,aegis_key_lifecycle,ML-DSA-65,lifecycle_root,registry10,0,67,10,4292,4000,7618560,true,root_computed,1,0,0,0,0,0,0,0,10,0,serialized_bytes column stores lifecycle record count for this scaling operation
local-1786752604326628000,macmini-m2-macos26.5.2-rust1.97.1-aarch64-20260814,9d3ab807a08ef4cf1077dbc23213e2314ce37c87,MEASURED,1786752604333657000,lifecycle,aegis_key_lifecycle,ML-DSA-65,lifecycle_root,registry10,0,68,10,4333,6000,7618560,true,root_computed,1,0,0,0,0,0,0,0,10,0,serialized_bytes column stores lifecycle record count for this scaling operation
local-1786752604326628000,macmini-m2-macos26.5.2-rust1.97.1-aarch64-20260814,9d3ab807a08ef4cf1077dbc23213e2314ce37c87,MEASURED,1786752604333663000,lifecycle,aegis_key_lifecycle,ML-DSA-65,lifecycle_root,registry10,0,69,10,4292,4000,7618560,true,root_computed,1,0,0,0,0,0,0,0,10,0,serialized_bytes column stores lifecycle record count for this scaling operation
local-1786752604326628000,macmini-m2-macos26.5.2-rust1.97.1-aarch64-20260814,9d3ab807a08ef4cf1077dbc23213e2314ce37c87,MEASURED,1786752604333669000,lifecycle,aegis_key_lifecycle,ML-DSA-65,lifecycle_root,registry10,0,70,10,4292,4000,7618560,true,root_computed,1,0,0,0,0,0,0,0,10,0,serialized_bytes column stores lifecycle record count for this scaling operation
local-1786752604326628000,macmini-m2-macos26.5.2-rust1.97.1-aarch64-20260814,9d3ab807a08ef4cf1077dbc23213e2314ce37c87,MEASURED,1786752604333675000,lifecycle,aegis_key_lifecycle,ML-DSA-65,lifecycle_root,registry10,0,71,10,4291,6000,7618560,true,root_computed,1,0,0,0,0,0,0,0,10,0,serialized_bytes column stores lifecycle record count for this scaling operation
local-1786752604326628000,macmini-m2-macos26.5.2-rust1.97.1-aarch64-20260814,9d3ab807a08ef4cf1077dbc23213e2314ce37c87,MEASURED,1786752604333681000,lifecycle,aegis_key_lifecycle,ML-DSA-65,lifecycle_root,registry10,0,72,10,4375,4000,7618560,true,root_computed,1,0,0,0,0,0,0,0,10,0,serialized_bytes column stores lifecycle record count for this scaling operation
local-1786752604326628000,macmini-m2-macos26.5.2-rust1.97.1-aarch64-20260814,9d3ab807a08ef4cf1077dbc23213e2314ce37c87,MEASURED,1786752604333687000,lifecycle,aegis_key_lifecycle,ML-DSA-65,lifecycle_root,registry10,0,73,10,4333,4000,7618560,true,root_computed,1,0,0,0,0,0,0,0,10,0,serialized_bytes column stores lifecycle record count for this scaling operation
local-1786752604326628000,macmini-m2-macos26.5.2-rust1.97.1-aarch64-20260814,9d3ab807a08ef4cf1077dbc23213e2314ce37c87,MEASURED,1786752604333695000,lifecycle,aegis_key_lifecycle,ML-DSA-65,lifecycle_root,registry10,0,74,10,5917,7000,7618560,true,root_computed,1,0,0,0,0,0,0,0,10,0,serialized_bytes column stores lifecycle record count for this scaling operation
local-1786752604326628000,macmini-m2-macos26.5.2-rust1.97.1-aarch64-20260814,9d3ab807a08ef4cf1077dbc23213e2314ce37c87,MEASURED,1786752604333703000,lifecycle,aegis_key_lifecycle,ML-DSA-65,lifecycle_root,registry10,0,75,10,5833,6000,7618560,true,root_computed,1,0,0,0,0,0,0,0,10,0,serialized_bytes column stores lifecycle record count for this scaling operation
local-1786752604326628000,macmini-m2-macos26.5.2-rust1.97.1-aarch64-20260814,9d3ab807a08ef4cf1077dbc23213e2314ce37c87,MEASURED,1786752604333710000,lifecycle,aegis_key_lifecycle,ML-DSA-65,lifecycle_root,registry10,0,76,10,5000,6000,7618560,true,root_computed,1,0,0,0,0,0,0,0,10,0,serialized_bytes column stores lifecycle record count for this scaling operation
local-1786752604326628000,macmini-m2-macos26.5.2-rust1.97.1-aarch64-20260814,9d3ab807a08ef4cf1077dbc23213e2314ce37c87,MEASURED,1786752604333717000,lifecycle,aegis_key_lifecycle,ML-DSA-65,lifecycle_root,registry10,0,77,10,4542,5000,7618560,true,root_computed,1,0,0,0,0,0,0,0,10,0,serialized_bytes column stores lifecycle record count for this scaling operation
local-1786752604326628000,macmini-m2-macos26.5.2-rust1.97.1-aarch64-20260814,9d3ab807a08ef4cf1077dbc23213e2314ce37c87,MEASURED,1786752604333723000,lifecycle,aegis_key_lifecycle,ML-DSA-65,lifecycle_root,registry10,0,78,10,4458,5000,7618560,true,root_computed,1,0,0,0,0,0,0,0,10,0,serialized_bytes column stores lifecycle record count for this scaling operation
local-1786752604326628000,macmini-m2-macos26.5.2-rust1.97.1-aarch64-20260814,9d3ab807a08ef4cf1077dbc23213e2314ce37c87,MEASURED,1786752604333729000,lifecycle,aegis_key_lifecycle,ML-DSA-65,lifecycle_root,registry10,0,79,10,4458,5000,7618560,true,root_computed,1,0,0,0,0,0,0,0,10,0,serialized_bytes column stores lifecycle record count for this scaling operation
local-1786752604326628000,macmini-m2-macos26.5.2-rust1.97.1-aarch64-20260814,9d3ab807a08ef4cf1077dbc23213e2314ce37c87,MEASURED,1786752604333735000,lifecycle,aegis_key_lifecycle,ML-DSA-65,lifecycle_root,registry10,0,80,10,4459,4000,7618560,true,root_computed,1,0,0,0,0,0,0,0,10,0,serialized_bytes column stores lifecycle record count for this scaling operation
local-1786752604326628000,macmini-m2-macos26.5.2-rust1.97.1-aarch64-20260814,9d3ab807a08ef4cf1077dbc23213e2314ce37c87,MEASURED,1786752604333741000,lifecycle,aegis_key_lifecycle,ML-DSA-65,lifecycle_root,registry10,0,81,10,4458,4000,7618560,true,root_computed,1,0,0,0,0,0,0,0,10,0,serialized_bytes column stores lifecycle record count for this scaling operation
local-1786752604326628000,macmini-m2-macos26.5.2-rust1.97.1-aarch64-20260814,9d3ab807a08ef4cf1077dbc23213e2314ce37c87,MEASURED,1786752604333753000,lifecycle,aegis_key_lifecycle,ML-DSA-65,lifecycle_root,registry10,0,82,10,4542,5000,7618560,true,root_computed,1,0,0,0,0,0,0,0,10,0,serialized_bytes column stores lifecycle record count for this scaling operation
local-1786752604326628000,macmini-m2-macos26.5.2-rust1.97.1-aarch64-20260814,9d3ab807a08ef4cf1077dbc23213e2314ce37c87,MEASURED,1786752604333759000,lifecycle,aegis_key_lifecycle,ML-DSA-65,lifecycle_root,registry10,0,83,10,4458,4000,7618560,true,root_computed,1,0,0,0,0,0,0,0,10,0,serialized_bytes column stores lifecycle record count for this scaling operation
local-1786752604326628000,macmini-m2-macos26.5.2-rust1.97.1-aarch64-20260814,9d3ab807a08ef4cf1077dbc23213e2314ce37c87,MEASURED,1786752604333766000,lifecycle,aegis_key_lifecycle,ML-DSA-65,lifecycle_root,registry10,0,84,10,4625,5000,7618560,true,root_computed,1,0,0,0,0,0,0,0,10,0,serialized_bytes column stores lifecycle record count for this scaling operation
local-1786752604326628000,macmini-m2-macos26.5.2-rust1.97.1-aarch64-20260814,9d3ab807a08ef4cf1077dbc23213e2314ce37c87,MEASURED,1786752604333772000,lifecycle,aegis_key_lifecycle,ML-DSA-65,lifecycle_root,registry10,0,85,10,4500,5000,7618560,true,root_computed,1,0,0,0,0,0,0,0,10,0,serialized_bytes column stores lifecycle record count for this scaling operation
local-1786752604326628000,macmini-m2-macos26.5.2-rust1.97.1-aarch64-20260814,9d3ab807a08ef4cf1077dbc23213e2314ce37c87,MEASURED,1786752604333778000,lifecycle,aegis_key_lifecycle,ML-DSA-65,lifecycle_root,registry10,0,86,10,4458,5000,7618560,true,root_computed,1,0,0,0,0,0,0,0,10,0,serialized_bytes column stores lifecycle record count for this scaling operation
local-1786752604326628000,macmini-m2-macos26.5.2-rust1.97.1-aarch64-20260814,9d3ab807a08ef4cf1077dbc23213e2314ce37c87,MEASURED,1786752604333784000,lifecycle,aegis_key_lifecycle,ML-DSA-65,lifecycle_root,registry10,0,87,10,4500,5000,7618560,true,root_computed,1,0,0,0,0,0,0,0,10,0,serialized_bytes column stores lifecycle record count for this scaling operation
local-1786752604326628000,macmini-m2-macos26.5.2-rust1.97.1-aarch64-20260814,9d3ab807a08ef4cf1077dbc23213e2314ce37c87,MEASURED,1786752604333790000,lifecycle,aegis_key_lifecycle,ML-DSA-65,lifecycle_root,registry10,0,88,10,4500,5000,7618560,true,root_computed,1,0,0,0,0,0,0,0,10,0,serialized_bytes column stores lifecycle record count for this scaling operation
local-1786752604326628000,macmini-m2-macos26.5.2-rust1.97.1-aarch64-20260814,9d3ab807a08ef4cf1077dbc23213e2314ce37c87,MEASURED,1786752604333797000,lifecycle,aegis_key_lifecycle,ML-DSA-65,lifecycle_root,registry10,0,89,10,4667,5000,7618560,true,root_computed,1,0,0,0,0,0,0,0,10,0,serialized_bytes column stores lifecycle record count for this scaling operation
local-1786752604326628000,macmini-m2-macos26.5.2-rust1.97.1-aarch64-20260814,9d3ab807a08ef4cf1077dbc23213e2314ce37c87,MEASURED,1786752604333803000,lifecycle,aegis_key_lifecycle,ML-DSA-65,lifecycle_root,registry10,0,90,10,4416,5000,7618560,true,root_computed,1,0,0,0,0,0,0,0,10,0,serialized_bytes column stores lifecycle record count for this scaling operation
local-1786752604326628000,macmini-m2-macos26.5.2-rust1.97.1-aarch64-20260814,9d3ab807a08ef4cf1077dbc23213e2314ce37c87,MEASURED,1786752604333809000,lifecycle,aegis_key_lifecycle,ML-DSA-65,lifecycle_root,registry10,0,91,10,4500,4000,7618560,true,root_computed,1,0,0,0,0,0,0,0,10,0,serialized_bytes column stores lifecycle record count for this scaling operation
local-1786752604326628000,macmini-m2-macos26.5.2-rust1.97.1-aarch64-20260814,9d3ab807a08ef4cf1077dbc23213e2314ce37c87,MEASURED,1786752604333815000,lifecycle,aegis_key_lifecycle,ML-DSA-65,lifecycle_root,registry10,0,92,10,4458,5000,7618560,true,root_computed,1,0,0,0,0,0,0,0,10,0,serialized_bytes column stores lifecycle record count for this scaling operation
local-1786752604326628000,macmini-m2-macos26.5.2-rust1.97.1-aarch64-20260814,9d3ab807a08ef4cf1077dbc23213e2314ce37c87,MEASURED,1786752604333821000,lifecycle,aegis_key_lifecycle,ML-DSA-65,lifecycle_root,registry10,0,93,10,4417,6000,7618560,true,root_computed,1,0,0,0,0,0,0,0,10,0,serialized_bytes column stores lifecycle record count for this scaling operation
local-1786752604326628000,macmini-m2-macos26.5.2-rust1.97.1-aarch64-20260814,9d3ab807a08ef4cf1077dbc23213e2314ce37c87,MEASURED,1786752604333828000,lifecycle,aegis_key_lifecycle,ML-DSA-65,lifecycle_root,registry10,0,94,10,4542,5000,7618560,true,root_computed,1,0,0,0,0,0,0,0,10,0,serialized_bytes column stores lifecycle record count for this scaling operation
local-1786752604326628000,macmini-m2-macos26.5.2-rust1.97.1-aarch64-20260814,9d3ab807a08ef4cf1077dbc23213e2314ce37c87,MEASURED,1786752604333834000,lifecycle,aegis_key_lifecycle,ML-DSA-65,lifecycle_root,registry10,0,95,10,4459,5000,7618560,true,root_computed,1,0,0,0,0,0,0,0,10,0,serialized_bytes column stores lifecycle record count for this scaling operation
local-1786752604326628000,macmini-m2-macos26.5.2-rust1.97.1-aarch64-20260814,9d3ab807a08ef4cf1077dbc23213e2314ce37c87,MEASURED,1786752604333840000,lifecycle,aegis_key_lifecycle,ML-DSA-65,lifecycle_root,registry10,0,96,10,4458,5000,7618560,true,root_computed,1,0,0,0,0,0,0,0,10,0,serialized_bytes column stores lifecycle record count for this scaling operation
local-1786752604326628000,macmini-m2-macos26.5.2-rust1.97.1-aarch64-20260814,9d3ab807a08ef4cf1077dbc23213e2314ce37c87,MEASURED,1786752604333846000,lifecycle,aegis_key_lifecycle,ML-DSA-65,lifecycle_root,registry10,0,97,10,4459,4000,7618560,true,root_computed,1,0,0,0,0,0,0,0,10,0,serialized_bytes column stores lifecycle record count for this scaling operation
local-1786752604326628000,macmini-m2-macos26.5.2-rust1.97.1-aarch64-20260814,9d3ab807a08ef4cf1077dbc23213e2314ce37c87,MEASURED,1786752604333853000,lifecycle,aegis_key_lifecycle,ML-DSA-65,lifecycle_root,registry10,0,98,10,4583,5000,7618560,true,root_computed,1,0,0,0,0,0,0,0,10,0,serialized_bytes column stores lifecycle record count for this scaling operation
local-1786752604326628000,macmini-m2-macos26.5.2-rust1.97.1-aarch64-20260814,9d3ab807a08ef4cf1077dbc23213e2314ce37c87,MEASURED,1786752604333859000,lifecycle,aegis_key_lifecycle,ML-DSA-65,lifecycle_root,registry10,0,99,10,4500,6000,7618560,true,root_computed,1,0,0,0,0,0,0,0,10,0,serialized_bytes column stores lifecycle record count for this scaling operation
local-1786752604326628000,macmini-m2-macos26.5.2-rust1.97.1-aarch64-20260814,9d3ab807a08ef4cf1077dbc23213e2314ce37c87,MEASURED,1786752604345224000,lifecycle,aegis_key_lifecycle,ML-DSA-65,lifecycle_root,registry100,0,0,10,39708,41000,9142272,true,root_computed,1,0,0,0,0,0,0,0,100,0,serialized_bytes column stores lifecycle record count for this scaling operation
local-1786752604326628000,macmini-m2-macos26.5.2-rust1.97.1-aarch64-20260814,9d3ab807a08ef4cf1077dbc23213e2314ce37c87,MEASURED,1786752604345268000,lifecycle,aegis_key_lifecycle,ML-DSA-65,lifecycle_root,registry100,0,1,10,39916,40000,9142272,true,root_computed,1,0,0,0,0,0,0,0,100,0,serialized_bytes column stores lifecycle record count for this scaling operation
local-1786752604326628000,macmini-m2-macos26.5.2-rust1.97.1-aarch64-20260814,9d3ab807a08ef4cf1077dbc23213e2314ce37c87,MEASURED,1786752604345310000,lifecycle,aegis_key_lifecycle,ML-DSA-65,lifecycle_root,registry100,0,2,10,39625,39000,9142272,true,root_computed,1,0,0,0,0,0,0,0,100,0,serialized_bytes column stores lifecycle record count for this scaling operation
local-1786752604326628000,macmini-m2-macos26.5.2-rust1.97.1-aarch64-20260814,9d3ab807a08ef4cf1077dbc23213e2314ce37c87,MEASURED,1786752604345352000,lifecycle,aegis_key_lifecycle,ML-DSA-65,lifecycle_root,registry100,0,3,10,39750,40000,9142272,true,root_computed,1,0,0,0,0,0,0,0,100,0,serialized_bytes column stores lifecycle record count for this scaling operation
local-1786752604326628000,macmini-m2-macos26.5.2-rust1.97.1-aarch64-20260814,9d3ab807a08ef4cf1077dbc23213e2314ce37c87,MEASURED,1786752604345408000,lifecycle,aegis_key_lifecycle,ML-DSA-65,lifecycle_root,registry100,0,4,10,40250,41000,9142272,true,root_computed,1,0,0,0,0,0,0,0,100,0,serialized_bytes column stores lifecycle record count for this scaling operation
local-1786752604326628000,macmini-m2-macos26.5.2-rust1.97.1-aarch64-20260814,9d3ab807a08ef4cf1077dbc23213e2314ce37c87,MEASURED,1786752604345450000,lifecycle,aegis_key_lifecycle,ML-DSA-65,lifecycle_root,registry100,0,5,10,39875,40000,9142272,true,root_computed,1,0,0,0,0,0,0,0,100,0,serialized_bytes column stores lifecycle record count for this scaling operation
local-1786752604326628000,macmini-m2-macos26.5.2-rust1.97.1-aarch64-20260814,9d3ab807a08ef4cf1077dbc23213e2314ce37c87,MEASURED,1786752604345491000,lifecycle,aegis_key_lifecycle,ML-DSA-65,lifecycle_root,registry100,0,6,10,39666,39000,9142272,true,root_computed,1,0,0,0,0,0,0,0,100,0,serialized_bytes column stores lifecycle record count for this scaling operation
local-1786752604326628000,macmini-m2-macos26.5.2-rust1.97.1-aarch64-20260814,9d3ab807a08ef4cf1077dbc23213e2314ce37c87,MEASURED,1786752604345533000,lifecycle,aegis_key_lifecycle,ML-DSA-65,lifecycle_root,registry100,0,7,10,39625,40000,9142272,true,root_computed,1,0,0,0,0,0,0,0,100,0,serialized_bytes column stores lifecycle record count for this scaling operation
local-1786752604326628000,macmini-m2-macos26.5.2-rust1.97.1-aarch64-20260814,9d3ab807a08ef4cf1077dbc23213e2314ce37c87,MEASURED,1786752604345574000,lifecycle,aegis_key_lifecycle,ML-DSA-65,lifecycle_root,registry100,0,8,10,39791,40000,9142272,true,root_computed,1,0,0,0,0,0,0,0,100,0,serialized_bytes column stores lifecycle record count for this scaling operation
local-1786752604326628000,macmini-m2-macos26.5.2-rust1.97.1-aarch64-20260814,9d3ab807a08ef4cf1077dbc23213e2314ce37c87,MEASURED,1786752604345616000,lifecycle,aegis_key_lifecycle,ML-DSA-65,lifecycle_root,registry100,0,9,10,39667,40000,9142272,true,root_computed,1,0,0,0,0,0,0,0,100,0,serialized_bytes column stores lifecycle record count for this scaling operation
local-1786752604326628000,macmini-m2-macos26.5.2-rust1.97.1-aarch64-20260814,9d3ab807a08ef4cf1077dbc23213e2314ce37c87,MEASURED,1786752604345657000,lifecycle,aegis_key_lifecycle,ML-DSA-65,lifecycle_root,registry100,0,10,10,39584,41000,9142272,true,root_computed,1,0,0,0,0,0,0,0,100,0,serialized_bytes column stores lifecycle record count for this scaling operation
local-1786752604326628000,macmini-m2-macos26.5.2-rust1.97.1-aarch64-20260814,9d3ab807a08ef4cf1077dbc23213e2314ce37c87,MEASURED,1786752604345698000,lifecycle,aegis_key_lifecycle,ML-DSA-65,lifecycle_root,registry100,0,11,10,39667,40000,9142272,true,root_computed,1,0,0,0,0,0,0,0,100,0,serialized_bytes column stores lifecycle record count for this scaling operation
local-1786752604326628000,macmini-m2-macos26.5.2-rust1.97.1-aarch64-20260814,9d3ab807a08ef4cf1077dbc23213e2314ce37c87,MEASURED,1786752604345740000,lifecycle,aegis_key_lifecycle,ML-DSA-65,lifecycle_root,registry100,0,12,10,39708,40000,9142272,true,root_computed,1,0,0,0,0,0,0,0,100,0,serialized_bytes column stores lifecycle record count for this scaling operation
local-1786752604326628000,macmini-m2-macos26.5.2-rust1.97.1-aarch64-20260814,9d3ab807a08ef4cf1077dbc23213e2314ce37c87,MEASURED,1786752604345781000,lifecycle,aegis_key_lifecycle,ML-DSA-65,lifecycle_root,registry100,0,13,10,39625,40000,9142272,true,root_computed,1,0,0,0,0,0,0,0,100,0,serialized_bytes column stores lifecycle record count for this scaling operation
local-1786752604326628000,macmini-m2-macos26.5.2-rust1.97.1-aarch64-20260814,9d3ab807a08ef4cf1077dbc23213e2314ce37c87,MEASURED,1786752604345823000,lifecycle,aegis_key_lifecycle,ML-DSA-65,lifecycle_root,registry100,0,14,10,39667,40000,9142272,true,root_computed,1,0,0,0,0,0,0,0,100,0,serialized_bytes column stores lifecycle record count for this scaling operation
local-1786752604326628000,macmini-m2-macos26.5.2-rust1.97.1-aarch64-20260814,9d3ab807a08ef4cf1077dbc23213e2314ce37c87,MEASURED,1786752604345864000,lifecycle,aegis_key_lifecycle,ML-DSA-65,lifecycle_root,registry100,0,15,10,39625,40000,9142272,true,root_computed,1,0,0,0,0,0,0,0,100,0,serialized_bytes column stores lifecycle record count for this scaling operation
local-1786752604326628000,macmini-m2-macos26.5.2-rust1.97.1-aarch64-20260814,9d3ab807a08ef4cf1077dbc23213e2314ce37c87,MEASURED,1786752604345905000,lifecycle,aegis_key_lifecycle,ML-DSA-65,lifecycle_root,registry100,0,16,10,39791,41000,9142272,true,root_computed,1,0,0,0,0,0,0,0,100,0,serialized_bytes column stores lifecycle record count for this scaling operation
local-1786752604326628000,macmini-m2-macos26.5.2-rust1.97.1-aarch64-20260814,9d3ab807a08ef4cf1077dbc23213e2314ce37c87,MEASURED,1786752604345947000,lifecycle,aegis_key_lifecycle,ML-DSA-65,lifecycle_root,registry100,0,17,10,39625,40000,9142272,true,root_computed,1,0,0,0,0,0,0,0,100,0,serialized_bytes column stores lifecycle record count for this scaling operation
local-1786752604326628000,macmini-m2-macos26.5.2-rust1.97.1-aarch64-20260814,9d3ab807a08ef4cf1077dbc23213e2314ce37c87,MEASURED,1786752604345988000,lifecycle,aegis_key_lifecycle,ML-DSA-65,lifecycle_root,registry100,0,18,10,39667,40000,9142272,true,root_computed,1,0,0,0,0,0,0,0,100,0,serialized_bytes column stores lifecycle record count for this scaling operation
local-1786752604326628000,macmini-m2-macos26.5.2-rust1.97.1-aarch64-20260814,9d3ab807a08ef4cf1077dbc23213e2314ce37c87,MEASURED,1786752604346029000,lifecycle,aegis_key_lifecycle,ML-DSA-65,lifecycle_root,registry100,0,19,10,39667,40000,9142272,true,root_computed,1,0,0,0,0,0,0,0,100,0,serialized_bytes column stores lifecycle record count for this scaling operation
local-1786752604326628000,macmini-m2-macos26.5.2-rust1.97.1-aarch64-20260814,9d3ab807a08ef4cf1077dbc23213e2314ce37c87,MEASURED,1786752604346071000,lifecycle,aegis_key_lifecycle,ML-DSA-65,lifecycle_root,registry100,0,20,10,39667,40000,9142272,true,root_computed,1,0,0,0,0,0,0,0,100,0,serialized_bytes column stores lifecycle record count for this scaling operation
local-1786752604326628000,macmini-m2-macos26.5.2-rust1.97.1-aarch64-20260814,9d3ab807a08ef4cf1077dbc23213e2314ce37c87,MEASURED,1786752604346112000,lifecycle,aegis_key_lifecycle,ML-DSA-65,lifecycle_root,registry100,0,21,10,39542,40000,9142272,true,root_computed,1,0,0,0,0,0,0,0,100,0,serialized_bytes column stores lifecycle record count for this scaling operation
local-1786752604326628000,macmini-m2-macos26.5.2-rust1.97.1-aarch64-20260814,9d3ab807a08ef4cf1077dbc23213e2314ce37c87,MEASURED,1786752604346153000,lifecycle,aegis_key_lifecycle,ML-DSA-65,lifecycle_root,registry100,0,22,10,39625,40000,9142272,true,root_computed,1,0,0,0,0,0,0,0,100,0,serialized_bytes column stores lifecycle record count for this scaling operation
local-1786752604326628000,macmini-m2-macos26.5.2-rust1.97.1-aarch64-20260814,9d3ab807a08ef4cf1077dbc23213e2314ce37c87,MEASURED,1786752604346195000,lifecycle,aegis_key_lifecycle,ML-DSA-65,lifecycle_root,registry100,0,23,10,39625,40000,9142272,true,root_computed,1,0,0,0,0,0,0,0,100,0,serialized_bytes column stores lifecycle record count for this scaling operation
local-1786752604326628000,macmini-m2-macos26.5.2-rust1.97.1-aarch64-20260814,9d3ab807a08ef4cf1077dbc23213e2314ce37c87,MEASURED,1786752604346236000,lifecycle,aegis_key_lifecycle,ML-DSA-65,lifecycle_root,registry100,0,24,10,39708,40000,9142272,true,root_computed,1,0,0,0,0,0,0,0,100,0,serialized_bytes column stores lifecycle record count for this scaling operation
local-1786752604326628000,macmini-m2-macos26.5.2-rust1.97.1-aarch64-20260814,9d3ab807a08ef4cf1077dbc23213e2314ce37c87,MEASURED,1786752604346278000,lifecycle,aegis_key_lifecycle,ML-DSA-65,lifecycle_root,registry100,0,25,10,39625,40000,9142272,true,root_computed,1,0,0,0,0,0,0,0,100,0,serialized_bytes column stores lifecycle record count for this scaling operation
local-1786752604326628000,macmini-m2-macos26.5.2-rust1.97.1-aarch64-20260814,9d3ab807a08ef4cf1077dbc23213e2314ce37c87,MEASURED,1786752604346326000,lifecycle,aegis_key_lifecycle,ML-DSA-65,lifecycle_root,registry100,0,26,10,39750,39000,9142272,true,root_computed,1,0,0,0,0,0,0,0,100,0,serialized_bytes column stores lifecycle record count for this scaling operation
local-1786752604326628000,macmini-m2-macos26.5.2-rust1.97.1-aarch64-20260814,9d3ab807a08ef4cf1077dbc23213e2314ce37c87,MEASURED,1786752604346367000,lifecycle,aegis_key_lifecycle,ML-DSA-65,lifecycle_root,registry100,0,27,10,39792,40000,9142272,true,root_computed,1,0,0,0,0,0,0,0,100,0,serialized_bytes column stores lifecycle record count for this scaling operation
local-1786752604326628000,macmini-m2-macos26.5.2-rust1.97.1-aarch64-20260814,9d3ab807a08ef4cf1077dbc23213e2314ce37c87,MEASURED,1786752604346409000,lifecycle,aegis_key_lifecycle,ML-DSA-65,lifecycle_root,registry100,0,28,10,39750,40000,9142272,true,root_computed,1,0,0,0,0,0,0,0,100,0,serialized_bytes column stores lifecycle record count for this scaling operation
local-1786752604326628000,macmini-m2-macos26.5.2-rust1.97.1-aarch64-20260814,9d3ab807a08ef4cf1077dbc23213e2314ce37c87,MEASURED,1786752604346450000,lifecycle,aegis_key_lifecycle,ML-DSA-65,lifecycle_root,registry100,0,29,10,39625,40000,9142272,true,root_computed,1,0,0,0,0,0,0,0,100,0,serialized_bytes column stores lifecycle record count for this scaling operation
local-1786752604326628000,macmini-m2-macos26.5.2-rust1.97.1-aarch64-20260814,9d3ab807a08ef4cf1077dbc23213e2314ce37c87,MEASURED,1786752604346491000,lifecycle,aegis_key_lifecycle,ML-DSA-65,lifecycle_root,registry100,0,30,10,39625,41000,9142272,true,root_computed,1,0,0,0,0,0,0,0,100,0,serialized_bytes column stores lifecycle record count for this scaling operation
local-1786752604326628000,macmini-m2-macos26.5.2-rust1.97.1-aarch64-20260814,9d3ab807a08ef4cf1077dbc23213e2314ce37c87,MEASURED,1786752604346533000,lifecycle,aegis_key_lifecycle,ML-DSA-65,lifecycle_root,registry100,0,31,10,39583,40000,9142272,true,root_computed,1,0,0,0,0,0,0,0,100,0,serialized_bytes column stores lifecycle record count for this scaling operation
local-1786752604326628000,macmini-m2-macos26.5.2-rust1.97.1-aarch64-20260814,9d3ab807a08ef4cf1077dbc23213e2314ce37c87,MEASURED,1786752604346574000,lifecycle,aegis_key_lifecycle,ML-DSA-65,lifecycle_root,registry100,0,32,10,39709,40000,9142272,true,root_computed,1,0,0,0,0,0,0,0,100,0,serialized_bytes column stores lifecycle record count for this scaling operation
local-1786752604326628000,macmini-m2-macos26.5.2-rust1.97.1-aarch64-20260814,9d3ab807a08ef4cf1077dbc23213e2314ce37c87,MEASURED,1786752604346616000,lifecycle,aegis_key_lifecycle,ML-DSA-65,lifecycle_root,registry100,0,33,10,39750,40000,9142272,true,root_computed,1,0,0,0,0,0,0,0,100,0,serialized_bytes column stores lifecycle record count for this scaling operation
local-1786752604326628000,macmini-m2-macos26.5.2-rust1.97.1-aarch64-20260814,9d3ab807a08ef4cf1077dbc23213e2314ce37c87,MEASURED,1786752604346657000,lifecycle,aegis_key_lifecycle,ML-DSA-65,lifecycle_root,registry100,0,34,10,39625,40000,9142272,true,root_computed,1,0,0,0,0,0,0,0,100,0,serialized_bytes column stores lifecycle record count for this scaling operation
local-1786752604326628000,macmini-m2-macos26.5.2-rust1.97.1-aarch64-20260814,9d3ab807a08ef4cf1077dbc23213e2314ce37c87,MEASURED,1786752604346698000,lifecycle,aegis_key_lifecycle,ML-DSA-65,lifecycle_root,registry100,0,35,10,39667,40000,9142272,true,root_computed,1,0,0,0,0,0,0,0,100,0,serialized_bytes column stores lifecycle record count for this scaling operation
local-1786752604326628000,macmini-m2-macos26.5.2-rust1.97.1-aarch64-20260814,9d3ab807a08ef4cf1077dbc23213e2314ce37c87,MEASURED,1786752604346740000,lifecycle,aegis_key_lifecycle,ML-DSA-65,lifecycle_root,registry100,0,36,10,39667,40000,9142272,true,root_computed,1,0,0,0,0,0,0,0,100,0,serialized_bytes column stores lifecycle record count for this scaling operation
local-1786752604326628000,macmini-m2-macos26.5.2-rust1.97.1-aarch64-20260814,9d3ab807a08ef4cf1077dbc23213e2314ce37c87,MEASURED,1786752604346781000,lifecycle,aegis_key_lifecycle,ML-DSA-65,lifecycle_root,registry100,0,37,10,39709,40000,9142272,true,root_computed,1,0,0,0,0,0,0,0,100,0,serialized_bytes column stores lifecycle record count for this scaling operation
local-1786752604326628000,macmini-m2-macos26.5.2-rust1.97.1-aarch64-20260814,9d3ab807a08ef4cf1077dbc23213e2314ce37c87,MEASURED,1786752604346823000,lifecycle,aegis_key_lifecycle,ML-DSA-65,lifecycle_root,registry100,0,38,10,39625,39000,9142272,true,root_computed,1,0,0,0,0,0,0,0,100,0,serialized_bytes column stores lifecycle record count for this scaling operation
local-1786752604326628000,macmini-m2-macos26.5.2-rust1.97.1-aarch64-20260814,9d3ab807a08ef4cf1077dbc23213e2314ce37c87,MEASURED,1786752604346864000,lifecycle,aegis_key_lifecycle,ML-DSA-65,lifecycle_root,registry100,0,39,10,39750,39000,9142272,true,root_computed,1,0,0,0,0,0,0,0,100,0,serialized_bytes column stores lifecycle record count for this scaling operation
local-1786752604326628000,macmini-m2-macos26.5.2-rust1.97.1-aarch64-20260814,9d3ab807a08ef4cf1077dbc23213e2314ce37c87,MEASURED,1786752604346905000,lifecycle,aegis_key_lifecycle,ML-DSA-65,lifecycle_root,registry100,0,40,10,39708,39000,9142272,true,root_computed,1,0,0,0,0,0,0,0,100,0,serialized_bytes column stores lifecycle record count for this scaling operation
local-1786752604326628000,macmini-m2-macos26.5.2-rust1.97.1-aarch64-20260814,9d3ab807a08ef4cf1077dbc23213e2314ce37c87,MEASURED,1786752604346947000,lifecycle,aegis_key_lifecycle,ML-DSA-65,lifecycle_root,registry100,0,41,10,39667,40000,9142272,true,root_computed,1,0,0,0,0,0,0,0,100,0,serialized_bytes column stores lifecycle record count for this scaling operation
local-1786752604326628000,macmini-m2-macos26.5.2-rust1.97.1-aarch64-20260814,9d3ab807a08ef4cf1077dbc23213e2314ce37c87,MEASURED,1786752604346988000,lifecycle,aegis_key_lifecycle,ML-DSA-65,lifecycle_root,registry100,0,42,10,39583,39000,9142272,true,root_computed,1,0,0,0,0,0,0,0,100,0,serialized_bytes column stores lifecycle record count for this scaling operation
local-1786752604326628000,macmini-m2-macos26.5.2-rust1.97.1-aarch64-20260814,9d3ab807a08ef4cf1077dbc23213e2314ce37c87,MEASURED,1786752604347029000,lifecycle,aegis_key_lifecycle,ML-DSA-65,lifecycle_root,registry100,0,43,10,39708,39000,9142272,true,root_computed,1,0,0,0,0,0,0,0,100,0,serialized_bytes column stores lifecycle record count for this scaling operation
local-1786752604326628000,macmini-m2-macos26.5.2-rust1.97.1-aarch64-20260814,9d3ab807a08ef4cf1077dbc23213e2314ce37c87,MEASURED,1786752604347071000,lifecycle,aegis_key_lifecycle,ML-DSA-65,lifecycle_root,registry100,0,44,10,39666,40000,9142272,true,root_computed,1,0,0,0,0,0,0,0,100,0,serialized_bytes column stores lifecycle record count for this scaling operation
local-1786752604326628000,macmini-m2-macos26.5.2-rust1.97.1-aarch64-20260814,9d3ab807a08ef4cf1077dbc23213e2314ce37c87,MEASURED,1786752604347112000,lifecycle,aegis_key_lifecycle,ML-DSA-65,lifecycle_root,registry100,0,45,10,39666,39000,9142272,true,root_computed,1,0,0,0,0,0,0,0,100,0,serialized_bytes column stores lifecycle record count for this scaling operation
local-1786752604326628000,macmini-m2-macos26.5.2-rust1.97.1-aarch64-20260814,9d3ab807a08ef4cf1077dbc23213e2314ce37c87,MEASURED,1786752604347153000,lifecycle,aegis_key_lifecycle,ML-DSA-65,lifecycle_root,registry100,0,46,10,39458,39000,9142272,true,root_computed,1,0,0,0,0,0,0,0,100,0,serialized_bytes column stores lifecycle record count for this scaling operation
local-1786752604326628000,macmini-m2-macos26.5.2-rust1.97.1-aarch64-20260814,9d3ab807a08ef4cf1077dbc23213e2314ce37c87,MEASURED,1786752604347195000,lifecycle,aegis_key_lifecycle,ML-DSA-65,lifecycle_root,registry100,0,47,10,39708,40000,9142272,true,root_computed,1,0,0,0,0,0,0,0,100,0,serialized_bytes column stores lifecycle record count for this scaling operation
local-1786752604326628000,macmini-m2-macos26.5.2-rust1.97.1-aarch64-20260814,9d3ab807a08ef4cf1077dbc23213e2314ce37c87,MEASURED,1786752604347241000,lifecycle,aegis_key_lifecycle,ML-DSA-65,lifecycle_root,registry100,0,48,10,39791,40000,9142272,true,root_computed,1,0,0,0,0,0,0,0,100,0,serialized_bytes column stores lifecycle record count for this scaling operation
local-1786752604326628000,macmini-m2-macos26.5.2-rust1.97.1-aarch64-20260814,9d3ab807a08ef4cf1077dbc23213e2314ce37c87,MEASURED,1786752604347283000,lifecycle,aegis_key_lifecycle,ML-DSA-65,lifecycle_root,registry100,0,49,10,39750,40000,9142272,true,root_computed,1,0,0,0,0,0,0,0,100,0,serialized_bytes column stores lifecycle record count for this scaling operation
local-1786752604326628000,macmini-m2-macos26.5.2-rust1.97.1-aarch64-20260814,9d3ab807a08ef4cf1077dbc23213e2314ce37c87,MEASURED,1786752604347324000,lifecycle,aegis_key_lifecycle,ML-DSA-65,lifecycle_root,registry100,0,50,10,39750,40000,9142272,true,root_computed,1,0,0,0,0,0,0,0,100,0,serialized_bytes column stores lifecycle record count for this scaling operation
local-1786752604326628000,macmini-m2-macos26.5.2-rust1.97.1-aarch64-20260814,9d3ab807a08ef4cf1077dbc23213e2314ce37c87,MEASURED,1786752604347365000,lifecycle,aegis_key_lifecycle,ML-DSA-65,lifecycle_root,registry100,0,51,10,39625,40000,9142272,true,root_computed,1,0,0,0,0,0,0,0,100,0,serialized_bytes column stores lifecycle record count for this scaling operation
local-1786752604326628000,macmini-m2-macos26.5.2-rust1.97.1-aarch64-20260814,9d3ab807a08ef4cf1077dbc23213e2314ce37c87,MEASURED,1786752604347407000,lifecycle,aegis_key_lifecycle,ML-DSA-65,lifecycle_root,registry100,0,52,10,39875,40000,9142272,true,root_computed,1,0,0,0,0,0,0,0,100,0,serialized_bytes column stores lifecycle record count for this scaling operation
local-1786752604326628000,macmini-m2-macos26.5.2-rust1.97.1-aarch64-20260814,9d3ab807a08ef4cf1077dbc23213e2314ce37c87,MEASURED,1786752604347454000,lifecycle,aegis_key_lifecycle,ML-DSA-65,lifecycle_root,registry100,0,53,10,45084,45000,9142272,true,root_computed,1,0,0,0,0,0,0,0,100,0,serialized_bytes column stores lifecycle record count for this scaling operation
local-1786752604326628000,macmini-m2-macos26.5.2-rust1.97.1-aarch64-20260814,9d3ab807a08ef4cf1077dbc23213e2314ce37c87,MEASURED,1786752604347505000,lifecycle,aegis_key_lifecycle,ML-DSA-65,lifecycle_root,registry100,0,54,10,49125,50000,9142272,true,root_computed,1,0,0,0,0,0,0,0,100,0,serialized_bytes column stores lifecycle record count for this scaling operation
local-1786752604326628000,macmini-m2-macos26.5.2-rust1.97.1-aarch64-20260814,9d3ab807a08ef4cf1077dbc23213e2314ce37c87,MEASURED,1786752604347557000,lifecycle,aegis_key_lifecycle,ML-DSA-65,lifecycle_root,registry100,0,55,10,49667,50000,9142272,true,root_computed,1,0,0,0,0,0,0,0,100,0,serialized_bytes column stores lifecycle record count for this scaling operation
local-1786752604326628000,macmini-m2-macos26.5.2-rust1.97.1-aarch64-20260814,9d3ab807a08ef4cf1077dbc23213e2314ce37c87,MEASURED,1786752604347601000,lifecycle,aegis_key_lifecycle,ML-DSA-65,lifecycle_root,registry100,0,56,10,42500,44000,9142272,true,root_computed,1,0,0,0,0,0,0,0,100,0,serialized_bytes column stores lifecycle record count for this scaling operation
local-1786752604326628000,macmini-m2-macos26.5.2-rust1.97.1-aarch64-20260814,9d3ab807a08ef4cf1077dbc23213e2314ce37c87,MEASURED,1786752604347685000,lifecycle,aegis_key_lifecycle,ML-DSA-65,lifecycle_root,registry100,0,57,10,81750,62000,9142272,true,root_computed,1,0,0,0,0,0,0,0,100,0,serialized_bytes column stores lifecycle record count for this scaling operation
local-1786752604326628000,macmini-m2-macos26.5.2-rust1.97.1-aarch64-20260814,9d3ab807a08ef4cf1077dbc23213e2314ce37c87,MEASURED,1786752604347731000,lifecycle,aegis_key_lifecycle,ML-DSA-65,lifecycle_root,registry100,0,58,10,43042,43000,9142272,true,root_computed,1,0,0,0,0,0,0,0,100,0,serialized_bytes column stores lifecycle record count for this scaling operation
local-1786752604326628000,macmini-m2-macos26.5.2-rust1.97.1-aarch64-20260814,9d3ab807a08ef4cf1077dbc23213e2314ce37c87,MEASURED,1786752604347776000,lifecycle,aegis_key_lifecycle,ML-DSA-65,lifecycle_root,registry100,0,59,10,42375,43000,9142272,true,root_computed,1,0,0,0,0,0,0,0,100,0,serialized_bytes column stores lifecycle record count for this scaling operation
local-1786752604326628000,macmini-m2-macos26.5.2-rust1.97.1-aarch64-20260814,9d3ab807a08ef4cf1077dbc23213e2314ce37c87,MEASURED,1786752604347821000,lifecycle,aegis_key_lifecycle,ML-DSA-65,lifecycle_root,registry100,0,60,10,42750,43000,9142272,true,root_computed,1,0,0,0,0,0,0,0,100,0,serialized_bytes column stores lifecycle record count for this scaling operation
local-1786752604326628000,macmini-m2-macos26.5.2-rust1.97.1-aarch64-20260814,9d3ab807a08ef4cf1077dbc23213e2314ce37c87,MEASURED,1786752604347890000,lifecycle,aegis_key_lifecycle,ML-DSA-65,lifecycle_root,registry100,0,61,10,66791,52000,9142272,true,root_computed,1,0,0,0,0,0,0,0,100,0,serialized_bytes column stores lifecycle record count for this scaling operation
local-1786752604326628000,macmini-m2-macos26.5.2-rust1.97.1-aarch64-20260814,9d3ab807a08ef4cf1077dbc23213e2314ce37c87,MEASURED,1786752604347937000,lifecycle,aegis_key_lifecycle,ML-DSA-65,lifecycle_root,registry100,0,62,10,44625,45000,9142272,true,root_computed,1,0,0,0,0,0,0,0,100,0,serialized_bytes column stores lifecycle record count for this scaling operation
local-1786752604326628000,macmini-m2-macos26.5.2-rust1.97.1-aarch64-20260814,9d3ab807a08ef4cf1077dbc23213e2314ce37c87,MEASURED,1786752604347980000,lifecycle,aegis_key_lifecycle,ML-DSA-65,lifecycle_root,registry100,0,63,10,40916,41000,9142272,true,root_computed,1,0,0,0,0,0,0,0,100,0,serialized_bytes column stores lifecycle record count for this scaling operation
local-1786752604326628000,macmini-m2-macos26.5.2-rust1.97.1-aarch64-20260814,9d3ab807a08ef4cf1077dbc23213e2314ce37c87,MEASURED,1786752604348022000,lifecycle,aegis_key_lifecycle,ML-DSA-65,lifecycle_root,registry100,0,64,10,40750,42000,9142272,true,root_computed,1,0,0,0,0,0,0,0,100,0,serialized_bytes column stores lifecycle record count for this scaling operation
local-1786752604326628000,macmini-m2-macos26.5.2-rust1.97.1-aarch64-20260814,9d3ab807a08ef4cf1077dbc23213e2314ce37c87,MEASURED,1786752604348072000,lifecycle,aegis_key_lifecycle,ML-DSA-65,lifecycle_root,registry100,0,65,10,47458,48000,9142272,true,root_computed,1,0,0,0,0,0,0,0,100,0,serialized_bytes column stores lifecycle record count for this scaling operation
local-1786752604326628000,macmini-m2-macos26.5.2-rust1.97.1-aarch64-20260814,9d3ab807a08ef4cf1077dbc23213e2314ce37c87,MEASURED,1786752604348116000,lifecycle,aegis_key_lifecycle,ML-DSA-65,lifecycle_root,registry100,0,66,10,42708,43000,9142272,true,root_computed,1,0,0,0,0,0,0,0,100,0,serialized_bytes column stores lifecycle record count for this scaling operation
local-1786752604326628000,macmini-m2-macos26.5.2-rust1.97.1-aarch64-20260814,9d3ab807a08ef4cf1077dbc23213e2314ce37c87,MEASURED,1786752604348159000,lifecycle,aegis_key_lifecycle,ML-DSA-65,lifecycle_root,registry100,0,67,10,40792,41000,9142272,true,root_computed,1,0,0,0,0,0,0,0,100,0,serialized_bytes column stores lifecycle record count for this scaling operation
local-1786752604326628000,macmini-m2-macos26.5.2-rust1.97.1-aarch64-20260814,9d3ab807a08ef4cf1077dbc23213e2314ce37c87,MEASURED,1786752604348202000,lifecycle,aegis_key_lifecycle,ML-DSA-65,lifecycle_root,registry100,0,68,10,40833,41000,9142272,true,root_computed,1,0,0,0,0,0,0,0,100,0,serialized_bytes column stores lifecycle record count for this scaling operation
local-1786752604326628000,macmini-m2-macos26.5.2-rust1.97.1-aarch64-20260814,9d3ab807a08ef4cf1077dbc23213e2314ce37c87,MEASURED,1786752604348245000,lifecycle,aegis_key_lifecycle,ML-DSA-65,lifecycle_root,registry100,0,69,10,41459,41000,9142272,true,root_computed,1,0,0,0,0,0,0,0,100,0,serialized_bytes column stores lifecycle record count for this scaling operation
local-1786752604326628000,macmini-m2-macos26.5.2-rust1.97.1-aarch64-20260814,9d3ab807a08ef4cf1077dbc23213e2314ce37c87,MEASURED,1786752604348307000,lifecycle,aegis_key_lifecycle,ML-DSA-65,lifecycle_root,registry100,0,70,10,48084,48000,9142272,true,root_computed,1,0,0,0,0,0,0,0,100,0,serialized_bytes column stores lifecycle record count for this scaling operation
local-1786752604326628000,macmini-m2-macos26.5.2-rust1.97.1-aarch64-20260814,9d3ab807a08ef4cf1077dbc23213e2314ce37c87,MEASURED,1786752604348361000,lifecycle,aegis_key_lifecycle,ML-DSA-65,lifecycle_root,registry100,0,71,10,51958,53000,9142272,true,root_computed,1,0,0,0,0,0,0,0,100,0,serialized_bytes column stores lifecycle record count for this scaling operation
local-1786752604326628000,macmini-m2-macos26.5.2-rust1.97.1-aarch64-20260814,9d3ab807a08ef4cf1077dbc23213e2314ce37c87,MEASURED,1786752604348402000,lifecycle,aegis_key_lifecycle,ML-DSA-65,lifecycle_root,registry100,0,72,10,39917,40000,9142272,true,root_computed,1,0,0,0,0,0,0,0,100,0,serialized_bytes column stores lifecycle record count for this scaling operation
local-1786752604326628000,macmini-m2-macos26.5.2-rust1.97.1-aarch64-20260814,9d3ab807a08ef4cf1077dbc23213e2314ce37c87,MEASURED,1786752604348444000,lifecycle,aegis_key_lifecycle,ML-DSA-65,lifecycle_root,registry100,0,73,10,39834,40000,9142272,true,root_computed,1,0,0,0,0,0,0,0,100,0,serialized_bytes column stores lifecycle record count for this scaling operation
local-1786752604326628000,macmini-m2-macos26.5.2-rust1.97.1-aarch64-20260814,9d3ab807a08ef4cf1077dbc23213e2314ce37c87,MEASURED,1786752604348496000,lifecycle,aegis_key_lifecycle,ML-DSA-65,lifecycle_root,registry100,0,74,10,50041,51000,9142272,true,root_computed,1,0,0,0,0,0,0,0,100,0,serialized_bytes column stores lifecycle record count for this scaling operation
local-1786752604326628000,macmini-m2-macos26.5.2-rust1.97.1-aarch64-20260814,9d3ab807a08ef4cf1077dbc23213e2314ce37c87,MEASURED,1786752604348544000,lifecycle,aegis_key_lifecycle,ML-DSA-65,lifecycle_root,registry100,0,75,10,45917,46000,9142272,true,root_computed,1,0,0,0,0,0,0,0,100,0,serialized_bytes column stores lifecycle record count for this scaling operation
local-1786752604326628000,macmini-m2-macos26.5.2-rust1.97.1-aarch64-20260814,9d3ab807a08ef4cf1077dbc23213e2314ce37c87,MEASURED,1786752604348585000,lifecycle,aegis_key_lifecycle,ML-DSA-65,lifecycle_root,registry100,0,76,10,39583,41000,9142272,true,root_computed,1,0,0,0,0,0,0,0,100,0,serialized_bytes column stores lifecycle record count for this scaling operation
local-1786752604326628000,macmini-m2-macos26.5.2-rust1.97.1-aarch64-20260814,9d3ab807a08ef4cf1077dbc23213e2314ce37c87,MEASURED,1786752604348627000,lifecycle,aegis_key_lifecycle,ML-DSA-65,lifecycle_root,registry100,0,77,10,39625,40000,9142272,true,root_computed,1,0,0,0,0,0,0,0,100,0,serialized_bytes column stores lifecycle record count for this scaling operation
local-1786752604326628000,macmini-m2-macos26.5.2-rust1.97.1-aarch64-20260814,9d3ab807a08ef4cf1077dbc23213e2314ce37c87,MEASURED,1786752604348672000,lifecycle,aegis_key_lifecycle,ML-DSA-65,lifecycle_root,registry100,0,78,10,43500,44000,9142272,true,root_computed,1,0,0,0,0,0,0,0,100,0,serialized_bytes column stores lifecycle record count for this scaling operation
local-1786752604326628000,macmini-m2-macos26.5.2-rust1.97.1-aarch64-20260814,9d3ab807a08ef4cf1077dbc23213e2314ce37c87,MEASURED,1786752604348718000,lifecycle,aegis_key_lifecycle,ML-DSA-65,lifecycle_root,registry100,0,79,10,43375,44000,9142272,true,root_computed,1,0,0,0,0,0,0,0,100,0,serialized_bytes column stores lifecycle record count for this scaling operation
local-1786752604326628000,macmini-m2-macos26.5.2-rust1.97.1-aarch64-20260814,9d3ab807a08ef4cf1077dbc23213e2314ce37c87,MEASURED,1786752604348774000,lifecycle,aegis_key_lifecycle,ML-DSA-65,lifecycle_root,registry100,0,80,10,53875,54000,9142272,true,root_computed,1,0,0,0,0,0,0,0,100,0,serialized_bytes column stores lifecycle record count for this scaling operation
local-1786752604326628000,macmini-m2-macos26.5.2-rust1.97.1-aarch64-20260814,9d3ab807a08ef4cf1077dbc23213e2314ce37c87,MEASURED,1786752604348816000,lifecycle,aegis_key_lifecycle,ML-DSA-65,lifecycle_root,registry100,0,81,10,39708,40000,9142272,true,root_computed,1,0,0,0,0,0,0,0,100,0,serialized_bytes column stores lifecycle record count for this scaling operation
local-1786752604326628000,macmini-m2-macos26.5.2-rust1.97.1-aarch64-20260814,9d3ab807a08ef4cf1077dbc23213e2314ce37c87,MEASURED,1786752604348857000,lifecycle,aegis_key_lifecycle,ML-DSA-65,lifecycle_root,registry100,0,82,10,39667,40000,9142272,true,root_computed,1,0,0,0,0,0,0,0,100,0,serialized_bytes column stores lifecycle record count for this scaling operation
local-1786752604326628000,macmini-m2-macos26.5.2-rust1.97.1-aarch64-20260814,9d3ab807a08ef4cf1077dbc23213e2314ce37c87,MEASURED,1786752604348899000,lifecycle,aegis_key_lifecycle,ML-DSA-65,lifecycle_root,registry100,0,83,10,39875,40000,9142272,true,root_computed,1,0,0,0,0,0,0,0,100,0,serialized_bytes column stores lifecycle record count for this scaling operation
local-1786752604326628000,macmini-m2-macos26.5.2-rust1.97.1-aarch64-20260814,9d3ab807a08ef4cf1077dbc23213e2314ce37c87,MEASURED,1786752604348941000,lifecycle,aegis_key_lifecycle,ML-DSA-65,lifecycle_root,registry100,0,84,10,40084,40000,9142272,true,root_computed,1,0,0,0,0,0,0,0,100,0,serialized_bytes column stores lifecycle record count for this scaling operation
local-1786752604326628000,macmini-m2-macos26.5.2-rust1.97.1-aarch64-20260814,9d3ab807a08ef4cf1077dbc23213e2314ce37c87,MEASURED,1786752604348982000,lifecycle,aegis_key_lifecycle,ML-DSA-65,lifecycle_root,registry100,0,85,10,40042,40000,9142272,true,root_computed,1,0,0,0,0,0,0,0,100,0,serialized_bytes column stores lifecycle record count for this scaling operation
local-1786752604326628000,macmini-m2-macos26.5.2-rust1.97.1-aarch64-20260814,9d3ab807a08ef4cf1077dbc23213e2314ce37c87,MEASURED,1786752604349024000,lifecycle,aegis_key_lifecycle,ML-DSA-65,lifecycle_root,registry100,0,86,10,40125,40000,9142272,true,root_computed,1,0,0,0,0,0,0,0,100,0,serialized_bytes column stores lifecycle record count for this scaling operation
local-1786752604326628000,macmini-m2-macos26.5.2-rust1.97.1-aarch64-20260814,9d3ab807a08ef4cf1077dbc23213e2314ce37c87,MEASURED,1786752604349066000,lifecycle,aegis_key_lifecycle,ML-DSA-65,lifecycle_root,registry100,0,87,10,39667,39000,9142272,true,root_computed,1,0,0,0,0,0,0,0,100,0,serialized_bytes column stores lifecycle record count for this scaling operation
local-1786752604326628000,macmini-m2-macos26.5.2-rust1.97.1-aarch64-20260814,9d3ab807a08ef4cf1077dbc23213e2314ce37c87,MEASURED,1786752604349107000,lifecycle,aegis_key_lifecycle,ML-DSA-65,lifecycle_root,registry100,0,88,10,39708,39000,9142272,true,root_computed,1,0,0,0,0,0,0,0,100,0,serialized_bytes column stores lifecycle record count for this scaling operation
local-1786752604326628000,macmini-m2-macos26.5.2-rust1.97.1-aarch64-20260814,9d3ab807a08ef4cf1077dbc23213e2314ce37c87,MEASURED,1786752604349149000,lifecycle,aegis_key_lifecycle,ML-DSA-65,lifecycle_root,registry100,0,89,10,39542,40000,9142272,true,root_computed,1,0,0,0,0,0,0,0,100,0,serialized_bytes column stores lifecycle record count for this scaling operation
local-1786752604326628000,macmini-m2-macos26.5.2-rust1.97.1-aarch64-20260814,9d3ab807a08ef4cf1077dbc23213e2314ce37c87,MEASURED,1786752604349199000,lifecycle,aegis_key_lifecycle,ML-DSA-65,lifecycle_root,registry100,0,90,10,48917,50000,9142272,true,root_computed,1,0,0,0,0,0,0,0,100,0,serialized_bytes column stores lifecycle record count for this scaling operation
local-1786752604326628000,macmini-m2-macos26.5.2-rust1.97.1-aarch64-20260814,9d3ab807a08ef4cf1077dbc23213e2314ce37c87,MEASURED,1786752604349241000,lifecycle,aegis_key_lifecycle,ML-DSA-65,lifecycle_root,registry100,0,91,10,39834,40000,9142272,true,root_computed,1,0,0,0,0,0,0,0,100,0,serialized_bytes column stores lifecycle record count for this scaling operation
local-1786752604326628000,macmini-m2-macos26.5.2-rust1.97.1-aarch64-20260814,9d3ab807a08ef4cf1077dbc23213e2314ce37c87,MEASURED,1786752604349288000,lifecycle,aegis_key_lifecycle,ML-DSA-65,lifecycle_root,registry100,0,92,10,39792,40000,9142272,true,root_computed,1,0,0,0,0,0,0,0,100,0,serialized_bytes column stores lifecycle record count for this scaling operation
local-1786752604326628000,macmini-m2-macos26.5.2-rust1.97.1-aarch64-20260814,9d3ab807a08ef4cf1077dbc23213e2314ce37c87,MEASURED,1786752604349342000,lifecycle,aegis_key_lifecycle,ML-DSA-65,lifecycle_root,registry100,0,93,10,52834,52000,9142272,true,root_computed,1,0,0,0,0,0,0,0,100,0,serialized_bytes column stores lifecycle record count for this scaling operation
local-1786752604326628000,macmini-m2-macos26.5.2-rust1.97.1-aarch64-20260814,9d3ab807a08ef4cf1077dbc23213e2314ce37c87,MEASURED,1786752604349384000,lifecycle,aegis_key_lifecycle,ML-DSA-65,lifecycle_root,registry100,0,94,10,39875,40000,9142272,true,root_computed,1,0,0,0,0,0,0,0,100,0,serialized_bytes column stores lifecycle record count for this scaling operation
local-1786752604326628000,macmini-m2-macos26.5.2-rust1.97.1-aarch64-20260814,9d3ab807a08ef4cf1077dbc23213e2314ce37c87,MEASURED,1786752604349426000,lifecycle,aegis_key_lifecycle,ML-DSA-65,lifecycle_root,registry100,0,95,10,39875,40000,9142272,true,root_computed,1,0,0,0,0,0,0,0,100,0,serialized_bytes column stores lifecycle record count for this scaling operation
local-1786752604326628000,macmini-m2-macos26.5.2-rust1.97.1-aarch64-20260814,9d3ab807a08ef4cf1077dbc23213e2314ce37c87,MEASURED,1786752604349470000,lifecycle,aegis_key_lifecycle,ML-DSA-65,lifecycle_root,registry100,0,96,10,42542,43000,9142272,true,root_computed,1,0,0,0,0,0,0,0,100,0,serialized_bytes column stores lifecycle record count for this scaling operation
local-1786752604326628000,macmini-m2-macos26.5.2-rust1.97.1-aarch64-20260814,9d3ab807a08ef4cf1077dbc23213e2314ce37c87,MEASURED,1786752604349514000,lifecycle,aegis_key_lifecycle,ML-DSA-65,lifecycle_root,registry100,0,97,10,42125,43000,9142272,true,root_computed,1,0,0,0,0,0,0,0,100,0,serialized_bytes column stores lifecycle record count for this scaling operation
local-1786752604326628000,macmini-m2-macos26.5.2-rust1.97.1-aarch64-20260814,9d3ab807a08ef4cf1077dbc23213e2314ce37c87,MEASURED,1786752604349556000,lifecycle,aegis_key_lifecycle,ML-DSA-65,lifecycle_root,registry100,0,98,10,39708,40000,9142272,true,root_computed,1,0,0,0,0,0,0,0,100,0,serialized_bytes column stores lifecycle record count for this scaling operation
local-1786752604326628000,macmini-m2-macos26.5.2-rust1.97.1-aarch64-20260814,9d3ab807a08ef4cf1077dbc23213e2314ce37c87,MEASURED,1786752604349597000,lifecycle,aegis_key_lifecycle,ML-DSA-65,lifecycle_root,registry100,0,99,10,39625,40000,9142272,true,root_computed,1,0,0,0,0,0,0,0,100,0,serialized_bytes column stores lifecycle record count for this scaling operation
local-1786752604326628000,macmini-m2-macos26.5.2-rust1.97.1-aarch64-20260814,9d3ab807a08ef4cf1077dbc23213e2314ce37c87,MEASURED,1786752604463513000,lifecycle,aegis_key_lifecycle,ML-DSA-65,lifecycle_root,registry1000,0,0,10,375333,377000,22003712,true,root_computed,1,0,0,0,0,0,0,0,1000,0,serialized_bytes column stores lifecycle record count for this scaling operation
local-1786752604326628000,macmini-m2-macos26.5.2-rust1.97.1-aarch64-20260814,9d3ab807a08ef4cf1077dbc23213e2314ce37c87,MEASURED,1786752604463892000,lifecycle,aegis_key_lifecycle,ML-DSA-65,lifecycle_root,registry1000,0,1,10,373584,374000,22003712,true,root_computed,1,0,0,0,0,0,0,0,1000,0,serialized_bytes column stores lifecycle record count for this scaling operation
local-1786752604326628000,macmini-m2-macos26.5.2-rust1.97.1-aarch64-20260814,9d3ab807a08ef4cf1077dbc23213e2314ce37c87,MEASURED,1786752604464269000,lifecycle,aegis_key_lifecycle,ML-DSA-65,lifecycle_root,registry1000,0,2,10,374375,375000,22003712,true,root_computed,1,0,0,0,0,0,0,0,1000,0,serialized_bytes column stores lifecycle record count for this scaling operation
local-1786752604326628000,macmini-m2-macos26.5.2-rust1.97.1-aarch64-20260814,9d3ab807a08ef4cf1077dbc23213e2314ce37c87,MEASURED,1786752604464645000,lifecycle,aegis_key_lifecycle,ML-DSA-65,lifecycle_root,registry1000,0,3,10,373416,373000,22003712,true,root_computed,1,0,0,0,0,0,0,0,1000,0,serialized_bytes column stores lifecycle record count for this scaling operation
local-1786752604326628000,macmini-m2-macos26.5.2-rust1.97.1-aarch64-20260814,9d3ab807a08ef4cf1077dbc23213e2314ce37c87,MEASURED,1786752604465024000,lifecycle,aegis_key_lifecycle,ML-DSA-65,lifecycle_root,registry1000,0,4,10,377500,377000,22003712,true,root_computed,1,0,0,0,0,0,0,0,1000,0,serialized_bytes column stores lifecycle record count for this scaling operation
local-1786752604326628000,macmini-m2-macos26.5.2-rust1.97.1-aarch64-20260814,9d3ab807a08ef4cf1077dbc23213e2314ce37c87,MEASURED,1786752604465410000,lifecycle,aegis_key_lifecycle,ML-DSA-65,lifecycle_root,registry1000,0,5,10,383791,384000,22003712,true,root_computed,1,0,0,0,0,0,0,0,1000,0,serialized_bytes column stores lifecycle record count for this scaling operation
local-1786752604326628000,macmini-m2-macos26.5.2-rust1.97.1-aarch64-20260814,9d3ab807a08ef4cf1077dbc23213e2314ce37c87,MEASURED,1786752604465804000,lifecycle,aegis_key_lifecycle,ML-DSA-65,lifecycle_root,registry1000,0,6,10,392417,392000,22003712,true,root_computed,1,0,0,0,0,0,0,0,1000,0,serialized_bytes column stores lifecycle record count for this scaling operation
local-1786752604326628000,macmini-m2-macos26.5.2-rust1.97.1-aarch64-20260814,9d3ab807a08ef4cf1077dbc23213e2314ce37c87,MEASURED,1786752604466190000,lifecycle,aegis_key_lifecycle,ML-DSA-65,lifecycle_root,registry1000,0,7,10,384084,384000,22003712,true,root_computed,1,0,0,0,0,0,0,0,1000,0,serialized_bytes column stores lifecycle record count for this scaling operation
local-1786752604326628000,macmini-m2-macos26.5.2-rust1.97.1-aarch64-20260814,9d3ab807a08ef4cf1077dbc23213e2314ce37c87,MEASURED,1786752604466584000,lifecycle,aegis_key_lifecycle,ML-DSA-65,lifecycle_root,registry1000,0,8,10,391250,391000,22003712,true,root_computed,1,0,0,0,0,0,0,0,1000,0,serialized_bytes column stores lifecycle record count for this scaling operation
local-1786752604326628000,macmini-m2-macos26.5.2-rust1.97.1-aarch64-20260814,9d3ab807a08ef4cf1077dbc23213e2314ce37c87,MEASURED,1786752604466995000,lifecycle,aegis_key_lifecycle,ML-DSA-65,lifecycle_root,registry1000,0,9,10,408125,407000,22003712,true,root_computed,1,0,0,0,0,0,0,0,1000,0,serialized_bytes column stores lifecycle record count for this scaling operation
local-1786752604326628000,macmini-m2-macos26.5.2-rust1.97.1-aarch64-20260814,9d3ab807a08ef4cf1077dbc23213e2314ce37c87,MEASURED,1786752604467463000,lifecycle,aegis_key_lifecycle,ML-DSA-65,lifecycle_root,registry1000,0,10,10,462166,443000,22003712,true,root_computed,1,0,0,0,0,0,0,0,1000,0,serialized_bytes column stores lifecycle record count for this scaling operation
local-1786752604326628000,macmini-m2-macos26.5.2-rust1.97.1-aarch64-20260814,9d3ab807a08ef4cf1077dbc23213e2314ce37c87,MEASURED,1786752604467860000,lifecycle,aegis_key_lifecycle,ML-DSA-65,lifecycle_root,registry1000,0,11,10,392708,393000,22003712,true,root_computed,1,0,0,0,0,0,0,0,1000,0,serialized_bytes column stores lifecycle record count for this scaling operation
local-1786752604326628000,macmini-m2-macos26.5.2-rust1.97.1-aarch64-20260814,9d3ab807a08ef4cf1077dbc23213e2314ce37c87,MEASURED,1786752604468241000,lifecycle,aegis_key_lifecycle,ML-DSA-65,lifecycle_root,registry1000,0,12,10,374917,375000,22003712,true,root_computed,1,0,0,0,0,0,0,0,1000,0,serialized_bytes column stores lifecycle record count for this scaling operation
local-1786752604326628000,macmini-m2-macos26.5.2-rust1.97.1-aarch64-20260814,9d3ab807a08ef4cf1077dbc23213e2314ce37c87,MEASURED,1786752604468617000,lifecycle,aegis_key_lifecycle,ML-DSA-65,lifecycle_root,registry1000,0,13,10,373333,373000,22003712,true,root_computed,1,0,0,0,0,0,0,0,1000,0,serialized_bytes column stores lifecycle record count for this scaling operation
local-1786752604326628000,macmini-m2-macos26.5.2-rust1.97.1-aarch64-20260814,9d3ab807a08ef4cf1077dbc23213e2314ce37c87,MEASURED,1786752604469025000,lifecycle,aegis_key_lifecycle,ML-DSA-65,lifecycle_root,registry1000,0,14,10,372958,374000,22003712,true,root_computed,1,0,0,0,0,0,0,0,1000,0,serialized_bytes column stores lifecycle record count for this scaling operation
local-1786752604326628000,macmini-m2-macos26.5.2-rust1.97.1-aarch64-20260814,9d3ab807a08ef4cf1077dbc23213e2314ce37c87,MEASURED,1786752604469410000,lifecycle,aegis_key_lifecycle,ML-DSA-65,lifecycle_root,registry1000,0,15,10,382666,384000,22003712,true,root_computed,1,0,0,0,0,0,0,0,1000,0,serialized_bytes column stores lifecycle record count for this scaling operation
local-1786752604326628000,macmini-m2-macos26.5.2-rust1.97.1-aarch64-20260814,9d3ab807a08ef4cf1077dbc23213e2314ce37c87,MEASURED,1786752604469785000,lifecycle,aegis_key_lifecycle,ML-DSA-65,lifecycle_root,registry1000,0,16,10,373708,374000,22003712,true,root_computed,1,0,0,0,0,0,0,0,1000,0,serialized_bytes column stores lifecycle record count for this scaling operation
local-1786752604326628000,macmini-m2-macos26.5.2-rust1.97.1-aarch64-20260814,9d3ab807a08ef4cf1077dbc23213e2314ce37c87,MEASURED,1786752604470160000,lifecycle,aegis_key_lifecycle,ML-DSA-65,lifecycle_root,registry1000,0,17,10,373250,374000,22003712,true,root_computed,1,0,0,0,0,0,0,0,1000,0,serialized_bytes column stores lifecycle record count for this scaling operation
local-1786752604326628000,macmini-m2-macos26.5.2-rust1.97.1-aarch64-20260814,9d3ab807a08ef4cf1077dbc23213e2314ce37c87,MEASURED,1786752604470535000,lifecycle,aegis_key_lifecycle,ML-DSA-65,lifecycle_root,registry1000,0,18,10,373125,373000,22003712,true,root_computed,1,0,0,0,0,0,0,0,1000,0,serialized_bytes column stores lifecycle record count for this scaling operation
local-1786752604326628000,macmini-m2-macos26.5.2-rust1.97.1-aarch64-20260814,9d3ab807a08ef4cf1077dbc23213e2314ce37c87,MEASURED,1786752604470910000,lifecycle,aegis_key_lifecycle,ML-DSA-65,lifecycle_root,registry1000,0,19,10,372958,373000,22003712,true,root_computed,1,0,0,0,0,0,0,0,1000,0,serialized_bytes column stores lifecycle record count for this scaling operation
local-1786752604326628000,macmini-m2-macos26.5.2-rust1.97.1-aarch64-20260814,9d3ab807a08ef4cf1077dbc23213e2314ce37c87,MEASURED,1786752604471285000,lifecycle,aegis_key_lifecycle,ML-DSA-65,lifecycle_root,registry1000,0,20,10,373459,374000,22003712,true,root_computed,1,0,0,0,0,0,0,0,1000,0,serialized_bytes column stores lifecycle record count for this scaling operation
local-1786752604326628000,macmini-m2-macos26.5.2-rust1.97.1-aarch64-20260814,9d3ab807a08ef4cf1077dbc23213e2314ce37c87,MEASURED,1786752604471660000,lifecycle,aegis_key_lifecycle,ML-DSA-65,lifecycle_root,registry1000,0,21,10,373042,373000,22003712,true,root_computed,1,0,0,0,0,0,0,0,1000,0,serialized_bytes column stores lifecycle record count for this scaling operation
local-1786752604326628000,macmini-m2-macos26.5.2-rust1.97.1-aarch64-20260814,9d3ab807a08ef4cf1077dbc23213e2314ce37c87,MEASURED,1786752604472040000,lifecycle,aegis_key_lifecycle,ML-DSA-65,lifecycle_root,registry1000,0,22,10,378125,378000,22003712,true,root_computed,1,0,0,0,0,0,0,0,1000,0,serialized_bytes column stores lifecycle record count for this scaling operation
local-1786752604326628000,macmini-m2-macos26.5.2-rust1.97.1-aarch64-20260814,9d3ab807a08ef4cf1077dbc23213e2314ce37c87,MEASURED,1786752604472437000,lifecycle,aegis_key_lifecycle,ML-DSA-65,lifecycle_root,registry1000,0,23,10,395208,395000,22003712,true,root_computed,1,0,0,0,0,0,0,0,1000,0,serialized_bytes column stores lifecycle record count for this scaling operation
local-1786752604326628000,macmini-m2-macos26.5.2-rust1.97.1-aarch64-20260814,9d3ab807a08ef4cf1077dbc23213e2314ce37c87,MEASURED,1786752604472837000,lifecycle,aegis_key_lifecycle,ML-DSA-65,lifecycle_root,registry1000,0,24,10,394167,395000,22003712,true,root_computed,1,0,0,0,0,0,0,0,1000,0,serialized_bytes column stores lifecycle record count for this scaling operation
local-1786752604326628000,macmini-m2-macos26.5.2-rust1.97.1-aarch64-20260814,9d3ab807a08ef4cf1077dbc23213e2314ce37c87,MEASURED,1786752604473238000,lifecycle,aegis_key_lifecycle,ML-DSA-65,lifecycle_root,registry1000,0,25,10,395667,396000,22003712,true,root_computed,1,0,0,0,0,0,0,0,1000,0,serialized_bytes column stores lifecycle record count for this scaling operation
local-1786752604326628000,macmini-m2-macos26.5.2-rust1.97.1-aarch64-20260814,9d3ab807a08ef4cf1077dbc23213e2314ce37c87,MEASURED,1786752604473642000,lifecycle,aegis_key_lifecycle,ML-DSA-65,lifecycle_root,registry1000,0,26,10,401958,403000,22003712,true,root_computed,1,0,0,0,0,0,0,0,1000,0,serialized_bytes column stores lifecycle record count for this scaling operation
local-1786752604326628000,macmini-m2-macos26.5.2-rust1.97.1-aarch64-20260814,9d3ab807a08ef4cf1077dbc23213e2314ce37c87,MEASURED,1786752604474084000,lifecycle,aegis_key_lifecycle,ML-DSA-65,lifecycle_root,registry1000,0,27,10,440459,430000,22003712,true,root_computed,1,0,0,0,0,0,0,0,1000,0,serialized_bytes column stores lifecycle record count for this scaling operation
local-1786752604326628000,macmini-m2-macos26.5.2-rust1.97.1-aarch64-20260814,9d3ab807a08ef4cf1077dbc23213e2314ce37c87,MEASURED,1786752604474523000,lifecycle,aegis_key_lifecycle,ML-DSA-65,lifecycle_root,registry1000,0,28,10,432209,432000,22003712,true,root_computed,1,0,0,0,0,0,0,0,1000,0,serialized_bytes column stores lifecycle record count for this scaling operation
local-1786752604326628000,macmini-m2-macos26.5.2-rust1.97.1-aarch64-20260814,9d3ab807a08ef4cf1077dbc23213e2314ce37c87,MEASURED,1786752604474909000,lifecycle,aegis_key_lifecycle,ML-DSA-65,lifecycle_root,registry1000,0,29,10,384041,385000,22003712,true,root_computed,1,0,0,0,0,0,0,0,1000,0,serialized_bytes column stores lifecycle record count for this scaling operation
local-1786752604326628000,macmini-m2-macos26.5.2-rust1.97.1-aarch64-20260814,9d3ab807a08ef4cf1077dbc23213e2314ce37c87,MEASURED,1786752604475283000,lifecycle,aegis_key_lifecycle,ML-DSA-65,lifecycle_root,registry1000,0,30,10,372750,373000,22003712,true,root_computed,1,0,0,0,0,0,0,0,1000,0,serialized_bytes column stores lifecycle record count for this scaling operation
local-1786752604326628000,macmini-m2-macos26.5.2-rust1.97.1-aarch64-20260814,9d3ab807a08ef4cf1077dbc23213e2314ce37c87,MEASURED,1786752604475658000,lifecycle,aegis_key_lifecycle,ML-DSA-65,lifecycle_root,registry1000,0,31,10,372416,373000,22003712,true,root_computed,1,0,0,0,0,0,0,0,1000,0,serialized_bytes column stores lifecycle record count for this scaling operation
local-1786752604326628000,macmini-m2-macos26.5.2-rust1.97.1-aarch64-20260814,9d3ab807a08ef4cf1077dbc23213e2314ce37c87,MEASURED,1786752604476032000,lifecycle,aegis_key_lifecycle,ML-DSA-65,lifecycle_root,registry1000,0,32,10,372500,373000,22003712,true,root_computed,1,0,0,0,0,0,0,0,1000,0,serialized_bytes column stores lifecycle record count for this scaling operation
local-1786752604326628000,macmini-m2-macos26.5.2-rust1.97.1-aarch64-20260814,9d3ab807a08ef4cf1077dbc23213e2314ce37c87,MEASURED,1786752604476411000,lifecycle,aegis_key_lifecycle,ML-DSA-65,lifecycle_root,registry1000,0,33,10,377250,377000,22003712,true,root_computed,1,0,0,0,0,0,0,0,1000,0,serialized_bytes column stores lifecycle record count for this scaling operation
local-1786752604326628000,macmini-m2-macos26.5.2-rust1.97.1-aarch64-20260814,9d3ab807a08ef4cf1077dbc23213e2314ce37c87,MEASURED,1786752604476785000,lifecycle,aegis_key_lifecycle,ML-DSA-65,lifecycle_root,registry1000,0,34,10,372334,373000,22003712,true,root_computed,1,0,0,0,0,0,0,0,1000,0,serialized_bytes column stores lifecycle record count for this scaling operation
local-1786752604326628000,macmini-m2-macos26.5.2-rust1.97.1-aarch64-20260814,9d3ab807a08ef4cf1077dbc23213e2314ce37c87,MEASURED,1786752604477161000,lifecycle,aegis_key_lifecycle,ML-DSA-65,lifecycle_root,registry1000,0,35,10,374209,374000,22003712,true,root_computed,1,0,0,0,0,0,0,0,1000,0,serialized_bytes column stores lifecycle record count for this scaling operation
local-1786752604326628000,macmini-m2-macos26.5.2-rust1.97.1-aarch64-20260814,9d3ab807a08ef4cf1077dbc23213e2314ce37c87,MEASURED,1786752604477557000,lifecycle,aegis_key_lifecycle,ML-DSA-65,lifecycle_root,registry1000,0,36,10,373667,374000,22003712,true,root_computed,1,0,0,0,0,0,0,0,1000,0,serialized_bytes column stores lifecycle record count for this scaling operation
local-1786752604326628000,macmini-m2-macos26.5.2-rust1.97.1-aarch64-20260814,9d3ab807a08ef4cf1077dbc23213e2314ce37c87,MEASURED,1786752604477933000,lifecycle,aegis_key_lifecycle,ML-DSA-65,lifecycle_root,registry1000,0,37,10,373417,373000,22003712,true,root_computed,1,0,0,0,0,0,0,0,1000,0,serialized_bytes column stores lifecycle record count for this scaling operation
local-1786752604326628000,macmini-m2-macos26.5.2-rust1.97.1-aarch64-20260814,9d3ab807a08ef4cf1077dbc23213e2314ce37c87,MEASURED,1786752604478308000,lifecycle,aegis_key_lifecycle,ML-DSA-65,lifecycle_root,registry1000,0,38,10,373084,374000,22003712,true,root_computed,1,0,0,0,0,0,0,0,1000,0,serialized_bytes column stores lifecycle record count for this scaling operation
local-1786752604326628000,macmini-m2-macos26.5.2-rust1.97.1-aarch64-20260814,9d3ab807a08ef4cf1077dbc23213e2314ce37c87,MEASURED,1786752604478683000,lifecycle,aegis_key_lifecycle,ML-DSA-65,lifecycle_root,registry1000,0,39,10,373333,374000,22003712,true,root_computed,1,0,0,0,0,0,0,0,1000,0,serialized_bytes column stores lifecycle record count for this scaling operation
local-1786752604326628000,macmini-m2-macos26.5.2-rust1.97.1-aarch64-20260814,9d3ab807a08ef4cf1077dbc23213e2314ce37c87,MEASURED,1786752604479089000,lifecycle,aegis_key_lifecycle,ML-DSA-65,lifecycle_root,registry1000,0,40,10,404792,405000,22003712,true,root_computed,1,0,0,0,0,0,0,0,1000,0,serialized_bytes column stores lifecycle record count for this scaling operation
local-1786752604326628000,macmini-m2-macos26.5.2-rust1.97.1-aarch64-20260814,9d3ab807a08ef4cf1077dbc23213e2314ce37c87,MEASURED,1786752604479492000,lifecycle,aegis_key_lifecycle,ML-DSA-65,lifecycle_root,registry1000,0,41,10,400541,400000,22003712,true,root_computed,1,0,0,0,0,0,0,0,1000,0,serialized_bytes column stores lifecycle record count for this scaling operation
local-1786752604326628000,macmini-m2-macos26.5.2-rust1.97.1-aarch64-20260814,9d3ab807a08ef4cf1077dbc23213e2314ce37c87,MEASURED,1786752604479878000,lifecycle,aegis_key_lifecycle,ML-DSA-65,lifecycle_root,registry1000,0,42,10,384375,384000,22003712,true,root_computed,1,0,0,0,0,0,0,0,1000,0,serialized_bytes column stores lifecycle record count for this scaling operation
local-1786752604326628000,macmini-m2-macos26.5.2-rust1.97.1-aarch64-20260814,9d3ab807a08ef4cf1077dbc23213e2314ce37c87,MEASURED,1786752604480264000,lifecycle,aegis_key_lifecycle,ML-DSA-65,lifecycle_root,registry1000,0,43,10,383917,384000,22003712,true,root_computed,1,0,0,0,0,0,0,0,1000,0,serialized_bytes column stores lifecycle record count for this scaling operation
local-1786752604326628000,macmini-m2-macos26.5.2-rust1.97.1-aarch64-20260814,9d3ab807a08ef4cf1077dbc23213e2314ce37c87,MEASURED,1786752604480650000,lifecycle,aegis_key_lifecycle,ML-DSA-65,lifecycle_root,registry1000,0,44,10,384042,385000,22003712,true,root_computed,1,0,0,0,0,0,0,0,1000,0,serialized_bytes column stores lifecycle record count for this scaling operation
local-1786752604326628000,macmini-m2-macos26.5.2-rust1.97.1-aarch64-20260814,9d3ab807a08ef4cf1077dbc23213e2314ce37c87,MEASURED,1786752604481108000,lifecycle,aegis_key_lifecycle,ML-DSA-65,lifecycle_root,registry1000,0,45,10,454666,442000,22003712,true,root_computed,1,0,0,0,0,0,0,0,1000,0,serialized_bytes column stores lifecycle record count for this scaling operation
local-1786752604326628000,macmini-m2-macos26.5.2-rust1.97.1-aarch64-20260814,9d3ab807a08ef4cf1077dbc23213e2314ce37c87,MEASURED,1786752604481539000,lifecycle,aegis_key_lifecycle,ML-DSA-65,lifecycle_root,registry1000,0,46,10,427291,413000,22003712,true,root_computed,1,0,0,0,0,0,0,0,1000,0,serialized_bytes column stores lifecycle record count for this scaling operation
local-1786752604326628000,macmini-m2-macos26.5.2-rust1.97.1-aarch64-20260814,9d3ab807a08ef4cf1077dbc23213e2314ce37c87,MEASURED,1786752604481925000,lifecycle,aegis_key_lifecycle,ML-DSA-65,lifecycle_root,registry1000,0,47,10,384042,385000,22003712,true,root_computed,1,0,0,0,0,0,0,0,1000,0,serialized_bytes column stores lifecycle record count for this scaling operation
local-1786752604326628000,macmini-m2-macos26.5.2-rust1.97.1-aarch64-20260814,9d3ab807a08ef4cf1077dbc23213e2314ce37c87,MEASURED,1786752604482311000,lifecycle,aegis_key_lifecycle,ML-DSA-65,lifecycle_root,registry1000,0,48,10,383625,384000,22003712,true,root_computed,1,0,0,0,0,0,0,0,1000,0,serialized_bytes column stores lifecycle record count for this scaling operation
local-1786752604326628000,macmini-m2-macos26.5.2-rust1.97.1-aarch64-20260814,9d3ab807a08ef4cf1077dbc23213e2314ce37c87,MEASURED,1786752604482697000,lifecycle,aegis_key_lifecycle,ML-DSA-65,lifecycle_root,registry1000,0,49,10,384167,385000,22003712,true,root_computed,1,0,0,0,0,0,0,0,1000,0,serialized_bytes column stores lifecycle record count for this scaling operation
local-1786752604326628000,macmini-m2-macos26.5.2-rust1.97.1-aarch64-20260814,9d3ab807a08ef4cf1077dbc23213e2314ce37c87,MEASURED,1786752604483083000,lifecycle,aegis_key_lifecycle,ML-DSA-65,lifecycle_root,registry1000,0,50,10,384125,384000,22003712,true,root_computed,1,0,0,0,0,0,0,0,1000,0,serialized_bytes column stores lifecycle record count for this scaling operation
local-1786752604326628000,macmini-m2-macos26.5.2-rust1.97.1-aarch64-20260814,9d3ab807a08ef4cf1077dbc23213e2314ce37c87,MEASURED,1786752604483476000,lifecycle,aegis_key_lifecycle,ML-DSA-65,lifecycle_root,registry1000,0,51,10,391500,392000,22003712,true,root_computed,1,0,0,0,0,0,0,0,1000,0,serialized_bytes column stores lifecycle record count for this scaling operation
local-1786752604326628000,macmini-m2-macos26.5.2-rust1.97.1-aarch64-20260814,9d3ab807a08ef4cf1077dbc23213e2314ce37c87,MEASURED,1786752604483862000,lifecycle,aegis_key_lifecycle,ML-DSA-65,lifecycle_root,registry1000,0,52,10,383458,384000,22003712,true,root_computed,1,0,0,0,0,0,0,0,1000,0,serialized_bytes column stores lifecycle record count for this scaling operation
local-1786752604326628000,macmini-m2-macos26.5.2-rust1.97.1-aarch64-20260814,9d3ab807a08ef4cf1077dbc23213e2314ce37c87,MEASURED,1786752604484247000,lifecycle,aegis_key_lifecycle,ML-DSA-65,lifecycle_root,registry1000,0,53,10,383500,384000,22003712,true,root_computed,1,0,0,0,0,0,0,0,1000,0,serialized_bytes column stores lifecycle record count for this scaling operation
local-1786752604326628000,macmini-m2-macos26.5.2-rust1.97.1-aarch64-20260814,9d3ab807a08ef4cf1077dbc23213e2314ce37c87,MEASURED,1786752604484633000,lifecycle,aegis_key_lifecycle,ML-DSA-65,lifecycle_root,registry1000,0,54,10,383792,384000,22003712,true,root_computed,1,0,0,0,0,0,0,0,1000,0,serialized_bytes column stores lifecycle record count for this scaling operation
local-1786752604326628000,macmini-m2-macos26.5.2-rust1.97.1-aarch64-20260814,9d3ab807a08ef4cf1077dbc23213e2314ce37c87,MEASURED,1786752604485018000,lifecycle,aegis_key_lifecycle,ML-DSA-65,lifecycle_root,registry1000,0,55,10,383584,385000,22003712,true,root_computed,1,0,0,0,0,0,0,0,1000,0,serialized_bytes column stores lifecycle record count for this scaling operation
local-1786752604326628000,macmini-m2-macos26.5.2-rust1.97.1-aarch64-20260814,9d3ab807a08ef4cf1077dbc23213e2314ce37c87,MEASURED,1786752604485404000,lifecycle,aegis_key_lifecycle,ML-DSA-65,lifecycle_root,registry1000,0,56,10,383916,384000,22003712,true,root_computed,1,0,0,0,0,0,0,0,1000,0,serialized_bytes column stores lifecycle record count for this scaling operation
local-1786752604326628000,macmini-m2-macos26.5.2-rust1.97.1-aarch64-20260814,9d3ab807a08ef4cf1077dbc23213e2314ce37c87,MEASURED,1786752604485789000,lifecycle,aegis_key_lifecycle,ML-DSA-65,lifecycle_root,registry1000,0,57,10,383417,383000,22003712,true,root_computed,1,0,0,0,0,0,0,0,1000,0,serialized_bytes column stores lifecycle record count for this scaling operation
local-1786752604326628000,macmini-m2-macos26.5.2-rust1.97.1-aarch64-20260814,9d3ab807a08ef4cf1077dbc23213e2314ce37c87,MEASURED,1786752604486188000,lifecycle,aegis_key_lifecycle,ML-DSA-65,lifecycle_root,registry1000,0,58,10,383375,383000,22003712,true,root_computed,1,0,0,0,0,0,0,0,1000,0,serialized_bytes column stores lifecycle record count for this scaling operation
local-1786752604326628000,macmini-m2-macos26.5.2-rust1.97.1-aarch64-20260814,9d3ab807a08ef4cf1077dbc23213e2314ce37c87,MEASURED,1786752604486575000,lifecycle,aegis_key_lifecycle,ML-DSA-65,lifecycle_root,registry1000,0,59,10,384875,385000,22003712,true,root_computed,1,0,0,0,0,0,0,0,1000,0,serialized_bytes column stores lifecycle record count for this scaling operation
local-1786752604326628000,macmini-m2-macos26.5.2-rust1.97.1-aarch64-20260814,9d3ab807a08ef4cf1077dbc23213e2314ce37c87,MEASURED,1786752604486975000,lifecycle,aegis_key_lifecycle,ML-DSA-65,lifecycle_root,registry1000,0,60,10,398542,399000,22003712,true,root_computed,1,0,0,0,0,0,0,0,1000,0,serialized_bytes column stores lifecycle record count for this scaling operation
local-1786752604326628000,macmini-m2-macos26.5.2-rust1.97.1-aarch64-20260814,9d3ab807a08ef4cf1077dbc23213e2314ce37c87,MEASURED,1786752604487368000,lifecycle,aegis_key_lifecycle,ML-DSA-65,lifecycle_root,registry1000,0,61,10,387333,388000,22003712,true,root_computed,1,0,0,0,0,0,0,0,1000,0,serialized_bytes column stores lifecycle record count for this scaling operation
local-1786752604326628000,macmini-m2-macos26.5.2-rust1.97.1-aarch64-20260814,9d3ab807a08ef4cf1077dbc23213e2314ce37c87,MEASURED,1786752604487780000,lifecycle,aegis_key_lifecycle,ML-DSA-65,lifecycle_root,registry1000,0,62,10,409584,410000,22003712,true,root_computed,1,0,0,0,0,0,0,0,1000,0,serialized_bytes column stores lifecycle record count for this scaling operation
local-1786752604326628000,macmini-m2-macos26.5.2-rust1.97.1-aarch64-20260814,9d3ab807a08ef4cf1077dbc23213e2314ce37c87,MEASURED,1786752604488237000,lifecycle,aegis_key_lifecycle,ML-DSA-65,lifecycle_root,registry1000,0,63,10,454458,452000,22003712,true,root_computed,1,0,0,0,0,0,0,0,1000,0,serialized_bytes column stores lifecycle record count for this scaling operation
local-1786752604326628000,macmini-m2-macos26.5.2-rust1.97.1-aarch64-20260814,9d3ab807a08ef4cf1077dbc23213e2314ce37c87,MEASURED,1786752604488628000,lifecycle,aegis_key_lifecycle,ML-DSA-65,lifecycle_root,registry1000,0,64,10,388209,390000,22003712,true,root_computed,1,0,0,0,0,0,0,0,1000,0,serialized_bytes column stores lifecycle record count for this scaling operation
local-1786752604326628000,macmini-m2-macos26.5.2-rust1.97.1-aarch64-20260814,9d3ab807a08ef4cf1077dbc23213e2314ce37c87,MEASURED,1786752604489011000,lifecycle,aegis_key_lifecycle,ML-DSA-65,lifecycle_root,registry1000,0,65,10,380500,381000,22003712,true,root_computed,1,0,0,0,0,0,0,0,1000,0,serialized_bytes column stores lifecycle record count for this scaling operation
local-1786752604326628000,macmini-m2-macos26.5.2-rust1.97.1-aarch64-20260814,9d3ab807a08ef4cf1077dbc23213e2314ce37c87,MEASURED,1786752604489385000,lifecycle,aegis_key_lifecycle,ML-DSA-65,lifecycle_root,registry1000,0,66,10,372709,373000,22003712,true,root_computed,1,0,0,0,0,0,0,0,1000,0,serialized_bytes column stores lifecycle record count for this scaling operation
local-1786752604326628000,macmini-m2-macos26.5.2-rust1.97.1-aarch64-20260814,9d3ab807a08ef4cf1077dbc23213e2314ce37c87,MEASURED,1786752604489760000,lifecycle,aegis_key_lifecycle,ML-DSA-65,lifecycle_root,registry1000,0,67,10,372667,373000,22003712,true,root_computed,1,0,0,0,0,0,0,0,1000,0,serialized_bytes column stores lifecycle record count for this scaling operation
local-1786752604326628000,macmini-m2-macos26.5.2-rust1.97.1-aarch64-20260814,9d3ab807a08ef4cf1077dbc23213e2314ce37c87,MEASURED,1786752604490145000,lifecycle,aegis_key_lifecycle,ML-DSA-65,lifecycle_root,registry1000,0,68,10,380250,380000,22003712,true,root_computed,1,0,0,0,0,0,0,0,1000,0,serialized_bytes column stores lifecycle record count for this scaling operation
local-1786752604326628000,macmini-m2-macos26.5.2-rust1.97.1-aarch64-20260814,9d3ab807a08ef4cf1077dbc23213e2314ce37c87,MEASURED,1786752604490524000,lifecycle,aegis_key_lifecycle,ML-DSA-65,lifecycle_root,registry1000,0,69,10,376958,378000,22003712,true,root_computed,1,0,0,0,0,0,0,0,1000,0,serialized_bytes column stores lifecycle record count for this scaling operation
local-1786752604326628000,macmini-m2-macos26.5.2-rust1.97.1-aarch64-20260814,9d3ab807a08ef4cf1077dbc23213e2314ce37c87,MEASURED,1786752604490899000,lifecycle,aegis_key_lifecycle,ML-DSA-65,lifecycle_root,registry1000,0,70,10,372541,373000,22003712,true,root_computed,1,0,0,0,0,0,0,0,1000,0,serialized_bytes column stores lifecycle record count for this scaling operation
local-1786752604326628000,macmini-m2-macos26.5.2-rust1.97.1-aarch64-20260814,9d3ab807a08ef4cf1077dbc23213e2314ce37c87,MEASURED,1786752604491297000,lifecycle,aegis_key_lifecycle,ML-DSA-65,lifecycle_root,registry1000,0,71,10,396000,397000,22003712,true,root_computed,1,0,0,0,0,0,0,0,1000,0,serialized_bytes column stores lifecycle record count for this scaling operation
local-1786752604326628000,macmini-m2-macos26.5.2-rust1.97.1-aarch64-20260814,9d3ab807a08ef4cf1077dbc23213e2314ce37c87,MEASURED,1786752604491671000,lifecycle,aegis_key_lifecycle,ML-DSA-65,lifecycle_root,registry1000,0,72,10,372750,373000,22003712,true,root_computed,1,0,0,0,0,0,0,0,1000,0,serialized_bytes column stores lifecycle record count for this scaling operation
local-1786752604326628000,macmini-m2-macos26.5.2-rust1.97.1-aarch64-20260814,9d3ab807a08ef4cf1077dbc23213e2314ce37c87,MEASURED,1786752604492051000,lifecycle,aegis_key_lifecycle,ML-DSA-65,lifecycle_root,registry1000,0,73,10,377542,378000,22003712,true,root_computed,1,0,0,0,0,0,0,0,1000,0,serialized_bytes column stores lifecycle record count for this scaling operation
local-1786752604326628000,macmini-m2-macos26.5.2-rust1.97.1-aarch64-20260814,9d3ab807a08ef4cf1077dbc23213e2314ce37c87,MEASURED,1786752604492436000,lifecycle,aegis_key_lifecycle,ML-DSA-65,lifecycle_root,registry1000,0,74,10,383875,384000,22003712,true,root_computed,1,0,0,0,0,0,0,0,1000,0,serialized_bytes column stores lifecycle record count for this scaling operation
local-1786752604326628000,macmini-m2-macos26.5.2-rust1.97.1-aarch64-20260814,9d3ab807a08ef4cf1077dbc23213e2314ce37c87,MEASURED,1786752604492826000,lifecycle,aegis_key_lifecycle,ML-DSA-65,lifecycle_root,registry1000,0,75,10,387292,388000,22003712,true,root_computed,1,0,0,0,0,0,0,0,1000,0,serialized_bytes column stores lifecycle record count for this scaling operation
local-1786752604326628000,macmini-m2-macos26.5.2-rust1.97.1-aarch64-20260814,9d3ab807a08ef4cf1077dbc23213e2314ce37c87,MEASURED,1786752604493241000,lifecycle,aegis_key_lifecycle,ML-DSA-65,lifecycle_root,registry1000,0,76,10,413417,414000,22003712,true,root_computed,1,0,0,0,0,0,0,0,1000,0,serialized_bytes column stores lifecycle record count for this scaling operation
local-1786752604326628000,macmini-m2-macos26.5.2-rust1.97.1-aarch64-20260814,9d3ab807a08ef4cf1077dbc23213e2314ce37c87,MEASURED,1786752604493631000,lifecycle,aegis_key_lifecycle,ML-DSA-65,lifecycle_root,registry1000,0,77,10,387583,389000,22003712,true,root_computed,1,0,0,0,0,0,0,0,1000,0,serialized_bytes column stores lifecycle record count for this scaling operation
local-1786752604326628000,macmini-m2-macos26.5.2-rust1.97.1-aarch64-20260814,9d3ab807a08ef4cf1077dbc23213e2314ce37c87,MEASURED,1786752604494016000,lifecycle,aegis_key_lifecycle,ML-DSA-65,lifecycle_root,registry1000,0,78,10,383750,383000,22003712,true,root_computed,1,0,0,0,0,0,0,0,1000,0,serialized_bytes column stores lifecycle record count for this scaling operation
local-1786752604326628000,macmini-m2-macos26.5.2-rust1.97.1-aarch64-20260814,9d3ab807a08ef4cf1077dbc23213e2314ce37c87,MEASURED,1786752604494402000,lifecycle,aegis_key_lifecycle,ML-DSA-65,lifecycle_root,registry1000,0,79,10,383792,384000,22003712,true,root_computed,1,0,0,0,0,0,0,0,1000,0,serialized_bytes column stores lifecycle record count for this scaling operation
local-1786752604326628000,macmini-m2-macos26.5.2-rust1.97.1-aarch64-20260814,9d3ab807a08ef4cf1077dbc23213e2314ce37c87,MEASURED,1786752604494832000,lifecycle,aegis_key_lifecycle,ML-DSA-65,lifecycle_root,registry1000,0,80,10,412958,412000,22003712,true,root_computed,1,0,0,0,0,0,0,0,1000,0,serialized_bytes column stores lifecycle record count for this scaling operation
local-1786752604326628000,macmini-m2-macos26.5.2-rust1.97.1-aarch64-20260814,9d3ab807a08ef4cf1077dbc23213e2314ce37c87,MEASURED,1786752604495275000,lifecycle,aegis_key_lifecycle,ML-DSA-65,lifecycle_root,registry1000,0,81,10,436625,423000,22003712,true,root_computed,1,0,0,0,0,0,0,0,1000,0,serialized_bytes column stores lifecycle record count for this scaling operation
local-1786752604326628000,macmini-m2-macos26.5.2-rust1.97.1-aarch64-20260814,9d3ab807a08ef4cf1077dbc23213e2314ce37c87,MEASURED,1786752604495665000,lifecycle,aegis_key_lifecycle,ML-DSA-65,lifecycle_root,registry1000,0,82,10,383667,384000,22003712,true,root_computed,1,0,0,0,0,0,0,0,1000,0,serialized_bytes column stores lifecycle record count for this scaling operation
local-1786752604326628000,macmini-m2-macos26.5.2-rust1.97.1-aarch64-20260814,9d3ab807a08ef4cf1077dbc23213e2314ce37c87,MEASURED,1786752604496050000,lifecycle,aegis_key_lifecycle,ML-DSA-65,lifecycle_root,registry1000,0,83,10,383167,383000,22003712,true,root_computed,1,0,0,0,0,0,0,0,1000,0,serialized_bytes column stores lifecycle record count for this scaling operation
local-1786752604326628000,macmini-m2-macos26.5.2-rust1.97.1-aarch64-20260814,9d3ab807a08ef4cf1077dbc23213e2314ce37c87,MEASURED,1786752604496435000,lifecycle,aegis_key_lifecycle,ML-DSA-65,lifecycle_root,registry1000,0,84,10,383000,384000,22003712,true,root_computed,1,0,0,0,0,0,0,0,1000,0,serialized_bytes column stores lifecycle record count for this scaling operation
local-1786752604326628000,macmini-m2-macos26.5.2-rust1.97.1-aarch64-20260814,9d3ab807a08ef4cf1077dbc23213e2314ce37c87,MEASURED,1786752604496820000,lifecycle,aegis_key_lifecycle,ML-DSA-65,lifecycle_root,registry1000,0,85,10,383250,383000,22003712,true,root_computed,1,0,0,0,0,0,0,0,1000,0,serialized_bytes column stores lifecycle record count for this scaling operation
local-1786752604326628000,macmini-m2-macos26.5.2-rust1.97.1-aarch64-20260814,9d3ab807a08ef4cf1077dbc23213e2314ce37c87,MEASURED,1786752604497197000,lifecycle,aegis_key_lifecycle,ML-DSA-65,lifecycle_root,registry1000,0,86,10,375083,375000,22003712,true,root_computed,1,0,0,0,0,0,0,0,1000,0,serialized_bytes column stores lifecycle record count for this scaling operation
local-1786752604326628000,macmini-m2-macos26.5.2-rust1.97.1-aarch64-20260814,9d3ab807a08ef4cf1077dbc23213e2314ce37c87,MEASURED,1786752604497572000,lifecycle,aegis_key_lifecycle,ML-DSA-65,lifecycle_root,registry1000,0,87,10,373167,374000,22003712,true,root_computed,1,0,0,0,0,0,0,0,1000,0,serialized_bytes column stores lifecycle record count for this scaling operation
local-1786752604326628000,macmini-m2-macos26.5.2-rust1.97.1-aarch64-20260814,9d3ab807a08ef4cf1077dbc23213e2314ce37c87,MEASURED,1786752604497947000,lifecycle,aegis_key_lifecycle,ML-DSA-65,lifecycle_root,registry1000,0,88,10,372583,374000,22003712,true,root_computed,1,0,0,0,0,0,0,0,1000,0,serialized_bytes column stores lifecycle record count for this scaling operation
local-1786752604326628000,macmini-m2-macos26.5.2-rust1.97.1-aarch64-20260814,9d3ab807a08ef4cf1077dbc23213e2314ce37c87,MEASURED,1786752604498322000,lifecycle,aegis_key_lifecycle,ML-DSA-65,lifecycle_root,registry1000,0,89,10,372875,373000,22003712,true,root_computed,1,0,0,0,0,0,0,0,1000,0,serialized_bytes column stores lifecycle record count for this scaling operation
local-1786752604326628000,macmini-m2-macos26.5.2-rust1.97.1-aarch64-20260814,9d3ab807a08ef4cf1077dbc23213e2314ce37c87,MEASURED,1786752604498696000,lifecycle,aegis_key_lifecycle,ML-DSA-65,lifecycle_root,registry1000,0,90,10,372250,372000,22003712,true,root_computed,1,0,0,0,0,0,0,0,1000,0,serialized_bytes column stores lifecycle record count for this scaling operation
local-1786752604326628000,macmini-m2-macos26.5.2-rust1.97.1-aarch64-20260814,9d3ab807a08ef4cf1077dbc23213e2314ce37c87,MEASURED,1786752604499076000,lifecycle,aegis_key_lifecycle,ML-DSA-65,lifecycle_root,registry1000,0,91,10,378375,379000,22003712,true,root_computed,1,0,0,0,0,0,0,0,1000,0,serialized_bytes column stores lifecycle record count for this scaling operation
local-1786752604326628000,macmini-m2-macos26.5.2-rust1.97.1-aarch64-20260814,9d3ab807a08ef4cf1077dbc23213e2314ce37c87,MEASURED,1786752604499461000,lifecycle,aegis_key_lifecycle,ML-DSA-65,lifecycle_root,registry1000,0,92,10,382792,383000,22003712,true,root_computed,1,0,0,0,0,0,0,0,1000,0,serialized_bytes column stores lifecycle record count for this scaling operation
local-1786752604326628000,macmini-m2-macos26.5.2-rust1.97.1-aarch64-20260814,9d3ab807a08ef4cf1077dbc23213e2314ce37c87,MEASURED,1786752604499846000,lifecycle,aegis_key_lifecycle,ML-DSA-65,lifecycle_root,registry1000,0,93,10,383208,384000,22003712,true,root_computed,1,0,0,0,0,0,0,0,1000,0,serialized_bytes column stores lifecycle record count for this scaling operation
local-1786752604326628000,macmini-m2-macos26.5.2-rust1.97.1-aarch64-20260814,9d3ab807a08ef4cf1077dbc23213e2314ce37c87,MEASURED,1786752604500233000,lifecycle,aegis_key_lifecycle,ML-DSA-65,lifecycle_root,registry1000,0,94,10,383041,383000,22003712,true,root_computed,1,0,0,0,0,0,0,0,1000,0,serialized_bytes column stores lifecycle record count for this scaling operation
local-1786752604326628000,macmini-m2-macos26.5.2-rust1.97.1-aarch64-20260814,9d3ab807a08ef4cf1077dbc23213e2314ce37c87,MEASURED,1786752604500647000,lifecycle,aegis_key_lifecycle,ML-DSA-65,lifecycle_root,registry1000,0,95,10,408250,408000,22003712,true,root_computed,1,0,0,0,0,0,0,0,1000,0,serialized_bytes column stores lifecycle record count for this scaling operation
local-1786752604326628000,macmini-m2-macos26.5.2-rust1.97.1-aarch64-20260814,9d3ab807a08ef4cf1077dbc23213e2314ce37c87,MEASURED,1786752604501040000,lifecycle,aegis_key_lifecycle,ML-DSA-65,lifecycle_root,registry1000,0,96,10,391458,392000,22003712,true,root_computed,1,0,0,0,0,0,0,0,1000,0,serialized_bytes column stores lifecycle record count for this scaling operation
local-1786752604326628000,macmini-m2-macos26.5.2-rust1.97.1-aarch64-20260814,9d3ab807a08ef4cf1077dbc23213e2314ce37c87,MEASURED,1786752604501470000,lifecycle,aegis_key_lifecycle,ML-DSA-65,lifecycle_root,registry1000,0,97,10,427250,428000,22003712,true,root_computed,1,0,0,0,0,0,0,0,1000,0,serialized_bytes column stores lifecycle record count for this scaling operation
local-1786752604326628000,macmini-m2-macos26.5.2-rust1.97.1-aarch64-20260814,9d3ab807a08ef4cf1077dbc23213e2314ce37c87,MEASURED,1786752604501900000,lifecycle,aegis_key_lifecycle,ML-DSA-65,lifecycle_root,registry1000,0,98,10,427792,422000,22003712,true,root_computed,1,0,0,0,0,0,0,0,1000,0,serialized_bytes column stores lifecycle record count for this scaling operation
local-1786752604326628000,macmini-m2-macos26.5.2-rust1.97.1-aarch64-20260814,9d3ab807a08ef4cf1077dbc23213e2314ce37c87,MEASURED,1786752604502328000,lifecycle,aegis_key_lifecycle,ML-DSA-65,lifecycle_root,registry1000,0,99,10,422167,422000,22003712,true,root_computed,1,0,0,0,0,0,0,0,1000,0,serialized_bytes column stores lifecycle record count for this scaling operation
local-1786752604326628000,macmini-m2-macos26.5.2-rust1.97.1-aarch64-20260814,9d3ab807a08ef4cf1077dbc23213e2314ce37c87,MEASURED,1786752605855005000,lifecycle,aegis_key_lifecycle,ML-DSA-65,lifecycle_root,registry10000,0,0,10,3793416,3796000,149635072,true,root_computed,1,0,0,0,0,0,0,0,10000,0,serialized_bytes column stores lifecycle record count for this scaling operation
local-1786752604326628000,macmini-m2-macos26.5.2-rust1.97.1-aarch64-20260814,9d3ab807a08ef4cf1077dbc23213e2314ce37c87,MEASURED,1786752605859015000,lifecycle,aegis_key_lifecycle,ML-DSA-65,lifecycle_root,registry10000,0,1,10,3993125,3988000,149635072,true,root_computed,1,0,0,0,0,0,0,0,10000,0,serialized_bytes column stores lifecycle record count for this scaling operation
local-1786752604326628000,macmini-m2-macos26.5.2-rust1.97.1-aarch64-20260814,9d3ab807a08ef4cf1077dbc23213e2314ce37c87,MEASURED,1786752605862947000,lifecycle,aegis_key_lifecycle,ML-DSA-65,lifecycle_root,registry10000,0,2,10,3885292,3886000,149635072,true,root_computed,1,0,0,0,0,0,0,0,10000,0,serialized_bytes column stores lifecycle record count for this scaling operation
local-1786752604326628000,macmini-m2-macos26.5.2-rust1.97.1-aarch64-20260814,9d3ab807a08ef4cf1077dbc23213e2314ce37c87,MEASURED,1786752605866906000,lifecycle,aegis_key_lifecycle,ML-DSA-65,lifecycle_root,registry10000,0,3,10,3956000,3948000,149635072,true,root_computed,1,0,0,0,0,0,0,0,10000,0,serialized_bytes column stores lifecycle record count for this scaling operation
local-1786752604326628000,macmini-m2-macos26.5.2-rust1.97.1-aarch64-20260814,9d3ab807a08ef4cf1077dbc23213e2314ce37c87,MEASURED,1786752605870870000,lifecycle,aegis_key_lifecycle,ML-DSA-65,lifecycle_root,registry10000,0,4,10,3955500,3950000,149635072,true,root_computed,1,0,0,0,0,0,0,0,10000,0,serialized_bytes column stores lifecycle record count for this scaling operation
local-1786752604326628000,macmini-m2-macos26.5.2-rust1.97.1-aarch64-20260814,9d3ab807a08ef4cf1077dbc23213e2314ce37c87,MEASURED,1786752605874728000,lifecycle,aegis_key_lifecycle,ML-DSA-65,lifecycle_root,registry10000,0,5,10,3853542,3853000,149635072,true,root_computed,1,0,0,0,0,0,0,0,10000,0,serialized_bytes column stores lifecycle record count for this scaling operation
local-1786752604326628000,macmini-m2-macos26.5.2-rust1.97.1-aarch64-20260814,9d3ab807a08ef4cf1077dbc23213e2314ce37c87,MEASURED,1786752605878711000,lifecycle,aegis_key_lifecycle,ML-DSA-65,lifecycle_root,registry10000,0,6,10,3976958,3972000,149635072,true,root_computed,1,0,0,0,0,0,0,0,10000,0,serialized_bytes column stores lifecycle record count for this scaling operation
local-1786752604326628000,macmini-m2-macos26.5.2-rust1.97.1-aarch64-20260814,9d3ab807a08ef4cf1077dbc23213e2314ce37c87,MEASURED,1786752605882559000,lifecycle,aegis_key_lifecycle,ML-DSA-65,lifecycle_root,registry10000,0,7,10,3842458,3844000,149635072,true,root_computed,1,0,0,0,0,0,0,0,10000,0,serialized_bytes column stores lifecycle record count for this scaling operation
local-1786752604326628000,macmini-m2-macos26.5.2-rust1.97.1-aarch64-20260814,9d3ab807a08ef4cf1077dbc23213e2314ce37c87,MEASURED,1786752605886602000,lifecycle,aegis_key_lifecycle,ML-DSA-65,lifecycle_root,registry10000,0,8,10,4039375,4019000,149635072,true,root_computed,1,0,0,0,0,0,0,0,10000,0,serialized_bytes column stores lifecycle record count for this scaling operation
local-1786752604326628000,macmini-m2-macos26.5.2-rust1.97.1-aarch64-20260814,9d3ab807a08ef4cf1077dbc23213e2314ce37c87,MEASURED,1786752605890466000,lifecycle,aegis_key_lifecycle,ML-DSA-65,lifecycle_root,registry10000,0,9,10,3859917,3860000,149635072,true,root_computed,1,0,0,0,0,0,0,0,10000,0,serialized_bytes column stores lifecycle record count for this scaling operation
local-1786752604326628000,macmini-m2-macos26.5.2-rust1.97.1-aarch64-20260814,9d3ab807a08ef4cf1077dbc23213e2314ce37c87,MEASURED,1786752605894391000,lifecycle,aegis_key_lifecycle,ML-DSA-65,lifecycle_root,registry10000,0,10,10,3921541,3918000,149635072,true,root_computed,1,0,0,0,0,0,0,0,10000,0,serialized_bytes column stores lifecycle record count for this scaling operation
local-1786752604326628000,macmini-m2-macos26.5.2-rust1.97.1-aarch64-20260814,9d3ab807a08ef4cf1077dbc23213e2314ce37c87,MEASURED,1786752605898355000,lifecycle,aegis_key_lifecycle,ML-DSA-65,lifecycle_root,registry10000,0,11,10,3960875,3946000,149635072,true,root_computed,1,0,0,0,0,0,0,0,10000,0,serialized_bytes column stores lifecycle record count for this scaling operation
local-1786752604326628000,macmini-m2-macos26.5.2-rust1.97.1-aarch64-20260814,9d3ab807a08ef4cf1077dbc23213e2314ce37c87,MEASURED,1786752605902225000,lifecycle,aegis_key_lifecycle,ML-DSA-65,lifecycle_root,registry10000,0,12,10,3865333,3866000,149635072,true,root_computed,1,0,0,0,0,0,0,0,10000,0,serialized_bytes column stores lifecycle record count for this scaling operation
local-1786752604326628000,macmini-m2-macos26.5.2-rust1.97.1-aarch64-20260814,9d3ab807a08ef4cf1077dbc23213e2314ce37c87,MEASURED,1786752605906202000,lifecycle,aegis_key_lifecycle,ML-DSA-65,lifecycle_root,registry10000,0,13,10,3970958,3956000,149635072,true,root_computed,1,0,0,0,0,0,0,0,10000,0,serialized_bytes column stores lifecycle record count for this scaling operation
local-1786752604326628000,macmini-m2-macos26.5.2-rust1.97.1-aarch64-20260814,9d3ab807a08ef4cf1077dbc23213e2314ce37c87,MEASURED,1786752605910039000,lifecycle,aegis_key_lifecycle,ML-DSA-65,lifecycle_root,registry10000,0,14,10,3831750,3832000,149635072,true,root_computed,1,0,0,0,0,0,0,0,10000,0,serialized_bytes column stores lifecycle record count for this scaling operation
local-1786752604326628000,macmini-m2-macos26.5.2-rust1.97.1-aarch64-20260814,9d3ab807a08ef4cf1077dbc23213e2314ce37c87,MEASURED,1786752605913989000,lifecycle,aegis_key_lifecycle,ML-DSA-65,lifecycle_root,registry10000,0,15,10,3946750,3925000,149635072,true,root_computed,1,0,0,0,0,0,0,0,10000,0,serialized_bytes column stores lifecycle record count for this scaling operation
local-1786752604326628000,macmini-m2-macos26.5.2-rust1.97.1-aarch64-20260814,9d3ab807a08ef4cf1077dbc23213e2314ce37c87,MEASURED,1786752605917877000,lifecycle,aegis_key_lifecycle,ML-DSA-65,lifecycle_root,registry10000,0,16,10,3884375,3885000,149635072,true,root_computed,1,0,0,0,0,0,0,0,10000,0,serialized_bytes column stores lifecycle record count for this scaling operation
local-1786752604326628000,macmini-m2-macos26.5.2-rust1.97.1-aarch64-20260814,9d3ab807a08ef4cf1077dbc23213e2314ce37c87,MEASURED,1786752605921821000,lifecycle,aegis_key_lifecycle,ML-DSA-65,lifecycle_root,registry10000,0,17,10,3940458,3924000,149635072,true,root_computed,1,0,0,0,0,0,0,0,10000,0,serialized_bytes column stores lifecycle record count for this scaling operation
local-1786752604326628000,macmini-m2-macos26.5.2-rust1.97.1-aarch64-20260814,9d3ab807a08ef4cf1077dbc23213e2314ce37c87,MEASURED,1786752605925696000,lifecycle,aegis_key_lifecycle,ML-DSA-65,lifecycle_root,registry10000,0,18,10,3867416,3868000,149635072,true,root_computed,1,0,0,0,0,0,0,0,10000,0,serialized_bytes column stores lifecycle record count for this scaling operation
local-1786752604326628000,macmini-m2-macos26.5.2-rust1.97.1-aarch64-20260814,9d3ab807a08ef4cf1077dbc23213e2314ce37c87,MEASURED,1786752605929571000,lifecycle,aegis_key_lifecycle,ML-DSA-65,lifecycle_root,registry10000,0,19,10,3871084,3861000,149635072,true,root_computed,1,0,0,0,0,0,0,0,10000,0,serialized_bytes column stores lifecycle record count for this scaling operation
local-1786752604326628000,macmini-m2-macos26.5.2-rust1.97.1-aarch64-20260814,9d3ab807a08ef4cf1077dbc23213e2314ce37c87,MEASURED,1786752605933537000,lifecycle,aegis_key_lifecycle,ML-DSA-65,lifecycle_root,registry10000,0,20,10,3962708,3946000,149635072,true,root_computed,1,0,0,0,0,0,0,0,10000,0,serialized_bytes column stores lifecycle record count for this scaling operation
local-1786752604326628000,macmini-m2-macos26.5.2-rust1.97.1-aarch64-20260814,9d3ab807a08ef4cf1077dbc23213e2314ce37c87,MEASURED,1786752605937373000,lifecycle,aegis_key_lifecycle,ML-DSA-65,lifecycle_root,registry10000,0,21,10,3832791,3833000,149635072,true,root_computed,1,0,0,0,0,0,0,0,10000,0,serialized_bytes column stores lifecycle record count for this scaling operation
local-1786752604326628000,macmini-m2-macos26.5.2-rust1.97.1-aarch64-20260814,9d3ab807a08ef4cf1077dbc23213e2314ce37c87,MEASURED,1786752605941341000,lifecycle,aegis_key_lifecycle,ML-DSA-65,lifecycle_root,registry10000,0,22,10,3961875,3958000,149635072,true,root_computed,1,0,0,0,0,0,0,0,10000,0,serialized_bytes column stores lifecycle record count for this scaling operation
local-1786752604326628000,macmini-m2-macos26.5.2-rust1.97.1-aarch64-20260814,9d3ab807a08ef4cf1077dbc23213e2314ce37c87,MEASURED,1786752605945225000,lifecycle,aegis_key_lifecycle,ML-DSA-65,lifecycle_root,registry10000,0,23,10,3849458,3850000,149635072,true,root_computed,1,0,0,0,0,0,0,0,10000,0,serialized_bytes column stores lifecycle record count for this scaling operation
local-1786752604326628000,macmini-m2-macos26.5.2-rust1.97.1-aarch64-20260814,9d3ab807a08ef4cf1077dbc23213e2314ce37c87,MEASURED,1786752605949150000,lifecycle,aegis_key_lifecycle,ML-DSA-65,lifecycle_root,registry10000,0,24,10,3921458,3912000,149635072,true,root_computed,1,0,0,0,0,0,0,0,10000,0,serialized_bytes column stores lifecycle record count for this scaling operation
local-1786752604326628000,macmini-m2-macos26.5.2-rust1.97.1-aarch64-20260814,9d3ab807a08ef4cf1077dbc23213e2314ce37c87,MEASURED,1786752605953034000,lifecycle,aegis_key_lifecycle,ML-DSA-65,lifecycle_root,registry10000,0,25,10,3880125,3880000,149635072,true,root_computed,1,0,0,0,0,0,0,0,10000,0,serialized_bytes column stores lifecycle record count for this scaling operation
local-1786752604326628000,macmini-m2-macos26.5.2-rust1.97.1-aarch64-20260814,9d3ab807a08ef4cf1077dbc23213e2314ce37c87,MEASURED,1786752605956930000,lifecycle,aegis_key_lifecycle,ML-DSA-65,lifecycle_root,registry10000,0,26,10,3893167,3878000,149635072,true,root_computed,1,0,0,0,0,0,0,0,10000,0,serialized_bytes column stores lifecycle record count for this scaling operation
local-1786752604326628000,macmini-m2-macos26.5.2-rust1.97.1-aarch64-20260814,9d3ab807a08ef4cf1077dbc23213e2314ce37c87,MEASURED,1786752605960807000,lifecycle,aegis_key_lifecycle,ML-DSA-65,lifecycle_root,registry10000,0,27,10,3873833,3873000,149635072,true,root_computed,1,0,0,0,0,0,0,0,10000,0,serialized_bytes column stores lifecycle record count for this scaling operation
local-1786752604326628000,macmini-m2-macos26.5.2-rust1.97.1-aarch64-20260814,9d3ab807a08ef4cf1077dbc23213e2314ce37c87,MEASURED,1786752605964697000,lifecycle,aegis_key_lifecycle,ML-DSA-65,lifecycle_root,registry10000,0,28,10,3886458,3885000,149635072,true,root_computed,1,0,0,0,0,0,0,0,10000,0,serialized_bytes column stores lifecycle record count for this scaling operation
local-1786752604326628000,macmini-m2-macos26.5.2-rust1.97.1-aarch64-20260814,9d3ab807a08ef4cf1077dbc23213e2314ce37c87,MEASURED,1786752605968656000,lifecycle,aegis_key_lifecycle,ML-DSA-65,lifecycle_root,registry10000,0,29,10,3952459,3949000,149635072,true,root_computed,1,0,0,0,0,0,0,0,10000,0,serialized_bytes column stores lifecycle record count for this scaling operation
local-1786752604326628000,macmini-m2-macos26.5.2-rust1.97.1-aarch64-20260814,9d3ab807a08ef4cf1077dbc23213e2314ce37c87,MEASURED,1786752605972487000,lifecycle,aegis_key_lifecycle,ML-DSA-65,lifecycle_root,registry10000,0,30,10,3827542,3828000,149635072,true,root_computed,1,0,0,0,0,0,0,0,10000,0,serialized_bytes column stores lifecycle record count for this scaling operation
local-1786752604326628000,macmini-m2-macos26.5.2-rust1.97.1-aarch64-20260814,9d3ab807a08ef4cf1077dbc23213e2314ce37c87,MEASURED,1786752605976475000,lifecycle,aegis_key_lifecycle,ML-DSA-65,lifecycle_root,registry10000,0,31,10,3985583,3964000,149635072,true,root_computed,1,0,0,0,0,0,0,0,10000,0,serialized_bytes column stores lifecycle record count for this scaling operation
local-1786752604326628000,macmini-m2-macos26.5.2-rust1.97.1-aarch64-20260814,9d3ab807a08ef4cf1077dbc23213e2314ce37c87,MEASURED,1786752605980368000,lifecycle,aegis_key_lifecycle,ML-DSA-65,lifecycle_root,registry10000,0,32,10,3889375,3890000,149635072,true,root_computed,1,0,0,0,0,0,0,0,10000,0,serialized_bytes column stores lifecycle record count for this scaling operation
local-1786752604326628000,macmini-m2-macos26.5.2-rust1.97.1-aarch64-20260814,9d3ab807a08ef4cf1077dbc23213e2314ce37c87,MEASURED,1786752605984300000,lifecycle,aegis_key_lifecycle,ML-DSA-65,lifecycle_root,registry10000,0,33,10,3928750,3923000,149635072,true,root_computed,1,0,0,0,0,0,0,0,10000,0,serialized_bytes column stores lifecycle record count for this scaling operation
local-1786752604326628000,macmini-m2-macos26.5.2-rust1.97.1-aarch64-20260814,9d3ab807a08ef4cf1077dbc23213e2314ce37c87,MEASURED,1786752605988199000,lifecycle,aegis_key_lifecycle,ML-DSA-65,lifecycle_root,registry10000,0,34,10,3893250,3894000,149635072,true,root_computed,1,0,0,0,0,0,0,0,10000,0,serialized_bytes column stores lifecycle record count for this scaling operation
local-1786752604326628000,macmini-m2-macos26.5.2-rust1.97.1-aarch64-20260814,9d3ab807a08ef4cf1077dbc23213e2314ce37c87,MEASURED,1786752605992125000,lifecycle,aegis_key_lifecycle,ML-DSA-65,lifecycle_root,registry10000,0,35,10,3922417,3896000,149635072,true,root_computed,1,0,0,0,0,0,0,0,10000,0,serialized_bytes column stores lifecycle record count for this scaling operation
local-1786752604326628000,macmini-m2-macos26.5.2-rust1.97.1-aarch64-20260814,9d3ab807a08ef4cf1077dbc23213e2314ce37c87,MEASURED,1786752605996037000,lifecycle,aegis_key_lifecycle,ML-DSA-65,lifecycle_root,registry10000,0,36,10,3905792,3897000,149635072,true,root_computed,1,0,0,0,0,0,0,0,10000,0,serialized_bytes column stores lifecycle record count for this scaling operation
local-1786752604326628000,macmini-m2-macos26.5.2-rust1.97.1-aarch64-20260814,9d3ab807a08ef4cf1077dbc23213e2314ce37c87,MEASURED,1786752605999870000,lifecycle,aegis_key_lifecycle,ML-DSA-65,lifecycle_root,registry10000,0,37,10,3829833,3830000,149635072,true,root_computed,1,0,0,0,0,0,0,0,10000,0,serialized_bytes column stores lifecycle record count for this scaling operation
local-1786752604326628000,macmini-m2-macos26.5.2-rust1.97.1-aarch64-20260814,9d3ab807a08ef4cf1077dbc23213e2314ce37c87,MEASURED,1786752606003809000,lifecycle,aegis_key_lifecycle,ML-DSA-65,lifecycle_root,registry10000,0,38,10,3935917,3931000,149635072,true,root_computed,1,0,0,0,0,0,0,0,10000,0,serialized_bytes column stores lifecycle record count for this scaling operation
local-1786752604326628000,macmini-m2-macos26.5.2-rust1.97.1-aarch64-20260814,9d3ab807a08ef4cf1077dbc23213e2314ce37c87,MEASURED,1786752606007641000,lifecycle,aegis_key_lifecycle,ML-DSA-65,lifecycle_root,registry10000,0,39,10,3828583,3828000,149635072,true,root_computed,1,0,0,0,0,0,0,0,10000,0,serialized_bytes column stores lifecycle record count for this scaling operation
local-1786752604326628000,macmini-m2-macos26.5.2-rust1.97.1-aarch64-20260814,9d3ab807a08ef4cf1077dbc23213e2314ce37c87,MEASURED,1786752606011631000,lifecycle,aegis_key_lifecycle,ML-DSA-65,lifecycle_root,registry10000,0,40,10,3987125,3967000,149635072,true,root_computed,1,0,0,0,0,0,0,0,10000,0,serialized_bytes column stores lifecycle record count for this scaling operation
local-1786752604326628000,macmini-m2-macos26.5.2-rust1.97.1-aarch64-20260814,9d3ab807a08ef4cf1077dbc23213e2314ce37c87,MEASURED,1786752606015528000,lifecycle,aegis_key_lifecycle,ML-DSA-65,lifecycle_root,registry10000,0,41,10,3888334,3889000,149635072,true,root_computed,1,0,0,0,0,0,0,0,10000,0,serialized_bytes column stores lifecycle record count for this scaling operation
local-1786752604326628000,macmini-m2-macos26.5.2-rust1.97.1-aarch64-20260814,9d3ab807a08ef4cf1077dbc23213e2314ce37c87,MEASURED,1786752606019519000,lifecycle,aegis_key_lifecycle,ML-DSA-65,lifecycle_root,registry10000,0,42,10,3986875,3978000,149635072,true,root_computed,1,0,0,0,0,0,0,0,10000,0,serialized_bytes column stores lifecycle record count for this scaling operation
local-1786752604326628000,macmini-m2-macos26.5.2-rust1.97.1-aarch64-20260814,9d3ab807a08ef4cf1077dbc23213e2314ce37c87,MEASURED,1786752606023463000,lifecycle,aegis_key_lifecycle,ML-DSA-65,lifecycle_root,registry10000,0,43,10,3939333,3919000,149635072,true,root_computed,1,0,0,0,0,0,0,0,10000,0,serialized_bytes column stores lifecycle record count for this scaling operation
local-1786752604326628000,macmini-m2-macos26.5.2-rust1.97.1-aarch64-20260814,9d3ab807a08ef4cf1077dbc23213e2314ce37c87,MEASURED,1786752606027684000,lifecycle,aegis_key_lifecycle,ML-DSA-65,lifecycle_root,registry10000,0,44,10,4168458,4129000,149635072,true,root_computed,1,0,0,0,0,0,0,0,10000,0,serialized_bytes column stores lifecycle record count for this scaling operation
local-1786752604326628000,macmini-m2-macos26.5.2-rust1.97.1-aarch64-20260814,9d3ab807a08ef4cf1077dbc23213e2314ce37c87,MEASURED,1786752606031800000,lifecycle,aegis_key_lifecycle,ML-DSA-65,lifecycle_root,registry10000,0,45,10,4110208,4080000,149635072,true,root_computed,1,0,0,0,0,0,0,0,10000,0,serialized_bytes column stores lifecycle record count for this scaling operation
local-1786752604326628000,macmini-m2-macos26.5.2-rust1.97.1-aarch64-20260814,9d3ab807a08ef4cf1077dbc23213e2314ce37c87,MEASURED,1786752606036015000,lifecycle,aegis_key_lifecycle,ML-DSA-65,lifecycle_root,registry10000,0,46,10,4209917,4152000,149635072,true,root_computed,1,0,0,0,0,0,0,0,10000,0,serialized_bytes column stores lifecycle record count for this scaling operation
local-1786752604326628000,macmini-m2-macos26.5.2-rust1.97.1-aarch64-20260814,9d3ab807a08ef4cf1077dbc23213e2314ce37c87,MEASURED,1786752606040253000,lifecycle,aegis_key_lifecycle,ML-DSA-65,lifecycle_root,registry10000,0,47,10,4232459,4195000,149635072,true,root_computed,1,0,0,0,0,0,0,0,10000,0,serialized_bytes column stores lifecycle record count for this scaling operation
local-1786752604326628000,macmini-m2-macos26.5.2-rust1.97.1-aarch64-20260814,9d3ab807a08ef4cf1077dbc23213e2314ce37c87,MEASURED,1786752606044337000,lifecycle,aegis_key_lifecycle,ML-DSA-65,lifecycle_root,registry10000,0,48,10,4077666,4038000,149635072,true,root_computed,1,0,0,0,0,0,0,0,10000,0,serialized_bytes column stores lifecycle record count for this scaling operation
local-1786752604326628000,macmini-m2-macos26.5.2-rust1.97.1-aarch64-20260814,9d3ab807a08ef4cf1077dbc23213e2314ce37c87,MEASURED,1786752606048579000,lifecycle,aegis_key_lifecycle,ML-DSA-65,lifecycle_root,registry10000,0,49,10,4232542,4203000,149635072,true,root_computed,1,0,0,0,0,0,0,0,10000,0,serialized_bytes column stores lifecycle record count for this scaling operation
local-1786752604326628000,macmini-m2-macos26.5.2-rust1.97.1-aarch64-20260814,9d3ab807a08ef4cf1077dbc23213e2314ce37c87,MEASURED,1786752606052913000,lifecycle,aegis_key_lifecycle,ML-DSA-65,lifecycle_root,registry10000,0,50,10,4328750,4257000,149635072,true,root_computed,1,0,0,0,0,0,0,0,10000,0,serialized_bytes column stores lifecycle record count for this scaling operation
local-1786752604326628000,macmini-m2-macos26.5.2-rust1.97.1-aarch64-20260814,9d3ab807a08ef4cf1077dbc23213e2314ce37c87,MEASURED,1786752606056932000,lifecycle,aegis_key_lifecycle,ML-DSA-65,lifecycle_root,registry10000,0,51,10,4013083,4011000,149635072,true,root_computed,1,0,0,0,0,0,0,0,10000,0,serialized_bytes column stores lifecycle record count for this scaling operation
local-1786752604326628000,macmini-m2-macos26.5.2-rust1.97.1-aarch64-20260814,9d3ab807a08ef4cf1077dbc23213e2314ce37c87,MEASURED,1786752606060966000,lifecycle,aegis_key_lifecycle,ML-DSA-65,lifecycle_root,registry10000,0,52,10,4029917,4001000,149635072,true,root_computed,1,0,0,0,0,0,0,0,10000,0,serialized_bytes column stores lifecycle record count for this scaling operation
local-1786752604326628000,macmini-m2-macos26.5.2-rust1.97.1-aarch64-20260814,9d3ab807a08ef4cf1077dbc23213e2314ce37c87,MEASURED,1786752606064882000,lifecycle,aegis_key_lifecycle,ML-DSA-65,lifecycle_root,registry10000,0,53,10,3911541,3910000,149635072,true,root_computed,1,0,0,0,0,0,0,0,10000,0,serialized_bytes column stores lifecycle record count for this scaling operation
local-1786752604326628000,macmini-m2-macos26.5.2-rust1.97.1-aarch64-20260814,9d3ab807a08ef4cf1077dbc23213e2314ce37c87,MEASURED,1786752606068835000,lifecycle,aegis_key_lifecycle,ML-DSA-65,lifecycle_root,registry10000,0,54,10,3947916,3907000,149635072,true,root_computed,1,0,0,0,0,0,0,0,10000,0,serialized_bytes column stores lifecycle record count for this scaling operation
local-1786752604326628000,macmini-m2-macos26.5.2-rust1.97.1-aarch64-20260814,9d3ab807a08ef4cf1077dbc23213e2314ce37c87,MEASURED,1786752606072912000,lifecycle,aegis_key_lifecycle,ML-DSA-65,lifecycle_root,registry10000,0,55,10,4067958,4042000,149635072,true,root_computed,1,0,0,0,0,0,0,0,10000,0,serialized_bytes column stores lifecycle record count for this scaling operation
local-1786752604326628000,macmini-m2-macos26.5.2-rust1.97.1-aarch64-20260814,9d3ab807a08ef4cf1077dbc23213e2314ce37c87,MEASURED,1786752606076913000,lifecycle,aegis_key_lifecycle,ML-DSA-65,lifecycle_root,registry10000,0,56,10,3996125,3991000,149635072,true,root_computed,1,0,0,0,0,0,0,0,10000,0,serialized_bytes column stores lifecycle record count for this scaling operation
local-1786752604326628000,macmini-m2-macos26.5.2-rust1.97.1-aarch64-20260814,9d3ab807a08ef4cf1077dbc23213e2314ce37c87,MEASURED,1786752606080991000,lifecycle,aegis_key_lifecycle,ML-DSA-65,lifecycle_root,registry10000,0,57,10,4074041,4003000,149635072,true,root_computed,1,0,0,0,0,0,0,0,10000,0,serialized_bytes column stores lifecycle record count for this scaling operation
local-1786752604326628000,macmini-m2-macos26.5.2-rust1.97.1-aarch64-20260814,9d3ab807a08ef4cf1077dbc23213e2314ce37c87,MEASURED,1786752606085016000,lifecycle,aegis_key_lifecycle,ML-DSA-65,lifecycle_root,registry10000,0,58,10,4019750,4015000,149635072,true,root_computed,1,0,0,0,0,0,0,0,10000,0,serialized_bytes column stores lifecycle record count for this scaling operation
local-1786752604326628000,macmini-m2-macos26.5.2-rust1.97.1-aarch64-20260814,9d3ab807a08ef4cf1077dbc23213e2314ce37c87,MEASURED,1786752606089227000,lifecycle,aegis_key_lifecycle,ML-DSA-65,lifecycle_root,registry10000,0,59,10,4204708,4140000,149635072,true,root_computed,1,0,0,0,0,0,0,0,10000,0,serialized_bytes column stores lifecycle record count for this scaling operation
local-1786752604326628000,macmini-m2-macos26.5.2-rust1.97.1-aarch64-20260814,9d3ab807a08ef4cf1077dbc23213e2314ce37c87,MEASURED,1786752606093321000,lifecycle,aegis_key_lifecycle,ML-DSA-65,lifecycle_root,registry10000,0,60,10,4088250,4056000,149635072,true,root_computed,1,0,0,0,0,0,0,0,10000,0,serialized_bytes column stores lifecycle record count for this scaling operation
local-1786752604326628000,macmini-m2-macos26.5.2-rust1.97.1-aarch64-20260814,9d3ab807a08ef4cf1077dbc23213e2314ce37c87,MEASURED,1786752606097256000,lifecycle,aegis_key_lifecycle,ML-DSA-65,lifecycle_root,registry10000,0,61,10,3930625,3930000,149635072,true,root_computed,1,0,0,0,0,0,0,0,10000,0,serialized_bytes column stores lifecycle record count for this scaling operation
local-1786752604326628000,macmini-m2-macos26.5.2-rust1.97.1-aarch64-20260814,9d3ab807a08ef4cf1077dbc23213e2314ce37c87,MEASURED,1786752606101368000,lifecycle,aegis_key_lifecycle,ML-DSA-65,lifecycle_root,registry10000,0,62,10,4107750,4058000,149635072,true,root_computed,1,0,0,0,0,0,0,0,10000,0,serialized_bytes column stores lifecycle record count for this scaling operation
local-1786752604326628000,macmini-m2-macos26.5.2-rust1.97.1-aarch64-20260814,9d3ab807a08ef4cf1077dbc23213e2314ce37c87,MEASURED,1786752606105271000,lifecycle,aegis_key_lifecycle,ML-DSA-65,lifecycle_root,registry10000,0,63,10,3898042,3899000,149635072,true,root_computed,1,0,0,0,0,0,0,0,10000,0,serialized_bytes column stores lifecycle record count for this scaling operation
local-1786752604326628000,macmini-m2-macos26.5.2-rust1.97.1-aarch64-20260814,9d3ab807a08ef4cf1077dbc23213e2314ce37c87,MEASURED,1786752606109313000,lifecycle,aegis_key_lifecycle,ML-DSA-65,lifecycle_root,registry10000,0,64,10,4037541,3984000,149635072,true,root_computed,1,0,0,0,0,0,0,0,10000,0,serialized_bytes column stores lifecycle record count for this scaling operation
local-1786752604326628000,macmini-m2-macos26.5.2-rust1.97.1-aarch64-20260814,9d3ab807a08ef4cf1077dbc23213e2314ce37c87,MEASURED,1786752606113238000,lifecycle,aegis_key_lifecycle,ML-DSA-65,lifecycle_root,registry10000,0,65,10,3888666,3890000,149635072,true,root_computed,1,0,0,0,0,0,0,0,10000,0,serialized_bytes column stores lifecycle record count for this scaling operation
local-1786752604326628000,macmini-m2-macos26.5.2-rust1.97.1-aarch64-20260814,9d3ab807a08ef4cf1077dbc23213e2314ce37c87,MEASURED,1786752606117206000,lifecycle,aegis_key_lifecycle,ML-DSA-65,lifecycle_root,registry10000,0,66,10,3964584,3960000,149635072,true,root_computed,1,0,0,0,0,0,0,0,10000,0,serialized_bytes column stores lifecycle record count for this scaling operation
local-1786752604326628000,macmini-m2-macos26.5.2-rust1.97.1-aarch64-20260814,9d3ab807a08ef4cf1077dbc23213e2314ce37c87,MEASURED,1786752606121231000,lifecycle,aegis_key_lifecycle,ML-DSA-65,lifecycle_root,registry10000,0,67,10,4017917,3996000,149635072,true,root_computed,1,0,0,0,0,0,0,0,10000,0,serialized_bytes column stores lifecycle record count for this scaling operation
local-1786752604326628000,macmini-m2-macos26.5.2-rust1.97.1-aarch64-20260814,9d3ab807a08ef4cf1077dbc23213e2314ce37c87,MEASURED,1786752606125072000,lifecycle,aegis_key_lifecycle,ML-DSA-65,lifecycle_root,registry10000,0,68,10,3837708,3838000,149635072,true,root_computed,1,0,0,0,0,0,0,0,10000,0,serialized_bytes column stores lifecycle record count for this scaling operation
local-1786752604326628000,macmini-m2-macos26.5.2-rust1.97.1-aarch64-20260814,9d3ab807a08ef4cf1077dbc23213e2314ce37c87,MEASURED,1786752606129074000,lifecycle,aegis_key_lifecycle,ML-DSA-65,lifecycle_root,registry10000,0,69,10,3994958,3959000,149635072,true,root_computed,1,0,0,0,0,0,0,0,10000,0,serialized_bytes column stores lifecycle record count for this scaling operation
local-1786752604326628000,macmini-m2-macos26.5.2-rust1.97.1-aarch64-20260814,9d3ab807a08ef4cf1077dbc23213e2314ce37c87,MEASURED,1786752606132932000,lifecycle,aegis_key_lifecycle,ML-DSA-65,lifecycle_root,registry10000,0,70,10,3851959,3850000,149635072,true,root_computed,1,0,0,0,0,0,0,0,10000,0,serialized_bytes column stores lifecycle record count for this scaling operation
local-1786752604326628000,macmini-m2-macos26.5.2-rust1.97.1-aarch64-20260814,9d3ab807a08ef4cf1077dbc23213e2314ce37c87,MEASURED,1786752606136908000,lifecycle,aegis_key_lifecycle,ML-DSA-65,lifecycle_root,registry10000,0,71,10,3971958,3947000,149635072,true,root_computed,1,0,0,0,0,0,0,0,10000,0,serialized_bytes column stores lifecycle record count for this scaling operation
local-1786752604326628000,macmini-m2-macos26.5.2-rust1.97.1-aarch64-20260814,9d3ab807a08ef4cf1077dbc23213e2314ce37c87,MEASURED,1786752606140770000,lifecycle,aegis_key_lifecycle,ML-DSA-65,lifecycle_root,registry10000,0,72,10,3855250,3856000,149635072,true,root_computed,1,0,0,0,0,0,0,0,10000,0,serialized_bytes column stores lifecycle record count for this scaling operation
local-1786752604326628000,macmini-m2-macos26.5.2-rust1.97.1-aarch64-20260814,9d3ab807a08ef4cf1077dbc23213e2314ce37c87,MEASURED,1786752606144716000,lifecycle,aegis_key_lifecycle,ML-DSA-65,lifecycle_root,registry10000,0,73,10,3942958,3931000,149635072,true,root_computed,1,0,0,0,0,0,0,0,10000,0,serialized_bytes column stores lifecycle record count for this scaling operation
local-1786752604326628000,macmini-m2-macos26.5.2-rust1.97.1-aarch64-20260814,9d3ab807a08ef4cf1077dbc23213e2314ce37c87,MEASURED,1786752606148679000,lifecycle,aegis_key_lifecycle,ML-DSA-65,lifecycle_root,registry10000,0,74,10,3958708,3944000,149635072,true,root_computed,1,0,0,0,0,0,0,0,10000,0,serialized_bytes column stores lifecycle record count for this scaling operation
local-1786752604326628000,macmini-m2-macos26.5.2-rust1.97.1-aarch64-20260814,9d3ab807a08ef4cf1077dbc23213e2314ce37c87,MEASURED,1786752606152535000,lifecycle,aegis_key_lifecycle,ML-DSA-65,lifecycle_root,registry10000,0,75,10,3853042,3854000,149635072,true,root_computed,1,0,0,0,0,0,0,0,10000,0,serialized_bytes column stores lifecycle record count for this scaling operation
local-1786752604326628000,macmini-m2-macos26.5.2-rust1.97.1-aarch64-20260814,9d3ab807a08ef4cf1077dbc23213e2314ce37c87,MEASURED,1786752606156532000,lifecycle,aegis_key_lifecycle,ML-DSA-65,lifecycle_root,registry10000,0,76,10,3993334,3985000,149635072,true,root_computed,1,0,0,0,0,0,0,0,10000,0,serialized_bytes column stores lifecycle record count for this scaling operation
local-1786752604326628000,macmini-m2-macos26.5.2-rust1.97.1-aarch64-20260814,9d3ab807a08ef4cf1077dbc23213e2314ce37c87,MEASURED,1786752606160408000,lifecycle,aegis_key_lifecycle,ML-DSA-65,lifecycle_root,registry10000,0,77,10,3872417,3873000,149635072,true,root_computed,1,0,0,0,0,0,0,0,10000,0,serialized_bytes column stores lifecycle record count for this scaling operation
local-1786752604326628000,macmini-m2-macos26.5.2-rust1.97.1-aarch64-20260814,9d3ab807a08ef4cf1077dbc23213e2314ce37c87,MEASURED,1786752606164429000,lifecycle,aegis_key_lifecycle,ML-DSA-65,lifecycle_root,registry10000,0,78,10,4018208,4012000,149635072,true,root_computed,1,0,0,0,0,0,0,0,10000,0,serialized_bytes column stores lifecycle record count for this scaling operation
local-1786752604326628000,macmini-m2-macos26.5.2-rust1.97.1-aarch64-20260814,9d3ab807a08ef4cf1077dbc23213e2314ce37c87,MEASURED,1786752606168344000,lifecycle,aegis_key_lifecycle,ML-DSA-65,lifecycle_root,registry10000,0,79,10,3908375,3908000,149635072,true,root_computed,1,0,0,0,0,0,0,0,10000,0,serialized_bytes column stores lifecycle record count for this scaling operation
local-1786752604326628000,macmini-m2-macos26.5.2-rust1.97.1-aarch64-20260814,9d3ab807a08ef4cf1077dbc23213e2314ce37c87,MEASURED,1786752606172262000,lifecycle,aegis_key_lifecycle,ML-DSA-65,lifecycle_root,registry10000,0,80,10,3914250,3908000,149635072,true,root_computed,1,0,0,0,0,0,0,0,10000,0,serialized_bytes column stores lifecycle record count for this scaling operation
local-1786752604326628000,macmini-m2-macos26.5.2-rust1.97.1-aarch64-20260814,9d3ab807a08ef4cf1077dbc23213e2314ce37c87,MEASURED,1786752606176221000,lifecycle,aegis_key_lifecycle,ML-DSA-65,lifecycle_root,registry10000,0,81,10,3954541,3932000,149635072,true,root_computed,1,0,0,0,0,0,0,0,10000,0,serialized_bytes column stores lifecycle record count for this scaling operation
local-1786752604326628000,macmini-m2-macos26.5.2-rust1.97.1-aarch64-20260814,9d3ab807a08ef4cf1077dbc23213e2314ce37c87,MEASURED,1786752606180089000,lifecycle,aegis_key_lifecycle,ML-DSA-65,lifecycle_root,registry10000,0,82,10,3864250,3865000,149635072,true,root_computed,1,0,0,0,0,0,0,0,10000,0,serialized_bytes column stores lifecycle record count for this scaling operation
local-1786752604326628000,macmini-m2-macos26.5.2-rust1.97.1-aarch64-20260814,9d3ab807a08ef4cf1077dbc23213e2314ce37c87,MEASURED,1786752606183984000,lifecycle,aegis_key_lifecycle,ML-DSA-65,lifecycle_root,registry10000,0,83,10,3888750,3879000,149635072,true,root_computed,1,0,0,0,0,0,0,0,10000,0,serialized_bytes column stores lifecycle record count for this scaling operation
local-1786752604326628000,macmini-m2-macos26.5.2-rust1.97.1-aarch64-20260814,9d3ab807a08ef4cf1077dbc23213e2314ce37c87,MEASURED,1786752606187725000,lifecycle,aegis_key_lifecycle,ML-DSA-65,lifecycle_root,registry10000,0,84,10,3736875,3736000,149635072,true,root_computed,1,0,0,0,0,0,0,0,10000,0,serialized_bytes column stores lifecycle record count for this scaling operation
local-1786752604326628000,macmini-m2-macos26.5.2-rust1.97.1-aarch64-20260814,9d3ab807a08ef4cf1077dbc23213e2314ce37c87,MEASURED,1786752606191721000,lifecycle,aegis_key_lifecycle,ML-DSA-65,lifecycle_root,registry10000,0,85,10,3991291,3984000,149635072,true,root_computed,1,0,0,0,0,0,0,0,10000,0,serialized_bytes column stores lifecycle record count for this scaling operation
local-1786752604326628000,macmini-m2-macos26.5.2-rust1.97.1-aarch64-20260814,9d3ab807a08ef4cf1077dbc23213e2314ce37c87,MEASURED,1786752606195592000,lifecycle,aegis_key_lifecycle,ML-DSA-65,lifecycle_root,registry10000,0,86,10,3837167,3839000,149635072,true,root_computed,1,0,0,0,0,0,0,0,10000,0,serialized_bytes column stores lifecycle record count for this scaling operation
local-1786752604326628000,macmini-m2-macos26.5.2-rust1.97.1-aarch64-20260814,9d3ab807a08ef4cf1077dbc23213e2314ce37c87,MEASURED,1786752606199553000,lifecycle,aegis_key_lifecycle,ML-DSA-65,lifecycle_root,registry10000,0,87,10,3957250,3931000,149635072,true,root_computed,1,0,0,0,0,0,0,0,10000,0,serialized_bytes column stores lifecycle record count for this scaling operation
local-1786752604326628000,macmini-m2-macos26.5.2-rust1.97.1-aarch64-20260814,9d3ab807a08ef4cf1077dbc23213e2314ce37c87,MEASURED,1786752606203417000,lifecycle,aegis_key_lifecycle,ML-DSA-65,lifecycle_root,registry10000,0,88,10,3857375,3858000,149635072,true,root_computed,1,0,0,0,0,0,0,0,10000,0,serialized_bytes column stores lifecycle record count for this scaling operation
local-1786752604326628000,macmini-m2-macos26.5.2-rust1.97.1-aarch64-20260814,9d3ab807a08ef4cf1077dbc23213e2314ce37c87,MEASURED,1786752606207355000,lifecycle,aegis_key_lifecycle,ML-DSA-65,lifecycle_root,registry10000,0,89,10,3934500,3926000,149635072,true,root_computed,1,0,0,0,0,0,0,0,10000,0,serialized_bytes column stores lifecycle record count for this scaling operation
local-1786752604326628000,macmini-m2-macos26.5.2-rust1.97.1-aarch64-20260814,9d3ab807a08ef4cf1077dbc23213e2314ce37c87,MEASURED,1786752606211360000,lifecycle,aegis_key_lifecycle,ML-DSA-65,lifecycle_root,registry10000,0,90,10,3999125,3966000,149635072,true,root_computed,1,0,0,0,0,0,0,0,10000,0,serialized_bytes column stores lifecycle record count for this scaling operation
local-1786752604326628000,macmini-m2-macos26.5.2-rust1.97.1-aarch64-20260814,9d3ab807a08ef4cf1077dbc23213e2314ce37c87,MEASURED,1786752606215221000,lifecycle,aegis_key_lifecycle,ML-DSA-65,lifecycle_root,registry10000,0,91,10,3857292,3858000,149635072,true,root_computed,1,0,0,0,0,0,0,0,10000,0,serialized_bytes column stores lifecycle record count for this scaling operation
local-1786752604326628000,macmini-m2-macos26.5.2-rust1.97.1-aarch64-20260814,9d3ab807a08ef4cf1077dbc23213e2314ce37c87,MEASURED,1786752606219191000,lifecycle,aegis_key_lifecycle,ML-DSA-65,lifecycle_root,registry10000,0,92,10,3966916,3949000,149635072,true,root_computed,1,0,0,0,0,0,0,0,10000,0,serialized_bytes column stores lifecycle record count for this scaling operation
local-1786752604326628000,macmini-m2-macos26.5.2-rust1.97.1-aarch64-20260814,9d3ab807a08ef4cf1077dbc23213e2314ce37c87,MEASURED,1786752606223084000,lifecycle,aegis_key_lifecycle,ML-DSA-65,lifecycle_root,registry10000,0,93,10,3889750,3891000,149635072,true,root_computed,1,0,0,0,0,0,0,0,10000,0,serialized_bytes column stores lifecycle record count for this scaling operation
local-1786752604326628000,macmini-m2-macos26.5.2-rust1.97.1-aarch64-20260814,9d3ab807a08ef4cf1077dbc23213e2314ce37c87,MEASURED,1786752606227008000,lifecycle,aegis_key_lifecycle,ML-DSA-65,lifecycle_root,registry10000,0,94,10,3921084,3914000,149635072,true,root_computed,1,0,0,0,0,0,0,0,10000,0,serialized_bytes column stores lifecycle record count for this scaling operation
local-1786752604326628000,macmini-m2-macos26.5.2-rust1.97.1-aarch64-20260814,9d3ab807a08ef4cf1077dbc23213e2314ce37c87,MEASURED,1786752606230863000,lifecycle,aegis_key_lifecycle,ML-DSA-65,lifecycle_root,registry10000,0,95,10,3851500,3852000,149635072,true,root_computed,1,0,0,0,0,0,0,0,10000,0,serialized_bytes column stores lifecycle record count for this scaling operation
local-1786752604326628000,macmini-m2-macos26.5.2-rust1.97.1-aarch64-20260814,9d3ab807a08ef4cf1077dbc23213e2314ce37c87,MEASURED,1786752606234791000,lifecycle,aegis_key_lifecycle,ML-DSA-65,lifecycle_root,registry10000,0,96,10,3923792,3892000,149635072,true,root_computed,1,0,0,0,0,0,0,0,10000,0,serialized_bytes column stores lifecycle record count for this scaling operation
local-1786752604326628000,macmini-m2-macos26.5.2-rust1.97.1-aarch64-20260814,9d3ab807a08ef4cf1077dbc23213e2314ce37c87,MEASURED,1786752606238662000,lifecycle,aegis_key_lifecycle,ML-DSA-65,lifecycle_root,registry10000,0,97,10,3866833,3864000,149635072,true,root_computed,1,0,0,0,0,0,0,0,10000,0,serialized_bytes column stores lifecycle record count for this scaling operation
local-1786752604326628000,macmini-m2-macos26.5.2-rust1.97.1-aarch64-20260814,9d3ab807a08ef4cf1077dbc23213e2314ce37c87,MEASURED,1786752606242570000,lifecycle,aegis_key_lifecycle,ML-DSA-65,lifecycle_root,registry10000,0,98,10,3904542,3895000,149635072,true,root_computed,1,0,0,0,0,0,0,0,10000,0,serialized_bytes column stores lifecycle record count for this scaling operation
local-1786752604326628000,macmini-m2-macos26.5.2-rust1.97.1-aarch64-20260814,9d3ab807a08ef4cf1077dbc23213e2314ce37c87,MEASURED,1786752606246521000,lifecycle,aegis_key_lifecycle,ML-DSA-65,lifecycle_root,registry10000,0,99,10,3944333,3916000,149635072,true,root_computed,1,0,0,0,0,0,0,0,10000,0,serialized_bytes column stores lifecycle record count for this scaling operation
local-1786752604326628000,macmini-m2-macos26.5.2-rust1.97.1-aarch64-20260814,9d3ab807a08ef4cf1077dbc23213e2314ce37c87,MEASURED,1786752606258981000,lifecycle,aegis_key_registry,ML-DSA-65,register_public_key,growing_registry,0,0,0,15958,18000,149716992,true,registered,1,0,1952,0,0,0,0,0,0,0,
local-1786752604326628000,macmini-m2-macos26.5.2-rust1.97.1-aarch64-20260814,9d3ab807a08ef4cf1077dbc23213e2314ce37c87,MEASURED,1786752606259087000,lifecycle,aegis_key_registry,ML-DSA-65,register_public_key,growing_registry,0,1,0,1042,1000,149716992,true,registered,1,0,1952,0,0,0,0,0,0,0,
local-1786752604326628000,macmini-m2-macos26.5.2-rust1.97.1-aarch64-20260814,9d3ab807a08ef4cf1077dbc23213e2314ce37c87,MEASURED,1786752606259193000,lifecycle,aegis_key_registry,ML-DSA-65,register_public_key,growing_registry,0,2,0,500,4000,149716992,true,registered,1,0,1952,0,0,0,0,0,0,0,
local-1786752604326628000,macmini-m2-macos26.5.2-rust1.97.1-aarch64-20260814,9d3ab807a08ef4cf1077dbc23213e2314ce37c87,MEASURED,1786752606259337000,lifecycle,aegis_key_registry,ML-DSA-65,register_public_key,growing_registry,0,3,0,1750,3000,149716992,true,registered,1,0,1952,0,0,0,0,0,0,0,
local-1786752604326628000,macmini-m2-macos26.5.2-rust1.97.1-aarch64-20260814,9d3ab807a08ef4cf1077dbc23213e2314ce37c87,MEASURED,1786752606259460000,lifecycle,aegis_key_registry,ML-DSA-65,register_public_key,growing_registry,0,4,0,1667,1000,149716992,true,registered,1,0,1952,0,0,0,0,0,0,0,
local-1786752604326628000,macmini-m2-macos26.5.2-rust1.97.1-aarch64-20260814,9d3ab807a08ef4cf1077dbc23213e2314ce37c87,MEASURED,1786752606259583000,lifecycle,aegis_key_registry,ML-DSA-65,register_public_key,growing_registry,0,5,0,1416,3000,149716992,true,registered,1,0,1952,0,0,0,0,0,0,0,
local-1786752604326628000,macmini-m2-macos26.5.2-rust1.97.1-aarch64-20260814,9d3ab807a08ef4cf1077dbc23213e2314ce37c87,MEASURED,1786752606259713000,lifecycle,aegis_key_registry,ML-DSA-65,register_public_key,growing_registry,0,6,0,1250,1000,149716992,true,registered,1,0,1952,0,0,0,0,0,0,0,
local-1786752604326628000,macmini-m2-macos26.5.2-rust1.97.1-aarch64-20260814,9d3ab807a08ef4cf1077dbc23213e2314ce37c87,MEASURED,1786752606259826000,lifecycle,aegis_key_registry,ML-DSA-65,register_public_key,growing_registry,0,7,0,583,0,149716992,true,registered,1,0,1952,0,0,0,0,0,0,0,
local-1786752604326628000,macmini-m2-macos26.5.2-rust1.97.1-aarch64-20260814,9d3ab807a08ef4cf1077dbc23213e2314ce37c87,MEASURED,1786752606259945000,lifecycle,aegis_key_registry,ML-DSA-65,register_public_key,growing_registry,0,8,0,1041,1000,149716992,true,registered,1,0,1952,0,0,0,0,0,0,0,
local-1786752604326628000,macmini-m2-macos26.5.2-rust1.97.1-aarch64-20260814,9d3ab807a08ef4cf1077dbc23213e2314ce37c87,MEASURED,1786752606260078000,lifecycle,aegis_key_registry,ML-DSA-65,register_public_key,growing_registry,0,9,0,416,5000,149716992,true,registered,1,0,1952,0,0,0,0,0,0,0,
local-1786752604326628000,macmini-m2-macos26.5.2-rust1.97.1-aarch64-20260814,9d3ab807a08ef4cf1077dbc23213e2314ce37c87,MEASURED,1786752606260179000,lifecycle,aegis_key_registry,ML-DSA-65,register_public_key,growing_registry,0,10,0,750,1000,149716992,true,registered,1,0,1952,0,0,0,0,0,0,0,
local-1786752604326628000,macmini-m2-macos26.5.2-rust1.97.1-aarch64-20260814,9d3ab807a08ef4cf1077dbc23213e2314ce37c87,MEASURED,1786752606260295000,lifecycle,aegis_key_registry,ML-DSA-65,register_public_key,growing_registry,0,11,0,15667,15000,149716992,true,registered,1,0,1952,0,0,0,0,0,0,0,
local-1786752604326628000,macmini-m2-macos26.5.2-rust1.97.1-aarch64-20260814,9d3ab807a08ef4cf1077dbc23213e2314ce37c87,MEASURED,1786752606260395000,lifecycle,aegis_key_registry,ML-DSA-65,register_public_key,growing_registry,0,12,0,666,0,149716992,true,registered,1,0,1952,0,0,0,0,0,0,0,
local-1786752604326628000,macmini-m2-macos26.5.2-rust1.97.1-aarch64-20260814,9d3ab807a08ef4cf1077dbc23213e2314ce37c87,MEASURED,1786752606260496000,lifecycle,aegis_key_registry,ML-DSA-65,register_public_key,growing_registry,0,13,0,667,1000,149716992,true,registered,1,0,1952,0,0,0,0,0,0,0,
local-1786752604326628000,macmini-m2-macos26.5.2-rust1.97.1-aarch64-20260814,9d3ab807a08ef4cf1077dbc23213e2314ce37c87,MEASURED,1786752606260603000,lifecycle,aegis_key_registry,ML-DSA-65,register_public_key,growing_registry,0,14,0,6292,7000,149733376,true,registered,1,0,1952,0,0,0,0,0,0,0,
local-1786752604326628000,macmini-m2-macos26.5.2-rust1.97.1-aarch64-20260814,9d3ab807a08ef4cf1077dbc23213e2314ce37c87,MEASURED,1786752606260704000,lifecycle,aegis_key_registry,ML-DSA-65,register_public_key,growing_registry,0,15,0,750,0,149733376,true,registered,1,0,1952,0,0,0,0,0,0,0,
local-1786752604326628000,macmini-m2-macos26.5.2-rust1.97.1-aarch64-20260814,9d3ab807a08ef4cf1077dbc23213e2314ce37c87,MEASURED,1786752606260806000,lifecycle,aegis_key_registry,ML-DSA-65,register_public_key,growing_registry,0,16,0,1209,1000,149733376,true,registered,1,0,1952,0,0,0,0,0,0,0,
local-1786752604326628000,macmini-m2-macos26.5.2-rust1.97.1-aarch64-20260814,9d3ab807a08ef4cf1077dbc23213e2314ce37c87,MEASURED,1786752606260906000,lifecycle,aegis_key_registry,ML-DSA-65,register_public_key,growing_registry,0,17,0,541,1000,149733376,true,registered,1,0,1952,0,0,0,0,0,0,0,
local-1786752604326628000,macmini-m2-macos26.5.2-rust1.97.1-aarch64-20260814,9d3ab807a08ef4cf1077dbc23213e2314ce37c87,MEASURED,1786752606261010000,lifecycle,aegis_key_registry,ML-DSA-65,register_public_key,growing_registry,0,18,0,917,1000,149733376,true,registered,1,0,1952,0,0,0,0,0,0,0,
local-1786752604326628000,macmini-m2-macos26.5.2-rust1.97.1-aarch64-20260814,9d3ab807a08ef4cf1077dbc23213e2314ce37c87,MEASURED,1786752606261113000,lifecycle,aegis_key_registry,ML-DSA-65,register_public_key,growing_registry,0,19,0,833,1000,149733376,true,registered,1,0,1952,0,0,0,0,0,0,0,
local-1786752604326628000,macmini-m2-macos26.5.2-rust1.97.1-aarch64-20260814,9d3ab807a08ef4cf1077dbc23213e2314ce37c87,MEASURED,1786752606261225000,lifecycle,aegis_key_registry,ML-DSA-65,register_public_key,growing_registry,0,20,0,9500,9000,149766144,true,registered,1,0,1952,0,0,0,0,0,0,0,
local-1786752604326628000,macmini-m2-macos26.5.2-rust1.97.1-aarch64-20260814,9d3ab807a08ef4cf1077dbc23213e2314ce37c87,MEASURED,1786752606261330000,lifecycle,aegis_key_registry,ML-DSA-65,register_public_key,growing_registry,0,21,0,1000,2000,149766144,true,registered,1,0,1952,0,0,0,0,0,0,0,
local-1786752604326628000,macmini-m2-macos26.5.2-rust1.97.1-aarch64-20260814,9d3ab807a08ef4cf1077dbc23213e2314ce37c87,MEASURED,1786752606261434000,lifecycle,aegis_key_registry,ML-DSA-65,register_public_key,growing_registry,0,22,0,750,1000,149766144,true,registered,1,0,1952,0,0,0,0,0,0,0,
local-1786752604326628000,macmini-m2-macos26.5.2-rust1.97.1-aarch64-20260814,9d3ab807a08ef4cf1077dbc23213e2314ce37c87,MEASURED,1786752606261537000,lifecycle,aegis_key_registry,ML-DSA-65,register_public_key,growing_registry,0,23,0,666,1000,149766144,true,registered,1,0,1952,0,0,0,0,0,0,0,
local-1786752604326628000,macmini-m2-macos26.5.2-rust1.97.1-aarch64-20260814,9d3ab807a08ef4cf1077dbc23213e2314ce37c87,MEASURED,1786752606261641000,lifecycle,aegis_key_registry,ML-DSA-65,register_public_key,growing_registry,0,24,0,792,1000,149766144,true,registered,1,0,1952,0,0,0,0,0,0,0,
local-1786752604326628000,macmini-m2-macos26.5.2-rust1.97.1-aarch64-20260814,9d3ab807a08ef4cf1077dbc23213e2314ce37c87,MEASURED,1786752606261750000,lifecycle,aegis_key_registry,ML-DSA-65,register_public_key,growing_registry,0,25,0,791,2000,149766144,true,registered,1,0,1952,0,0,0,0,0,0,0,
local-1786752604326628000,macmini-m2-macos26.5.2-rust1.97.1-aarch64-20260814,9d3ab807a08ef4cf1077dbc23213e2314ce37c87,MEASURED,1786752606261854000,lifecycle,aegis_key_registry,ML-DSA-65,register_public_key,growing_registry,0,26,0,792,1000,149766144,true,registered,1,0,1952,0,0,0,0,0,0,0,
local-1786752604326628000,macmini-m2-macos26.5.2-rust1.97.1-aarch64-20260814,9d3ab807a08ef4cf1077dbc23213e2314ce37c87,MEASURED,1786752606261958000,lifecycle,aegis_key_registry,ML-DSA-65,register_public_key,growing_registry,0,27,0,666,0,149766144,true,registered,1,0,1952,0,0,0,0,0,0,0,
local-1786752604326628000,macmini-m2-macos26.5.2-rust1.97.1-aarch64-20260814,9d3ab807a08ef4cf1077dbc23213e2314ce37c87,MEASURED,1786752606262062000,lifecycle,aegis_key_registry,ML-DSA-65,register_public_key,growing_registry,0,28,0,709,1000,149766144,true,registered,1,0,1952,0,0,0,0,0,0,0,
local-1786752604326628000,macmini-m2-macos26.5.2-rust1.97.1-aarch64-20260814,9d3ab807a08ef4cf1077dbc23213e2314ce37c87,MEASURED,1786752606262166000,lifecycle,aegis_key_registry,ML-DSA-65,register_public_key,growing_registry,0,29,0,583,1000,149766144,true,registered,1,0,1952,0,0,0,0,0,0,0,
local-1786752604326628000,macmini-m2-macos26.5.2-rust1.97.1-aarch64-20260814,9d3ab807a08ef4cf1077dbc23213e2314ce37c87,MEASURED,1786752606262271000,lifecycle,aegis_key_registry,ML-DSA-65,rotate_generate_register_revoke,growing_registry,0,0,0,102750,104000,149766144,true,new_key_registered_old_key_revoked,1,0,0,0,0,0,0,0,0,0,"includes ML-DSA-65 keygen, lifecycle sort, and revocation mutation"
local-1786752604326628000,macmini-m2-macos26.5.2-rust1.97.1-aarch64-20260814,9d3ab807a08ef4cf1077dbc23213e2314ce37c87,MEASURED,1786752606262379000,lifecycle,aegis_key_registry,ML-DSA-65,rotate_generate_register_revoke,growing_registry,0,1,0,103083,104000,149782528,true,new_key_registered_old_key_revoked,1,0,0,0,0,0,0,0,0,0,"includes ML-DSA-65 keygen, lifecycle sort, and revocation mutation"
local-1786752604326628000,macmini-m2-macos26.5.2-rust1.97.1-aarch64-20260814,9d3ab807a08ef4cf1077dbc23213e2314ce37c87,MEASURED,1786752606262490000,lifecycle,aegis_key_registry,ML-DSA-65,rotate_generate_register_revoke,growing_registry,0,2,0,102709,103000,149815296,true,new_key_registered_old_key_revoked,1,0,0,0,0,0,0,0,0,0,"includes ML-DSA-65 keygen, lifecycle sort, and revocation mutation"
local-1786752604326628000,macmini-m2-macos26.5.2-rust1.97.1-aarch64-20260814,9d3ab807a08ef4cf1077dbc23213e2314ce37c87,MEASURED,1786752606262598000,lifecycle,aegis_key_registry,ML-DSA-65,rotate_generate_register_revoke,growing_registry,0,3,0,103875,104000,149831680,true,new_key_registered_old_key_revoked,1,0,0,0,0,0,0,0,0,0,"includes ML-DSA-65 keygen, lifecycle sort, and revocation mutation"
local-1786752604326628000,macmini-m2-macos26.5.2-rust1.97.1-aarch64-20260814,9d3ab807a08ef4cf1077dbc23213e2314ce37c87,MEASURED,1786752606262702000,lifecycle,aegis_key_registry,ML-DSA-65,rotate_generate_register_revoke,growing_registry,0,4,0,102166,102000,149831680,true,new_key_registered_old_key_revoked,1,0,0,0,0,0,0,0,0,0,"includes ML-DSA-65 keygen, lifecycle sort, and revocation mutation"
local-1786752604326628000,macmini-m2-macos26.5.2-rust1.97.1-aarch64-20260814,9d3ab807a08ef4cf1077dbc23213e2314ce37c87,MEASURED,1786752606262817000,lifecycle,aegis_key_registry,ML-DSA-65,rotate_generate_register_revoke,growing_registry,0,5,0,102625,103000,149831680,true,new_key_registered_old_key_revoked,1,0,0,0,0,0,0,0,0,0,"includes ML-DSA-65 keygen, lifecycle sort, and revocation mutation"
local-1786752604326628000,macmini-m2-macos26.5.2-rust1.97.1-aarch64-20260814,9d3ab807a08ef4cf1077dbc23213e2314ce37c87,MEASURED,1786752606262922000,lifecycle,aegis_key_registry,ML-DSA-65,rotate_generate_register_revoke,growing_registry,0,6,0,102250,102000,149831680,true,new_key_registered_old_key_revoked,1,0,0,0,0,0,0,0,0,0,"includes ML-DSA-65 keygen, lifecycle sort, and revocation mutation"
local-1786752604326628000,macmini-m2-macos26.5.2-rust1.97.1-aarch64-20260814,9d3ab807a08ef4cf1077dbc23213e2314ce37c87,MEASURED,1786752606263026000,lifecycle,aegis_key_registry,ML-DSA-65,rotate_generate_register_revoke,growing_registry,0,7,0,102042,102000,149831680,true,new_key_registered_old_key_revoked,1,0,0,0,0,0,0,0,0,0,"includes ML-DSA-65 keygen, lifecycle sort, and revocation mutation"
local-1786752604326628000,macmini-m2-macos26.5.2-rust1.97.1-aarch64-20260814,9d3ab807a08ef4cf1077dbc23213e2314ce37c87,MEASURED,1786752606263130000,lifecycle,aegis_key_registry,ML-DSA-65,rotate_generate_register_revoke,growing_registry,0,8,0,102417,103000,149831680,true,new_key_registered_old_key_revoked,1,0,0,0,0,0,0,0,0,0,"includes ML-DSA-65 keygen, lifecycle sort, and revocation mutation"
local-1786752604326628000,macmini-m2-macos26.5.2-rust1.97.1-aarch64-20260814,9d3ab807a08ef4cf1077dbc23213e2314ce37c87,MEASURED,1786752606263234000,lifecycle,aegis_key_registry,ML-DSA-65,rotate_generate_register_revoke,growing_registry,0,9,0,102042,102000,149831680,true,new_key_registered_old_key_revoked,1,0,0,0,0,0,0,0,0,0,"includes ML-DSA-65 keygen, lifecycle sort, and revocation mutation"
local-1786752604326628000,macmini-m2-macos26.5.2-rust1.97.1-aarch64-20260814,9d3ab807a08ef4cf1077dbc23213e2314ce37c87,MEASURED,1786752606263339000,lifecycle,aegis_key_registry,ML-DSA-65,rotate_generate_register_revoke,growing_registry,0,10,0,102917,103000,149831680,true,new_key_registered_old_key_revoked,1,0,0,0,0,0,0,0,0,0,"includes ML-DSA-65 keygen, lifecycle sort, and revocation mutation"
local-1786752604326628000,macmini-m2-macos26.5.2-rust1.97.1-aarch64-20260814,9d3ab807a08ef4cf1077dbc23213e2314ce37c87,MEASURED,1786752606263445000,lifecycle,aegis_key_registry,ML-DSA-65,rotate_generate_register_revoke,growing_registry,0,11,0,102375,103000,149848064,true,new_key_registered_old_key_revoked,1,0,0,0,0,0,0,0,0,0,"includes ML-DSA-65 keygen, lifecycle sort, and revocation mutation"
local-1786752604326628000,macmini-m2-macos26.5.2-rust1.97.1-aarch64-20260814,9d3ab807a08ef4cf1077dbc23213e2314ce37c87,MEASURED,1786752606263549000,lifecycle,aegis_key_registry,ML-DSA-65,rotate_generate_register_revoke,growing_registry,0,12,0,102250,102000,149848064,true,new_key_registered_old_key_revoked,1,0,0,0,0,0,0,0,0,0,"includes ML-DSA-65 keygen, lifecycle sort, and revocation mutation"
local-1786752604326628000,macmini-m2-macos26.5.2-rust1.97.1-aarch64-20260814,9d3ab807a08ef4cf1077dbc23213e2314ce37c87,MEASURED,1786752606263653000,lifecycle,aegis_key_registry,ML-DSA-65,rotate_generate_register_revoke,growing_registry,0,13,0,101833,102000,149848064,true,new_key_registered_old_key_revoked,1,0,0,0,0,0,0,0,0,0,"includes ML-DSA-65 keygen, lifecycle sort, and revocation mutation"
local-1786752604326628000,macmini-m2-macos26.5.2-rust1.97.1-aarch64-20260814,9d3ab807a08ef4cf1077dbc23213e2314ce37c87,MEASURED,1786752606263757000,lifecycle,aegis_key_registry,ML-DSA-65,rotate_generate_register_revoke,growing_registry,0,14,0,102292,103000,149848064,true,new_key_registered_old_key_revoked,1,0,0,0,0,0,0,0,0,0,"includes ML-DSA-65 keygen, lifecycle sort, and revocation mutation"
local-1786752604326628000,macmini-m2-macos26.5.2-rust1.97.1-aarch64-20260814,9d3ab807a08ef4cf1077dbc23213e2314ce37c87,MEASURED,1786752606263862000,lifecycle,aegis_key_registry,ML-DSA-65,rotate_generate_register_revoke,growing_registry,0,15,0,102666,103000,149848064,true,new_key_registered_old_key_revoked,1,0,0,0,0,0,0,0,0,0,"includes ML-DSA-65 keygen, lifecycle sort, and revocation mutation"
local-1786752604326628000,macmini-m2-macos26.5.2-rust1.97.1-aarch64-20260814,9d3ab807a08ef4cf1077dbc23213e2314ce37c87,MEASURED,1786752606263966000,lifecycle,aegis_key_registry,ML-DSA-65,rotate_generate_register_revoke,growing_registry,0,16,0,102417,103000,149848064,true,new_key_registered_old_key_revoked,1,0,0,0,0,0,0,0,0,0,"includes ML-DSA-65 keygen, lifecycle sort, and revocation mutation"
local-1786752604326628000,macmini-m2-macos26.5.2-rust1.97.1-aarch64-20260814,9d3ab807a08ef4cf1077dbc23213e2314ce37c87,MEASURED,1786752606264070000,lifecycle,aegis_key_registry,ML-DSA-65,rotate_generate_register_revoke,growing_registry,0,17,0,102458,103000,149848064,true,new_key_registered_old_key_revoked,1,0,0,0,0,0,0,0,0,0,"includes ML-DSA-65 keygen, lifecycle sort, and revocation mutation"
local-1786752604326628000,macmini-m2-macos26.5.2-rust1.97.1-aarch64-20260814,9d3ab807a08ef4cf1077dbc23213e2314ce37c87,MEASURED,1786752606264174000,lifecycle,aegis_key_registry,ML-DSA-65,rotate_generate_register_revoke,growing_registry,0,18,0,101875,102000,149848064,true,new_key_registered_old_key_revoked,1,0,0,0,0,0,0,0,0,0,"includes ML-DSA-65 keygen, lifecycle sort, and revocation mutation"
local-1786752604326628000,macmini-m2-macos26.5.2-rust1.97.1-aarch64-20260814,9d3ab807a08ef4cf1077dbc23213e2314ce37c87,MEASURED,1786752606264278000,lifecycle,aegis_key_registry,ML-DSA-65,rotate_generate_register_revoke,growing_registry,0,19,0,102500,103000,149848064,true,new_key_registered_old_key_revoked,1,0,0,0,0,0,0,0,0,0,"includes ML-DSA-65 keygen, lifecycle sort, and revocation mutation"
local-1786752604326628000,macmini-m2-macos26.5.2-rust1.97.1-aarch64-20260814,9d3ab807a08ef4cf1077dbc23213e2314ce37c87,MEASURED,1786752606264382000,lifecycle,aegis_key_registry,ML-DSA-65,rotate_generate_register_revoke,growing_registry,0,20,0,102084,102000,149848064,true,new_key_registered_old_key_revoked,1,0,0,0,0,0,0,0,0,0,"includes ML-DSA-65 keygen, lifecycle sort, and revocation mutation"
local-1786752604326628000,macmini-m2-macos26.5.2-rust1.97.1-aarch64-20260814,9d3ab807a08ef4cf1077dbc23213e2314ce37c87,MEASURED,1786752606264487000,lifecycle,aegis_key_registry,ML-DSA-65,rotate_generate_register_revoke,growing_registry,0,21,0,103083,104000,149848064,true,new_key_registered_old_key_revoked,1,0,0,0,0,0,0,0,0,0,"includes ML-DSA-65 keygen, lifecycle sort, and revocation mutation"
local-1786752604326628000,macmini-m2-macos26.5.2-rust1.97.1-aarch64-20260814,9d3ab807a08ef4cf1077dbc23213e2314ce37c87,MEASURED,1786752606264591000,lifecycle,aegis_key_registry,ML-DSA-65,rotate_generate_register_revoke,growing_registry,0,22,0,102458,102000,149848064,true,new_key_registered_old_key_revoked,1,0,0,0,0,0,0,0,0,0,"includes ML-DSA-65 keygen, lifecycle sort, and revocation mutation"
local-1786752604326628000,macmini-m2-macos26.5.2-rust1.97.1-aarch64-20260814,9d3ab807a08ef4cf1077dbc23213e2314ce37c87,MEASURED,1786752606264700000,lifecycle,aegis_key_registry,ML-DSA-65,rotate_generate_register_revoke,growing_registry,0,23,0,106792,107000,149848064,true,new_key_registered_old_key_revoked,1,0,0,0,0,0,0,0,0,0,"includes ML-DSA-65 keygen, lifecycle sort, and revocation mutation"
local-1786752604326628000,macmini-m2-macos26.5.2-rust1.97.1-aarch64-20260814,9d3ab807a08ef4cf1077dbc23213e2314ce37c87,MEASURED,1786752606264812000,lifecycle,aegis_key_registry,ML-DSA-65,rotate_generate_register_revoke,growing_registry,0,24,0,109625,109000,149848064,true,new_key_registered_old_key_revoked,1,0,0,0,0,0,0,0,0,0,"includes ML-DSA-65 keygen, lifecycle sort, and revocation mutation"
local-1786752604326628000,macmini-m2-macos26.5.2-rust1.97.1-aarch64-20260814,9d3ab807a08ef4cf1077dbc23213e2314ce37c87,MEASURED,1786752606264926000,lifecycle,aegis_key_registry,ML-DSA-65,rotate_generate_register_revoke,growing_registry,0,25,0,107834,108000,149848064,true,new_key_registered_old_key_revoked,1,0,0,0,0,0,0,0,0,0,"includes ML-DSA-65 keygen, lifecycle sort, and revocation mutation"
local-1786752604326628000,macmini-m2-macos26.5.2-rust1.97.1-aarch64-20260814,9d3ab807a08ef4cf1077dbc23213e2314ce37c87,MEASURED,1786752606265034000,lifecycle,aegis_key_registry,ML-DSA-65,rotate_generate_register_revoke,growing_registry,0,26,0,105750,106000,149848064,true,new_key_registered_old_key_revoked,1,0,0,0,0,0,0,0,0,0,"includes ML-DSA-65 keygen, lifecycle sort, and revocation mutation"
local-1786752604326628000,macmini-m2-macos26.5.2-rust1.97.1-aarch64-20260814,9d3ab807a08ef4cf1077dbc23213e2314ce37c87,MEASURED,1786752606265147000,lifecycle,aegis_key_registry,ML-DSA-65,rotate_generate_register_revoke,growing_registry,0,27,0,110667,111000,149848064,true,new_key_registered_old_key_revoked,1,0,0,0,0,0,0,0,0,0,"includes ML-DSA-65 keygen, lifecycle sort, and revocation mutation"
local-1786752604326628000,macmini-m2-macos26.5.2-rust1.97.1-aarch64-20260814,9d3ab807a08ef4cf1077dbc23213e2314ce37c87,MEASURED,1786752606265251000,lifecycle,aegis_key_registry,ML-DSA-65,rotate_generate_register_revoke,growing_registry,0,28,0,102709,103000,149848064,true,new_key_registered_old_key_revoked,1,0,0,0,0,0,0,0,0,0,"includes ML-DSA-65 keygen, lifecycle sort, and revocation mutation"
local-1786752604326628000,macmini-m2-macos26.5.2-rust1.97.1-aarch64-20260814,9d3ab807a08ef4cf1077dbc23213e2314ce37c87,MEASURED,1786752606265355000,lifecycle,aegis_key_registry,ML-DSA-65,rotate_generate_register_revoke,growing_registry,0,29,0,101708,102000,149848064,true,new_key_registered_old_key_revoked,1,0,0,0,0,0,0,0,0,0,"includes ML-DSA-65 keygen, lifecycle sort, and revocation mutation"
local-1786752604326628000,macmini-m2-macos26.5.2-rust1.97.1-aarch64-20260814,9d3ab807a08ef4cf1077dbc23213e2314ce37c87,MEASURED,1786752606266478000,negative,aegis_lifecycle_policy,ML-DSA-65,wrong_role,policy256,256,0,0,1291,2000,149913600,true,rejected,1,0,0,0,3309,0,0,0,0,0,
local-1786752604326628000,macmini-m2-macos26.5.2-rust1.97.1-aarch64-20260814,9d3ab807a08ef4cf1077dbc23213e2314ce37c87,MEASURED,1786752606266482000,negative,aegis_lifecycle_policy,ML-DSA-65,wrong_role,policy256,256,1,0,208,0,149913600,true,rejected,1,0,0,0,3309,0,0,0,0,0,
local-1786752604326628000,macmini-m2-macos26.5.2-rust1.97.1-aarch64-20260814,9d3ab807a08ef4cf1077dbc23213e2314ce37c87,MEASURED,1786752606266484000,negative,aegis_lifecycle_policy,ML-DSA-65,wrong_role,policy256,256,2,0,209,0,149913600,true,rejected,1,0,0,0,3309,0,0,0,0,0,
local-1786752604326628000,macmini-m2-macos26.5.2-rust1.97.1-aarch64-20260814,9d3ab807a08ef4cf1077dbc23213e2314ce37c87,MEASURED,1786752606266487000,negative,aegis_lifecycle_policy,ML-DSA-65,wrong_role,policy256,256,3,0,167,0,149913600,true,rejected,1,0,0,0,3309,0,0,0,0,0,
local-1786752604326628000,macmini-m2-macos26.5.2-rust1.97.1-aarch64-20260814,9d3ab807a08ef4cf1077dbc23213e2314ce37c87,MEASURED,1786752606266489000,negative,aegis_lifecycle_policy,ML-DSA-65,wrong_role,policy256,256,4,0,167,0,149913600,true,rejected,1,0,0,0,3309,0,0,0,0,0,
local-1786752604326628000,macmini-m2-macos26.5.2-rust1.97.1-aarch64-20260814,9d3ab807a08ef4cf1077dbc23213e2314ce37c87,MEASURED,1786752606266491000,negative,aegis_lifecycle_policy,ML-DSA-65,wrong_role,policy256,256,5,0,125,0,149913600,true,rejected,1,0,0,0,3309,0,0,0,0,0,
local-1786752604326628000,macmini-m2-macos26.5.2-rust1.97.1-aarch64-20260814,9d3ab807a08ef4cf1077dbc23213e2314ce37c87,MEASURED,1786752606266492000,negative,aegis_lifecycle_policy,ML-DSA-65,wrong_role,policy256,256,6,0,167,0,149913600,true,rejected,1,0,0,0,3309,0,0,0,0,0,
local-1786752604326628000,macmini-m2-macos26.5.2-rust1.97.1-aarch64-20260814,9d3ab807a08ef4cf1077dbc23213e2314ce37c87,MEASURED,1786752606266494000,negative,aegis_lifecycle_policy,ML-DSA-65,wrong_role,policy256,256,7,0,208,2000,149913600,true,rejected,1,0,0,0,3309,0,0,0,0,0,
local-1786752604326628000,macmini-m2-macos26.5.2-rust1.97.1-aarch64-20260814,9d3ab807a08ef4cf1077dbc23213e2314ce37c87,MEASURED,1786752606266496000,negative,aegis_lifecycle_policy,ML-DSA-65,wrong_role,policy256,256,8,0,125,0,149913600,true,rejected,1,0,0,0,3309,0,0,0,0,0,
local-1786752604326628000,macmini-m2-macos26.5.2-rust1.97.1-aarch64-20260814,9d3ab807a08ef4cf1077dbc23213e2314ce37c87,MEASURED,1786752606266498000,negative,aegis_lifecycle_policy,ML-DSA-65,wrong_role,policy256,256,9,0,125,1000,149913600,true,rejected,1,0,0,0,3309,0,0,0,0,0,
local-1786752604326628000,macmini-m2-macos26.5.2-rust1.97.1-aarch64-20260814,9d3ab807a08ef4cf1077dbc23213e2314ce37c87,MEASURED,1786752606266500000,negative,aegis_lifecycle_policy,ML-DSA-65,wrong_role,policy256,256,10,0,125,1000,149913600,true,rejected,1,0,0,0,3309,0,0,0,0,0,
local-1786752604326628000,macmini-m2-macos26.5.2-rust1.97.1-aarch64-20260814,9d3ab807a08ef4cf1077dbc23213e2314ce37c87,MEASURED,1786752606266502000,negative,aegis_lifecycle_policy,ML-DSA-65,wrong_role,policy256,256,11,0,125,1000,149913600,true,rejected,1,0,0,0,3309,0,0,0,0,0,
local-1786752604326628000,macmini-m2-macos26.5.2-rust1.97.1-aarch64-20260814,9d3ab807a08ef4cf1077dbc23213e2314ce37c87,MEASURED,1786752606266503000,negative,aegis_lifecycle_policy,ML-DSA-65,wrong_role,policy256,256,12,0,125,0,149913600,true,rejected,1,0,0,0,3309,0,0,0,0,0,
local-1786752604326628000,macmini-m2-macos26.5.2-rust1.97.1-aarch64-20260814,9d3ab807a08ef4cf1077dbc23213e2314ce37c87,MEASURED,1786752606266505000,negative,aegis_lifecycle_policy,ML-DSA-65,wrong_role,policy256,256,13,0,125,0,149913600,true,rejected,1,0,0,0,3309,0,0,0,0,0,
local-1786752604326628000,macmini-m2-macos26.5.2-rust1.97.1-aarch64-20260814,9d3ab807a08ef4cf1077dbc23213e2314ce37c87,MEASURED,1786752606266507000,negative,aegis_lifecycle_policy,ML-DSA-65,wrong_role,policy256,256,14,0,125,0,149913600,true,rejected,1,0,0,0,3309,0,0,0,0,0,
local-1786752604326628000,macmini-m2-macos26.5.2-rust1.97.1-aarch64-20260814,9d3ab807a08ef4cf1077dbc23213e2314ce37c87,MEASURED,1786752606266509000,negative,aegis_lifecycle_policy,ML-DSA-65,wrong_role,policy256,256,15,0,125,0,149913600,true,rejected,1,0,0,0,3309,0,0,0,0,0,
local-1786752604326628000,macmini-m2-macos26.5.2-rust1.97.1-aarch64-20260814,9d3ab807a08ef4cf1077dbc23213e2314ce37c87,MEASURED,1786752606266510000,negative,aegis_lifecycle_policy,ML-DSA-65,wrong_role,policy256,256,16,0,125,0,149913600,true,rejected,1,0,0,0,3309,0,0,0,0,0,
local-1786752604326628000,macmini-m2-macos26.5.2-rust1.97.1-aarch64-20260814,9d3ab807a08ef4cf1077dbc23213e2314ce37c87,MEASURED,1786752606266512000,negative,aegis_lifecycle_policy,ML-DSA-65,wrong_role,policy256,256,17,0,125,1000,149913600,true,rejected,1,0,0,0,3309,0,0,0,0,0,
local-1786752604326628000,macmini-m2-macos26.5.2-rust1.97.1-aarch64-20260814,9d3ab807a08ef4cf1077dbc23213e2314ce37c87,MEASURED,1786752606266514000,negative,aegis_lifecycle_policy,ML-DSA-65,wrong_role,policy256,256,18,0,167,1000,149913600,true,rejected,1,0,0,0,3309,0,0,0,0,0,
local-1786752604326628000,macmini-m2-macos26.5.2-rust1.97.1-aarch64-20260814,9d3ab807a08ef4cf1077dbc23213e2314ce37c87,MEASURED,1786752606266516000,negative,aegis_lifecycle_policy,ML-DSA-65,wrong_role,policy256,256,19,0,292,0,149913600,true,rejected,1,0,0,0,3309,0,0,0,0,0,
local-1786752604326628000,macmini-m2-macos26.5.2-rust1.97.1-aarch64-20260814,9d3ab807a08ef4cf1077dbc23213e2314ce37c87,MEASURED,1786752606266518000,negative,aegis_lifecycle_policy,ML-DSA-65,wrong_role,policy256,256,20,0,166,1000,149913600,true,rejected,1,0,0,0,3309,0,0,0,0,0,
local-1786752604326628000,macmini-m2-macos26.5.2-rust1.97.1-aarch64-20260814,9d3ab807a08ef4cf1077dbc23213e2314ce37c87,MEASURED,1786752606266520000,negative,aegis_lifecycle_policy,ML-DSA-65,wrong_role,policy256,256,21,0,209,0,149913600,true,rejected,1,0,0,0,3309,0,0,0,0,0,
local-1786752604326628000,macmini-m2-macos26.5.2-rust1.97.1-aarch64-20260814,9d3ab807a08ef4cf1077dbc23213e2314ce37c87,MEASURED,1786752606266547000,negative,aegis_lifecycle_policy,ML-DSA-65,wrong_role,policy256,256,22,0,292,1000,149913600,true,rejected,1,0,0,0,3309,0,0,0,0,0,
local-1786752604326628000,macmini-m2-macos26.5.2-rust1.97.1-aarch64-20260814,9d3ab807a08ef4cf1077dbc23213e2314ce37c87,MEASURED,1786752606266549000,negative,aegis_lifecycle_policy,ML-DSA-65,wrong_role,policy256,256,23,0,167,0,149913600,true,rejected,1,0,0,0,3309,0,0,0,0,0,
local-1786752604326628000,macmini-m2-macos26.5.2-rust1.97.1-aarch64-20260814,9d3ab807a08ef4cf1077dbc23213e2314ce37c87,MEASURED,1786752606266553000,negative,aegis_lifecycle_policy,ML-DSA-65,wrong_role,policy256,256,24,0,1666,2000,149929984,true,rejected,1,0,0,0,3309,0,0,0,0,0,
local-1786752604326628000,macmini-m2-macos26.5.2-rust1.97.1-aarch64-20260814,9d3ab807a08ef4cf1077dbc23213e2314ce37c87,MEASURED,1786752606266555000,negative,aegis_lifecycle_policy,ML-DSA-65,wrong_role,policy256,256,25,0,209,1000,149929984,true,rejected,1,0,0,0,3309,0,0,0,0,0,
local-1786752604326628000,macmini-m2-macos26.5.2-rust1.97.1-aarch64-20260814,9d3ab807a08ef4cf1077dbc23213e2314ce37c87,MEASURED,1786752606266556000,negative,aegis_lifecycle_policy,ML-DSA-65,wrong_role,policy256,256,26,0,167,0,149929984,true,rejected,1,0,0,0,3309,0,0,0,0,0,
local-1786752604326628000,macmini-m2-macos26.5.2-rust1.97.1-aarch64-20260814,9d3ab807a08ef4cf1077dbc23213e2314ce37c87,MEASURED,1786752606266558000,negative,aegis_lifecycle_policy,ML-DSA-65,wrong_role,policy256,256,27,0,167,1000,149929984,true,rejected,1,0,0,0,3309,0,0,0,0,0,
local-1786752604326628000,macmini-m2-macos26.5.2-rust1.97.1-aarch64-20260814,9d3ab807a08ef4cf1077dbc23213e2314ce37c87,MEASURED,1786752606266560000,negative,aegis_lifecycle_policy,ML-DSA-65,wrong_role,policy256,256,28,0,125,1000,149929984,true,rejected,1,0,0,0,3309,0,0,0,0,0,
local-1786752604326628000,macmini-m2-macos26.5.2-rust1.97.1-aarch64-20260814,9d3ab807a08ef4cf1077dbc23213e2314ce37c87,MEASURED,1786752606266562000,negative,aegis_lifecycle_policy,ML-DSA-65,wrong_role,policy256,256,29,0,125,1000,149929984,true,rejected,1,0,0,0,3309,0,0,0,0,0,
local-1786752604326628000,macmini-m2-macos26.5.2-rust1.97.1-aarch64-20260814,9d3ab807a08ef4cf1077dbc23213e2314ce37c87,MEASURED,1786752606266563000,negative,aegis_lifecycle_policy,ML-DSA-65,wrong_role,policy256,256,30,0,167,0,149929984,true,rejected,1,0,0,0,3309,0,0,0,0,0,
local-1786752604326628000,macmini-m2-macos26.5.2-rust1.97.1-aarch64-20260814,9d3ab807a08ef4cf1077dbc23213e2314ce37c87,MEASURED,1786752606266565000,negative,aegis_lifecycle_policy,ML-DSA-65,wrong_role,policy256,256,31,0,125,1000,149929984,true,rejected,1,0,0,0,3309,0,0,0,0,0,
local-1786752604326628000,macmini-m2-macos26.5.2-rust1.97.1-aarch64-20260814,9d3ab807a08ef4cf1077dbc23213e2314ce37c87,MEASURED,1786752606266567000,negative,aegis_lifecycle_policy,ML-DSA-65,wrong_role,policy256,256,32,0,125,1000,149929984,true,rejected,1,0,0,0,3309,0,0,0,0,0,
local-1786752604326628000,macmini-m2-macos26.5.2-rust1.97.1-aarch64-20260814,9d3ab807a08ef4cf1077dbc23213e2314ce37c87,MEASURED,1786752606266568000,negative,aegis_lifecycle_policy,ML-DSA-65,wrong_role,policy256,256,33,0,125,0,149929984,true,rejected,1,0,0,0,3309,0,0,0,0,0,
local-1786752604326628000,macmini-m2-macos26.5.2-rust1.97.1-aarch64-20260814,9d3ab807a08ef4cf1077dbc23213e2314ce37c87,MEASURED,1786752606266570000,negative,aegis_lifecycle_policy,ML-DSA-65,wrong_role,policy256,256,34,0,125,0,149929984,true,rejected,1,0,0,0,3309,0,0,0,0,0,
local-1786752604326628000,macmini-m2-macos26.5.2-rust1.97.1-aarch64-20260814,9d3ab807a08ef4cf1077dbc23213e2314ce37c87,MEASURED,1786752606266572000,negative,aegis_lifecycle_policy,ML-DSA-65,wrong_role,policy256,256,35,0,125,1000,149929984,true,rejected,1,0,0,0,3309,0,0,0,0,0,
local-1786752604326628000,macmini-m2-macos26.5.2-rust1.97.1-aarch64-20260814,9d3ab807a08ef4cf1077dbc23213e2314ce37c87,MEASURED,1786752606266573000,negative,aegis_lifecycle_policy,ML-DSA-65,wrong_role,policy256,256,36,0,125,0,149929984,true,rejected,1,0,0,0,3309,0,0,0,0,0,
local-1786752604326628000,macmini-m2-macos26.5.2-rust1.97.1-aarch64-20260814,9d3ab807a08ef4cf1077dbc23213e2314ce37c87,MEASURED,1786752606266575000,negative,aegis_lifecycle_policy,ML-DSA-65,wrong_role,policy256,256,37,0,125,0,149929984,true,rejected,1,0,0,0,3309,0,0,0,0,0,
local-1786752604326628000,macmini-m2-macos26.5.2-rust1.97.1-aarch64-20260814,9d3ab807a08ef4cf1077dbc23213e2314ce37c87,MEASURED,1786752606266576000,negative,aegis_lifecycle_policy,ML-DSA-65,wrong_role,policy256,256,38,0,125,0,149929984,true,rejected,1,0,0,0,3309,0,0,0,0,0,
local-1786752604326628000,macmini-m2-macos26.5.2-rust1.97.1-aarch64-20260814,9d3ab807a08ef4cf1077dbc23213e2314ce37c87,MEASURED,1786752606266578000,negative,aegis_lifecycle_policy,ML-DSA-65,wrong_role,policy256,256,39,0,125,0,149929984,true,rejected,1,0,0,0,3309,0,0,0,0,0,
local-1786752604326628000,macmini-m2-macos26.5.2-rust1.97.1-aarch64-20260814,9d3ab807a08ef4cf1077dbc23213e2314ce37c87,MEASURED,1786752606266580000,negative,aegis_lifecycle_policy,ML-DSA-65,wrong_role,policy256,256,40,0,125,0,149929984,true,rejected,1,0,0,0,3309,0,0,0,0,0,
local-1786752604326628000,macmini-m2-macos26.5.2-rust1.97.1-aarch64-20260814,9d3ab807a08ef4cf1077dbc23213e2314ce37c87,MEASURED,1786752606266581000,negative,aegis_lifecycle_policy,ML-DSA-65,wrong_role,policy256,256,41,0,125,1000,149929984,true,rejected,1,0,0,0,3309,0,0,0,0,0,
local-1786752604326628000,macmini-m2-macos26.5.2-rust1.97.1-aarch64-20260814,9d3ab807a08ef4cf1077dbc23213e2314ce37c87,MEASURED,1786752606266583000,negative,aegis_lifecycle_policy,ML-DSA-65,wrong_role,policy256,256,42,0,125,1000,149929984,true,rejected,1,0,0,0,3309,0,0,0,0,0,
local-1786752604326628000,macmini-m2-macos26.5.2-rust1.97.1-aarch64-20260814,9d3ab807a08ef4cf1077dbc23213e2314ce37c87,MEASURED,1786752606266585000,negative,aegis_lifecycle_policy,ML-DSA-65,wrong_role,policy256,256,43,0,125,0,149929984,true,rejected,1,0,0,0,3309,0,0,0,0,0,
local-1786752604326628000,macmini-m2-macos26.5.2-rust1.97.1-aarch64-20260814,9d3ab807a08ef4cf1077dbc23213e2314ce37c87,MEASURED,1786752606266586000,negative,aegis_lifecycle_policy,ML-DSA-65,wrong_role,policy256,256,44,0,125,1000,149929984,true,rejected,1,0,0,0,3309,0,0,0,0,0,
local-1786752604326628000,macmini-m2-macos26.5.2-rust1.97.1-aarch64-20260814,9d3ab807a08ef4cf1077dbc23213e2314ce37c87,MEASURED,1786752606266588000,negative,aegis_lifecycle_policy,ML-DSA-65,wrong_role,policy256,256,45,0,125,1000,149929984,true,rejected,1,0,0,0,3309,0,0,0,0,0,
local-1786752604326628000,macmini-m2-macos26.5.2-rust1.97.1-aarch64-20260814,9d3ab807a08ef4cf1077dbc23213e2314ce37c87,MEASURED,1786752606266590000,negative,aegis_lifecycle_policy,ML-DSA-65,wrong_role,policy256,256,46,0,125,0,149929984,true,rejected,1,0,0,0,3309,0,0,0,0,0,
local-1786752604326628000,macmini-m2-macos26.5.2-rust1.97.1-aarch64-20260814,9d3ab807a08ef4cf1077dbc23213e2314ce37c87,MEASURED,1786752606266591000,negative,aegis_lifecycle_policy,ML-DSA-65,wrong_role,policy256,256,47,0,125,1000,149929984,true,rejected,1,0,0,0,3309,0,0,0,0,0,
local-1786752604326628000,macmini-m2-macos26.5.2-rust1.97.1-aarch64-20260814,9d3ab807a08ef4cf1077dbc23213e2314ce37c87,MEASURED,1786752606266593000,negative,aegis_lifecycle_policy,ML-DSA-65,wrong_role,policy256,256,48,0,166,0,149929984,true,rejected,1,0,0,0,3309,0,0,0,0,0,
local-1786752604326628000,macmini-m2-macos26.5.2-rust1.97.1-aarch64-20260814,9d3ab807a08ef4cf1077dbc23213e2314ce37c87,MEASURED,1786752606266595000,negative,aegis_lifecycle_policy,ML-DSA-65,wrong_role,policy256,256,49,0,125,0,149929984,true,rejected,1,0,0,0,3309,0,0,0,0,0,
local-1786752604326628000,macmini-m2-macos26.5.2-rust1.97.1-aarch64-20260814,9d3ab807a08ef4cf1077dbc23213e2314ce37c87,MEASURED,1786752606267202000,negative,aegis_lifecycle_policy,ML-DSA-65,wrong_public_key,policy256,256,0,0,152166,172000,150077440,true,rejected,1,0,0,0,3309,0,0,0,0,0,
local-1786752604326628000,macmini-m2-macos26.5.2-rust1.97.1-aarch64-20260814,9d3ab807a08ef4cf1077dbc23213e2314ce37c87,MEASURED,1786752606267359000,negative,aegis_lifecycle_policy,ML-DSA-65,wrong_public_key,policy256,256,1,0,145209,149000,150208512,true,rejected,1,0,0,0,3309,0,0,0,0,0,
local-1786752604326628000,macmini-m2-macos26.5.2-rust1.97.1-aarch64-20260814,9d3ab807a08ef4cf1077dbc23213e2314ce37c87,MEASURED,1786752606267481000,negative,aegis_lifecycle_policy,ML-DSA-65,wrong_public_key,policy256,256,2,0,119542,124000,150208512,true,rejected,1,0,0,0,3309,0,0,0,0,0,
local-1786752604326628000,macmini-m2-macos26.5.2-rust1.97.1-aarch64-20260814,9d3ab807a08ef4cf1077dbc23213e2314ce37c87,MEASURED,1786752606267599000,negative,aegis_lifecycle_policy,ML-DSA-65,wrong_public_key,policy256,256,3,0,115125,117000,150208512,true,rejected,1,0,0,0,3309,0,0,0,0,0,
local-1786752604326628000,macmini-m2-macos26.5.2-rust1.97.1-aarch64-20260814,9d3ab807a08ef4cf1077dbc23213e2314ce37c87,MEASURED,1786752606267715000,negative,aegis_lifecycle_policy,ML-DSA-65,wrong_public_key,policy256,256,4,0,114250,116000,150208512,true,rejected,1,0,0,0,3309,0,0,0,0,0,
local-1786752604326628000,macmini-m2-macos26.5.2-rust1.97.1-aarch64-20260814,9d3ab807a08ef4cf1077dbc23213e2314ce37c87,MEASURED,1786752606267832000,negative,aegis_lifecycle_policy,ML-DSA-65,wrong_public_key,policy256,256,5,0,114042,117000,150208512,true,rejected,1,0,0,0,3309,0,0,0,0,0,
local-1786752604326628000,macmini-m2-macos26.5.2-rust1.97.1-aarch64-20260814,9d3ab807a08ef4cf1077dbc23213e2314ce37c87,MEASURED,1786752606267952000,negative,aegis_lifecycle_policy,ML-DSA-65,wrong_public_key,policy256,256,6,0,117667,121000,150224896,true,rejected,1,0,0,0,3309,0,0,0,0,0,
local-1786752604326628000,macmini-m2-macos26.5.2-rust1.97.1-aarch64-20260814,9d3ab807a08ef4cf1077dbc23213e2314ce37c87,MEASURED,1786752606268069000,negative,aegis_lifecycle_policy,ML-DSA-65,wrong_public_key,policy256,256,7,0,115000,118000,150224896,true,rejected,1,0,0,0,3309,0,0,0,0,0,
local-1786752604326628000,macmini-m2-macos26.5.2-rust1.97.1-aarch64-20260814,9d3ab807a08ef4cf1077dbc23213e2314ce37c87,MEASURED,1786752606268187000,negative,aegis_lifecycle_policy,ML-DSA-65,wrong_public_key,policy256,256,8,0,115667,119000,150241280,true,rejected,1,0,0,0,3309,0,0,0,0,0,
local-1786752604326628000,macmini-m2-macos26.5.2-rust1.97.1-aarch64-20260814,9d3ab807a08ef4cf1077dbc23213e2314ce37c87,MEASURED,1786752606268311000,negative,aegis_lifecycle_policy,ML-DSA-65,wrong_public_key,policy256,256,9,0,121542,124000,150241280,true,rejected,1,0,0,0,3309,0,0,0,0,0,
local-1786752604326628000,macmini-m2-macos26.5.2-rust1.97.1-aarch64-20260814,9d3ab807a08ef4cf1077dbc23213e2314ce37c87,MEASURED,1786752606268442000,negative,aegis_lifecycle_policy,ML-DSA-65,wrong_public_key,policy256,256,10,0,129250,134000,150241280,true,rejected,1,0,0,0,3309,0,0,0,0,0,
local-1786752604326628000,macmini-m2-macos26.5.2-rust1.97.1-aarch64-20260814,9d3ab807a08ef4cf1077dbc23213e2314ce37c87,MEASURED,1786752606268565000,negative,aegis_lifecycle_policy,ML-DSA-65,wrong_public_key,policy256,256,11,0,119667,123000,150241280,true,rejected,1,0,0,0,3309,0,0,0,0,0,
local-1786752604326628000,macmini-m2-macos26.5.2-rust1.97.1-aarch64-20260814,9d3ab807a08ef4cf1077dbc23213e2314ce37c87,MEASURED,1786752606268682000,negative,aegis_lifecycle_policy,ML-DSA-65,wrong_public_key,policy256,256,12,0,115041,118000,150241280,true,rejected,1,0,0,0,3309,0,0,0,0,0,
local-1786752604326628000,macmini-m2-macos26.5.2-rust1.97.1-aarch64-20260814,9d3ab807a08ef4cf1077dbc23213e2314ce37c87,MEASURED,1786752606268808000,negative,aegis_lifecycle_policy,ML-DSA-65,wrong_public_key,policy256,256,13,0,124041,128000,150257664,true,rejected,1,0,0,0,3309,0,0,0,0,0,
local-1786752604326628000,macmini-m2-macos26.5.2-rust1.97.1-aarch64-20260814,9d3ab807a08ef4cf1077dbc23213e2314ce37c87,MEASURED,1786752606268924000,negative,aegis_lifecycle_policy,ML-DSA-65,wrong_public_key,policy256,256,14,0,113750,117000,150257664,true,rejected,1,0,0,0,3309,0,0,0,0,0,
local-1786752604326628000,macmini-m2-macos26.5.2-rust1.97.1-aarch64-20260814,9d3ab807a08ef4cf1077dbc23213e2314ce37c87,MEASURED,1786752606269056000,negative,aegis_lifecycle_policy,ML-DSA-65,wrong_public_key,policy256,256,15,0,129250,136000,150257664,true,rejected,1,0,0,0,3309,0,0,0,0,0,
local-1786752604326628000,macmini-m2-macos26.5.2-rust1.97.1-aarch64-20260814,9d3ab807a08ef4cf1077dbc23213e2314ce37c87,MEASURED,1786752606269181000,negative,aegis_lifecycle_policy,ML-DSA-65,wrong_public_key,policy256,256,16,0,123166,126000,150274048,true,rejected,1,0,0,0,3309,0,0,0,0,0,
local-1786752604326628000,macmini-m2-macos26.5.2-rust1.97.1-aarch64-20260814,9d3ab807a08ef4cf1077dbc23213e2314ce37c87,MEASURED,1786752606269304000,negative,aegis_lifecycle_policy,ML-DSA-65,wrong_public_key,policy256,256,17,0,120792,124000,150274048,true,rejected,1,0,0,0,3309,0,0,0,0,0,
local-1786752604326628000,macmini-m2-macos26.5.2-rust1.97.1-aarch64-20260814,9d3ab807a08ef4cf1077dbc23213e2314ce37c87,MEASURED,1786752606269429000,negative,aegis_lifecycle_policy,ML-DSA-65,wrong_public_key,policy256,256,18,0,122292,124000,150274048,true,rejected,1,0,0,0,3309,0,0,0,0,0,
local-1786752604326628000,macmini-m2-macos26.5.2-rust1.97.1-aarch64-20260814,9d3ab807a08ef4cf1077dbc23213e2314ce37c87,MEASURED,1786752606269559000,negative,aegis_lifecycle_policy,ML-DSA-65,wrong_public_key,policy256,256,19,0,127959,131000,150274048,true,rejected,1,0,0,0,3309,0,0,0,0,0,
local-1786752604326628000,macmini-m2-macos26.5.2-rust1.97.1-aarch64-20260814,9d3ab807a08ef4cf1077dbc23213e2314ce37c87,MEASURED,1786752606269683000,negative,aegis_lifecycle_policy,ML-DSA-65,wrong_public_key,policy256,256,20,0,121917,125000,150274048,true,rejected,1,0,0,0,3309,0,0,0,0,0,
local-1786752604326628000,macmini-m2-macos26.5.2-rust1.97.1-aarch64-20260814,9d3ab807a08ef4cf1077dbc23213e2314ce37c87,MEASURED,1786752606269806000,negative,aegis_lifecycle_policy,ML-DSA-65,wrong_public_key,policy256,256,21,0,120542,123000,150274048,true,rejected,1,0,0,0,3309,0,0,0,0,0,
local-1786752604326628000,macmini-m2-macos26.5.2-rust1.97.1-aarch64-20260814,9d3ab807a08ef4cf1077dbc23213e2314ce37c87,MEASURED,1786752606269924000,negative,aegis_lifecycle_policy,ML-DSA-65,wrong_public_key,policy256,256,22,0,116166,118000,150274048,true,rejected,1,0,0,0,3309,0,0,0,0,0,
local-1786752604326628000,macmini-m2-macos26.5.2-rust1.97.1-aarch64-20260814,9d3ab807a08ef4cf1077dbc23213e2314ce37c87,MEASURED,1786752606270046000,negative,aegis_lifecycle_policy,ML-DSA-65,wrong_public_key,policy256,256,23,0,120250,123000,150274048,true,rejected,1,0,0,0,3309,0,0,0,0,0,
local-1786752604326628000,macmini-m2-macos26.5.2-rust1.97.1-aarch64-20260814,9d3ab807a08ef4cf1077dbc23213e2314ce37c87,MEASURED,1786752606270169000,negative,aegis_lifecycle_policy,ML-DSA-65,wrong_public_key,policy256,256,24,0,120292,123000,150274048,true,rejected,1,0,0,0,3309,0,0,0,0,0,
local-1786752604326628000,macmini-m2-macos26.5.2-rust1.97.1-aarch64-20260814,9d3ab807a08ef4cf1077dbc23213e2314ce37c87,MEASURED,1786752606270291000,negative,aegis_lifecycle_policy,ML-DSA-65,wrong_public_key,policy256,256,25,0,120500,123000,150274048,true,rejected,1,0,0,0,3309,0,0,0,0,0,
local-1786752604326628000,macmini-m2-macos26.5.2-rust1.97.1-aarch64-20260814,9d3ab807a08ef4cf1077dbc23213e2314ce37c87,MEASURED,1786752606270414000,negative,aegis_lifecycle_policy,ML-DSA-65,wrong_public_key,policy256,256,26,0,120625,124000,150274048,true,rejected,1,0,0,0,3309,0,0,0,0,0,
local-1786752604326628000,macmini-m2-macos26.5.2-rust1.97.1-aarch64-20260814,9d3ab807a08ef4cf1077dbc23213e2314ce37c87,MEASURED,1786752606270536000,negative,aegis_lifecycle_policy,ML-DSA-65,wrong_public_key,policy256,256,27,0,120375,123000,150274048,true,rejected,1,0,0,0,3309,0,0,0,0,0,
local-1786752604326628000,macmini-m2-macos26.5.2-rust1.97.1-aarch64-20260814,9d3ab807a08ef4cf1077dbc23213e2314ce37c87,MEASURED,1786752606270659000,negative,aegis_lifecycle_policy,ML-DSA-65,wrong_public_key,policy256,256,28,0,120584,123000,150274048,true,rejected,1,0,0,0,3309,0,0,0,0,0,
local-1786752604326628000,macmini-m2-macos26.5.2-rust1.97.1-aarch64-20260814,9d3ab807a08ef4cf1077dbc23213e2314ce37c87,MEASURED,1786752606270781000,negative,aegis_lifecycle_policy,ML-DSA-65,wrong_public_key,policy256,256,29,0,111791,115000,150274048,true,rejected,1,0,0,0,3309,0,0,0,0,0,
local-1786752604326628000,macmini-m2-macos26.5.2-rust1.97.1-aarch64-20260814,9d3ab807a08ef4cf1077dbc23213e2314ce37c87,MEASURED,1786752606270906000,negative,aegis_lifecycle_policy,ML-DSA-65,wrong_public_key,policy256,256,30,0,122583,126000,150274048,true,rejected,1,0,0,0,3309,0,0,0,0,0,
local-1786752604326628000,macmini-m2-macos26.5.2-rust1.97.1-aarch64-20260814,9d3ab807a08ef4cf1077dbc23213e2314ce37c87,MEASURED,1786752606271029000,negative,aegis_lifecycle_policy,ML-DSA-65,wrong_public_key,policy256,256,31,0,121375,124000,150274048,true,rejected,1,0,0,0,3309,0,0,0,0,0,
local-1786752604326628000,macmini-m2-macos26.5.2-rust1.97.1-aarch64-20260814,9d3ab807a08ef4cf1077dbc23213e2314ce37c87,MEASURED,1786752606271152000,negative,aegis_lifecycle_policy,ML-DSA-65,wrong_public_key,policy256,256,32,0,120541,123000,150274048,true,rejected,1,0,0,0,3309,0,0,0,0,0,
local-1786752604326628000,macmini-m2-macos26.5.2-rust1.97.1-aarch64-20260814,9d3ab807a08ef4cf1077dbc23213e2314ce37c87,MEASURED,1786752606271276000,negative,aegis_lifecycle_policy,ML-DSA-65,wrong_public_key,policy256,256,33,0,121667,125000,150274048,true,rejected,1,0,0,0,3309,0,0,0,0,0,
local-1786752604326628000,macmini-m2-macos26.5.2-rust1.97.1-aarch64-20260814,9d3ab807a08ef4cf1077dbc23213e2314ce37c87,MEASURED,1786752606271401000,negative,aegis_lifecycle_policy,ML-DSA-65,wrong_public_key,policy256,256,34,0,123375,126000,150274048,true,rejected,1,0,0,0,3309,0,0,0,0,0,
local-1786752604326628000,macmini-m2-macos26.5.2-rust1.97.1-aarch64-20260814,9d3ab807a08ef4cf1077dbc23213e2314ce37c87,MEASURED,1786752606271525000,negative,aegis_lifecycle_policy,ML-DSA-65,wrong_public_key,policy256,256,35,0,121416,124000,150274048,true,rejected,1,0,0,0,3309,0,0,0,0,0,
local-1786752604326628000,macmini-m2-macos26.5.2-rust1.97.1-aarch64-20260814,9d3ab807a08ef4cf1077dbc23213e2314ce37c87,MEASURED,1786752606271649000,negative,aegis_lifecycle_policy,ML-DSA-65,wrong_public_key,policy256,256,36,0,122459,125000,150274048,true,rejected,1,0,0,0,3309,0,0,0,0,0,
local-1786752604326628000,macmini-m2-macos26.5.2-rust1.97.1-aarch64-20260814,9d3ab807a08ef4cf1077dbc23213e2314ce37c87,MEASURED,1786752606271773000,negative,aegis_lifecycle_policy,ML-DSA-65,wrong_public_key,policy256,256,37,0,121959,124000,150274048,true,rejected,1,0,0,0,3309,0,0,0,0,0,
local-1786752604326628000,macmini-m2-macos26.5.2-rust1.97.1-aarch64-20260814,9d3ab807a08ef4cf1077dbc23213e2314ce37c87,MEASURED,1786752606271898000,negative,aegis_lifecycle_policy,ML-DSA-65,wrong_public_key,policy256,256,38,0,122042,125000,150274048,true,rejected,1,0,0,0,3309,0,0,0,0,0,
local-1786752604326628000,macmini-m2-macos26.5.2-rust1.97.1-aarch64-20260814,9d3ab807a08ef4cf1077dbc23213e2314ce37c87,MEASURED,1786752606272022000,negative,aegis_lifecycle_policy,ML-DSA-65,wrong_public_key,policy256,256,39,0,122500,126000,150274048,true,rejected,1,0,0,0,3309,0,0,0,0,0,
local-1786752604326628000,macmini-m2-macos26.5.2-rust1.97.1-aarch64-20260814,9d3ab807a08ef4cf1077dbc23213e2314ce37c87,MEASURED,1786752606272145000,negative,aegis_lifecycle_policy,ML-DSA-65,wrong_public_key,policy256,256,40,0,120375,124000,150274048,true,rejected,1,0,0,0,3309,0,0,0,0,0,
local-1786752604326628000,macmini-m2-macos26.5.2-rust1.97.1-aarch64-20260814,9d3ab807a08ef4cf1077dbc23213e2314ce37c87,MEASURED,1786752606272268000,negative,aegis_lifecycle_policy,ML-DSA-65,wrong_public_key,policy256,256,41,0,121458,124000,150274048,true,rejected,1,0,0,0,3309,0,0,0,0,0,
local-1786752604326628000,macmini-m2-macos26.5.2-rust1.97.1-aarch64-20260814,9d3ab807a08ef4cf1077dbc23213e2314ce37c87,MEASURED,1786752606272391000,negative,aegis_lifecycle_policy,ML-DSA-65,wrong_public_key,policy256,256,42,0,120584,124000,150274048,true,rejected,1,0,0,0,3309,0,0,0,0,0,
local-1786752604326628000,macmini-m2-macos26.5.2-rust1.97.1-aarch64-20260814,9d3ab807a08ef4cf1077dbc23213e2314ce37c87,MEASURED,1786752606272514000,negative,aegis_lifecycle_policy,ML-DSA-65,wrong_public_key,policy256,256,43,0,120917,124000,150274048,true,rejected,1,0,0,0,3309,0,0,0,0,0,
local-1786752604326628000,macmini-m2-macos26.5.2-rust1.97.1-aarch64-20260814,9d3ab807a08ef4cf1077dbc23213e2314ce37c87,MEASURED,1786752606272637000,negative,aegis_lifecycle_policy,ML-DSA-65,wrong_public_key,policy256,256,44,0,121208,124000,150274048,true,rejected,1,0,0,0,3309,0,0,0,0,0,
local-1786752604326628000,macmini-m2-macos26.5.2-rust1.97.1-aarch64-20260814,9d3ab807a08ef4cf1077dbc23213e2314ce37c87,MEASURED,1786752606272760000,negative,aegis_lifecycle_policy,ML-DSA-65,wrong_public_key,policy256,256,45,0,120541,124000,150274048,true,rejected,1,0,0,0,3309,0,0,0,0,0,
local-1786752604326628000,macmini-m2-macos26.5.2-rust1.97.1-aarch64-20260814,9d3ab807a08ef4cf1077dbc23213e2314ce37c87,MEASURED,1786752606272882000,negative,aegis_lifecycle_policy,ML-DSA-65,wrong_public_key,policy256,256,46,0,120125,124000,150274048,true,rejected,1,0,0,0,3309,0,0,0,0,0,
local-1786752604326628000,macmini-m2-macos26.5.2-rust1.97.1-aarch64-20260814,9d3ab807a08ef4cf1077dbc23213e2314ce37c87,MEASURED,1786752606273004000,negative,aegis_lifecycle_policy,ML-DSA-65,wrong_public_key,policy256,256,47,0,120542,123000,150274048,true,rejected,1,0,0,0,3309,0,0,0,0,0,
local-1786752604326628000,macmini-m2-macos26.5.2-rust1.97.1-aarch64-20260814,9d3ab807a08ef4cf1077dbc23213e2314ce37c87,MEASURED,1786752606273142000,negative,aegis_lifecycle_policy,ML-DSA-65,wrong_public_key,policy256,256,48,0,135000,139000,150274048,true,rejected,1,0,0,0,3309,0,0,0,0,0,
local-1786752604326628000,macmini-m2-macos26.5.2-rust1.97.1-aarch64-20260814,9d3ab807a08ef4cf1077dbc23213e2314ce37c87,MEASURED,1786752606273320000,negative,aegis_lifecycle_policy,ML-DSA-65,wrong_public_key,policy256,256,49,0,169958,179000,150274048,true,rejected,1,0,0,0,3309,0,0,0,0,0,
local-1786752604326628000,macmini-m2-macos26.5.2-rust1.97.1-aarch64-20260814,9d3ab807a08ef4cf1077dbc23213e2314ce37c87,MEASURED,1786752606273649000,negative,aegis_lifecycle_policy,ML-DSA-65,missing_key,policy256,256,0,0,958,2000,150290432,true,rejected,1,0,0,0,3309,0,0,0,0,0,
local-1786752604326628000,macmini-m2-macos26.5.2-rust1.97.1-aarch64-20260814,9d3ab807a08ef4cf1077dbc23213e2314ce37c87,MEASURED,1786752606273652000,negative,aegis_lifecycle_policy,ML-DSA-65,missing_key,policy256,256,1,0,292,1000,150290432,true,rejected,1,0,0,0,3309,0,0,0,0,0,
local-1786752604326628000,macmini-m2-macos26.5.2-rust1.97.1-aarch64-20260814,9d3ab807a08ef4cf1077dbc23213e2314ce37c87,MEASURED,1786752606273655000,negative,aegis_lifecycle_policy,ML-DSA-65,missing_key,policy256,256,2,0,250,2000,150290432,true,rejected,1,0,0,0,3309,0,0,0,0,0,
local-1786752604326628000,macmini-m2-macos26.5.2-rust1.97.1-aarch64-20260814,9d3ab807a08ef4cf1077dbc23213e2314ce37c87,MEASURED,1786752606273657000,negative,aegis_lifecycle_policy,ML-DSA-65,missing_key,policy256,256,3,0,208,0,150290432,true,rejected,1,0,0,0,3309,0,0,0,0,0,
local-1786752604326628000,macmini-m2-macos26.5.2-rust1.97.1-aarch64-20260814,9d3ab807a08ef4cf1077dbc23213e2314ce37c87,MEASURED,1786752606273658000,negative,aegis_lifecycle_policy,ML-DSA-65,missing_key,policy256,256,4,0,167,1000,150290432,true,rejected,1,0,0,0,3309,0,0,0,0,0,
local-1786752604326628000,macmini-m2-macos26.5.2-rust1.97.1-aarch64-20260814,9d3ab807a08ef4cf1077dbc23213e2314ce37c87,MEASURED,1786752606273660000,negative,aegis_lifecycle_policy,ML-DSA-65,missing_key,policy256,256,5,0,167,1000,150290432,true,rejected,1,0,0,0,3309,0,0,0,0,0,
local-1786752604326628000,macmini-m2-macos26.5.2-rust1.97.1-aarch64-20260814,9d3ab807a08ef4cf1077dbc23213e2314ce37c87,MEASURED,1786752606273662000,negative,aegis_lifecycle_policy,ML-DSA-65,missing_key,policy256,256,6,0,167,1000,150290432,true,rejected,1,0,0,0,3309,0,0,0,0,0,
local-1786752604326628000,macmini-m2-macos26.5.2-rust1.97.1-aarch64-20260814,9d3ab807a08ef4cf1077dbc23213e2314ce37c87,MEASURED,1786752606273677000,negative,aegis_lifecycle_policy,ML-DSA-65,missing_key,policy256,256,7,0,334,2000,150290432,true,rejected,1,0,0,0,3309,0,0,0,0,0,
local-1786752604326628000,macmini-m2-macos26.5.2-rust1.97.1-aarch64-20260814,9d3ab807a08ef4cf1077dbc23213e2314ce37c87,MEASURED,1786752606273679000,negative,aegis_lifecycle_policy,ML-DSA-65,missing_key,policy256,256,8,0,208,0,150290432,true,rejected,1,0,0,0,3309,0,0,0,0,0,
local-1786752604326628000,macmini-m2-macos26.5.2-rust1.97.1-aarch64-20260814,9d3ab807a08ef4cf1077dbc23213e2314ce37c87,MEASURED,1786752606273680000,negative,aegis_lifecycle_policy,ML-DSA-65,missing_key,policy256,256,9,0,208,1000,150290432,true,rejected,1,0,0,0,3309,0,0,0,0,0,
local-1786752604326628000,macmini-m2-macos26.5.2-rust1.97.1-aarch64-20260814,9d3ab807a08ef4cf1077dbc23213e2314ce37c87,MEASURED,1786752606273682000,negative,aegis_lifecycle_policy,ML-DSA-65,missing_key,policy256,256,10,0,208,0,150290432,true,rejected,1,0,0,0,3309,0,0,0,0,0,
local-1786752604326628000,macmini-m2-macos26.5.2-rust1.97.1-aarch64-20260814,9d3ab807a08ef4cf1077dbc23213e2314ce37c87,MEASURED,1786752606273684000,negative,aegis_lifecycle_policy,ML-DSA-65,missing_key,policy256,256,11,0,167,0,150290432,true,rejected,1,0,0,0,3309,0,0,0,0,0,
local-1786752604326628000,macmini-m2-macos26.5.2-rust1.97.1-aarch64-20260814,9d3ab807a08ef4cf1077dbc23213e2314ce37c87,MEASURED,1786752606273686000,negative,aegis_lifecycle_policy,ML-DSA-65,missing_key,policy256,256,12,0,208,0,150290432,true,rejected,1,0,0,0,3309,0,0,0,0,0,
local-1786752604326628000,macmini-m2-macos26.5.2-rust1.97.1-aarch64-20260814,9d3ab807a08ef4cf1077dbc23213e2314ce37c87,MEASURED,1786752606273687000,negative,aegis_lifecycle_policy,ML-DSA-65,missing_key,policy256,256,13,0,208,1000,150290432,true,rejected,1,0,0,0,3309,0,0,0,0,0,
local-1786752604326628000,macmini-m2-macos26.5.2-rust1.97.1-aarch64-20260814,9d3ab807a08ef4cf1077dbc23213e2314ce37c87,MEASURED,1786752606273689000,negative,aegis_lifecycle_policy,ML-DSA-65,missing_key,policy256,256,14,0,166,0,150290432,true,rejected,1,0,0,0,3309,0,0,0,0,0,
local-1786752604326628000,macmini-m2-macos26.5.2-rust1.97.1-aarch64-20260814,9d3ab807a08ef4cf1077dbc23213e2314ce37c87,MEASURED,1786752606273691000,negative,aegis_lifecycle_policy,ML-DSA-65,missing_key,policy256,256,15,0,208,0,150290432,true,rejected,1,0,0,0,3309,0,0,0,0,0,
local-1786752604326628000,macmini-m2-macos26.5.2-rust1.97.1-aarch64-20260814,9d3ab807a08ef4cf1077dbc23213e2314ce37c87,MEASURED,1786752606273693000,negative,aegis_lifecycle_policy,ML-DSA-65,missing_key,policy256,256,16,0,208,2000,150290432,true,rejected,1,0,0,0,3309,0,0,0,0,0,
local-1786752604326628000,macmini-m2-macos26.5.2-rust1.97.1-aarch64-20260814,9d3ab807a08ef4cf1077dbc23213e2314ce37c87,MEASURED,1786752606273694000,negative,aegis_lifecycle_policy,ML-DSA-65,missing_key,policy256,256,17,0,167,0,150290432,true,rejected,1,0,0,0,3309,0,0,0,0,0,
local-1786752604326628000,macmini-m2-macos26.5.2-rust1.97.1-aarch64-20260814,9d3ab807a08ef4cf1077dbc23213e2314ce37c87,MEASURED,1786752606273696000,negative,aegis_lifecycle_policy,ML-DSA-65,missing_key,policy256,256,18,0,209,0,150290432,true,rejected,1,0,0,0,3309,0,0,0,0,0,
local-1786752604326628000,macmini-m2-macos26.5.2-rust1.97.1-aarch64-20260814,9d3ab807a08ef4cf1077dbc23213e2314ce37c87,MEASURED,1786752606273698000,negative,aegis_lifecycle_policy,ML-DSA-65,missing_key,policy256,256,19,0,209,1000,150290432,true,rejected,1,0,0,0,3309,0,0,0,0,0,
local-1786752604326628000,macmini-m2-macos26.5.2-rust1.97.1-aarch64-20260814,9d3ab807a08ef4cf1077dbc23213e2314ce37c87,MEASURED,1786752606273700000,negative,aegis_lifecycle_policy,ML-DSA-65,missing_key,policy256,256,20,0,209,0,150290432,true,rejected,1,0,0,0,3309,0,0,0,0,0,
local-1786752604326628000,macmini-m2-macos26.5.2-rust1.97.1-aarch64-20260814,9d3ab807a08ef4cf1077dbc23213e2314ce37c87,MEASURED,1786752606273702000,negative,aegis_lifecycle_policy,ML-DSA-65,missing_key,policy256,256,21,0,208,0,150290432,true,rejected,1,0,0,0,3309,0,0,0,0,0,
local-1786752604326628000,macmini-m2-macos26.5.2-rust1.97.1-aarch64-20260814,9d3ab807a08ef4cf1077dbc23213e2314ce37c87,MEASURED,1786752606273703000,negative,aegis_lifecycle_policy,ML-DSA-65,missing_key,policy256,256,22,0,166,1000,150290432,true,rejected,1,0,0,0,3309,0,0,0,0,0,
local-1786752604326628000,macmini-m2-macos26.5.2-rust1.97.1-aarch64-20260814,9d3ab807a08ef4cf1077dbc23213e2314ce37c87,MEASURED,1786752606273705000,negative,aegis_lifecycle_policy,ML-DSA-65,missing_key,policy256,256,23,0,167,1000,150290432,true,rejected,1,0,0,0,3309,0,0,0,0,0,
local-1786752604326628000,macmini-m2-macos26.5.2-rust1.97.1-aarch64-20260814,9d3ab807a08ef4cf1077dbc23213e2314ce37c87,MEASURED,1786752606273707000,negative,aegis_lifecycle_policy,ML-DSA-65,missing_key,policy256,256,24,0,208,0,150290432,true,rejected,1,0,0,0,3309,0,0,0,0,0,
local-1786752604326628000,macmini-m2-macos26.5.2-rust1.97.1-aarch64-20260814,9d3ab807a08ef4cf1077dbc23213e2314ce37c87,MEASURED,1786752606273709000,negative,aegis_lifecycle_policy,ML-DSA-65,missing_key,policy256,256,25,0,167,0,150290432,true,rejected,1,0,0,0,3309,0,0,0,0,0,
local-1786752604326628000,macmini-m2-macos26.5.2-rust1.97.1-aarch64-20260814,9d3ab807a08ef4cf1077dbc23213e2314ce37c87,MEASURED,1786752606273710000,negative,aegis_lifecycle_policy,ML-DSA-65,missing_key,policy256,256,26,0,208,0,150290432,true,rejected,1,0,0,0,3309,0,0,0,0,0,
local-1786752604326628000,macmini-m2-macos26.5.2-rust1.97.1-aarch64-20260814,9d3ab807a08ef4cf1077dbc23213e2314ce37c87,MEASURED,1786752606273712000,negative,aegis_lifecycle_policy,ML-DSA-65,missing_key,policy256,256,27,0,167,0,150290432,true,rejected,1,0,0,0,3309,0,0,0,0,0,
local-1786752604326628000,macmini-m2-macos26.5.2-rust1.97.1-aarch64-20260814,9d3ab807a08ef4cf1077dbc23213e2314ce37c87,MEASURED,1786752606273714000,negative,aegis_lifecycle_policy,ML-DSA-65,missing_key,policy256,256,28,0,208,1000,150290432,true,rejected,1,0,0,0,3309,0,0,0,0,0,
local-1786752604326628000,macmini-m2-macos26.5.2-rust1.97.1-aarch64-20260814,9d3ab807a08ef4cf1077dbc23213e2314ce37c87,MEASURED,1786752606273716000,negative,aegis_lifecycle_policy,ML-DSA-65,missing_key,policy256,256,29,0,166,0,150290432,true,rejected,1,0,0,0,3309,0,0,0,0,0,
local-1786752604326628000,macmini-m2-macos26.5.2-rust1.97.1-aarch64-20260814,9d3ab807a08ef4cf1077dbc23213e2314ce37c87,MEASURED,1786752606273717000,negative,aegis_lifecycle_policy,ML-DSA-65,missing_key,policy256,256,30,0,167,1000,150290432,true,rejected,1,0,0,0,3309,0,0,0,0,0,
local-1786752604326628000,macmini-m2-macos26.5.2-rust1.97.1-aarch64-20260814,9d3ab807a08ef4cf1077dbc23213e2314ce37c87,MEASURED,1786752606273719000,negative,aegis_lifecycle_policy,ML-DSA-65,missing_key,policy256,256,31,0,209,0,150290432,true,rejected,1,0,0,0,3309,0,0,0,0,0,
local-1786752604326628000,macmini-m2-macos26.5.2-rust1.97.1-aarch64-20260814,9d3ab807a08ef4cf1077dbc23213e2314ce37c87,MEASURED,1786752606273721000,negative,aegis_lifecycle_policy,ML-DSA-65,missing_key,policy256,256,32,0,208,0,150290432,true,rejected,1,0,0,0,3309,0,0,0,0,0,
local-1786752604326628000,macmini-m2-macos26.5.2-rust1.97.1-aarch64-20260814,9d3ab807a08ef4cf1077dbc23213e2314ce37c87,MEASURED,1786752606273723000,negative,aegis_lifecycle_policy,ML-DSA-65,missing_key,policy256,256,33,0,167,0,150290432,true,rejected,1,0,0,0,3309,0,0,0,0,0,
local-1786752604326628000,macmini-m2-macos26.5.2-rust1.97.1-aarch64-20260814,9d3ab807a08ef4cf1077dbc23213e2314ce37c87,MEASURED,1786752606273725000,negative,aegis_lifecycle_policy,ML-DSA-65,missing_key,policy256,256,34,0,208,0,150290432,true,rejected,1,0,0,0,3309,0,0,0,0,0,
local-1786752604326628000,macmini-m2-macos26.5.2-rust1.97.1-aarch64-20260814,9d3ab807a08ef4cf1077dbc23213e2314ce37c87,MEASURED,1786752606273726000,negative,aegis_lifecycle_policy,ML-DSA-65,missing_key,policy256,256,35,0,209,0,150290432,true,rejected,1,0,0,0,3309,0,0,0,0,0,
local-1786752604326628000,macmini-m2-macos26.5.2-rust1.97.1-aarch64-20260814,9d3ab807a08ef4cf1077dbc23213e2314ce37c87,MEASURED,1786752606273734000,negative,aegis_lifecycle_policy,ML-DSA-65,missing_key,policy256,256,36,0,292,2000,150290432,true,rejected,1,0,0,0,3309,0,0,0,0,0,
local-1786752604326628000,macmini-m2-macos26.5.2-rust1.97.1-aarch64-20260814,9d3ab807a08ef4cf1077dbc23213e2314ce37c87,MEASURED,1786752606273735000,negative,aegis_lifecycle_policy,ML-DSA-65,missing_key,policy256,256,37,0,208,0,150290432,true,rejected,1,0,0,0,3309,0,0,0,0,0,
local-1786752604326628000,macmini-m2-macos26.5.2-rust1.97.1-aarch64-20260814,9d3ab807a08ef4cf1077dbc23213e2314ce37c87,MEASURED,1786752606273737000,negative,aegis_lifecycle_policy,ML-DSA-65,missing_key,policy256,256,38,0,209,1000,150290432,true,rejected,1,0,0,0,3309,0,0,0,0,0,
local-1786752604326628000,macmini-m2-macos26.5.2-rust1.97.1-aarch64-20260814,9d3ab807a08ef4cf1077dbc23213e2314ce37c87,MEASURED,1786752606273739000,negative,aegis_lifecycle_policy,ML-DSA-65,missing_key,policy256,256,39,0,167,1000,150290432,true,rejected,1,0,0,0,3309,0,0,0,0,0,
local-1786752604326628000,macmini-m2-macos26.5.2-rust1.97.1-aarch64-20260814,9d3ab807a08ef4cf1077dbc23213e2314ce37c87,MEASURED,1786752606273741000,negative,aegis_lifecycle_policy,ML-DSA-65,missing_key,policy256,256,40,0,208,0,150290432,true,rejected,1,0,0,0,3309,0,0,0,0,0,
local-1786752604326628000,macmini-m2-macos26.5.2-rust1.97.1-aarch64-20260814,9d3ab807a08ef4cf1077dbc23213e2314ce37c87,MEASURED,1786752606273743000,negative,aegis_lifecycle_policy,ML-DSA-65,missing_key,policy256,256,41,0,208,0,150290432,true,rejected,1,0,0,0,3309,0,0,0,0,0,
local-1786752604326628000,macmini-m2-macos26.5.2-rust1.97.1-aarch64-20260814,9d3ab807a08ef4cf1077dbc23213e2314ce37c87,MEASURED,1786752606273744000,negative,aegis_lifecycle_policy,ML-DSA-65,missing_key,policy256,256,42,0,166,1000,150290432,true,rejected,1,0,0,0,3309,0,0,0,0,0,
local-1786752604326628000,macmini-m2-macos26.5.2-rust1.97.1-aarch64-20260814,9d3ab807a08ef4cf1077dbc23213e2314ce37c87,MEASURED,1786752606273746000,negative,aegis_lifecycle_policy,ML-DSA-65,missing_key,policy256,256,43,0,208,1000,150290432,true,rejected,1,0,0,0,3309,0,0,0,0,0,
local-1786752604326628000,macmini-m2-macos26.5.2-rust1.97.1-aarch64-20260814,9d3ab807a08ef4cf1077dbc23213e2314ce37c87,MEASURED,1786752606273748000,negative,aegis_lifecycle_policy,ML-DSA-65,missing_key,policy256,256,44,0,166,0,150290432,true,rejected,1,0,0,0,3309,0,0,0,0,0,
local-1786752604326628000,macmini-m2-macos26.5.2-rust1.97.1-aarch64-20260814,9d3ab807a08ef4cf1077dbc23213e2314ce37c87,MEASURED,1786752606273750000,negative,aegis_lifecycle_policy,ML-DSA-65,missing_key,policy256,256,45,0,166,2000,150290432,true,rejected,1,0,0,0,3309,0,0,0,0,0,
local-1786752604326628000,macmini-m2-macos26.5.2-rust1.97.1-aarch64-20260814,9d3ab807a08ef4cf1077dbc23213e2314ce37c87,MEASURED,1786752606273751000,negative,aegis_lifecycle_policy,ML-DSA-65,missing_key,policy256,256,46,0,208,0,150290432,true,rejected,1,0,0,0,3309,0,0,0,0,0,
local-1786752604326628000,macmini-m2-macos26.5.2-rust1.97.1-aarch64-20260814,9d3ab807a08ef4cf1077dbc23213e2314ce37c87,MEASURED,1786752606273753000,negative,aegis_lifecycle_policy,ML-DSA-65,missing_key,policy256,256,47,0,208,0,150290432,true,rejected,1,0,0,0,3309,0,0,0,0,0,
local-1786752604326628000,macmini-m2-macos26.5.2-rust1.97.1-aarch64-20260814,9d3ab807a08ef4cf1077dbc23213e2314ce37c87,MEASURED,1786752606273755000,negative,aegis_lifecycle_policy,ML-DSA-65,missing_key,policy256,256,48,0,167,1000,150290432,true,rejected,1,0,0,0,3309,0,0,0,0,0,
local-1786752604326628000,macmini-m2-macos26.5.2-rust1.97.1-aarch64-20260814,9d3ab807a08ef4cf1077dbc23213e2314ce37c87,MEASURED,1786752606273757000,negative,aegis_lifecycle_policy,ML-DSA-65,missing_key,policy256,256,49,0,166,0,150290432,true,rejected,1,0,0,0,3309,0,0,0,0,0,
local-1786752604326628000,macmini-m2-macos26.5.2-rust1.97.1-aarch64-20260814,9d3ab807a08ef4cf1077dbc23213e2314ce37c87,MEASURED,1786752606274311000,negative,aegis_lifecycle_policy,ML-DSA-65,not_yet_active,policy256,256,0,0,459,0,150290432,true,rejected,1,0,0,0,3309,0,0,0,0,0,
local-1786752604326628000,macmini-m2-macos26.5.2-rust1.97.1-aarch64-20260814,9d3ab807a08ef4cf1077dbc23213e2314ce37c87,MEASURED,1786752606274315000,negative,aegis_lifecycle_policy,ML-DSA-65,not_yet_active,policy256,256,1,0,250,0,150290432,true,rejected,1,0,0,0,3309,0,0,0,0,0,
local-1786752604326628000,macmini-m2-macos26.5.2-rust1.97.1-aarch64-20260814,9d3ab807a08ef4cf1077dbc23213e2314ce37c87,MEASURED,1786752606274317000,negative,aegis_lifecycle_policy,ML-DSA-65,not_yet_active,policy256,256,2,0,167,0,150290432,true,rejected,1,0,0,0,3309,0,0,0,0,0,
local-1786752604326628000,macmini-m2-macos26.5.2-rust1.97.1-aarch64-20260814,9d3ab807a08ef4cf1077dbc23213e2314ce37c87,MEASURED,1786752606274319000,negative,aegis_lifecycle_policy,ML-DSA-65,not_yet_active,policy256,256,3,0,167,2000,150290432,true,rejected,1,0,0,0,3309,0,0,0,0,0,
local-1786752604326628000,macmini-m2-macos26.5.2-rust1.97.1-aarch64-20260814,9d3ab807a08ef4cf1077dbc23213e2314ce37c87,MEASURED,1786752606274322000,negative,aegis_lifecycle_policy,ML-DSA-65,not_yet_active,policy256,256,4,0,166,1000,150290432,true,rejected,1,0,0,0,3309,0,0,0,0,0,
local-1786752604326628000,macmini-m2-macos26.5.2-rust1.97.1-aarch64-20260814,9d3ab807a08ef4cf1077dbc23213e2314ce37c87,MEASURED,1786752606274324000,negative,aegis_lifecycle_policy,ML-DSA-65,not_yet_active,policy256,256,5,0,167,1000,150290432,true,rejected,1,0,0,0,3309,0,0,0,0,0,
local-1786752604326628000,macmini-m2-macos26.5.2-rust1.97.1-aarch64-20260814,9d3ab807a08ef4cf1077dbc23213e2314ce37c87,MEASURED,1786752606274326000,negative,aegis_lifecycle_policy,ML-DSA-65,not_yet_active,policy256,256,6,0,125,0,150290432,true,rejected,1,0,0,0,3309,0,0,0,0,0,
local-1786752604326628000,macmini-m2-macos26.5.2-rust1.97.1-aarch64-20260814,9d3ab807a08ef4cf1077dbc23213e2314ce37c87,MEASURED,1786752606274327000,negative,aegis_lifecycle_policy,ML-DSA-65,not_yet_active,policy256,256,7,0,125,0,150290432,true,rejected,1,0,0,0,3309,0,0,0,0,0,
local-1786752604326628000,macmini-m2-macos26.5.2-rust1.97.1-aarch64-20260814,9d3ab807a08ef4cf1077dbc23213e2314ce37c87,MEASURED,1786752606274329000,negative,aegis_lifecycle_policy,ML-DSA-65,not_yet_active,policy256,256,8,0,125,1000,150290432,true,rejected,1,0,0,0,3309,0,0,0,0,0,
local-1786752604326628000,macmini-m2-macos26.5.2-rust1.97.1-aarch64-20260814,9d3ab807a08ef4cf1077dbc23213e2314ce37c87,MEASURED,1786752606274330000,negative,aegis_lifecycle_policy,ML-DSA-65,not_yet_active,policy256,256,9,0,84,0,150290432,true,rejected,1,0,0,0,3309,0,0,0,0,0,
local-1786752604326628000,macmini-m2-macos26.5.2-rust1.97.1-aarch64-20260814,9d3ab807a08ef4cf1077dbc23213e2314ce37c87,MEASURED,1786752606274332000,negative,aegis_lifecycle_policy,ML-DSA-65,not_yet_active,policy256,256,10,0,125,0,150290432,true,rejected,1,0,0,0,3309,0,0,0,0,0,
local-1786752604326628000,macmini-m2-macos26.5.2-rust1.97.1-aarch64-20260814,9d3ab807a08ef4cf1077dbc23213e2314ce37c87,MEASURED,1786752606274334000,negative,aegis_lifecycle_policy,ML-DSA-65,not_yet_active,policy256,256,11,0,84,1000,150290432,true,rejected,1,0,0,0,3309,0,0,0,0,0,
local-1786752604326628000,macmini-m2-macos26.5.2-rust1.97.1-aarch64-20260814,9d3ab807a08ef4cf1077dbc23213e2314ce37c87,MEASURED,1786752606274335000,negative,aegis_lifecycle_policy,ML-DSA-65,not_yet_active,policy256,256,12,0,125,0,150290432,true,rejected,1,0,0,0,3309,0,0,0,0,0,
local-1786752604326628000,macmini-m2-macos26.5.2-rust1.97.1-aarch64-20260814,9d3ab807a08ef4cf1077dbc23213e2314ce37c87,MEASURED,1786752606274337000,negative,aegis_lifecycle_policy,ML-DSA-65,not_yet_active,policy256,256,13,0,84,0,150290432,true,rejected,1,0,0,0,3309,0,0,0,0,0,
local-1786752604326628000,macmini-m2-macos26.5.2-rust1.97.1-aarch64-20260814,9d3ab807a08ef4cf1077dbc23213e2314ce37c87,MEASURED,1786752606274338000,negative,aegis_lifecycle_policy,ML-DSA-65,not_yet_active,policy256,256,14,0,125,0,150290432,true,rejected,1,0,0,0,3309,0,0,0,0,0,
local-1786752604326628000,macmini-m2-macos26.5.2-rust1.97.1-aarch64-20260814,9d3ab807a08ef4cf1077dbc23213e2314ce37c87,MEASURED,1786752606274350000,negative,aegis_lifecycle_policy,ML-DSA-65,not_yet_active,policy256,256,15,0,166,1000,150290432,true,rejected,1,0,0,0,3309,0,0,0,0,0,
local-1786752604326628000,macmini-m2-macos26.5.2-rust1.97.1-aarch64-20260814,9d3ab807a08ef4cf1077dbc23213e2314ce37c87,MEASURED,1786752606274352000,negative,aegis_lifecycle_policy,ML-DSA-65,not_yet_active,policy256,256,16,0,125,0,150290432,true,rejected,1,0,0,0,3309,0,0,0,0,0,
local-1786752604326628000,macmini-m2-macos26.5.2-rust1.97.1-aarch64-20260814,9d3ab807a08ef4cf1077dbc23213e2314ce37c87,MEASURED,1786752606274354000,negative,aegis_lifecycle_policy,ML-DSA-65,not_yet_active,policy256,256,17,0,125,0,150290432,true,rejected,1,0,0,0,3309,0,0,0,0,0,
local-1786752604326628000,macmini-m2-macos26.5.2-rust1.97.1-aarch64-20260814,9d3ab807a08ef4cf1077dbc23213e2314ce37c87,MEASURED,1786752606274355000,negative,aegis_lifecycle_policy,ML-DSA-65,not_yet_active,policy256,256,18,0,125,1000,150290432,true,rejected,1,0,0,0,3309,0,0,0,0,0,
local-1786752604326628000,macmini-m2-macos26.5.2-rust1.97.1-aarch64-20260814,9d3ab807a08ef4cf1077dbc23213e2314ce37c87,MEASURED,1786752606274357000,negative,aegis_lifecycle_policy,ML-DSA-65,not_yet_active,policy256,256,19,0,125,0,150290432,true,rejected,1,0,0,0,3309,0,0,0,0,0,
local-1786752604326628000,macmini-m2-macos26.5.2-rust1.97.1-aarch64-20260814,9d3ab807a08ef4cf1077dbc23213e2314ce37c87,MEASURED,1786752606274358000,negative,aegis_lifecycle_policy,ML-DSA-65,not_yet_active,policy256,256,20,0,125,1000,150290432,true,rejected,1,0,0,0,3309,0,0,0,0,0,
local-1786752604326628000,macmini-m2-macos26.5.2-rust1.97.1-aarch64-20260814,9d3ab807a08ef4cf1077dbc23213e2314ce37c87,MEASURED,1786752606274360000,negative,aegis_lifecycle_policy,ML-DSA-65,not_yet_active,policy256,256,21,0,125,0,150290432,true,rejected,1,0,0,0,3309,0,0,0,0,0,
local-1786752604326628000,macmini-m2-macos26.5.2-rust1.97.1-aarch64-20260814,9d3ab807a08ef4cf1077dbc23213e2314ce37c87,MEASURED,1786752606274362000,negative,aegis_lifecycle_policy,ML-DSA-65,not_yet_active,policy256,256,22,0,125,0,150290432,true,rejected,1,0,0,0,3309,0,0,0,0,0,
local-1786752604326628000,macmini-m2-macos26.5.2-rust1.97.1-aarch64-20260814,9d3ab807a08ef4cf1077dbc23213e2314ce37c87,MEASURED,1786752606274363000,negative,aegis_lifecycle_policy,ML-DSA-65,not_yet_active,policy256,256,23,0,125,0,150290432,true,rejected,1,0,0,0,3309,0,0,0,0,0,
local-1786752604326628000,macmini-m2-macos26.5.2-rust1.97.1-aarch64-20260814,9d3ab807a08ef4cf1077dbc23213e2314ce37c87,MEASURED,1786752606274365000,negative,aegis_lifecycle_policy,ML-DSA-65,not_yet_active,policy256,256,24,0,125,1000,150290432,true,rejected,1,0,0,0,3309,0,0,0,0,0,
local-1786752604326628000,macmini-m2-macos26.5.2-rust1.97.1-aarch64-20260814,9d3ab807a08ef4cf1077dbc23213e2314ce37c87,MEASURED,1786752606274366000,negative,aegis_lifecycle_policy,ML-DSA-65,not_yet_active,policy256,256,25,0,125,0,150290432,true,rejected,1,0,0,0,3309,0,0,0,0,0,
local-1786752604326628000,macmini-m2-macos26.5.2-rust1.97.1-aarch64-20260814,9d3ab807a08ef4cf1077dbc23213e2314ce37c87,MEASURED,1786752606274368000,negative,aegis_lifecycle_policy,ML-DSA-65,not_yet_active,policy256,256,26,0,83,0,150290432,true,rejected,1,0,0,0,3309,0,0,0,0,0,
local-1786752604326628000,macmini-m2-macos26.5.2-rust1.97.1-aarch64-20260814,9d3ab807a08ef4cf1077dbc23213e2314ce37c87,MEASURED,1786752606274369000,negative,aegis_lifecycle_policy,ML-DSA-65,not_yet_active,policy256,256,27,0,84,0,150290432,true,rejected,1,0,0,0,3309,0,0,0,0,0,
local-1786752604326628000,macmini-m2-macos26.5.2-rust1.97.1-aarch64-20260814,9d3ab807a08ef4cf1077dbc23213e2314ce37c87,MEASURED,1786752606274371000,negative,aegis_lifecycle_policy,ML-DSA-65,not_yet_active,policy256,256,28,0,83,1000,150290432,true,rejected,1,0,0,0,3309,0,0,0,0,0,
local-1786752604326628000,macmini-m2-macos26.5.2-rust1.97.1-aarch64-20260814,9d3ab807a08ef4cf1077dbc23213e2314ce37c87,MEASURED,1786752606274373000,negative,aegis_lifecycle_policy,ML-DSA-65,not_yet_active,policy256,256,29,0,125,0,150290432,true,rejected,1,0,0,0,3309,0,0,0,0,0,
local-1786752604326628000,macmini-m2-macos26.5.2-rust1.97.1-aarch64-20260814,9d3ab807a08ef4cf1077dbc23213e2314ce37c87,MEASURED,1786752606274374000,negative,aegis_lifecycle_policy,ML-DSA-65,not_yet_active,policy256,256,30,0,125,0,150290432,true,rejected,1,0,0,0,3309,0,0,0,0,0,
local-1786752604326628000,macmini-m2-macos26.5.2-rust1.97.1-aarch64-20260814,9d3ab807a08ef4cf1077dbc23213e2314ce37c87,MEASURED,1786752606274376000,negative,aegis_lifecycle_policy,ML-DSA-65,not_yet_active,policy256,256,31,0,125,1000,150290432,true,rejected,1,0,0,0,3309,0,0,0,0,0,
local-1786752604326628000,macmini-m2-macos26.5.2-rust1.97.1-aarch64-20260814,9d3ab807a08ef4cf1077dbc23213e2314ce37c87,MEASURED,1786752606274377000,negative,aegis_lifecycle_policy,ML-DSA-65,not_yet_active,policy256,256,32,0,84,0,150290432,true,rejected,1,0,0,0,3309,0,0,0,0,0,
local-1786752604326628000,macmini-m2-macos26.5.2-rust1.97.1-aarch64-20260814,9d3ab807a08ef4cf1077dbc23213e2314ce37c87,MEASURED,1786752606274379000,negative,aegis_lifecycle_policy,ML-DSA-65,not_yet_active,policy256,256,33,0,83,0,150290432,true,rejected,1,0,0,0,3309,0,0,0,0,0,
local-1786752604326628000,macmini-m2-macos26.5.2-rust1.97.1-aarch64-20260814,9d3ab807a08ef4cf1077dbc23213e2314ce37c87,MEASURED,1786752606274381000,negative,aegis_lifecycle_policy,ML-DSA-65,not_yet_active,policy256,256,34,0,83,0,150290432,true,rejected,1,0,0,0,3309,0,0,0,0,0,
local-1786752604326628000,macmini-m2-macos26.5.2-rust1.97.1-aarch64-20260814,9d3ab807a08ef4cf1077dbc23213e2314ce37c87,MEASURED,1786752606274382000,negative,aegis_lifecycle_policy,ML-DSA-65,not_yet_active,policy256,256,35,0,84,1000,150290432,true,rejected,1,0,0,0,3309,0,0,0,0,0,
local-1786752604326628000,macmini-m2-macos26.5.2-rust1.97.1-aarch64-20260814,9d3ab807a08ef4cf1077dbc23213e2314ce37c87,MEASURED,1786752606274384000,negative,aegis_lifecycle_policy,ML-DSA-65,not_yet_active,policy256,256,36,0,125,0,150290432,true,rejected,1,0,0,0,3309,0,0,0,0,0,
local-1786752604326628000,macmini-m2-macos26.5.2-rust1.97.1-aarch64-20260814,9d3ab807a08ef4cf1077dbc23213e2314ce37c87,MEASURED,1786752606274385000,negative,aegis_lifecycle_policy,ML-DSA-65,not_yet_active,policy256,256,37,0,125,0,150290432,true,rejected,1,0,0,0,3309,0,0,0,0,0,
local-1786752604326628000,macmini-m2-macos26.5.2-rust1.97.1-aarch64-20260814,9d3ab807a08ef4cf1077dbc23213e2314ce37c87,MEASURED,1786752606274387000,negative,aegis_lifecycle_policy,ML-DSA-65,not_yet_active,policy256,256,38,0,125,0,150290432,true,rejected,1,0,0,0,3309,0,0,0,0,0,
local-1786752604326628000,macmini-m2-macos26.5.2-rust1.97.1-aarch64-20260814,9d3ab807a08ef4cf1077dbc23213e2314ce37c87,MEASURED,1786752606274388000,negative,aegis_lifecycle_policy,ML-DSA-65,not_yet_active,policy256,256,39,0,83,0,150290432,true,rejected,1,0,0,0,3309,0,0,0,0,0,
local-1786752604326628000,macmini-m2-macos26.5.2-rust1.97.1-aarch64-20260814,9d3ab807a08ef4cf1077dbc23213e2314ce37c87,MEASURED,1786752606274390000,negative,aegis_lifecycle_policy,ML-DSA-65,not_yet_active,policy256,256,40,0,125,0,150290432,true,rejected,1,0,0,0,3309,0,0,0,0,0,
local-1786752604326628000,macmini-m2-macos26.5.2-rust1.97.1-aarch64-20260814,9d3ab807a08ef4cf1077dbc23213e2314ce37c87,MEASURED,1786752606274392000,negative,aegis_lifecycle_policy,ML-DSA-65,not_yet_active,policy256,256,41,0,125,1000,150290432,true,rejected,1,0,0,0,3309,0,0,0,0,0,
local-1786752604326628000,macmini-m2-macos26.5.2-rust1.97.1-aarch64-20260814,9d3ab807a08ef4cf1077dbc23213e2314ce37c87,MEASURED,1786752606274393000,negative,aegis_lifecycle_policy,ML-DSA-65,not_yet_active,policy256,256,42,0,125,1000,150290432,true,rejected,1,0,0,0,3309,0,0,0,0,0,
local-1786752604326628000,macmini-m2-macos26.5.2-rust1.97.1-aarch64-20260814,9d3ab807a08ef4cf1077dbc23213e2314ce37c87,MEASURED,1786752606274395000,negative,aegis_lifecycle_policy,ML-DSA-65,not_yet_active,policy256,256,43,0,125,0,150290432,true,rejected,1,0,0,0,3309,0,0,0,0,0,
local-1786752604326628000,macmini-m2-macos26.5.2-rust1.97.1-aarch64-20260814,9d3ab807a08ef4cf1077dbc23213e2314ce37c87,MEASURED,1786752606274400000,negative,aegis_lifecycle_policy,ML-DSA-65,not_yet_active,policy256,256,44,0,166,0,150290432,true,rejected,1,0,0,0,3309,0,0,0,0,0,
local-1786752604326628000,macmini-m2-macos26.5.2-rust1.97.1-aarch64-20260814,9d3ab807a08ef4cf1077dbc23213e2314ce37c87,MEASURED,1786752606274402000,negative,aegis_lifecycle_policy,ML-DSA-65,not_yet_active,policy256,256,45,0,125,0,150290432,true,rejected,1,0,0,0,3309,0,0,0,0,0,
local-1786752604326628000,macmini-m2-macos26.5.2-rust1.97.1-aarch64-20260814,9d3ab807a08ef4cf1077dbc23213e2314ce37c87,MEASURED,1786752606274403000,negative,aegis_lifecycle_policy,ML-DSA-65,not_yet_active,policy256,256,46,0,125,0,150290432,true,rejected,1,0,0,0,3309,0,0,0,0,0,
local-1786752604326628000,macmini-m2-macos26.5.2-rust1.97.1-aarch64-20260814,9d3ab807a08ef4cf1077dbc23213e2314ce37c87,MEASURED,1786752606274405000,negative,aegis_lifecycle_policy,ML-DSA-65,not_yet_active,policy256,256,47,0,125,0,150290432,true,rejected,1,0,0,0,3309,0,0,0,0,0,
local-1786752604326628000,macmini-m2-macos26.5.2-rust1.97.1-aarch64-20260814,9d3ab807a08ef4cf1077dbc23213e2314ce37c87,MEASURED,1786752606274406000,negative,aegis_lifecycle_policy,ML-DSA-65,not_yet_active,policy256,256,48,0,125,1000,150290432,true,rejected,1,0,0,0,3309,0,0,0,0,0,
local-1786752604326628000,macmini-m2-macos26.5.2-rust1.97.1-aarch64-20260814,9d3ab807a08ef4cf1077dbc23213e2314ce37c87,MEASURED,1786752606274408000,negative,aegis_lifecycle_policy,ML-DSA-65,not_yet_active,policy256,256,49,0,125,0,150290432,true,rejected,1,0,0,0,3309,0,0,0,0,0,
local-1786752604326628000,macmini-m2-macos26.5.2-rust1.97.1-aarch64-20260814,9d3ab807a08ef4cf1077dbc23213e2314ce37c87,MEASURED,1786752606274756000,negative,aegis_lifecycle_policy,ML-DSA-65,revoked,policy256,256,0,0,208,1000,150290432,true,rejected,1,0,0,0,3309,0,0,0,0,0,
local-1786752604326628000,macmini-m2-macos26.5.2-rust1.97.1-aarch64-20260814,9d3ab807a08ef4cf1077dbc23213e2314ce37c87,MEASURED,1786752606274758000,negative,aegis_lifecycle_policy,ML-DSA-65,revoked,policy256,256,1,0,167,0,150290432,true,rejected,1,0,0,0,3309,0,0,0,0,0,
local-1786752604326628000,macmini-m2-macos26.5.2-rust1.97.1-aarch64-20260814,9d3ab807a08ef4cf1077dbc23213e2314ce37c87,MEASURED,1786752606274760000,negative,aegis_lifecycle_policy,ML-DSA-65,revoked,policy256,256,2,0,125,1000,150290432,true,rejected,1,0,0,0,3309,0,0,0,0,0,
local-1786752604326628000,macmini-m2-macos26.5.2-rust1.97.1-aarch64-20260814,9d3ab807a08ef4cf1077dbc23213e2314ce37c87,MEASURED,1786752606274761000,negative,aegis_lifecycle_policy,ML-DSA-65,revoked,policy256,256,3,0,125,0,150290432,true,rejected,1,0,0,0,3309,0,0,0,0,0,
local-1786752604326628000,macmini-m2-macos26.5.2-rust1.97.1-aarch64-20260814,9d3ab807a08ef4cf1077dbc23213e2314ce37c87,MEASURED,1786752606274763000,negative,aegis_lifecycle_policy,ML-DSA-65,revoked,policy256,256,4,0,167,0,150290432,true,rejected,1,0,0,0,3309,0,0,0,0,0,
local-1786752604326628000,macmini-m2-macos26.5.2-rust1.97.1-aarch64-20260814,9d3ab807a08ef4cf1077dbc23213e2314ce37c87,MEASURED,1786752606274765000,negative,aegis_lifecycle_policy,ML-DSA-65,revoked,policy256,256,5,0,125,0,150290432,true,rejected,1,0,0,0,3309,0,0,0,0,0,
local-1786752604326628000,macmini-m2-macos26.5.2-rust1.97.1-aarch64-20260814,9d3ab807a08ef4cf1077dbc23213e2314ce37c87,MEASURED,1786752606274766000,negative,aegis_lifecycle_policy,ML-DSA-65,revoked,policy256,256,6,0,125,1000,150290432,true,rejected,1,0,0,0,3309,0,0,0,0,0,
local-1786752604326628000,macmini-m2-macos26.5.2-rust1.97.1-aarch64-20260814,9d3ab807a08ef4cf1077dbc23213e2314ce37c87,MEASURED,1786752606274768000,negative,aegis_lifecycle_policy,ML-DSA-65,revoked,policy256,256,7,0,83,0,150290432,true,rejected,1,0,0,0,3309,0,0,0,0,0,
local-1786752604326628000,macmini-m2-macos26.5.2-rust1.97.1-aarch64-20260814,9d3ab807a08ef4cf1077dbc23213e2314ce37c87,MEASURED,1786752606274769000,negative,aegis_lifecycle_policy,ML-DSA-65,revoked,policy256,256,8,0,84,0,150290432,true,rejected,1,0,0,0,3309,0,0,0,0,0,
local-1786752604326628000,macmini-m2-macos26.5.2-rust1.97.1-aarch64-20260814,9d3ab807a08ef4cf1077dbc23213e2314ce37c87,MEASURED,1786752606274771000,negative,aegis_lifecycle_policy,ML-DSA-65,revoked,policy256,256,9,0,83,1000,150290432,true,rejected,1,0,0,0,3309,0,0,0,0,0,
local-1786752604326628000,macmini-m2-macos26.5.2-rust1.97.1-aarch64-20260814,9d3ab807a08ef4cf1077dbc23213e2314ce37c87,MEASURED,1786752606274773000,negative,aegis_lifecycle_policy,ML-DSA-65,revoked,policy256,256,10,0,125,0,150290432,true,rejected,1,0,0,0,3309,0,0,0,0,0,
local-1786752604326628000,macmini-m2-macos26.5.2-rust1.97.1-aarch64-20260814,9d3ab807a08ef4cf1077dbc23213e2314ce37c87,MEASURED,1786752606274774000,negative,aegis_lifecycle_policy,ML-DSA-65,revoked,policy256,256,11,0,125,0,150290432,true,rejected,1,0,0,0,3309,0,0,0,0,0,
local-1786752604326628000,macmini-m2-macos26.5.2-rust1.97.1-aarch64-20260814,9d3ab807a08ef4cf1077dbc23213e2314ce37c87,MEASURED,1786752606274776000,negative,aegis_lifecycle_policy,ML-DSA-65,revoked,policy256,256,12,0,125,1000,150290432,true,rejected,1,0,0,0,3309,0,0,0,0,0,
local-1786752604326628000,macmini-m2-macos26.5.2-rust1.97.1-aarch64-20260814,9d3ab807a08ef4cf1077dbc23213e2314ce37c87,MEASURED,1786752606274777000,negative,aegis_lifecycle_policy,ML-DSA-65,revoked,policy256,256,13,0,125,0,150290432,true,rejected,1,0,0,0,3309,0,0,0,0,0,
local-1786752604326628000,macmini-m2-macos26.5.2-rust1.97.1-aarch64-20260814,9d3ab807a08ef4cf1077dbc23213e2314ce37c87,MEASURED,1786752606274779000,negative,aegis_lifecycle_policy,ML-DSA-65,revoked,policy256,256,14,0,125,0,150290432,true,rejected,1,0,0,0,3309,0,0,0,0,0,
local-1786752604326628000,macmini-m2-macos26.5.2-rust1.97.1-aarch64-20260814,9d3ab807a08ef4cf1077dbc23213e2314ce37c87,MEASURED,1786752606274781000,negative,aegis_lifecycle_policy,ML-DSA-65,revoked,policy256,256,15,0,125,1000,150290432,true,rejected,1,0,0,0,3309,0,0,0,0,0,
local-1786752604326628000,macmini-m2-macos26.5.2-rust1.97.1-aarch64-20260814,9d3ab807a08ef4cf1077dbc23213e2314ce37c87,MEASURED,1786752606274782000,negative,aegis_lifecycle_policy,ML-DSA-65,revoked,policy256,256,16,0,125,1000,150290432,true,rejected,1,0,0,0,3309,0,0,0,0,0,
local-1786752604326628000,macmini-m2-macos26.5.2-rust1.97.1-aarch64-20260814,9d3ab807a08ef4cf1077dbc23213e2314ce37c87,MEASURED,1786752606274784000,negative,aegis_lifecycle_policy,ML-DSA-65,revoked,policy256,256,17,0,125,0,150290432,true,rejected,1,0,0,0,3309,0,0,0,0,0,
local-1786752604326628000,macmini-m2-macos26.5.2-rust1.97.1-aarch64-20260814,9d3ab807a08ef4cf1077dbc23213e2314ce37c87,MEASURED,1786752606274785000,negative,aegis_lifecycle_policy,ML-DSA-65,revoked,policy256,256,18,0,125,1000,150290432,true,rejected,1,0,0,0,3309,0,0,0,0,0,
local-1786752604326628000,macmini-m2-macos26.5.2-rust1.97.1-aarch64-20260814,9d3ab807a08ef4cf1077dbc23213e2314ce37c87,MEASURED,1786752606274787000,negative,aegis_lifecycle_policy,ML-DSA-65,revoked,policy256,256,19,0,125,0,150290432,true,rejected,1,0,0,0,3309,0,0,0,0,0,
local-1786752604326628000,macmini-m2-macos26.5.2-rust1.97.1-aarch64-20260814,9d3ab807a08ef4cf1077dbc23213e2314ce37c87,MEASURED,1786752606274789000,negative,aegis_lifecycle_policy,ML-DSA-65,revoked,policy256,256,20,0,125,0,150290432,true,rejected,1,0,0,0,3309,0,0,0,0,0,
local-1786752604326628000,macmini-m2-macos26.5.2-rust1.97.1-aarch64-20260814,9d3ab807a08ef4cf1077dbc23213e2314ce37c87,MEASURED,1786752606274790000,negative,aegis_lifecycle_policy,ML-DSA-65,revoked,policy256,256,21,0,125,0,150290432,true,rejected,1,0,0,0,3309,0,0,0,0,0,
local-1786752604326628000,macmini-m2-macos26.5.2-rust1.97.1-aarch64-20260814,9d3ab807a08ef4cf1077dbc23213e2314ce37c87,MEASURED,1786752606274792000,negative,aegis_lifecycle_policy,ML-DSA-65,revoked,policy256,256,22,0,125,0,150290432,true,rejected,1,0,0,0,3309,0,0,0,0,0,
local-1786752604326628000,macmini-m2-macos26.5.2-rust1.97.1-aarch64-20260814,9d3ab807a08ef4cf1077dbc23213e2314ce37c87,MEASURED,1786752606274793000,negative,aegis_lifecycle_policy,ML-DSA-65,revoked,policy256,256,23,0,125,1000,150290432,true,rejected,1,0,0,0,3309,0,0,0,0,0,
local-1786752604326628000,macmini-m2-macos26.5.2-rust1.97.1-aarch64-20260814,9d3ab807a08ef4cf1077dbc23213e2314ce37c87,MEASURED,1786752606274799000,negative,aegis_lifecycle_policy,ML-DSA-65,revoked,policy256,256,24,0,125,0,150290432,true,rejected,1,0,0,0,3309,0,0,0,0,0,
local-1786752604326628000,macmini-m2-macos26.5.2-rust1.97.1-aarch64-20260814,9d3ab807a08ef4cf1077dbc23213e2314ce37c87,MEASURED,1786752606274800000,negative,aegis_lifecycle_policy,ML-DSA-65,revoked,policy256,256,25,0,125,0,150290432,true,rejected,1,0,0,0,3309,0,0,0,0,0,
local-1786752604326628000,macmini-m2-macos26.5.2-rust1.97.1-aarch64-20260814,9d3ab807a08ef4cf1077dbc23213e2314ce37c87,MEASURED,1786752606274802000,negative,aegis_lifecycle_policy,ML-DSA-65,revoked,policy256,256,26,0,125,1000,150290432,true,rejected,1,0,0,0,3309,0,0,0,0,0,
local-1786752604326628000,macmini-m2-macos26.5.2-rust1.97.1-aarch64-20260814,9d3ab807a08ef4cf1077dbc23213e2314ce37c87,MEASURED,1786752606274803000,negative,aegis_lifecycle_policy,ML-DSA-65,revoked,policy256,256,27,0,125,0,150290432,true,rejected,1,0,0,0,3309,0,0,0,0,0,
local-1786752604326628000,macmini-m2-macos26.5.2-rust1.97.1-aarch64-20260814,9d3ab807a08ef4cf1077dbc23213e2314ce37c87,MEASURED,1786752606274805000,negative,aegis_lifecycle_policy,ML-DSA-65,revoked,policy256,256,28,0,125,0,150290432,true,rejected,1,0,0,0,3309,0,0,0,0,0,
local-1786752604326628000,macmini-m2-macos26.5.2-rust1.97.1-aarch64-20260814,9d3ab807a08ef4cf1077dbc23213e2314ce37c87,MEASURED,1786752606274807000,negative,aegis_lifecycle_policy,ML-DSA-65,revoked,policy256,256,29,0,125,1000,150290432,true,rejected,1,0,0,0,3309,0,0,0,0,0,
local-1786752604326628000,macmini-m2-macos26.5.2-rust1.97.1-aarch64-20260814,9d3ab807a08ef4cf1077dbc23213e2314ce37c87,MEASURED,1786752606274808000,negative,aegis_lifecycle_policy,ML-DSA-65,revoked,policy256,256,30,0,125,1000,150290432,true,rejected,1,0,0,0,3309,0,0,0,0,0,
local-1786752604326628000,macmini-m2-macos26.5.2-rust1.97.1-aarch64-20260814,9d3ab807a08ef4cf1077dbc23213e2314ce37c87,MEASURED,1786752606274810000,negative,aegis_lifecycle_policy,ML-DSA-65,revoked,policy256,256,31,0,125,0,150290432,true,rejected,1,0,0,0,3309,0,0,0,0,0,
local-1786752604326628000,macmini-m2-macos26.5.2-rust1.97.1-aarch64-20260814,9d3ab807a08ef4cf1077dbc23213e2314ce37c87,MEASURED,1786752606274811000,negative,aegis_lifecycle_policy,ML-DSA-65,revoked,policy256,256,32,0,125,0,150290432,true,rejected,1,0,0,0,3309,0,0,0,0,0,
local-1786752604326628000,macmini-m2-macos26.5.2-rust1.97.1-aarch64-20260814,9d3ab807a08ef4cf1077dbc23213e2314ce37c87,MEASURED,1786752606274813000,negative,aegis_lifecycle_policy,ML-DSA-65,revoked,policy256,256,33,0,83,1000,150290432,true,rejected,1,0,0,0,3309,0,0,0,0,0,
local-1786752604326628000,macmini-m2-macos26.5.2-rust1.97.1-aarch64-20260814,9d3ab807a08ef4cf1077dbc23213e2314ce37c87,MEASURED,1786752606274814000,negative,aegis_lifecycle_policy,ML-DSA-65,revoked,policy256,256,34,0,125,0,150290432,true,rejected,1,0,0,0,3309,0,0,0,0,0,
local-1786752604326628000,macmini-m2-macos26.5.2-rust1.97.1-aarch64-20260814,9d3ab807a08ef4cf1077dbc23213e2314ce37c87,MEASURED,1786752606274816000,negative,aegis_lifecycle_policy,ML-DSA-65,revoked,policy256,256,35,0,83,0,150290432,true,rejected,1,0,0,0,3309,0,0,0,0,0,
local-1786752604326628000,macmini-m2-macos26.5.2-rust1.97.1-aarch64-20260814,9d3ab807a08ef4cf1077dbc23213e2314ce37c87,MEASURED,1786752606274818000,negative,aegis_lifecycle_policy,ML-DSA-65,revoked,policy256,256,36,0,125,1000,150290432,true,rejected,1,0,0,0,3309,0,0,0,0,0,
local-1786752604326628000,macmini-m2-macos26.5.2-rust1.97.1-aarch64-20260814,9d3ab807a08ef4cf1077dbc23213e2314ce37c87,MEASURED,1786752606274819000,negative,aegis_lifecycle_policy,ML-DSA-65,revoked,policy256,256,37,0,125,0,150290432,true,rejected,1,0,0,0,3309,0,0,0,0,0,
local-1786752604326628000,macmini-m2-macos26.5.2-rust1.97.1-aarch64-20260814,9d3ab807a08ef4cf1077dbc23213e2314ce37c87,MEASURED,1786752606274821000,negative,aegis_lifecycle_policy,ML-DSA-65,revoked,policy256,256,38,0,125,0,150290432,true,rejected,1,0,0,0,3309,0,0,0,0,0,
local-1786752604326628000,macmini-m2-macos26.5.2-rust1.97.1-aarch64-20260814,9d3ab807a08ef4cf1077dbc23213e2314ce37c87,MEASURED,1786752606274822000,negative,aegis_lifecycle_policy,ML-DSA-65,revoked,policy256,256,39,0,125,0,150290432,true,rejected,1,0,0,0,3309,0,0,0,0,0,
local-1786752604326628000,macmini-m2-macos26.5.2-rust1.97.1-aarch64-20260814,9d3ab807a08ef4cf1077dbc23213e2314ce37c87,MEASURED,1786752606274824000,negative,aegis_lifecycle_policy,ML-DSA-65,revoked,policy256,256,40,0,125,2000,150290432,true,rejected,1,0,0,0,3309,0,0,0,0,0,
local-1786752604326628000,macmini-m2-macos26.5.2-rust1.97.1-aarch64-20260814,9d3ab807a08ef4cf1077dbc23213e2314ce37c87,MEASURED,1786752606274826000,negative,aegis_lifecycle_policy,ML-DSA-65,revoked,policy256,256,41,0,83,0,150290432,true,rejected,1,0,0,0,3309,0,0,0,0,0,
local-1786752604326628000,macmini-m2-macos26.5.2-rust1.97.1-aarch64-20260814,9d3ab807a08ef4cf1077dbc23213e2314ce37c87,MEASURED,1786752606274827000,negative,aegis_lifecycle_policy,ML-DSA-65,revoked,policy256,256,42,0,84,0,150290432,true,rejected,1,0,0,0,3309,0,0,0,0,0,
local-1786752604326628000,macmini-m2-macos26.5.2-rust1.97.1-aarch64-20260814,9d3ab807a08ef4cf1077dbc23213e2314ce37c87,MEASURED,1786752606274829000,negative,aegis_lifecycle_policy,ML-DSA-65,revoked,policy256,256,43,0,125,1000,150290432,true,rejected,1,0,0,0,3309,0,0,0,0,0,
local-1786752604326628000,macmini-m2-macos26.5.2-rust1.97.1-aarch64-20260814,9d3ab807a08ef4cf1077dbc23213e2314ce37c87,MEASURED,1786752606274830000,negative,aegis_lifecycle_policy,ML-DSA-65,revoked,policy256,256,44,0,125,0,150290432,true,rejected,1,0,0,0,3309,0,0,0,0,0,
local-1786752604326628000,macmini-m2-macos26.5.2-rust1.97.1-aarch64-20260814,9d3ab807a08ef4cf1077dbc23213e2314ce37c87,MEASURED,1786752606274832000,negative,aegis_lifecycle_policy,ML-DSA-65,revoked,policy256,256,45,0,125,0,150290432,true,rejected,1,0,0,0,3309,0,0,0,0,0,
local-1786752604326628000,macmini-m2-macos26.5.2-rust1.97.1-aarch64-20260814,9d3ab807a08ef4cf1077dbc23213e2314ce37c87,MEASURED,1786752606274833000,negative,aegis_lifecycle_policy,ML-DSA-65,revoked,policy256,256,46,0,125,0,150290432,true,rejected,1,0,0,0,3309,0,0,0,0,0,
local-1786752604326628000,macmini-m2-macos26.5.2-rust1.97.1-aarch64-20260814,9d3ab807a08ef4cf1077dbc23213e2314ce37c87,MEASURED,1786752606274835000,negative,aegis_lifecycle_policy,ML-DSA-65,revoked,policy256,256,47,0,125,2000,150290432,true,rejected,1,0,0,0,3309,0,0,0,0,0,
local-1786752604326628000,macmini-m2-macos26.5.2-rust1.97.1-aarch64-20260814,9d3ab807a08ef4cf1077dbc23213e2314ce37c87,MEASURED,1786752606274837000,negative,aegis_lifecycle_policy,ML-DSA-65,revoked,policy256,256,48,0,125,0,150290432,true,rejected,1,0,0,0,3309,0,0,0,0,0,
local-1786752604326628000,macmini-m2-macos26.5.2-rust1.97.1-aarch64-20260814,9d3ab807a08ef4cf1077dbc23213e2314ce37c87,MEASURED,1786752606274838000,negative,aegis_lifecycle_policy,ML-DSA-65,revoked,policy256,256,49,0,125,0,150290432,true,rejected,1,0,0,0,3309,0,0,0,0,0,
local-1786752604326628000,macmini-m2-macos26.5.2-rust1.97.1-aarch64-20260814,9d3ab807a08ef4cf1077dbc23213e2314ce37c87,MEASURED,1786752606275084000,negative,aegis_lifecycle_policy,ML-DSA-65,expired,policy256,256,0,0,167,1000,150290432,true,rejected,1,0,0,0,3309,0,0,0,0,0,
local-1786752604326628000,macmini-m2-macos26.5.2-rust1.97.1-aarch64-20260814,9d3ab807a08ef4cf1077dbc23213e2314ce37c87,MEASURED,1786752606275085000,negative,aegis_lifecycle_policy,ML-DSA-65,expired,policy256,256,1,0,125,1000,150290432,true,rejected,1,0,0,0,3309,0,0,0,0,0,
local-1786752604326628000,macmini-m2-macos26.5.2-rust1.97.1-aarch64-20260814,9d3ab807a08ef4cf1077dbc23213e2314ce37c87,MEASURED,1786752606275087000,negative,aegis_lifecycle_policy,ML-DSA-65,expired,policy256,256,2,0,125,0,150290432,true,rejected,1,0,0,0,3309,0,0,0,0,0,
local-1786752604326628000,macmini-m2-macos26.5.2-rust1.97.1-aarch64-20260814,9d3ab807a08ef4cf1077dbc23213e2314ce37c87,MEASURED,1786752606275089000,negative,aegis_lifecycle_policy,ML-DSA-65,expired,policy256,256,3,0,125,0,150290432,true,rejected,1,0,0,0,3309,0,0,0,0,0,
local-1786752604326628000,macmini-m2-macos26.5.2-rust1.97.1-aarch64-20260814,9d3ab807a08ef4cf1077dbc23213e2314ce37c87,MEASURED,1786752606275104000,negative,aegis_lifecycle_policy,ML-DSA-65,expired,policy256,256,4,0,208,1000,150290432,true,rejected,1,0,0,0,3309,0,0,0,0,0,
local-1786752604326628000,macmini-m2-macos26.5.2-rust1.97.1-aarch64-20260814,9d3ab807a08ef4cf1077dbc23213e2314ce37c87,MEASURED,1786752606275106000,negative,aegis_lifecycle_policy,ML-DSA-65,expired,policy256,256,5,0,167,0,150290432,true,rejected,1,0,0,0,3309,0,0,0,0,0,
local-1786752604326628000,macmini-m2-macos26.5.2-rust1.97.1-aarch64-20260814,9d3ab807a08ef4cf1077dbc23213e2314ce37c87,MEASURED,1786752606275108000,negative,aegis_lifecycle_policy,ML-DSA-65,expired,policy256,256,6,0,125,0,150290432,true,rejected,1,0,0,0,3309,0,0,0,0,0,
local-1786752604326628000,macmini-m2-macos26.5.2-rust1.97.1-aarch64-20260814,9d3ab807a08ef4cf1077dbc23213e2314ce37c87,MEASURED,1786752606275110000,negative,aegis_lifecycle_policy,ML-DSA-65,expired,policy256,256,7,0,167,1000,150290432,true,rejected,1,0,0,0,3309,0,0,0,0,0,
local-1786752604326628000,macmini-m2-macos26.5.2-rust1.97.1-aarch64-20260814,9d3ab807a08ef4cf1077dbc23213e2314ce37c87,MEASURED,1786752606275112000,negative,aegis_lifecycle_policy,ML-DSA-65,expired,policy256,256,8,0,125,1000,150290432,true,rejected,1,0,0,0,3309,0,0,0,0,0,
local-1786752604326628000,macmini-m2-macos26.5.2-rust1.97.1-aarch64-20260814,9d3ab807a08ef4cf1077dbc23213e2314ce37c87,MEASURED,1786752606275114000,negative,aegis_lifecycle_policy,ML-DSA-65,expired,policy256,256,9,0,125,0,150290432,true,rejected,1,0,0,0,3309,0,0,0,0,0,
local-1786752604326628000,macmini-m2-macos26.5.2-rust1.97.1-aarch64-20260814,9d3ab807a08ef4cf1077dbc23213e2314ce37c87,MEASURED,1786752606275116000,negative,aegis_lifecycle_policy,ML-DSA-65,expired,policy256,256,10,0,125,0,150290432,true,rejected,1,0,0,0,3309,0,0,0,0,0,
local-1786752604326628000,macmini-m2-macos26.5.2-rust1.97.1-aarch64-20260814,9d3ab807a08ef4cf1077dbc23213e2314ce37c87,MEASURED,1786752606275117000,negative,aegis_lifecycle_policy,ML-DSA-65,expired,policy256,256,11,0,83,1000,150290432,true,rejected,1,0,0,0,3309,0,0,0,0,0,
local-1786752604326628000,macmini-m2-macos26.5.2-rust1.97.1-aarch64-20260814,9d3ab807a08ef4cf1077dbc23213e2314ce37c87,MEASURED,1786752606275119000,negative,aegis_lifecycle_policy,ML-DSA-65,expired,policy256,256,12,0,125,0,150290432,true,rejected,1,0,0,0,3309,0,0,0,0,0,
local-1786752604326628000,macmini-m2-macos26.5.2-rust1.97.1-aarch64-20260814,9d3ab807a08ef4cf1077dbc23213e2314ce37c87,MEASURED,1786752606275121000,negative,aegis_lifecycle_policy,ML-DSA-65,expired,policy256,256,13,0,125,1000,150290432,true,rejected,1,0,0,0,3309,0,0,0,0,0,
local-1786752604326628000,macmini-m2-macos26.5.2-rust1.97.1-aarch64-20260814,9d3ab807a08ef4cf1077dbc23213e2314ce37c87,MEASURED,1786752606275122000,negative,aegis_lifecycle_policy,ML-DSA-65,expired,policy256,256,14,0,83,1000,150290432,true,rejected,1,0,0,0,3309,0,0,0,0,0,
local-1786752604326628000,macmini-m2-macos26.5.2-rust1.97.1-aarch64-20260814,9d3ab807a08ef4cf1077dbc23213e2314ce37c87,MEASURED,1786752606275124000,negative,aegis_lifecycle_policy,ML-DSA-65,expired,policy256,256,15,0,125,0,150290432,true,rejected,1,0,0,0,3309,0,0,0,0,0,
local-1786752604326628000,macmini-m2-macos26.5.2-rust1.97.1-aarch64-20260814,9d3ab807a08ef4cf1077dbc23213e2314ce37c87,MEASURED,1786752606275125000,negative,aegis_lifecycle_policy,ML-DSA-65,expired,policy256,256,16,0,83,0,150290432,true,rejected,1,0,0,0,3309,0,0,0,0,0,
local-1786752604326628000,macmini-m2-macos26.5.2-rust1.97.1-aarch64-20260814,9d3ab807a08ef4cf1077dbc23213e2314ce37c87,MEASURED,1786752606275127000,negative,aegis_lifecycle_policy,ML-DSA-65,expired,policy256,256,17,0,166,1000,150290432,true,rejected,1,0,0,0,3309,0,0,0,0,0,
local-1786752604326628000,macmini-m2-macos26.5.2-rust1.97.1-aarch64-20260814,9d3ab807a08ef4cf1077dbc23213e2314ce37c87,MEASURED,1786752606275129000,negative,aegis_lifecycle_policy,ML-DSA-65,expired,policy256,256,18,0,125,0,150290432,true,rejected,1,0,0,0,3309,0,0,0,0,0,
local-1786752604326628000,macmini-m2-macos26.5.2-rust1.97.1-aarch64-20260814,9d3ab807a08ef4cf1077dbc23213e2314ce37c87,MEASURED,1786752606275131000,negative,aegis_lifecycle_policy,ML-DSA-65,expired,policy256,256,19,0,83,1000,150290432,true,rejected,1,0,0,0,3309,0,0,0,0,0,
local-1786752604326628000,macmini-m2-macos26.5.2-rust1.97.1-aarch64-20260814,9d3ab807a08ef4cf1077dbc23213e2314ce37c87,MEASURED,1786752606275132000,negative,aegis_lifecycle_policy,ML-DSA-65,expired,policy256,256,20,0,125,1000,150290432,true,rejected,1,0,0,0,3309,0,0,0,0,0,
local-1786752604326628000,macmini-m2-macos26.5.2-rust1.97.1-aarch64-20260814,9d3ab807a08ef4cf1077dbc23213e2314ce37c87,MEASURED,1786752606275134000,negative,aegis_lifecycle_policy,ML-DSA-65,expired,policy256,256,21,0,125,0,150290432,true,rejected,1,0,0,0,3309,0,0,0,0,0,
local-1786752604326628000,macmini-m2-macos26.5.2-rust1.97.1-aarch64-20260814,9d3ab807a08ef4cf1077dbc23213e2314ce37c87,MEASURED,1786752606275135000,negative,aegis_lifecycle_policy,ML-DSA-65,expired,policy256,256,22,0,83,0,150290432,true,rejected,1,0,0,0,3309,0,0,0,0,0,
local-1786752604326628000,macmini-m2-macos26.5.2-rust1.97.1-aarch64-20260814,9d3ab807a08ef4cf1077dbc23213e2314ce37c87,MEASURED,1786752606275137000,negative,aegis_lifecycle_policy,ML-DSA-65,expired,policy256,256,23,0,84,1000,150290432,true,rejected,1,0,0,0,3309,0,0,0,0,0,
local-1786752604326628000,macmini-m2-macos26.5.2-rust1.97.1-aarch64-20260814,9d3ab807a08ef4cf1077dbc23213e2314ce37c87,MEASURED,1786752606275139000,negative,aegis_lifecycle_policy,ML-DSA-65,expired,policy256,256,24,0,125,0,150290432,true,rejected,1,0,0,0,3309,0,0,0,0,0,
local-1786752604326628000,macmini-m2-macos26.5.2-rust1.97.1-aarch64-20260814,9d3ab807a08ef4cf1077dbc23213e2314ce37c87,MEASURED,1786752606275140000,negative,aegis_lifecycle_policy,ML-DSA-65,expired,policy256,256,25,0,125,0,150290432,true,rejected,1,0,0,0,3309,0,0,0,0,0,
local-1786752604326628000,macmini-m2-macos26.5.2-rust1.97.1-aarch64-20260814,9d3ab807a08ef4cf1077dbc23213e2314ce37c87,MEASURED,1786752606275142000,negative,aegis_lifecycle_policy,ML-DSA-65,expired,policy256,256,26,0,125,0,150290432,true,rejected,1,0,0,0,3309,0,0,0,0,0,
local-1786752604326628000,macmini-m2-macos26.5.2-rust1.97.1-aarch64-20260814,9d3ab807a08ef4cf1077dbc23213e2314ce37c87,MEASURED,1786752606275143000,negative,aegis_lifecycle_policy,ML-DSA-65,expired,policy256,256,27,0,125,1000,150290432,true,rejected,1,0,0,0,3309,0,0,0,0,0,
local-1786752604326628000,macmini-m2-macos26.5.2-rust1.97.1-aarch64-20260814,9d3ab807a08ef4cf1077dbc23213e2314ce37c87,MEASURED,1786752606275145000,negative,aegis_lifecycle_policy,ML-DSA-65,expired,policy256,256,28,0,125,0,150290432,true,rejected,1,0,0,0,3309,0,0,0,0,0,
local-1786752604326628000,macmini-m2-macos26.5.2-rust1.97.1-aarch64-20260814,9d3ab807a08ef4cf1077dbc23213e2314ce37c87,MEASURED,1786752606275146000,negative,aegis_lifecycle_policy,ML-DSA-65,expired,policy256,256,29,0,83,1000,150290432,true,rejected,1,0,0,0,3309,0,0,0,0,0,
local-1786752604326628000,macmini-m2-macos26.5.2-rust1.97.1-aarch64-20260814,9d3ab807a08ef4cf1077dbc23213e2314ce37c87,MEASURED,1786752606275148000,negative,aegis_lifecycle_policy,ML-DSA-65,expired,policy256,256,30,0,83,0,150290432,true,rejected,1,0,0,0,3309,0,0,0,0,0,
local-1786752604326628000,macmini-m2-macos26.5.2-rust1.97.1-aarch64-20260814,9d3ab807a08ef4cf1077dbc23213e2314ce37c87,MEASURED,1786752606275150000,negative,aegis_lifecycle_policy,ML-DSA-65,expired,policy256,256,31,0,125,1000,150290432,true,rejected,1,0,0,0,3309,0,0,0,0,0,
local-1786752604326628000,macmini-m2-macos26.5.2-rust1.97.1-aarch64-20260814,9d3ab807a08ef4cf1077dbc23213e2314ce37c87,MEASURED,1786752606275151000,negative,aegis_lifecycle_policy,ML-DSA-65,expired,policy256,256,32,0,125,1000,150290432,true,rejected,1,0,0,0,3309,0,0,0,0,0,
local-1786752604326628000,macmini-m2-macos26.5.2-rust1.97.1-aarch64-20260814,9d3ab807a08ef4cf1077dbc23213e2314ce37c87,MEASURED,1786752606275153000,negative,aegis_lifecycle_policy,ML-DSA-65,expired,policy256,256,33,0,83,0,150290432,true,rejected,1,0,0,0,3309,0,0,0,0,0,
local-1786752604326628000,macmini-m2-macos26.5.2-rust1.97.1-aarch64-20260814,9d3ab807a08ef4cf1077dbc23213e2314ce37c87,MEASURED,1786752606275157000,negative,aegis_lifecycle_policy,ML-DSA-65,expired,policy256,256,34,0,125,1000,150290432,true,rejected,1,0,0,0,3309,0,0,0,0,0,
local-1786752604326628000,macmini-m2-macos26.5.2-rust1.97.1-aarch64-20260814,9d3ab807a08ef4cf1077dbc23213e2314ce37c87,MEASURED,1786752606275159000,negative,aegis_lifecycle_policy,ML-DSA-65,expired,policy256,256,35,0,167,0,150290432,true,rejected,1,0,0,0,3309,0,0,0,0,0,
local-1786752604326628000,macmini-m2-macos26.5.2-rust1.97.1-aarch64-20260814,9d3ab807a08ef4cf1077dbc23213e2314ce37c87,MEASURED,1786752606275160000,negative,aegis_lifecycle_policy,ML-DSA-65,expired,policy256,256,36,0,125,0,150290432,true,rejected,1,0,0,0,3309,0,0,0,0,0,
local-1786752604326628000,macmini-m2-macos26.5.2-rust1.97.1-aarch64-20260814,9d3ab807a08ef4cf1077dbc23213e2314ce37c87,MEASURED,1786752606275162000,negative,aegis_lifecycle_policy,ML-DSA-65,expired,policy256,256,37,0,125,1000,150290432,true,rejected,1,0,0,0,3309,0,0,0,0,0,
local-1786752604326628000,macmini-m2-macos26.5.2-rust1.97.1-aarch64-20260814,9d3ab807a08ef4cf1077dbc23213e2314ce37c87,MEASURED,1786752606275164000,negative,aegis_lifecycle_policy,ML-DSA-65,expired,policy256,256,38,0,125,0,150290432,true,rejected,1,0,0,0,3309,0,0,0,0,0,
local-1786752604326628000,macmini-m2-macos26.5.2-rust1.97.1-aarch64-20260814,9d3ab807a08ef4cf1077dbc23213e2314ce37c87,MEASURED,1786752606275165000,negative,aegis_lifecycle_policy,ML-DSA-65,expired,policy256,256,39,0,125,0,150290432,true,rejected,1,0,0,0,3309,0,0,0,0,0,
local-1786752604326628000,macmini-m2-macos26.5.2-rust1.97.1-aarch64-20260814,9d3ab807a08ef4cf1077dbc23213e2314ce37c87,MEASURED,1786752606275167000,negative,aegis_lifecycle_policy,ML-DSA-65,expired,policy256,256,40,0,125,1000,150290432,true,rejected,1,0,0,0,3309,0,0,0,0,0,
local-1786752604326628000,macmini-m2-macos26.5.2-rust1.97.1-aarch64-20260814,9d3ab807a08ef4cf1077dbc23213e2314ce37c87,MEASURED,1786752606275168000,negative,aegis_lifecycle_policy,ML-DSA-65,expired,policy256,256,41,0,125,0,150290432,true,rejected,1,0,0,0,3309,0,0,0,0,0,
local-1786752604326628000,macmini-m2-macos26.5.2-rust1.97.1-aarch64-20260814,9d3ab807a08ef4cf1077dbc23213e2314ce37c87,MEASURED,1786752606275170000,negative,aegis_lifecycle_policy,ML-DSA-65,expired,policy256,256,42,0,83,0,150290432,true,rejected,1,0,0,0,3309,0,0,0,0,0,
local-1786752604326628000,macmini-m2-macos26.5.2-rust1.97.1-aarch64-20260814,9d3ab807a08ef4cf1077dbc23213e2314ce37c87,MEASURED,1786752606275172000,negative,aegis_lifecycle_policy,ML-DSA-65,expired,policy256,256,43,0,125,0,150290432,true,rejected,1,0,0,0,3309,0,0,0,0,0,
local-1786752604326628000,macmini-m2-macos26.5.2-rust1.97.1-aarch64-20260814,9d3ab807a08ef4cf1077dbc23213e2314ce37c87,MEASURED,1786752606275173000,negative,aegis_lifecycle_policy,ML-DSA-65,expired,policy256,256,44,0,125,1000,150290432,true,rejected,1,0,0,0,3309,0,0,0,0,0,
local-1786752604326628000,macmini-m2-macos26.5.2-rust1.97.1-aarch64-20260814,9d3ab807a08ef4cf1077dbc23213e2314ce37c87,MEASURED,1786752606275175000,negative,aegis_lifecycle_policy,ML-DSA-65,expired,policy256,256,45,0,125,0,150290432,true,rejected,1,0,0,0,3309,0,0,0,0,0,
local-1786752604326628000,macmini-m2-macos26.5.2-rust1.97.1-aarch64-20260814,9d3ab807a08ef4cf1077dbc23213e2314ce37c87,MEASURED,1786752606275176000,negative,aegis_lifecycle_policy,ML-DSA-65,expired,policy256,256,46,0,125,0,150290432,true,rejected,1,0,0,0,3309,0,0,0,0,0,
local-1786752604326628000,macmini-m2-macos26.5.2-rust1.97.1-aarch64-20260814,9d3ab807a08ef4cf1077dbc23213e2314ce37c87,MEASURED,1786752606275178000,negative,aegis_lifecycle_policy,ML-DSA-65,expired,policy256,256,47,0,125,0,150290432,true,rejected,1,0,0,0,3309,0,0,0,0,0,
local-1786752604326628000,macmini-m2-macos26.5.2-rust1.97.1-aarch64-20260814,9d3ab807a08ef4cf1077dbc23213e2314ce37c87,MEASURED,1786752606275179000,negative,aegis_lifecycle_policy,ML-DSA-65,expired,policy256,256,48,0,125,1000,150290432,true,rejected,1,0,0,0,3309,0,0,0,0,0,
local-1786752604326628000,macmini-m2-macos26.5.2-rust1.97.1-aarch64-20260814,9d3ab807a08ef4cf1077dbc23213e2314ce37c87,MEASURED,1786752606275181000,negative,aegis_lifecycle_policy,ML-DSA-65,expired,policy256,256,49,0,125,0,150290432,true,rejected,1,0,0,0,3309,0,0,0,0,0,
local-1786752604326628000,macmini-m2-macos26.5.2-rust1.97.1-aarch64-20260814,9d3ab807a08ef4cf1077dbc23213e2314ce37c87,MEASURED,1786752606368125000,negative,aegis_lifecycle_policy,ML-DSA-65,wrong_domain,policy256,256,0,0,92582750,72279000,184205312,true,rejected,1,0,0,0,3309,0,0,0,0,0,
local-1786752604326628000,macmini-m2-macos26.5.2-rust1.97.1-aarch64-20260814,9d3ab807a08ef4cf1077dbc23213e2314ce37c87,MEASURED,1786752606368262000,negative,aegis_lifecycle_policy,ML-DSA-65,wrong_domain,policy256,256,1,0,132709,136000,184205312,true,rejected,1,0,0,0,3309,0,0,0,0,0,
local-1786752604326628000,macmini-m2-macos26.5.2-rust1.97.1-aarch64-20260814,9d3ab807a08ef4cf1077dbc23213e2314ce37c87,MEASURED,1786752606368389000,negative,aegis_lifecycle_policy,ML-DSA-65,wrong_domain,policy256,256,2,0,123167,127000,184205312,true,rejected,1,0,0,0,3309,0,0,0,0,0,
local-1786752604326628000,macmini-m2-macos26.5.2-rust1.97.1-aarch64-20260814,9d3ab807a08ef4cf1077dbc23213e2314ce37c87,MEASURED,1786752606368514000,negative,aegis_lifecycle_policy,ML-DSA-65,wrong_domain,policy256,256,3,0,123042,126000,184205312,true,rejected,1,0,0,0,3309,0,0,0,0,0,
local-1786752604326628000,macmini-m2-macos26.5.2-rust1.97.1-aarch64-20260814,9d3ab807a08ef4cf1077dbc23213e2314ce37c87,MEASURED,1786752606368641000,negative,aegis_lifecycle_policy,ML-DSA-65,wrong_domain,policy256,256,4,0,124459,128000,184205312,true,rejected,1,0,0,0,3309,0,0,0,0,0,
local-1786752604326628000,macmini-m2-macos26.5.2-rust1.97.1-aarch64-20260814,9d3ab807a08ef4cf1077dbc23213e2314ce37c87,MEASURED,1786752606368771000,negative,aegis_lifecycle_policy,ML-DSA-65,wrong_domain,policy256,256,5,0,127333,130000,184205312,true,rejected,1,0,0,0,3309,0,0,0,0,0,
local-1786752604326628000,macmini-m2-macos26.5.2-rust1.97.1-aarch64-20260814,9d3ab807a08ef4cf1077dbc23213e2314ce37c87,MEASURED,1786752606368904000,negative,aegis_lifecycle_policy,ML-DSA-65,wrong_domain,policy256,256,6,0,131416,134000,184205312,true,rejected,1,0,0,0,3309,0,0,0,0,0,
local-1786752604326628000,macmini-m2-macos26.5.2-rust1.97.1-aarch64-20260814,9d3ab807a08ef4cf1077dbc23213e2314ce37c87,MEASURED,1786752606369034000,negative,aegis_lifecycle_policy,ML-DSA-65,wrong_domain,policy256,256,7,0,128000,130000,184205312,true,rejected,1,0,0,0,3309,0,0,0,0,0,
local-1786752604326628000,macmini-m2-macos26.5.2-rust1.97.1-aarch64-20260814,9d3ab807a08ef4cf1077dbc23213e2314ce37c87,MEASURED,1786752606369159000,negative,aegis_lifecycle_policy,ML-DSA-65,wrong_domain,policy256,256,8,0,122542,126000,184205312,true,rejected,1,0,0,0,3309,0,0,0,0,0,
local-1786752604326628000,macmini-m2-macos26.5.2-rust1.97.1-aarch64-20260814,9d3ab807a08ef4cf1077dbc23213e2314ce37c87,MEASURED,1786752606369281000,negative,aegis_lifecycle_policy,ML-DSA-65,wrong_domain,policy256,256,9,0,119083,122000,184205312,true,rejected,1,0,0,0,3309,0,0,0,0,0,
local-1786752604326628000,macmini-m2-macos26.5.2-rust1.97.1-aarch64-20260814,9d3ab807a08ef4cf1077dbc23213e2314ce37c87,MEASURED,1786752606369405000,negative,aegis_lifecycle_policy,ML-DSA-65,wrong_domain,policy256,256,10,0,122125,126000,184205312,true,rejected,1,0,0,0,3309,0,0,0,0,0,
local-1786752604326628000,macmini-m2-macos26.5.2-rust1.97.1-aarch64-20260814,9d3ab807a08ef4cf1077dbc23213e2314ce37c87,MEASURED,1786752606369533000,negative,aegis_lifecycle_policy,ML-DSA-65,wrong_domain,policy256,256,11,0,122709,127000,184205312,true,rejected,1,0,0,0,3309,0,0,0,0,0,
local-1786752604326628000,macmini-m2-macos26.5.2-rust1.97.1-aarch64-20260814,9d3ab807a08ef4cf1077dbc23213e2314ce37c87,MEASURED,1786752606369649000,negative,aegis_lifecycle_policy,ML-DSA-65,wrong_domain,policy256,256,12,0,113541,117000,184205312,true,rejected,1,0,0,0,3309,0,0,0,0,0,
local-1786752604326628000,macmini-m2-macos26.5.2-rust1.97.1-aarch64-20260814,9d3ab807a08ef4cf1077dbc23213e2314ce37c87,MEASURED,1786752606369808000,negative,aegis_lifecycle_policy,ML-DSA-65,wrong_domain,policy256,256,13,0,118625,122000,184205312,true,rejected,1,0,0,0,3309,0,0,0,0,0,
local-1786752604326628000,macmini-m2-macos26.5.2-rust1.97.1-aarch64-20260814,9d3ab807a08ef4cf1077dbc23213e2314ce37c87,MEASURED,1786752606369940000,negative,aegis_lifecycle_policy,ML-DSA-65,wrong_domain,policy256,256,14,0,129458,132000,184205312,true,rejected,1,0,0,0,3309,0,0,0,0,0,
local-1786752604326628000,macmini-m2-macos26.5.2-rust1.97.1-aarch64-20260814,9d3ab807a08ef4cf1077dbc23213e2314ce37c87,MEASURED,1786752606370063000,negative,aegis_lifecycle_policy,ML-DSA-65,wrong_domain,policy256,256,15,0,121500,125000,184205312,true,rejected,1,0,0,0,3309,0,0,0,0,0,
local-1786752604326628000,macmini-m2-macos26.5.2-rust1.97.1-aarch64-20260814,9d3ab807a08ef4cf1077dbc23213e2314ce37c87,MEASURED,1786752606370195000,negative,aegis_lifecycle_policy,ML-DSA-65,wrong_domain,policy256,256,16,0,129625,134000,184205312,true,rejected,1,0,0,0,3309,0,0,0,0,0,
local-1786752604326628000,macmini-m2-macos26.5.2-rust1.97.1-aarch64-20260814,9d3ab807a08ef4cf1077dbc23213e2314ce37c87,MEASURED,1786752606370314000,negative,aegis_lifecycle_policy,ML-DSA-65,wrong_domain,policy256,256,17,0,117125,120000,184205312,true,rejected,1,0,0,0,3309,0,0,0,0,0,
local-1786752604326628000,macmini-m2-macos26.5.2-rust1.97.1-aarch64-20260814,9d3ab807a08ef4cf1077dbc23213e2314ce37c87,MEASURED,1786752606370469000,negative,aegis_lifecycle_policy,ML-DSA-65,wrong_domain,policy256,256,18,0,151750,153000,184205312,true,rejected,1,0,0,0,3309,0,0,0,0,0,
local-1786752604326628000,macmini-m2-macos26.5.2-rust1.97.1-aarch64-20260814,9d3ab807a08ef4cf1077dbc23213e2314ce37c87,MEASURED,1786752606370605000,negative,aegis_lifecycle_policy,ML-DSA-65,wrong_domain,policy256,256,19,0,131500,137000,184205312,true,rejected,1,0,0,0,3309,0,0,0,0,0,
local-1786752604326628000,macmini-m2-macos26.5.2-rust1.97.1-aarch64-20260814,9d3ab807a08ef4cf1077dbc23213e2314ce37c87,MEASURED,1786752606370731000,negative,aegis_lifecycle_policy,ML-DSA-65,wrong_domain,policy256,256,20,0,123708,125000,184205312,true,rejected,1,0,0,0,3309,0,0,0,0,0,
local-1786752604326628000,macmini-m2-macos26.5.2-rust1.97.1-aarch64-20260814,9d3ab807a08ef4cf1077dbc23213e2314ce37c87,MEASURED,1786752606370863000,negative,aegis_lifecycle_policy,ML-DSA-65,wrong_domain,policy256,256,21,0,128541,133000,184205312,true,rejected,1,0,0,0,3309,0,0,0,0,0,
local-1786752604326628000,macmini-m2-macos26.5.2-rust1.97.1-aarch64-20260814,9d3ab807a08ef4cf1077dbc23213e2314ce37c87,MEASURED,1786752606370998000,negative,aegis_lifecycle_policy,ML-DSA-65,wrong_domain,policy256,256,22,0,132458,135000,184205312,true,rejected,1,0,0,0,3309,0,0,0,0,0,
local-1786752604326628000,macmini-m2-macos26.5.2-rust1.97.1-aarch64-20260814,9d3ab807a08ef4cf1077dbc23213e2314ce37c87,MEASURED,1786752606371127000,negative,aegis_lifecycle_policy,ML-DSA-65,wrong_domain,policy256,256,23,0,126792,128000,184205312,true,rejected,1,0,0,0,3309,0,0,0,0,0,
local-1786752604326628000,macmini-m2-macos26.5.2-rust1.97.1-aarch64-20260814,9d3ab807a08ef4cf1077dbc23213e2314ce37c87,MEASURED,1786752606371250000,negative,aegis_lifecycle_policy,ML-DSA-65,wrong_domain,policy256,256,24,0,121750,124000,184205312,true,rejected,1,0,0,0,3309,0,0,0,0,0,
local-1786752604326628000,macmini-m2-macos26.5.2-rust1.97.1-aarch64-20260814,9d3ab807a08ef4cf1077dbc23213e2314ce37c87,MEASURED,1786752606371376000,negative,aegis_lifecycle_policy,ML-DSA-65,wrong_domain,policy256,256,25,0,122959,126000,184205312,true,rejected,1,0,0,0,3309,0,0,0,0,0,
local-1786752604326628000,macmini-m2-macos26.5.2-rust1.97.1-aarch64-20260814,9d3ab807a08ef4cf1077dbc23213e2314ce37c87,MEASURED,1786752606371500000,negative,aegis_lifecycle_policy,ML-DSA-65,wrong_domain,policy256,256,26,0,122417,125000,184205312,true,rejected,1,0,0,0,3309,0,0,0,0,0,
local-1786752604326628000,macmini-m2-macos26.5.2-rust1.97.1-aarch64-20260814,9d3ab807a08ef4cf1077dbc23213e2314ce37c87,MEASURED,1786752606371627000,negative,aegis_lifecycle_policy,ML-DSA-65,wrong_domain,policy256,256,27,0,124375,126000,184205312,true,rejected,1,0,0,0,3309,0,0,0,0,0,
local-1786752604326628000,macmini-m2-macos26.5.2-rust1.97.1-aarch64-20260814,9d3ab807a08ef4cf1077dbc23213e2314ce37c87,MEASURED,1786752606371753000,negative,aegis_lifecycle_policy,ML-DSA-65,wrong_domain,policy256,256,28,0,124333,127000,184205312,true,rejected,1,0,0,0,3309,0,0,0,0,0,
local-1786752604326628000,macmini-m2-macos26.5.2-rust1.97.1-aarch64-20260814,9d3ab807a08ef4cf1077dbc23213e2314ce37c87,MEASURED,1786752606371878000,negative,aegis_lifecycle_policy,ML-DSA-65,wrong_domain,policy256,256,29,0,122625,126000,184205312,true,rejected,1,0,0,0,3309,0,0,0,0,0,
local-1786752604326628000,macmini-m2-macos26.5.2-rust1.97.1-aarch64-20260814,9d3ab807a08ef4cf1077dbc23213e2314ce37c87,MEASURED,1786752606372002000,negative,aegis_lifecycle_policy,ML-DSA-65,wrong_domain,policy256,256,30,0,122000,125000,184205312,true,rejected,1,0,0,0,3309,0,0,0,0,0,
local-1786752604326628000,macmini-m2-macos26.5.2-rust1.97.1-aarch64-20260814,9d3ab807a08ef4cf1077dbc23213e2314ce37c87,MEASURED,1786752606372130000,negative,aegis_lifecycle_policy,ML-DSA-65,wrong_domain,policy256,256,31,0,125833,128000,184205312,true,rejected,1,0,0,0,3309,0,0,0,0,0,
local-1786752604326628000,macmini-m2-macos26.5.2-rust1.97.1-aarch64-20260814,9d3ab807a08ef4cf1077dbc23213e2314ce37c87,MEASURED,1786752606372254000,negative,aegis_lifecycle_policy,ML-DSA-65,wrong_domain,policy256,256,32,0,121708,124000,184205312,true,rejected,1,0,0,0,3309,0,0,0,0,0,
local-1786752604326628000,macmini-m2-macos26.5.2-rust1.97.1-aarch64-20260814,9d3ab807a08ef4cf1077dbc23213e2314ce37c87,MEASURED,1786752606372378000,negative,aegis_lifecycle_policy,ML-DSA-65,wrong_domain,policy256,256,33,0,121958,124000,184205312,true,rejected,1,0,0,0,3309,0,0,0,0,0,
local-1786752604326628000,macmini-m2-macos26.5.2-rust1.97.1-aarch64-20260814,9d3ab807a08ef4cf1077dbc23213e2314ce37c87,MEASURED,1786752606372502000,negative,aegis_lifecycle_policy,ML-DSA-65,wrong_domain,policy256,256,34,0,122084,125000,184205312,true,rejected,1,0,0,0,3309,0,0,0,0,0,
local-1786752604326628000,macmini-m2-macos26.5.2-rust1.97.1-aarch64-20260814,9d3ab807a08ef4cf1077dbc23213e2314ce37c87,MEASURED,1786752606372633000,negative,aegis_lifecycle_policy,ML-DSA-65,wrong_domain,policy256,256,35,0,128791,133000,184205312,true,rejected,1,0,0,0,3309,0,0,0,0,0,
local-1786752604326628000,macmini-m2-macos26.5.2-rust1.97.1-aarch64-20260814,9d3ab807a08ef4cf1077dbc23213e2314ce37c87,MEASURED,1786752606372748000,negative,aegis_lifecycle_policy,ML-DSA-65,wrong_domain,policy256,256,36,0,112834,116000,184205312,true,rejected,1,0,0,0,3309,0,0,0,0,0,
local-1786752604326628000,macmini-m2-macos26.5.2-rust1.97.1-aarch64-20260814,9d3ab807a08ef4cf1077dbc23213e2314ce37c87,MEASURED,1786752606372877000,negative,aegis_lifecycle_policy,ML-DSA-65,wrong_domain,policy256,256,37,0,126375,129000,184205312,true,rejected,1,0,0,0,3309,0,0,0,0,0,
local-1786752604326628000,macmini-m2-macos26.5.2-rust1.97.1-aarch64-20260814,9d3ab807a08ef4cf1077dbc23213e2314ce37c87,MEASURED,1786752606373003000,negative,aegis_lifecycle_policy,ML-DSA-65,wrong_domain,policy256,256,38,0,123709,128000,184205312,true,rejected,1,0,0,0,3309,0,0,0,0,0,
local-1786752604326628000,macmini-m2-macos26.5.2-rust1.97.1-aarch64-20260814,9d3ab807a08ef4cf1077dbc23213e2314ce37c87,MEASURED,1786752606373127000,negative,aegis_lifecycle_policy,ML-DSA-65,wrong_domain,policy256,256,39,0,122416,126000,184205312,true,rejected,1,0,0,0,3309,0,0,0,0,0,
local-1786752604326628000,macmini-m2-macos26.5.2-rust1.97.1-aarch64-20260814,9d3ab807a08ef4cf1077dbc23213e2314ce37c87,MEASURED,1786752606373252000,negative,aegis_lifecycle_policy,ML-DSA-65,wrong_domain,policy256,256,40,0,122792,126000,184205312,true,rejected,1,0,0,0,3309,0,0,0,0,0,
local-1786752604326628000,macmini-m2-macos26.5.2-rust1.97.1-aarch64-20260814,9d3ab807a08ef4cf1077dbc23213e2314ce37c87,MEASURED,1786752606373391000,negative,aegis_lifecycle_policy,ML-DSA-65,wrong_domain,policy256,256,41,0,124042,127000,184205312,true,rejected,1,0,0,0,3309,0,0,0,0,0,
local-1786752604326628000,macmini-m2-macos26.5.2-rust1.97.1-aarch64-20260814,9d3ab807a08ef4cf1077dbc23213e2314ce37c87,MEASURED,1786752606373516000,negative,aegis_lifecycle_policy,ML-DSA-65,wrong_domain,policy256,256,42,0,122334,125000,184205312,true,rejected,1,0,0,0,3309,0,0,0,0,0,
local-1786752604326628000,macmini-m2-macos26.5.2-rust1.97.1-aarch64-20260814,9d3ab807a08ef4cf1077dbc23213e2314ce37c87,MEASURED,1786752606373640000,negative,aegis_lifecycle_policy,ML-DSA-65,wrong_domain,policy256,256,43,0,121958,124000,184205312,true,rejected,1,0,0,0,3309,0,0,0,0,0,
local-1786752604326628000,macmini-m2-macos26.5.2-rust1.97.1-aarch64-20260814,9d3ab807a08ef4cf1077dbc23213e2314ce37c87,MEASURED,1786752606373764000,negative,aegis_lifecycle_policy,ML-DSA-65,wrong_domain,policy256,256,44,0,122000,124000,184205312,true,rejected,1,0,0,0,3309,0,0,0,0,0,
local-1786752604326628000,macmini-m2-macos26.5.2-rust1.97.1-aarch64-20260814,9d3ab807a08ef4cf1077dbc23213e2314ce37c87,MEASURED,1786752606373888000,negative,aegis_lifecycle_policy,ML-DSA-65,wrong_domain,policy256,256,45,0,122167,125000,184205312,true,rejected,1,0,0,0,3309,0,0,0,0,0,
local-1786752604326628000,macmini-m2-macos26.5.2-rust1.97.1-aarch64-20260814,9d3ab807a08ef4cf1077dbc23213e2314ce37c87,MEASURED,1786752606374012000,negative,aegis_lifecycle_policy,ML-DSA-65,wrong_domain,policy256,256,46,0,122083,125000,184205312,true,rejected,1,0,0,0,3309,0,0,0,0,0,
local-1786752604326628000,macmini-m2-macos26.5.2-rust1.97.1-aarch64-20260814,9d3ab807a08ef4cf1077dbc23213e2314ce37c87,MEASURED,1786752606374138000,negative,aegis_lifecycle_policy,ML-DSA-65,wrong_domain,policy256,256,47,0,123209,126000,184205312,true,rejected,1,0,0,0,3309,0,0,0,0,0,
local-1786752604326628000,macmini-m2-macos26.5.2-rust1.97.1-aarch64-20260814,9d3ab807a08ef4cf1077dbc23213e2314ce37c87,MEASURED,1786752606374262000,negative,aegis_lifecycle_policy,ML-DSA-65,wrong_domain,policy256,256,48,0,122458,125000,184205312,true,rejected,1,0,0,0,3309,0,0,0,0,0,
local-1786752604326628000,macmini-m2-macos26.5.2-rust1.97.1-aarch64-20260814,9d3ab807a08ef4cf1077dbc23213e2314ce37c87,MEASURED,1786752606374387000,negative,aegis_lifecycle_policy,ML-DSA-65,wrong_domain,policy256,256,49,0,122833,126000,184205312,true,rejected,1,0,0,0,3309,0,0,0,0,0,
local-1786752604326628000,macmini-m2-macos26.5.2-rust1.97.1-aarch64-20260814,9d3ab807a08ef4cf1077dbc23213e2314ce37c87,MEASURED,1786752606374759000,negative,aegis_lifecycle_policy,ML-DSA-65,missing_signature,policy256,256,0,0,209,1000,184221696,true,rejected,1,0,0,0,0,0,0,0,0,0,
local-1786752604326628000,macmini-m2-macos26.5.2-rust1.97.1-aarch64-20260814,9d3ab807a08ef4cf1077dbc23213e2314ce37c87,MEASURED,1786752606374761000,negative,aegis_lifecycle_policy,ML-DSA-65,missing_signature,policy256,256,1,0,83,0,184221696,true,rejected,1,0,0,0,0,0,0,0,0,0,
local-1786752604326628000,macmini-m2-macos26.5.2-rust1.97.1-aarch64-20260814,9d3ab807a08ef4cf1077dbc23213e2314ce37c87,MEASURED,1786752606374763000,negative,aegis_lifecycle_policy,ML-DSA-65,missing_signature,policy256,256,2,0,83,1000,184221696,true,rejected,1,0,0,0,0,0,0,0,0,0,
local-1786752604326628000,macmini-m2-macos26.5.2-rust1.97.1-aarch64-20260814,9d3ab807a08ef4cf1077dbc23213e2314ce37c87,MEASURED,1786752606374765000,negative,aegis_lifecycle_policy,ML-DSA-65,missing_signature,policy256,256,3,0,83,0,184221696,true,rejected,1,0,0,0,0,0,0,0,0,0,
local-1786752604326628000,macmini-m2-macos26.5.2-rust1.97.1-aarch64-20260814,9d3ab807a08ef4cf1077dbc23213e2314ce37c87,MEASURED,1786752606374766000,negative,aegis_lifecycle_policy,ML-DSA-65,missing_signature,policy256,256,4,0,42,0,184221696,true,rejected,1,0,0,0,0,0,0,0,0,0,
local-1786752604326628000,macmini-m2-macos26.5.2-rust1.97.1-aarch64-20260814,9d3ab807a08ef4cf1077dbc23213e2314ce37c87,MEASURED,1786752606374768000,negative,aegis_lifecycle_policy,ML-DSA-65,missing_signature,policy256,256,5,0,42,0,184221696,true,rejected,1,0,0,0,0,0,0,0,0,0,
local-1786752604326628000,macmini-m2-macos26.5.2-rust1.97.1-aarch64-20260814,9d3ab807a08ef4cf1077dbc23213e2314ce37c87,MEASURED,1786752606374769000,negative,aegis_lifecycle_policy,ML-DSA-65,missing_signature,policy256,256,6,0,41,0,184221696,true,rejected,1,0,0,0,0,0,0,0,0,0,
local-1786752604326628000,macmini-m2-macos26.5.2-rust1.97.1-aarch64-20260814,9d3ab807a08ef4cf1077dbc23213e2314ce37c87,MEASURED,1786752606374771000,negative,aegis_lifecycle_policy,ML-DSA-65,missing_signature,policy256,256,7,0,41,0,184221696,true,rejected,1,0,0,0,0,0,0,0,0,0,
local-1786752604326628000,macmini-m2-macos26.5.2-rust1.97.1-aarch64-20260814,9d3ab807a08ef4cf1077dbc23213e2314ce37c87,MEASURED,1786752606374772000,negative,aegis_lifecycle_policy,ML-DSA-65,missing_signature,policy256,256,8,0,42,1000,184221696,true,rejected,1,0,0,0,0,0,0,0,0,0,
local-1786752604326628000,macmini-m2-macos26.5.2-rust1.97.1-aarch64-20260814,9d3ab807a08ef4cf1077dbc23213e2314ce37c87,MEASURED,1786752606374774000,negative,aegis_lifecycle_policy,ML-DSA-65,missing_signature,policy256,256,9,0,84,0,184221696,true,rejected,1,0,0,0,0,0,0,0,0,0,
local-1786752604326628000,macmini-m2-macos26.5.2-rust1.97.1-aarch64-20260814,9d3ab807a08ef4cf1077dbc23213e2314ce37c87,MEASURED,1786752606374775000,negative,aegis_lifecycle_policy,ML-DSA-65,missing_signature,policy256,256,10,0,42,0,184221696,true,rejected,1,0,0,0,0,0,0,0,0,0,
local-1786752604326628000,macmini-m2-macos26.5.2-rust1.97.1-aarch64-20260814,9d3ab807a08ef4cf1077dbc23213e2314ce37c87,MEASURED,1786752606374777000,negative,aegis_lifecycle_policy,ML-DSA-65,missing_signature,policy256,256,11,0,83,0,184221696,true,rejected,1,0,0,0,0,0,0,0,0,0,
local-1786752604326628000,macmini-m2-macos26.5.2-rust1.97.1-aarch64-20260814,9d3ab807a08ef4cf1077dbc23213e2314ce37c87,MEASURED,1786752606374778000,negative,aegis_lifecycle_policy,ML-DSA-65,missing_signature,policy256,256,12,0,41,1000,184221696,true,rejected,1,0,0,0,0,0,0,0,0,0,
local-1786752604326628000,macmini-m2-macos26.5.2-rust1.97.1-aarch64-20260814,9d3ab807a08ef4cf1077dbc23213e2314ce37c87,MEASURED,1786752606374780000,negative,aegis_lifecycle_policy,ML-DSA-65,missing_signature,policy256,256,13,0,83,0,184221696,true,rejected,1,0,0,0,0,0,0,0,0,0,
local-1786752604326628000,macmini-m2-macos26.5.2-rust1.97.1-aarch64-20260814,9d3ab807a08ef4cf1077dbc23213e2314ce37c87,MEASURED,1786752606374781000,negative,aegis_lifecycle_policy,ML-DSA-65,missing_signature,policy256,256,14,0,84,0,184221696,true,rejected,1,0,0,0,0,0,0,0,0,0,
local-1786752604326628000,macmini-m2-macos26.5.2-rust1.97.1-aarch64-20260814,9d3ab807a08ef4cf1077dbc23213e2314ce37c87,MEASURED,1786752606374783000,negative,aegis_lifecycle_policy,ML-DSA-65,missing_signature,policy256,256,15,0,42,0,184221696,true,rejected,1,0,0,0,0,0,0,0,0,0,
local-1786752604326628000,macmini-m2-macos26.5.2-rust1.97.1-aarch64-20260814,9d3ab807a08ef4cf1077dbc23213e2314ce37c87,MEASURED,1786752606374784000,negative,aegis_lifecycle_policy,ML-DSA-65,missing_signature,policy256,256,16,0,42,0,184221696,true,rejected,1,0,0,0,0,0,0,0,0,0,
local-1786752604326628000,macmini-m2-macos26.5.2-rust1.97.1-aarch64-20260814,9d3ab807a08ef4cf1077dbc23213e2314ce37c87,MEASURED,1786752606374786000,negative,aegis_lifecycle_policy,ML-DSA-65,missing_signature,policy256,256,17,0,41,1000,184221696,true,rejected,1,0,0,0,0,0,0,0,0,0,
local-1786752604326628000,macmini-m2-macos26.5.2-rust1.97.1-aarch64-20260814,9d3ab807a08ef4cf1077dbc23213e2314ce37c87,MEASURED,1786752606374787000,negative,aegis_lifecycle_policy,ML-DSA-65,missing_signature,policy256,256,18,0,83,0,184221696,true,rejected,1,0,0,0,0,0,0,0,0,0,
local-1786752604326628000,macmini-m2-macos26.5.2-rust1.97.1-aarch64-20260814,9d3ab807a08ef4cf1077dbc23213e2314ce37c87,MEASURED,1786752606374789000,negative,aegis_lifecycle_policy,ML-DSA-65,missing_signature,policy256,256,19,0,83,0,184221696,true,rejected,1,0,0,0,0,0,0,0,0,0,
local-1786752604326628000,macmini-m2-macos26.5.2-rust1.97.1-aarch64-20260814,9d3ab807a08ef4cf1077dbc23213e2314ce37c87,MEASURED,1786752606374801000,negative,aegis_lifecycle_policy,ML-DSA-65,missing_signature,policy256,256,20,0,83,0,184221696,true,rejected,1,0,0,0,0,0,0,0,0,0,
local-1786752604326628000,macmini-m2-macos26.5.2-rust1.97.1-aarch64-20260814,9d3ab807a08ef4cf1077dbc23213e2314ce37c87,MEASURED,1786752606374802000,negative,aegis_lifecycle_policy,ML-DSA-65,missing_signature,policy256,256,21,0,42,1000,184221696,true,rejected,1,0,0,0,0,0,0,0,0,0,
local-1786752604326628000,macmini-m2-macos26.5.2-rust1.97.1-aarch64-20260814,9d3ab807a08ef4cf1077dbc23213e2314ce37c87,MEASURED,1786752606374804000,negative,aegis_lifecycle_policy,ML-DSA-65,missing_signature,policy256,256,22,0,84,0,184221696,true,rejected,1,0,0,0,0,0,0,0,0,0,
local-1786752604326628000,macmini-m2-macos26.5.2-rust1.97.1-aarch64-20260814,9d3ab807a08ef4cf1077dbc23213e2314ce37c87,MEASURED,1786752606374806000,negative,aegis_lifecycle_policy,ML-DSA-65,missing_signature,policy256,256,23,0,42,0,184221696,true,rejected,1,0,0,0,0,0,0,0,0,0,
local-1786752604326628000,macmini-m2-macos26.5.2-rust1.97.1-aarch64-20260814,9d3ab807a08ef4cf1077dbc23213e2314ce37c87,MEASURED,1786752606374807000,negative,aegis_lifecycle_policy,ML-DSA-65,missing_signature,policy256,256,24,0,83,0,184221696,true,rejected,1,0,0,0,0,0,0,0,0,0,
local-1786752604326628000,macmini-m2-macos26.5.2-rust1.97.1-aarch64-20260814,9d3ab807a08ef4cf1077dbc23213e2314ce37c87,MEASURED,1786752606374809000,negative,aegis_lifecycle_policy,ML-DSA-65,missing_signature,policy256,256,25,0,83,1000,184221696,true,rejected,1,0,0,0,0,0,0,0,0,0,
local-1786752604326628000,macmini-m2-macos26.5.2-rust1.97.1-aarch64-20260814,9d3ab807a08ef4cf1077dbc23213e2314ce37c87,MEASURED,1786752606374810000,negative,aegis_lifecycle_policy,ML-DSA-65,missing_signature,policy256,256,26,0,83,0,184221696,true,rejected,1,0,0,0,0,0,0,0,0,0,
local-1786752604326628000,macmini-m2-macos26.5.2-rust1.97.1-aarch64-20260814,9d3ab807a08ef4cf1077dbc23213e2314ce37c87,MEASURED,1786752606374812000,negative,aegis_lifecycle_policy,ML-DSA-65,missing_signature,policy256,256,27,0,83,0,184221696,true,rejected,1,0,0,0,0,0,0,0,0,0,
local-1786752604326628000,macmini-m2-macos26.5.2-rust1.97.1-aarch64-20260814,9d3ab807a08ef4cf1077dbc23213e2314ce37c87,MEASURED,1786752606374813000,negative,aegis_lifecycle_policy,ML-DSA-65,missing_signature,policy256,256,28,0,42,1000,184221696,true,rejected,1,0,0,0,0,0,0,0,0,0,
local-1786752604326628000,macmini-m2-macos26.5.2-rust1.97.1-aarch64-20260814,9d3ab807a08ef4cf1077dbc23213e2314ce37c87,MEASURED,1786752606374815000,negative,aegis_lifecycle_policy,ML-DSA-65,missing_signature,policy256,256,29,0,42,1000,184221696,true,rejected,1,0,0,0,0,0,0,0,0,0,
local-1786752604326628000,macmini-m2-macos26.5.2-rust1.97.1-aarch64-20260814,9d3ab807a08ef4cf1077dbc23213e2314ce37c87,MEASURED,1786752606374816000,negative,aegis_lifecycle_policy,ML-DSA-65,missing_signature,policy256,256,30,0,83,0,184221696,true,rejected,1,0,0,0,0,0,0,0,0,0,
local-1786752604326628000,macmini-m2-macos26.5.2-rust1.97.1-aarch64-20260814,9d3ab807a08ef4cf1077dbc23213e2314ce37c87,MEASURED,1786752606374818000,negative,aegis_lifecycle_policy,ML-DSA-65,missing_signature,policy256,256,31,0,41,0,184221696,true,rejected,1,0,0,0,0,0,0,0,0,0,
local-1786752604326628000,macmini-m2-macos26.5.2-rust1.97.1-aarch64-20260814,9d3ab807a08ef4cf1077dbc23213e2314ce37c87,MEASURED,1786752606374819000,negative,aegis_lifecycle_policy,ML-DSA-65,missing_signature,policy256,256,32,0,41,0,184221696,true,rejected,1,0,0,0,0,0,0,0,0,0,
local-1786752604326628000,macmini-m2-macos26.5.2-rust1.97.1-aarch64-20260814,9d3ab807a08ef4cf1077dbc23213e2314ce37c87,MEASURED,1786752606374821000,negative,aegis_lifecycle_policy,ML-DSA-65,missing_signature,policy256,256,33,0,41,0,184221696,true,rejected,1,0,0,0,0,0,0,0,0,0,
local-1786752604326628000,macmini-m2-macos26.5.2-rust1.97.1-aarch64-20260814,9d3ab807a08ef4cf1077dbc23213e2314ce37c87,MEASURED,1786752606374822000,negative,aegis_lifecycle_policy,ML-DSA-65,missing_signature,policy256,256,34,0,42,1000,184221696,true,rejected,1,0,0,0,0,0,0,0,0,0,
local-1786752604326628000,macmini-m2-macos26.5.2-rust1.97.1-aarch64-20260814,9d3ab807a08ef4cf1077dbc23213e2314ce37c87,MEASURED,1786752606374824000,negative,aegis_lifecycle_policy,ML-DSA-65,missing_signature,policy256,256,35,0,84,0,184221696,true,rejected,1,0,0,0,0,0,0,0,0,0,
local-1786752604326628000,macmini-m2-macos26.5.2-rust1.97.1-aarch64-20260814,9d3ab807a08ef4cf1077dbc23213e2314ce37c87,MEASURED,1786752606374825000,negative,aegis_lifecycle_policy,ML-DSA-65,missing_signature,policy256,256,36,0,42,0,184221696,true,rejected,1,0,0,0,0,0,0,0,0,0,
local-1786752604326628000,macmini-m2-macos26.5.2-rust1.97.1-aarch64-20260814,9d3ab807a08ef4cf1077dbc23213e2314ce37c87,MEASURED,1786752606374827000,negative,aegis_lifecycle_policy,ML-DSA-65,missing_signature,policy256,256,37,0,42,0,184221696,true,rejected,1,0,0,0,0,0,0,0,0,0,
local-1786752604326628000,macmini-m2-macos26.5.2-rust1.97.1-aarch64-20260814,9d3ab807a08ef4cf1077dbc23213e2314ce37c87,MEASURED,1786752606374828000,negative,aegis_lifecycle_policy,ML-DSA-65,missing_signature,policy256,256,38,0,83,0,184221696,true,rejected,1,0,0,0,0,0,0,0,0,0,
local-1786752604326628000,macmini-m2-macos26.5.2-rust1.97.1-aarch64-20260814,9d3ab807a08ef4cf1077dbc23213e2314ce37c87,MEASURED,1786752606374830000,negative,aegis_lifecycle_policy,ML-DSA-65,missing_signature,policy256,256,39,0,84,1000,184221696,true,rejected,1,0,0,0,0,0,0,0,0,0,
local-1786752604326628000,macmini-m2-macos26.5.2-rust1.97.1-aarch64-20260814,9d3ab807a08ef4cf1077dbc23213e2314ce37c87,MEASURED,1786752606374831000,negative,aegis_lifecycle_policy,ML-DSA-65,missing_signature,policy256,256,40,0,83,0,184221696,true,rejected,1,0,0,0,0,0,0,0,0,0,
local-1786752604326628000,macmini-m2-macos26.5.2-rust1.97.1-aarch64-20260814,9d3ab807a08ef4cf1077dbc23213e2314ce37c87,MEASURED,1786752606374833000,negative,aegis_lifecycle_policy,ML-DSA-65,missing_signature,policy256,256,41,0,83,0,184221696,true,rejected,1,0,0,0,0,0,0,0,0,0,
local-1786752604326628000,macmini-m2-macos26.5.2-rust1.97.1-aarch64-20260814,9d3ab807a08ef4cf1077dbc23213e2314ce37c87,MEASURED,1786752606374834000,negative,aegis_lifecycle_policy,ML-DSA-65,missing_signature,policy256,256,42,0,83,0,184221696,true,rejected,1,0,0,0,0,0,0,0,0,0,
local-1786752604326628000,macmini-m2-macos26.5.2-rust1.97.1-aarch64-20260814,9d3ab807a08ef4cf1077dbc23213e2314ce37c87,MEASURED,1786752606374836000,negative,aegis_lifecycle_policy,ML-DSA-65,missing_signature,policy256,256,43,0,83,0,184221696,true,rejected,1,0,0,0,0,0,0,0,0,0,
local-1786752604326628000,macmini-m2-macos26.5.2-rust1.97.1-aarch64-20260814,9d3ab807a08ef4cf1077dbc23213e2314ce37c87,MEASURED,1786752606374837000,negative,aegis_lifecycle_policy,ML-DSA-65,missing_signature,policy256,256,44,0,42,0,184221696,true,rejected,1,0,0,0,0,0,0,0,0,0,
local-1786752604326628000,macmini-m2-macos26.5.2-rust1.97.1-aarch64-20260814,9d3ab807a08ef4cf1077dbc23213e2314ce37c87,MEASURED,1786752606374839000,negative,aegis_lifecycle_policy,ML-DSA-65,missing_signature,policy256,256,45,0,42,0,184221696,true,rejected,1,0,0,0,0,0,0,0,0,0,
local-1786752604326628000,macmini-m2-macos26.5.2-rust1.97.1-aarch64-20260814,9d3ab807a08ef4cf1077dbc23213e2314ce37c87,MEASURED,1786752606374840000,negative,aegis_lifecycle_policy,ML-DSA-65,missing_signature,policy256,256,46,0,42,0,184221696,true,rejected,1,0,0,0,0,0,0,0,0,0,
local-1786752604326628000,macmini-m2-macos26.5.2-rust1.97.1-aarch64-20260814,9d3ab807a08ef4cf1077dbc23213e2314ce37c87,MEASURED,1786752606374842000,negative,aegis_lifecycle_policy,ML-DSA-65,missing_signature,policy256,256,47,0,42,0,184221696,true,rejected,1,0,0,0,0,0,0,0,0,0,
local-1786752604326628000,macmini-m2-macos26.5.2-rust1.97.1-aarch64-20260814,9d3ab807a08ef4cf1077dbc23213e2314ce37c87,MEASURED,1786752606374843000,negative,aegis_lifecycle_policy,ML-DSA-65,missing_signature,policy256,256,48,0,84,1000,184221696,true,rejected,1,0,0,0,0,0,0,0,0,0,
local-1786752604326628000,macmini-m2-macos26.5.2-rust1.97.1-aarch64-20260814,9d3ab807a08ef4cf1077dbc23213e2314ce37c87,MEASURED,1786752606374848000,negative,aegis_lifecycle_policy,ML-DSA-65,missing_signature,policy256,256,49,0,83,0,184221696,true,rejected,1,0,0,0,0,0,0,0,0,0,
local-1786752604326628000,macmini-m2-macos26.5.2-rust1.97.1-aarch64-20260814,9d3ab807a08ef4cf1077dbc23213e2314ce37c87,MEASURED,1786752606375363000,negative,aegis_lifecycle_policy,ML-DSA-65,unknown_algorithm,policy256,256,0,0,542,1000,184221696,true,rejected,1,0,0,0,3309,0,0,0,0,0,
local-1786752604326628000,macmini-m2-macos26.5.2-rust1.97.1-aarch64-20260814,9d3ab807a08ef4cf1077dbc23213e2314ce37c87,MEASURED,1786752606375365000,negative,aegis_lifecycle_policy,ML-DSA-65,unknown_algorithm,policy256,256,1,0,167,1000,184221696,true,rejected,1,0,0,0,3309,0,0,0,0,0,
local-1786752604326628000,macmini-m2-macos26.5.2-rust1.97.1-aarch64-20260814,9d3ab807a08ef4cf1077dbc23213e2314ce37c87,MEASURED,1786752606375366000,negative,aegis_lifecycle_policy,ML-DSA-65,unknown_algorithm,policy256,256,2,0,125,0,184221696,true,rejected,1,0,0,0,3309,0,0,0,0,0,
local-1786752604326628000,macmini-m2-macos26.5.2-rust1.97.1-aarch64-20260814,9d3ab807a08ef4cf1077dbc23213e2314ce37c87,MEASURED,1786752606375368000,negative,aegis_lifecycle_policy,ML-DSA-65,unknown_algorithm,policy256,256,3,0,125,0,184221696,true,rejected,1,0,0,0,3309,0,0,0,0,0,
local-1786752604326628000,macmini-m2-macos26.5.2-rust1.97.1-aarch64-20260814,9d3ab807a08ef4cf1077dbc23213e2314ce37c87,MEASURED,1786752606375369000,negative,aegis_lifecycle_policy,ML-DSA-65,unknown_algorithm,policy256,256,4,0,125,0,184221696,true,rejected,1,0,0,0,3309,0,0,0,0,0,
local-1786752604326628000,macmini-m2-macos26.5.2-rust1.97.1-aarch64-20260814,9d3ab807a08ef4cf1077dbc23213e2314ce37c87,MEASURED,1786752606375371000,negative,aegis_lifecycle_policy,ML-DSA-65,unknown_algorithm,policy256,256,5,0,125,1000,184221696,true,rejected,1,0,0,0,3309,0,0,0,0,0,
local-1786752604326628000,macmini-m2-macos26.5.2-rust1.97.1-aarch64-20260814,9d3ab807a08ef4cf1077dbc23213e2314ce37c87,MEASURED,1786752606375373000,negative,aegis_lifecycle_policy,ML-DSA-65,unknown_algorithm,policy256,256,6,0,83,0,184221696,true,rejected,1,0,0,0,3309,0,0,0,0,0,
local-1786752604326628000,macmini-m2-macos26.5.2-rust1.97.1-aarch64-20260814,9d3ab807a08ef4cf1077dbc23213e2314ce37c87,MEASURED,1786752606375374000,negative,aegis_lifecycle_policy,ML-DSA-65,unknown_algorithm,policy256,256,7,0,84,0,184221696,true,rejected,1,0,0,0,3309,0,0,0,0,0,
local-1786752604326628000,macmini-m2-macos26.5.2-rust1.97.1-aarch64-20260814,9d3ab807a08ef4cf1077dbc23213e2314ce37c87,MEASURED,1786752606375376000,negative,aegis_lifecycle_policy,ML-DSA-65,unknown_algorithm,policy256,256,8,0,83,1000,184221696,true,rejected,1,0,0,0,3309,0,0,0,0,0,
local-1786752604326628000,macmini-m2-macos26.5.2-rust1.97.1-aarch64-20260814,9d3ab807a08ef4cf1077dbc23213e2314ce37c87,MEASURED,1786752606375377000,negative,aegis_lifecycle_policy,ML-DSA-65,unknown_algorithm,policy256,256,9,0,167,0,184221696,true,rejected,1,0,0,0,3309,0,0,0,0,0,
local-1786752604326628000,macmini-m2-macos26.5.2-rust1.97.1-aarch64-20260814,9d3ab807a08ef4cf1077dbc23213e2314ce37c87,MEASURED,1786752606375379000,negative,aegis_lifecycle_policy,ML-DSA-65,unknown_algorithm,policy256,256,10,0,125,1000,184221696,true,rejected,1,0,0,0,3309,0,0,0,0,0,
local-1786752604326628000,macmini-m2-macos26.5.2-rust1.97.1-aarch64-20260814,9d3ab807a08ef4cf1077dbc23213e2314ce37c87,MEASURED,1786752606375381000,negative,aegis_lifecycle_policy,ML-DSA-65,unknown_algorithm,policy256,256,11,0,125,1000,184221696,true,rejected,1,0,0,0,3309,0,0,0,0,0,
local-1786752604326628000,macmini-m2-macos26.5.2-rust1.97.1-aarch64-20260814,9d3ab807a08ef4cf1077dbc23213e2314ce37c87,MEASURED,1786752606375382000,negative,aegis_lifecycle_policy,ML-DSA-65,unknown_algorithm,policy256,256,12,0,125,0,184221696,true,rejected,1,0,0,0,3309,0,0,0,0,0,
local-1786752604326628000,macmini-m2-macos26.5.2-rust1.97.1-aarch64-20260814,9d3ab807a08ef4cf1077dbc23213e2314ce37c87,MEASURED,1786752606375384000,negative,aegis_lifecycle_policy,ML-DSA-65,unknown_algorithm,policy256,256,13,0,125,1000,184221696,true,rejected,1,0,0,0,3309,0,0,0,0,0,
local-1786752604326628000,macmini-m2-macos26.5.2-rust1.97.1-aarch64-20260814,9d3ab807a08ef4cf1077dbc23213e2314ce37c87,MEASURED,1786752606375386000,negative,aegis_lifecycle_policy,ML-DSA-65,unknown_algorithm,policy256,256,14,0,125,0,184221696,true,rejected,1,0,0,0,3309,0,0,0,0,0,
local-1786752604326628000,macmini-m2-macos26.5.2-rust1.97.1-aarch64-20260814,9d3ab807a08ef4cf1077dbc23213e2314ce37c87,MEASURED,1786752606375387000,negative,aegis_lifecycle_policy,ML-DSA-65,unknown_algorithm,policy256,256,15,0,125,1000,184221696,true,rejected,1,0,0,0,3309,0,0,0,0,0,
local-1786752604326628000,macmini-m2-macos26.5.2-rust1.97.1-aarch64-20260814,9d3ab807a08ef4cf1077dbc23213e2314ce37c87,MEASURED,1786752606375389000,negative,aegis_lifecycle_policy,ML-DSA-65,unknown_algorithm,policy256,256,16,0,83,1000,184221696,true,rejected,1,0,0,0,3309,0,0,0,0,0,
local-1786752604326628000,macmini-m2-macos26.5.2-rust1.97.1-aarch64-20260814,9d3ab807a08ef4cf1077dbc23213e2314ce37c87,MEASURED,1786752606375390000,negative,aegis_lifecycle_policy,ML-DSA-65,unknown_algorithm,policy256,256,17,0,125,0,184221696,true,rejected,1,0,0,0,3309,0,0,0,0,0,
local-1786752604326628000,macmini-m2-macos26.5.2-rust1.97.1-aarch64-20260814,9d3ab807a08ef4cf1077dbc23213e2314ce37c87,MEASURED,1786752606375393000,negative,aegis_lifecycle_policy,ML-DSA-65,unknown_algorithm,policy256,256,18,0,1334,2000,184238080,true,rejected,1,0,0,0,3309,0,0,0,0,0,
local-1786752604326628000,macmini-m2-macos26.5.2-rust1.97.1-aarch64-20260814,9d3ab807a08ef4cf1077dbc23213e2314ce37c87,MEASURED,1786752606375395000,negative,aegis_lifecycle_policy,ML-DSA-65,unknown_algorithm,policy256,256,19,0,125,1000,184238080,true,rejected,1,0,0,0,3309,0,0,0,0,0,
local-1786752604326628000,macmini-m2-macos26.5.2-rust1.97.1-aarch64-20260814,9d3ab807a08ef4cf1077dbc23213e2314ce37c87,MEASURED,1786752606375397000,negative,aegis_lifecycle_policy,ML-DSA-65,unknown_algorithm,policy256,256,20,0,167,0,184238080,true,rejected,1,0,0,0,3309,0,0,0,0,0,
local-1786752604326628000,macmini-m2-macos26.5.2-rust1.97.1-aarch64-20260814,9d3ab807a08ef4cf1077dbc23213e2314ce37c87,MEASURED,1786752606375398000,negative,aegis_lifecycle_policy,ML-DSA-65,unknown_algorithm,policy256,256,21,0,125,0,184238080,true,rejected,1,0,0,0,3309,0,0,0,0,0,
local-1786752604326628000,macmini-m2-macos26.5.2-rust1.97.1-aarch64-20260814,9d3ab807a08ef4cf1077dbc23213e2314ce37c87,MEASURED,1786752606375400000,negative,aegis_lifecycle_policy,ML-DSA-65,unknown_algorithm,policy256,256,22,0,84,1000,184238080,true,rejected,1,0,0,0,3309,0,0,0,0,0,
local-1786752604326628000,macmini-m2-macos26.5.2-rust1.97.1-aarch64-20260814,9d3ab807a08ef4cf1077dbc23213e2314ce37c87,MEASURED,1786752606375401000,negative,aegis_lifecycle_policy,ML-DSA-65,unknown_algorithm,policy256,256,23,0,83,0,184238080,true,rejected,1,0,0,0,3309,0,0,0,0,0,
local-1786752604326628000,macmini-m2-macos26.5.2-rust1.97.1-aarch64-20260814,9d3ab807a08ef4cf1077dbc23213e2314ce37c87,MEASURED,1786752606375403000,negative,aegis_lifecycle_policy,ML-DSA-65,unknown_algorithm,policy256,256,24,0,83,1000,184238080,true,rejected,1,0,0,0,3309,0,0,0,0,0,
local-1786752604326628000,macmini-m2-macos26.5.2-rust1.97.1-aarch64-20260814,9d3ab807a08ef4cf1077dbc23213e2314ce37c87,MEASURED,1786752606375405000,negative,aegis_lifecycle_policy,ML-DSA-65,unknown_algorithm,policy256,256,25,0,84,1000,184238080,true,rejected,1,0,0,0,3309,0,0,0,0,0,
local-1786752604326628000,macmini-m2-macos26.5.2-rust1.97.1-aarch64-20260814,9d3ab807a08ef4cf1077dbc23213e2314ce37c87,MEASURED,1786752606375406000,negative,aegis_lifecycle_policy,ML-DSA-65,unknown_algorithm,policy256,256,26,0,83,0,184238080,true,rejected,1,0,0,0,3309,0,0,0,0,0,
local-1786752604326628000,macmini-m2-macos26.5.2-rust1.97.1-aarch64-20260814,9d3ab807a08ef4cf1077dbc23213e2314ce37c87,MEASURED,1786752606375408000,negative,aegis_lifecycle_policy,ML-DSA-65,unknown_algorithm,policy256,256,27,0,84,0,184238080,true,rejected,1,0,0,0,3309,0,0,0,0,0,
local-1786752604326628000,macmini-m2-macos26.5.2-rust1.97.1-aarch64-20260814,9d3ab807a08ef4cf1077dbc23213e2314ce37c87,MEASURED,1786752606375414000,negative,aegis_lifecycle_policy,ML-DSA-65,unknown_algorithm,policy256,256,28,0,167,0,184238080,true,rejected,1,0,0,0,3309,0,0,0,0,0,
local-1786752604326628000,macmini-m2-macos26.5.2-rust1.97.1-aarch64-20260814,9d3ab807a08ef4cf1077dbc23213e2314ce37c87,MEASURED,1786752606375416000,negative,aegis_lifecycle_policy,ML-DSA-65,unknown_algorithm,policy256,256,29,0,125,0,184238080,true,rejected,1,0,0,0,3309,0,0,0,0,0,
local-1786752604326628000,macmini-m2-macos26.5.2-rust1.97.1-aarch64-20260814,9d3ab807a08ef4cf1077dbc23213e2314ce37c87,MEASURED,1786752606375417000,negative,aegis_lifecycle_policy,ML-DSA-65,unknown_algorithm,policy256,256,30,0,83,0,184238080,true,rejected,1,0,0,0,3309,0,0,0,0,0,
local-1786752604326628000,macmini-m2-macos26.5.2-rust1.97.1-aarch64-20260814,9d3ab807a08ef4cf1077dbc23213e2314ce37c87,MEASURED,1786752606375419000,negative,aegis_lifecycle_policy,ML-DSA-65,unknown_algorithm,policy256,256,31,0,125,0,184238080,true,rejected,1,0,0,0,3309,0,0,0,0,0,
local-1786752604326628000,macmini-m2-macos26.5.2-rust1.97.1-aarch64-20260814,9d3ab807a08ef4cf1077dbc23213e2314ce37c87,MEASURED,1786752606375420000,negative,aegis_lifecycle_policy,ML-DSA-65,unknown_algorithm,policy256,256,32,0,83,0,184238080,true,rejected,1,0,0,0,3309,0,0,0,0,0,
local-1786752604326628000,macmini-m2-macos26.5.2-rust1.97.1-aarch64-20260814,9d3ab807a08ef4cf1077dbc23213e2314ce37c87,MEASURED,1786752606375422000,negative,aegis_lifecycle_policy,ML-DSA-65,unknown_algorithm,policy256,256,33,0,125,0,184238080,true,rejected,1,0,0,0,3309,0,0,0,0,0,
local-1786752604326628000,macmini-m2-macos26.5.2-rust1.97.1-aarch64-20260814,9d3ab807a08ef4cf1077dbc23213e2314ce37c87,MEASURED,1786752606375423000,negative,aegis_lifecycle_policy,ML-DSA-65,unknown_algorithm,policy256,256,34,0,125,2000,184238080,true,rejected,1,0,0,0,3309,0,0,0,0,0,
local-1786752604326628000,macmini-m2-macos26.5.2-rust1.97.1-aarch64-20260814,9d3ab807a08ef4cf1077dbc23213e2314ce37c87,MEASURED,1786752606375425000,negative,aegis_lifecycle_policy,ML-DSA-65,unknown_algorithm,policy256,256,35,0,125,0,184238080,true,rejected,1,0,0,0,3309,0,0,0,0,0,
local-1786752604326628000,macmini-m2-macos26.5.2-rust1.97.1-aarch64-20260814,9d3ab807a08ef4cf1077dbc23213e2314ce37c87,MEASURED,1786752606375427000,negative,aegis_lifecycle_policy,ML-DSA-65,unknown_algorithm,policy256,256,36,0,84,0,184238080,true,rejected,1,0,0,0,3309,0,0,0,0,0,
local-1786752604326628000,macmini-m2-macos26.5.2-rust1.97.1-aarch64-20260814,9d3ab807a08ef4cf1077dbc23213e2314ce37c87,MEASURED,1786752606375428000,negative,aegis_lifecycle_policy,ML-DSA-65,unknown_algorithm,policy256,256,37,0,83,1000,184238080,true,rejected,1,0,0,0,3309,0,0,0,0,0,
local-1786752604326628000,macmini-m2-macos26.5.2-rust1.97.1-aarch64-20260814,9d3ab807a08ef4cf1077dbc23213e2314ce37c87,MEASURED,1786752606375430000,negative,aegis_lifecycle_policy,ML-DSA-65,unknown_algorithm,policy256,256,38,0,83,1000,184238080,true,rejected,1,0,0,0,3309,0,0,0,0,0,
local-1786752604326628000,macmini-m2-macos26.5.2-rust1.97.1-aarch64-20260814,9d3ab807a08ef4cf1077dbc23213e2314ce37c87,MEASURED,1786752606375431000,negative,aegis_lifecycle_policy,ML-DSA-65,unknown_algorithm,policy256,256,39,0,125,0,184238080,true,rejected,1,0,0,0,3309,0,0,0,0,0,
local-1786752604326628000,macmini-m2-macos26.5.2-rust1.97.1-aarch64-20260814,9d3ab807a08ef4cf1077dbc23213e2314ce37c87,MEASURED,1786752606375433000,negative,aegis_lifecycle_policy,ML-DSA-65,unknown_algorithm,policy256,256,40,0,125,0,184238080,true,rejected,1,0,0,0,3309,0,0,0,0,0,
local-1786752604326628000,macmini-m2-macos26.5.2-rust1.97.1-aarch64-20260814,9d3ab807a08ef4cf1077dbc23213e2314ce37c87,MEASURED,1786752606375435000,negative,aegis_lifecycle_policy,ML-DSA-65,unknown_algorithm,policy256,256,41,0,84,0,184238080,true,rejected,1,0,0,0,3309,0,0,0,0,0,
local-1786752604326628000,macmini-m2-macos26.5.2-rust1.97.1-aarch64-20260814,9d3ab807a08ef4cf1077dbc23213e2314ce37c87,MEASURED,1786752606375436000,negative,aegis_lifecycle_policy,ML-DSA-65,unknown_algorithm,policy256,256,42,0,125,0,184238080,true,rejected,1,0,0,0,3309,0,0,0,0,0,
local-1786752604326628000,macmini-m2-macos26.5.2-rust1.97.1-aarch64-20260814,9d3ab807a08ef4cf1077dbc23213e2314ce37c87,MEASURED,1786752606375438000,negative,aegis_lifecycle_policy,ML-DSA-65,unknown_algorithm,policy256,256,43,0,125,0,184238080,true,rejected,1,0,0,0,3309,0,0,0,0,0,
local-1786752604326628000,macmini-m2-macos26.5.2-rust1.97.1-aarch64-20260814,9d3ab807a08ef4cf1077dbc23213e2314ce37c87,MEASURED,1786752606375439000,negative,aegis_lifecycle_policy,ML-DSA-65,unknown_algorithm,policy256,256,44,0,83,0,184238080,true,rejected,1,0,0,0,3309,0,0,0,0,0,
local-1786752604326628000,macmini-m2-macos26.5.2-rust1.97.1-aarch64-20260814,9d3ab807a08ef4cf1077dbc23213e2314ce37c87,MEASURED,1786752606375441000,negative,aegis_lifecycle_policy,ML-DSA-65,unknown_algorithm,policy256,256,45,0,125,1000,184238080,true,rejected,1,0,0,0,3309,0,0,0,0,0,
local-1786752604326628000,macmini-m2-macos26.5.2-rust1.97.1-aarch64-20260814,9d3ab807a08ef4cf1077dbc23213e2314ce37c87,MEASURED,1786752606375442000,negative,aegis_lifecycle_policy,ML-DSA-65,unknown_algorithm,policy256,256,46,0,125,0,184238080,true,rejected,1,0,0,0,3309,0,0,0,0,0,
local-1786752604326628000,macmini-m2-macos26.5.2-rust1.97.1-aarch64-20260814,9d3ab807a08ef4cf1077dbc23213e2314ce37c87,MEASURED,1786752606375444000,negative,aegis_lifecycle_policy,ML-DSA-65,unknown_algorithm,policy256,256,47,0,84,1000,184238080,true,rejected,1,0,0,0,3309,0,0,0,0,0,
local-1786752604326628000,macmini-m2-macos26.5.2-rust1.97.1-aarch64-20260814,9d3ab807a08ef4cf1077dbc23213e2314ce37c87,MEASURED,1786752606375446000,negative,aegis_lifecycle_policy,ML-DSA-65,unknown_algorithm,policy256,256,48,0,83,0,184238080,true,rejected,1,0,0,0,3309,0,0,0,0,0,
local-1786752604326628000,macmini-m2-macos26.5.2-rust1.97.1-aarch64-20260814,9d3ab807a08ef4cf1077dbc23213e2314ce37c87,MEASURED,1786752606375447000,negative,aegis_lifecycle_policy,ML-DSA-65,unknown_algorithm,policy256,256,49,0,83,0,184238080,true,rejected,1,0,0,0,3309,0,0,0,0,0,
local-1786752604326628000,macmini-m2-macos26.5.2-rust1.97.1-aarch64-20260814,9d3ab807a08ef4cf1077dbc23213e2314ce37c87,MEASURED,1786752606375853000,negative,aegis_lifecycle_policy,ML-DSA-65,invalid_algorithm_identifier,policy256,256,0,0,166,0,184238080,true,rejected,1,0,0,0,3309,0,0,0,0,0,
local-1786752604326628000,macmini-m2-macos26.5.2-rust1.97.1-aarch64-20260814,9d3ab807a08ef4cf1077dbc23213e2314ce37c87,MEASURED,1786752606375855000,negative,aegis_lifecycle_policy,ML-DSA-65,invalid_algorithm_identifier,policy256,256,1,0,125,2000,184238080,true,rejected,1,0,0,0,3309,0,0,0,0,0,
local-1786752604326628000,macmini-m2-macos26.5.2-rust1.97.1-aarch64-20260814,9d3ab807a08ef4cf1077dbc23213e2314ce37c87,MEASURED,1786752606375856000,negative,aegis_lifecycle_policy,ML-DSA-65,invalid_algorithm_identifier,policy256,256,2,0,125,0,184238080,true,rejected,1,0,0,0,3309,0,0,0,0,0,
local-1786752604326628000,macmini-m2-macos26.5.2-rust1.97.1-aarch64-20260814,9d3ab807a08ef4cf1077dbc23213e2314ce37c87,MEASURED,1786752606375858000,negative,aegis_lifecycle_policy,ML-DSA-65,invalid_algorithm_identifier,policy256,256,3,0,125,0,184238080,true,rejected,1,0,0,0,3309,0,0,0,0,0,
local-1786752604326628000,macmini-m2-macos26.5.2-rust1.97.1-aarch64-20260814,9d3ab807a08ef4cf1077dbc23213e2314ce37c87,MEASURED,1786752606375859000,negative,aegis_lifecycle_policy,ML-DSA-65,invalid_algorithm_identifier,policy256,256,4,0,84,1000,184238080,true,rejected,1,0,0,0,3309,0,0,0,0,0,
local-1786752604326628000,macmini-m2-macos26.5.2-rust1.97.1-aarch64-20260814,9d3ab807a08ef4cf1077dbc23213e2314ce37c87,MEASURED,1786752606375861000,negative,aegis_lifecycle_policy,ML-DSA-65,invalid_algorithm_identifier,policy256,256,5,0,125,0,184238080,true,rejected,1,0,0,0,3309,0,0,0,0,0,
local-1786752604326628000,macmini-m2-macos26.5.2-rust1.97.1-aarch64-20260814,9d3ab807a08ef4cf1077dbc23213e2314ce37c87,MEASURED,1786752606375863000,negative,aegis_lifecycle_policy,ML-DSA-65,invalid_algorithm_identifier,policy256,256,6,0,125,0,184238080,true,rejected,1,0,0,0,3309,0,0,0,0,0,
local-1786752604326628000,macmini-m2-macos26.5.2-rust1.97.1-aarch64-20260814,9d3ab807a08ef4cf1077dbc23213e2314ce37c87,MEASURED,1786752606375867000,negative,aegis_lifecycle_policy,ML-DSA-65,invalid_algorithm_identifier,policy256,256,7,0,125,1000,184238080,true,rejected,1,0,0,0,3309,0,0,0,0,0,
local-1786752604326628000,macmini-m2-macos26.5.2-rust1.97.1-aarch64-20260814,9d3ab807a08ef4cf1077dbc23213e2314ce37c87,MEASURED,1786752606375869000,negative,aegis_lifecycle_policy,ML-DSA-65,invalid_algorithm_identifier,policy256,256,8,0,125,0,184238080,true,rejected,1,0,0,0,3309,0,0,0,0,0,
local-1786752604326628000,macmini-m2-macos26.5.2-rust1.97.1-aarch64-20260814,9d3ab807a08ef4cf1077dbc23213e2314ce37c87,MEASURED,1786752606375870000,negative,aegis_lifecycle_policy,ML-DSA-65,invalid_algorithm_identifier,policy256,256,9,0,83,1000,184238080,true,rejected,1,0,0,0,3309,0,0,0,0,0,
local-1786752604326628000,macmini-m2-macos26.5.2-rust1.97.1-aarch64-20260814,9d3ab807a08ef4cf1077dbc23213e2314ce37c87,MEASURED,1786752606375872000,negative,aegis_lifecycle_policy,ML-DSA-65,invalid_algorithm_identifier,policy256,256,10,0,83,1000,184238080,true,rejected,1,0,0,0,3309,0,0,0,0,0,
local-1786752604326628000,macmini-m2-macos26.5.2-rust1.97.1-aarch64-20260814,9d3ab807a08ef4cf1077dbc23213e2314ce37c87,MEASURED,1786752606375873000,negative,aegis_lifecycle_policy,ML-DSA-65,invalid_algorithm_identifier,policy256,256,11,0,84,0,184238080,true,rejected,1,0,0,0,3309,0,0,0,0,0,
local-1786752604326628000,macmini-m2-macos26.5.2-rust1.97.1-aarch64-20260814,9d3ab807a08ef4cf1077dbc23213e2314ce37c87,MEASURED,1786752606375875000,negative,aegis_lifecycle_policy,ML-DSA-65,invalid_algorithm_identifier,policy256,256,12,0,125,1000,184238080,true,rejected,1,0,0,0,3309,0,0,0,0,0,
local-1786752604326628000,macmini-m2-macos26.5.2-rust1.97.1-aarch64-20260814,9d3ab807a08ef4cf1077dbc23213e2314ce37c87,MEASURED,1786752606375877000,negative,aegis_lifecycle_policy,ML-DSA-65,invalid_algorithm_identifier,policy256,256,13,0,83,1000,184238080,true,rejected,1,0,0,0,3309,0,0,0,0,0,
local-1786752604326628000,macmini-m2-macos26.5.2-rust1.97.1-aarch64-20260814,9d3ab807a08ef4cf1077dbc23213e2314ce37c87,MEASURED,1786752606375878000,negative,aegis_lifecycle_policy,ML-DSA-65,invalid_algorithm_identifier,policy256,256,14,0,125,0,184238080,true,rejected,1,0,0,0,3309,0,0,0,0,0,
local-1786752604326628000,macmini-m2-macos26.5.2-rust1.97.1-aarch64-20260814,9d3ab807a08ef4cf1077dbc23213e2314ce37c87,MEASURED,1786752606375880000,negative,aegis_lifecycle_policy,ML-DSA-65,invalid_algorithm_identifier,policy256,256,15,0,125,0,184238080,true,rejected,1,0,0,0,3309,0,0,0,0,0,
local-1786752604326628000,macmini-m2-macos26.5.2-rust1.97.1-aarch64-20260814,9d3ab807a08ef4cf1077dbc23213e2314ce37c87,MEASURED,1786752606375881000,negative,aegis_lifecycle_policy,ML-DSA-65,invalid_algorithm_identifier,policy256,256,16,0,84,0,184238080,true,rejected,1,0,0,0,3309,0,0,0,0,0,
local-1786752604326628000,macmini-m2-macos26.5.2-rust1.97.1-aarch64-20260814,9d3ab807a08ef4cf1077dbc23213e2314ce37c87,MEASURED,1786752606375883000,negative,aegis_lifecycle_policy,ML-DSA-65,invalid_algorithm_identifier,policy256,256,17,0,83,1000,184238080,true,rejected,1,0,0,0,3309,0,0,0,0,0,
local-1786752604326628000,macmini-m2-macos26.5.2-rust1.97.1-aarch64-20260814,9d3ab807a08ef4cf1077dbc23213e2314ce37c87,MEASURED,1786752606375885000,negative,aegis_lifecycle_policy,ML-DSA-65,invalid_algorithm_identifier,policy256,256,18,0,125,0,184238080,true,rejected,1,0,0,0,3309,0,0,0,0,0,
local-1786752604326628000,macmini-m2-macos26.5.2-rust1.97.1-aarch64-20260814,9d3ab807a08ef4cf1077dbc23213e2314ce37c87,MEASURED,1786752606375886000,negative,aegis_lifecycle_policy,ML-DSA-65,invalid_algorithm_identifier,policy256,256,19,0,83,0,184238080,true,rejected,1,0,0,0,3309,0,0,0,0,0,
local-1786752604326628000,macmini-m2-macos26.5.2-rust1.97.1-aarch64-20260814,9d3ab807a08ef4cf1077dbc23213e2314ce37c87,MEASURED,1786752606375888000,negative,aegis_lifecycle_policy,ML-DSA-65,invalid_algorithm_identifier,policy256,256,20,0,125,1000,184238080,true,rejected,1,0,0,0,3309,0,0,0,0,0,
local-1786752604326628000,macmini-m2-macos26.5.2-rust1.97.1-aarch64-20260814,9d3ab807a08ef4cf1077dbc23213e2314ce37c87,MEASURED,1786752606375889000,negative,aegis_lifecycle_policy,ML-DSA-65,invalid_algorithm_identifier,policy256,256,21,0,84,0,184238080,true,rejected,1,0,0,0,3309,0,0,0,0,0,
local-1786752604326628000,macmini-m2-macos26.5.2-rust1.97.1-aarch64-20260814,9d3ab807a08ef4cf1077dbc23213e2314ce37c87,MEASURED,1786752606375891000,negative,aegis_lifecycle_policy,ML-DSA-65,invalid_algorithm_identifier,policy256,256,22,0,83,1000,184238080,true,rejected,1,0,0,0,3309,0,0,0,0,0,
local-1786752604326628000,macmini-m2-macos26.5.2-rust1.97.1-aarch64-20260814,9d3ab807a08ef4cf1077dbc23213e2314ce37c87,MEASURED,1786752606375893000,negative,aegis_lifecycle_policy,ML-DSA-65,invalid_algorithm_identifier,policy256,256,23,0,83,0,184238080,true,rejected,1,0,0,0,3309,0,0,0,0,0,
local-1786752604326628000,macmini-m2-macos26.5.2-rust1.97.1-aarch64-20260814,9d3ab807a08ef4cf1077dbc23213e2314ce37c87,MEASURED,1786752606375894000,negative,aegis_lifecycle_policy,ML-DSA-65,invalid_algorithm_identifier,policy256,256,24,0,84,0,184238080,true,rejected,1,0,0,0,3309,0,0,0,0,0,
local-1786752604326628000,macmini-m2-macos26.5.2-rust1.97.1-aarch64-20260814,9d3ab807a08ef4cf1077dbc23213e2314ce37c87,MEASURED,1786752606375896000,negative,aegis_lifecycle_policy,ML-DSA-65,invalid_algorithm_identifier,policy256,256,25,0,83,1000,184238080,true,rejected,1,0,0,0,3309,0,0,0,0,0,
local-1786752604326628000,macmini-m2-macos26.5.2-rust1.97.1-aarch64-20260814,9d3ab807a08ef4cf1077dbc23213e2314ce37c87,MEASURED,1786752606375897000,negative,aegis_lifecycle_policy,ML-DSA-65,invalid_algorithm_identifier,policy256,256,26,0,125,0,184238080,true,rejected,1,0,0,0,3309,0,0,0,0,0,
local-1786752604326628000,macmini-m2-macos26.5.2-rust1.97.1-aarch64-20260814,9d3ab807a08ef4cf1077dbc23213e2314ce37c87,MEASURED,1786752606375899000,negative,aegis_lifecycle_policy,ML-DSA-65,invalid_algorithm_identifier,policy256,256,27,0,125,1000,184238080,true,rejected,1,0,0,0,3309,0,0,0,0,0,
local-1786752604326628000,macmini-m2-macos26.5.2-rust1.97.1-aarch64-20260814,9d3ab807a08ef4cf1077dbc23213e2314ce37c87,MEASURED,1786752606375901000,negative,aegis_lifecycle_policy,ML-DSA-65,invalid_algorithm_identifier,policy256,256,28,0,84,0,184238080,true,rejected,1,0,0,0,3309,0,0,0,0,0,
local-1786752604326628000,macmini-m2-macos26.5.2-rust1.97.1-aarch64-20260814,9d3ab807a08ef4cf1077dbc23213e2314ce37c87,MEASURED,1786752606375902000,negative,aegis_lifecycle_policy,ML-DSA-65,invalid_algorithm_identifier,policy256,256,29,0,83,0,184238080,true,rejected,1,0,0,0,3309,0,0,0,0,0,
local-1786752604326628000,macmini-m2-macos26.5.2-rust1.97.1-aarch64-20260814,9d3ab807a08ef4cf1077dbc23213e2314ce37c87,MEASURED,1786752606375904000,negative,aegis_lifecycle_policy,ML-DSA-65,invalid_algorithm_identifier,policy256,256,30,0,125,0,184238080,true,rejected,1,0,0,0,3309,0,0,0,0,0,
local-1786752604326628000,macmini-m2-macos26.5.2-rust1.97.1-aarch64-20260814,9d3ab807a08ef4cf1077dbc23213e2314ce37c87,MEASURED,1786752606375905000,negative,aegis_lifecycle_policy,ML-DSA-65,invalid_algorithm_identifier,policy256,256,31,0,125,0,184238080,true,rejected,1,0,0,0,3309,0,0,0,0,0,
local-1786752604326628000,macmini-m2-macos26.5.2-rust1.97.1-aarch64-20260814,9d3ab807a08ef4cf1077dbc23213e2314ce37c87,MEASURED,1786752606375907000,negative,aegis_lifecycle_policy,ML-DSA-65,invalid_algorithm_identifier,policy256,256,32,0,125,1000,184238080,true,rejected,1,0,0,0,3309,0,0,0,0,0,
local-1786752604326628000,macmini-m2-macos26.5.2-rust1.97.1-aarch64-20260814,9d3ab807a08ef4cf1077dbc23213e2314ce37c87,MEASURED,1786752606375908000,negative,aegis_lifecycle_policy,ML-DSA-65,invalid_algorithm_identifier,policy256,256,33,0,83,0,184238080,true,rejected,1,0,0,0,3309,0,0,0,0,0,
local-1786752604326628000,macmini-m2-macos26.5.2-rust1.97.1-aarch64-20260814,9d3ab807a08ef4cf1077dbc23213e2314ce37c87,MEASURED,1786752606375910000,negative,aegis_lifecycle_policy,ML-DSA-65,invalid_algorithm_identifier,policy256,256,34,0,125,1000,184238080,true,rejected,1,0,0,0,3309,0,0,0,0,0,
local-1786752604326628000,macmini-m2-macos26.5.2-rust1.97.1-aarch64-20260814,9d3ab807a08ef4cf1077dbc23213e2314ce37c87,MEASURED,1786752606375925000,negative,aegis_lifecycle_policy,ML-DSA-65,invalid_algorithm_identifier,policy256,256,35,0,167,0,184238080,true,rejected,1,0,0,0,3309,0,0,0,0,0,
local-1786752604326628000,macmini-m2-macos26.5.2-rust1.97.1-aarch64-20260814,9d3ab807a08ef4cf1077dbc23213e2314ce37c87,MEASURED,1786752606375926000,negative,aegis_lifecycle_policy,ML-DSA-65,invalid_algorithm_identifier,policy256,256,36,0,84,2000,184238080,true,rejected,1,0,0,0,3309,0,0,0,0,0,
local-1786752604326628000,macmini-m2-macos26.5.2-rust1.97.1-aarch64-20260814,9d3ab807a08ef4cf1077dbc23213e2314ce37c87,MEASURED,1786752606375928000,negative,aegis_lifecycle_policy,ML-DSA-65,invalid_algorithm_identifier,policy256,256,37,0,83,0,184238080,true,rejected,1,0,0,0,3309,0,0,0,0,0,
local-1786752604326628000,macmini-m2-macos26.5.2-rust1.97.1-aarch64-20260814,9d3ab807a08ef4cf1077dbc23213e2314ce37c87,MEASURED,1786752606375930000,negative,aegis_lifecycle_policy,ML-DSA-65,invalid_algorithm_identifier,policy256,256,38,0,84,0,184238080,true,rejected,1,0,0,0,3309,0,0,0,0,0,
local-1786752604326628000,macmini-m2-macos26.5.2-rust1.97.1-aarch64-20260814,9d3ab807a08ef4cf1077dbc23213e2314ce37c87,MEASURED,1786752606375931000,negative,aegis_lifecycle_policy,ML-DSA-65,invalid_algorithm_identifier,policy256,256,39,0,125,1000,184238080,true,rejected,1,0,0,0,3309,0,0,0,0,0,
local-1786752604326628000,macmini-m2-macos26.5.2-rust1.97.1-aarch64-20260814,9d3ab807a08ef4cf1077dbc23213e2314ce37c87,MEASURED,1786752606375933000,negative,aegis_lifecycle_policy,ML-DSA-65,invalid_algorithm_identifier,policy256,256,40,0,83,0,184238080,true,rejected,1,0,0,0,3309,0,0,0,0,0,
local-1786752604326628000,macmini-m2-macos26.5.2-rust1.97.1-aarch64-20260814,9d3ab807a08ef4cf1077dbc23213e2314ce37c87,MEASURED,1786752606375934000,negative,aegis_lifecycle_policy,ML-DSA-65,invalid_algorithm_identifier,policy256,256,41,0,84,0,184238080,true,rejected,1,0,0,0,3309,0,0,0,0,0,
local-1786752604326628000,macmini-m2-macos26.5.2-rust1.97.1-aarch64-20260814,9d3ab807a08ef4cf1077dbc23213e2314ce37c87,MEASURED,1786752606375936000,negative,aegis_lifecycle_policy,ML-DSA-65,invalid_algorithm_identifier,policy256,256,42,0,125,0,184238080,true,rejected,1,0,0,0,3309,0,0,0,0,0,
local-1786752604326628000,macmini-m2-macos26.5.2-rust1.97.1-aarch64-20260814,9d3ab807a08ef4cf1077dbc23213e2314ce37c87,MEASURED,1786752606375938000,negative,aegis_lifecycle_policy,ML-DSA-65,invalid_algorithm_identifier,policy256,256,43,0,83,1000,184238080,true,rejected,1,0,0,0,3309,0,0,0,0,0,
local-1786752604326628000,macmini-m2-macos26.5.2-rust1.97.1-aarch64-20260814,9d3ab807a08ef4cf1077dbc23213e2314ce37c87,MEASURED,1786752606375939000,negative,aegis_lifecycle_policy,ML-DSA-65,invalid_algorithm_identifier,policy256,256,44,0,125,0,184238080,true,rejected,1,0,0,0,3309,0,0,0,0,0,
local-1786752604326628000,macmini-m2-macos26.5.2-rust1.97.1-aarch64-20260814,9d3ab807a08ef4cf1077dbc23213e2314ce37c87,MEASURED,1786752606375941000,negative,aegis_lifecycle_policy,ML-DSA-65,invalid_algorithm_identifier,policy256,256,45,0,125,0,184238080,true,rejected,1,0,0,0,3309,0,0,0,0,0,
local-1786752604326628000,macmini-m2-macos26.5.2-rust1.97.1-aarch64-20260814,9d3ab807a08ef4cf1077dbc23213e2314ce37c87,MEASURED,1786752606375942000,negative,aegis_lifecycle_policy,ML-DSA-65,invalid_algorithm_identifier,policy256,256,46,0,83,1000,184238080,true,rejected,1,0,0,0,3309,0,0,0,0,0,
local-1786752604326628000,macmini-m2-macos26.5.2-rust1.97.1-aarch64-20260814,9d3ab807a08ef4cf1077dbc23213e2314ce37c87,MEASURED,1786752606375944000,negative,aegis_lifecycle_policy,ML-DSA-65,invalid_algorithm_identifier,policy256,256,47,0,125,0,184238080,true,rejected,1,0,0,0,3309,0,0,0,0,0,
local-1786752604326628000,macmini-m2-macos26.5.2-rust1.97.1-aarch64-20260814,9d3ab807a08ef4cf1077dbc23213e2314ce37c87,MEASURED,1786752606375946000,negative,aegis_lifecycle_policy,ML-DSA-65,invalid_algorithm_identifier,policy256,256,48,0,84,0,184238080,true,rejected,1,0,0,0,3309,0,0,0,0,0,
local-1786752604326628000,macmini-m2-macos26.5.2-rust1.97.1-aarch64-20260814,9d3ab807a08ef4cf1077dbc23213e2314ce37c87,MEASURED,1786752606375947000,negative,aegis_lifecycle_policy,ML-DSA-65,invalid_algorithm_identifier,policy256,256,49,0,83,0,184238080,true,rejected,1,0,0,0,3309,0,0,0,0,0,
local-1786752604326628000,macmini-m2-macos26.5.2-rust1.97.1-aarch64-20260814,9d3ab807a08ef4cf1077dbc23213e2314ce37c87,MEASURED,1786752606377123000,negative,aegis_lifecycle_policy,ML-DSA-65,malformed_signature,policy256,256,0,0,16167,19000,184238080,true,rejected,1,0,0,0,3308,0,0,0,0,0,
local-1786752604326628000,macmini-m2-macos26.5.2-rust1.97.1-aarch64-20260814,9d3ab807a08ef4cf1077dbc23213e2314ce37c87,MEASURED,1786752606377145000,negative,aegis_lifecycle_policy,ML-DSA-65,malformed_signature,policy256,256,1,0,18125,20000,184238080,true,rejected,1,0,0,0,3308,0,0,0,0,0,
local-1786752604326628000,macmini-m2-macos26.5.2-rust1.97.1-aarch64-20260814,9d3ab807a08ef4cf1077dbc23213e2314ce37c87,MEASURED,1786752606377165000,negative,aegis_lifecycle_policy,ML-DSA-65,malformed_signature,policy256,256,2,0,17000,20000,184238080,true,rejected,1,0,0,0,3308,0,0,0,0,0,
local-1786752604326628000,macmini-m2-macos26.5.2-rust1.97.1-aarch64-20260814,9d3ab807a08ef4cf1077dbc23213e2314ce37c87,MEASURED,1786752606377187000,negative,aegis_lifecycle_policy,ML-DSA-65,malformed_signature,policy256,256,3,0,19208,20000,184238080,true,rejected,1,0,0,0,3308,0,0,0,0,0,
local-1786752604326628000,macmini-m2-macos26.5.2-rust1.97.1-aarch64-20260814,9d3ab807a08ef4cf1077dbc23213e2314ce37c87,MEASURED,1786752606377209000,negative,aegis_lifecycle_policy,ML-DSA-65,malformed_signature,policy256,256,4,0,18083,21000,184238080,true,rejected,1,0,0,0,3308,0,0,0,0,0,
local-1786752604326628000,macmini-m2-macos26.5.2-rust1.97.1-aarch64-20260814,9d3ab807a08ef4cf1077dbc23213e2314ce37c87,MEASURED,1786752606377230000,negative,aegis_lifecycle_policy,ML-DSA-65,malformed_signature,policy256,256,5,0,18041,20000,184238080,true,rejected,1,0,0,0,3308,0,0,0,0,0,
local-1786752604326628000,macmini-m2-macos26.5.2-rust1.97.1-aarch64-20260814,9d3ab807a08ef4cf1077dbc23213e2314ce37c87,MEASURED,1786752606377255000,negative,aegis_lifecycle_policy,ML-DSA-65,malformed_signature,policy256,256,6,0,20833,23000,184238080,true,rejected,1,0,0,0,3308,0,0,0,0,0,
local-1786752604326628000,macmini-m2-macos26.5.2-rust1.97.1-aarch64-20260814,9d3ab807a08ef4cf1077dbc23213e2314ce37c87,MEASURED,1786752606377276000,negative,aegis_lifecycle_policy,ML-DSA-65,malformed_signature,policy256,256,7,0,18125,20000,184238080,true,rejected,1,0,0,0,3308,0,0,0,0,0,
local-1786752604326628000,macmini-m2-macos26.5.2-rust1.97.1-aarch64-20260814,9d3ab807a08ef4cf1077dbc23213e2314ce37c87,MEASURED,1786752606377295000,negative,aegis_lifecycle_policy,ML-DSA-65,malformed_signature,policy256,256,8,0,16000,18000,184238080,true,rejected,1,0,0,0,3308,0,0,0,0,0,
local-1786752604326628000,macmini-m2-macos26.5.2-rust1.97.1-aarch64-20260814,9d3ab807a08ef4cf1077dbc23213e2314ce37c87,MEASURED,1786752606377314000,negative,aegis_lifecycle_policy,ML-DSA-65,malformed_signature,policy256,256,9,0,16417,17000,184238080,true,rejected,1,0,0,0,3308,0,0,0,0,0,
local-1786752604326628000,macmini-m2-macos26.5.2-rust1.97.1-aarch64-20260814,9d3ab807a08ef4cf1077dbc23213e2314ce37c87,MEASURED,1786752606377335000,negative,aegis_lifecycle_policy,ML-DSA-65,malformed_signature,policy256,256,10,0,18291,19000,184238080,true,rejected,1,0,0,0,3308,0,0,0,0,0,
local-1786752604326628000,macmini-m2-macos26.5.2-rust1.97.1-aarch64-20260814,9d3ab807a08ef4cf1077dbc23213e2314ce37c87,MEASURED,1786752606377359000,negative,aegis_lifecycle_policy,ML-DSA-65,malformed_signature,policy256,256,11,0,21084,23000,184238080,true,rejected,1,0,0,0,3308,0,0,0,0,0,
local-1786752604326628000,macmini-m2-macos26.5.2-rust1.97.1-aarch64-20260814,9d3ab807a08ef4cf1077dbc23213e2314ce37c87,MEASURED,1786752606377386000,negative,aegis_lifecycle_policy,ML-DSA-65,malformed_signature,policy256,256,12,0,24667,27000,184238080,true,rejected,1,0,0,0,3308,0,0,0,0,0,
local-1786752604326628000,macmini-m2-macos26.5.2-rust1.97.1-aarch64-20260814,9d3ab807a08ef4cf1077dbc23213e2314ce37c87,MEASURED,1786752606377417000,negative,aegis_lifecycle_policy,ML-DSA-65,malformed_signature,policy256,256,13,0,18834,20000,184238080,true,rejected,1,0,0,0,3308,0,0,0,0,0,
local-1786752604326628000,macmini-m2-macos26.5.2-rust1.97.1-aarch64-20260814,9d3ab807a08ef4cf1077dbc23213e2314ce37c87,MEASURED,1786752606377434000,negative,aegis_lifecycle_policy,ML-DSA-65,malformed_signature,policy256,256,14,0,14250,16000,184238080,true,rejected,1,0,0,0,3308,0,0,0,0,0,
local-1786752604326628000,macmini-m2-macos26.5.2-rust1.97.1-aarch64-20260814,9d3ab807a08ef4cf1077dbc23213e2314ce37c87,MEASURED,1786752606377451000,negative,aegis_lifecycle_policy,ML-DSA-65,malformed_signature,policy256,256,15,0,15041,16000,184238080,true,rejected,1,0,0,0,3308,0,0,0,0,0,
local-1786752604326628000,macmini-m2-macos26.5.2-rust1.97.1-aarch64-20260814,9d3ab807a08ef4cf1077dbc23213e2314ce37c87,MEASURED,1786752606377472000,negative,aegis_lifecycle_policy,ML-DSA-65,malformed_signature,policy256,256,16,0,18958,19000,184238080,true,rejected,1,0,0,0,3308,0,0,0,0,0,
local-1786752604326628000,macmini-m2-macos26.5.2-rust1.97.1-aarch64-20260814,9d3ab807a08ef4cf1077dbc23213e2314ce37c87,MEASURED,1786752606377520000,negative,aegis_lifecycle_policy,ML-DSA-65,malformed_signature,policy256,256,17,0,45375,61000,184238080,true,rejected,1,0,0,0,3308,0,0,0,0,0,
local-1786752604326628000,macmini-m2-macos26.5.2-rust1.97.1-aarch64-20260814,9d3ab807a08ef4cf1077dbc23213e2314ce37c87,MEASURED,1786752606377541000,negative,aegis_lifecycle_policy,ML-DSA-65,malformed_signature,policy256,256,18,0,19667,43000,184238080,true,rejected,1,0,0,0,3308,0,0,0,0,0,
local-1786752604326628000,macmini-m2-macos26.5.2-rust1.97.1-aarch64-20260814,9d3ab807a08ef4cf1077dbc23213e2314ce37c87,MEASURED,1786752606377559000,negative,aegis_lifecycle_policy,ML-DSA-65,malformed_signature,policy256,256,19,0,14709,20000,184238080,true,rejected,1,0,0,0,3308,0,0,0,0,0,
local-1786752604326628000,macmini-m2-macos26.5.2-rust1.97.1-aarch64-20260814,9d3ab807a08ef4cf1077dbc23213e2314ce37c87,MEASURED,1786752606377576000,negative,aegis_lifecycle_policy,ML-DSA-65,malformed_signature,policy256,256,20,0,14500,14000,184238080,true,rejected,1,0,0,0,3308,0,0,0,0,0,
local-1786752604326628000,macmini-m2-macos26.5.2-rust1.97.1-aarch64-20260814,9d3ab807a08ef4cf1077dbc23213e2314ce37c87,MEASURED,1786752606377594000,negative,aegis_lifecycle_policy,ML-DSA-65,malformed_signature,policy256,256,21,0,15375,17000,184238080,true,rejected,1,0,0,0,3308,0,0,0,0,0,
local-1786752604326628000,macmini-m2-macos26.5.2-rust1.97.1-aarch64-20260814,9d3ab807a08ef4cf1077dbc23213e2314ce37c87,MEASURED,1786752606377615000,negative,aegis_lifecycle_policy,ML-DSA-65,malformed_signature,policy256,256,22,0,18125,21000,184238080,true,rejected,1,0,0,0,3308,0,0,0,0,0,
local-1786752604326628000,macmini-m2-macos26.5.2-rust1.97.1-aarch64-20260814,9d3ab807a08ef4cf1077dbc23213e2314ce37c87,MEASURED,1786752606377633000,negative,aegis_lifecycle_policy,ML-DSA-65,malformed_signature,policy256,256,23,0,15708,17000,184238080,true,rejected,1,0,0,0,3308,0,0,0,0,0,
local-1786752604326628000,macmini-m2-macos26.5.2-rust1.97.1-aarch64-20260814,9d3ab807a08ef4cf1077dbc23213e2314ce37c87,MEASURED,1786752606377654000,negative,aegis_lifecycle_policy,ML-DSA-65,malformed_signature,policy256,256,24,0,18375,21000,184238080,true,rejected,1,0,0,0,3308,0,0,0,0,0,
local-1786752604326628000,macmini-m2-macos26.5.2-rust1.97.1-aarch64-20260814,9d3ab807a08ef4cf1077dbc23213e2314ce37c87,MEASURED,1786752606377674000,negative,aegis_lifecycle_policy,ML-DSA-65,malformed_signature,policy256,256,25,0,17709,22000,184238080,true,rejected,1,0,0,0,3308,0,0,0,0,0,
local-1786752604326628000,macmini-m2-macos26.5.2-rust1.97.1-aarch64-20260814,9d3ab807a08ef4cf1077dbc23213e2314ce37c87,MEASURED,1786752606377732000,negative,aegis_lifecycle_policy,ML-DSA-65,malformed_signature,policy256,256,26,0,56209,66000,184238080,true,rejected,1,0,0,0,3308,0,0,0,0,0,
local-1786752604326628000,macmini-m2-macos26.5.2-rust1.97.1-aarch64-20260814,9d3ab807a08ef4cf1077dbc23213e2314ce37c87,MEASURED,1786752606377754000,negative,aegis_lifecycle_policy,ML-DSA-65,malformed_signature,policy256,256,27,0,17959,21000,184238080,true,rejected,1,0,0,0,3308,0,0,0,0,0,
local-1786752604326628000,macmini-m2-macos26.5.2-rust1.97.1-aarch64-20260814,9d3ab807a08ef4cf1077dbc23213e2314ce37c87,MEASURED,1786752606377775000,negative,aegis_lifecycle_policy,ML-DSA-65,malformed_signature,policy256,256,28,0,17792,20000,184238080,true,rejected,1,0,0,0,3308,0,0,0,0,0,
local-1786752604326628000,macmini-m2-macos26.5.2-rust1.97.1-aarch64-20260814,9d3ab807a08ef4cf1077dbc23213e2314ce37c87,MEASURED,1786752606377797000,negative,aegis_lifecycle_policy,ML-DSA-65,malformed_signature,policy256,256,29,0,18834,23000,184238080,true,rejected,1,0,0,0,3308,0,0,0,0,0,
local-1786752604326628000,macmini-m2-macos26.5.2-rust1.97.1-aarch64-20260814,9d3ab807a08ef4cf1077dbc23213e2314ce37c87,MEASURED,1786752606377817000,negative,aegis_lifecycle_policy,ML-DSA-65,malformed_signature,policy256,256,30,0,17708,18000,184238080,true,rejected,1,0,0,0,3308,0,0,0,0,0,
local-1786752604326628000,macmini-m2-macos26.5.2-rust1.97.1-aarch64-20260814,9d3ab807a08ef4cf1077dbc23213e2314ce37c87,MEASURED,1786752606377841000,negative,aegis_lifecycle_policy,ML-DSA-65,malformed_signature,policy256,256,31,0,21958,24000,184238080,true,rejected,1,0,0,0,3308,0,0,0,0,0,
local-1786752604326628000,macmini-m2-macos26.5.2-rust1.97.1-aarch64-20260814,9d3ab807a08ef4cf1077dbc23213e2314ce37c87,MEASURED,1786752606377862000,negative,aegis_lifecycle_policy,ML-DSA-65,malformed_signature,policy256,256,32,0,18416,24000,184238080,true,rejected,1,0,0,0,3308,0,0,0,0,0,
local-1786752604326628000,macmini-m2-macos26.5.2-rust1.97.1-aarch64-20260814,9d3ab807a08ef4cf1077dbc23213e2314ce37c87,MEASURED,1786752606377884000,negative,aegis_lifecycle_policy,ML-DSA-65,malformed_signature,policy256,256,33,0,18500,23000,184238080,true,rejected,1,0,0,0,3308,0,0,0,0,0,
local-1786752604326628000,macmini-m2-macos26.5.2-rust1.97.1-aarch64-20260814,9d3ab807a08ef4cf1077dbc23213e2314ce37c87,MEASURED,1786752606377905000,negative,aegis_lifecycle_policy,ML-DSA-65,malformed_signature,policy256,256,34,0,18709,19000,184238080,true,rejected,1,0,0,0,3308,0,0,0,0,0,
local-1786752604326628000,macmini-m2-macos26.5.2-rust1.97.1-aarch64-20260814,9d3ab807a08ef4cf1077dbc23213e2314ce37c87,MEASURED,1786752606377926000,negative,aegis_lifecycle_policy,ML-DSA-65,malformed_signature,policy256,256,35,0,17709,19000,184238080,true,rejected,1,0,0,0,3308,0,0,0,0,0,
local-1786752604326628000,macmini-m2-macos26.5.2-rust1.97.1-aarch64-20260814,9d3ab807a08ef4cf1077dbc23213e2314ce37c87,MEASURED,1786752606377947000,negative,aegis_lifecycle_policy,ML-DSA-65,malformed_signature,policy256,256,36,0,18500,19000,184238080,true,rejected,1,0,0,0,3308,0,0,0,0,0,
local-1786752604326628000,macmini-m2-macos26.5.2-rust1.97.1-aarch64-20260814,9d3ab807a08ef4cf1077dbc23213e2314ce37c87,MEASURED,1786752606377968000,negative,aegis_lifecycle_policy,ML-DSA-65,malformed_signature,policy256,256,37,0,18125,18000,184238080,true,rejected,1,0,0,0,3308,0,0,0,0,0,
local-1786752604326628000,macmini-m2-macos26.5.2-rust1.97.1-aarch64-20260814,9d3ab807a08ef4cf1077dbc23213e2314ce37c87,MEASURED,1786752606377987000,negative,aegis_lifecycle_policy,ML-DSA-65,malformed_signature,policy256,256,38,0,16167,17000,184238080,true,rejected,1,0,0,0,3308,0,0,0,0,0,
local-1786752604326628000,macmini-m2-macos26.5.2-rust1.97.1-aarch64-20260814,9d3ab807a08ef4cf1077dbc23213e2314ce37c87,MEASURED,1786752606378013000,negative,aegis_lifecycle_policy,ML-DSA-65,malformed_signature,policy256,256,39,0,22708,24000,184238080,true,rejected,1,0,0,0,3308,0,0,0,0,0,
local-1786752604326628000,macmini-m2-macos26.5.2-rust1.97.1-aarch64-20260814,9d3ab807a08ef4cf1077dbc23213e2314ce37c87,MEASURED,1786752606378034000,negative,aegis_lifecycle_policy,ML-DSA-65,malformed_signature,policy256,256,40,0,18167,21000,184238080,true,rejected,1,0,0,0,3308,0,0,0,0,0,
local-1786752604326628000,macmini-m2-macos26.5.2-rust1.97.1-aarch64-20260814,9d3ab807a08ef4cf1077dbc23213e2314ce37c87,MEASURED,1786752606378060000,negative,aegis_lifecycle_policy,ML-DSA-65,malformed_signature,policy256,256,41,0,16791,18000,184238080,true,rejected,1,0,0,0,3308,0,0,0,0,0,
local-1786752604326628000,macmini-m2-macos26.5.2-rust1.97.1-aarch64-20260814,9d3ab807a08ef4cf1077dbc23213e2314ce37c87,MEASURED,1786752606378081000,negative,aegis_lifecycle_policy,ML-DSA-65,malformed_signature,policy256,256,42,0,18625,20000,184238080,true,rejected,1,0,0,0,3308,0,0,0,0,0,
local-1786752604326628000,macmini-m2-macos26.5.2-rust1.97.1-aarch64-20260814,9d3ab807a08ef4cf1077dbc23213e2314ce37c87,MEASURED,1786752606378100000,negative,aegis_lifecycle_policy,ML-DSA-65,malformed_signature,policy256,256,43,0,16125,17000,184238080,true,rejected,1,0,0,0,3308,0,0,0,0,0,
local-1786752604326628000,macmini-m2-macos26.5.2-rust1.97.1-aarch64-20260814,9d3ab807a08ef4cf1077dbc23213e2314ce37c87,MEASURED,1786752606378118000,negative,aegis_lifecycle_policy,ML-DSA-65,malformed_signature,policy256,256,44,0,15833,17000,184238080,true,rejected,1,0,0,0,3308,0,0,0,0,0,
local-1786752604326628000,macmini-m2-macos26.5.2-rust1.97.1-aarch64-20260814,9d3ab807a08ef4cf1077dbc23213e2314ce37c87,MEASURED,1786752606378140000,negative,aegis_lifecycle_policy,ML-DSA-65,malformed_signature,policy256,256,45,0,19042,20000,184238080,true,rejected,1,0,0,0,3308,0,0,0,0,0,
local-1786752604326628000,macmini-m2-macos26.5.2-rust1.97.1-aarch64-20260814,9d3ab807a08ef4cf1077dbc23213e2314ce37c87,MEASURED,1786752606378160000,negative,aegis_lifecycle_policy,ML-DSA-65,malformed_signature,policy256,256,46,0,16500,18000,184238080,true,rejected,1,0,0,0,3308,0,0,0,0,0,
local-1786752604326628000,macmini-m2-macos26.5.2-rust1.97.1-aarch64-20260814,9d3ab807a08ef4cf1077dbc23213e2314ce37c87,MEASURED,1786752606378182000,negative,aegis_lifecycle_policy,ML-DSA-65,malformed_signature,policy256,256,47,0,19083,20000,184238080,true,rejected,1,0,0,0,3308,0,0,0,0,0,
local-1786752604326628000,macmini-m2-macos26.5.2-rust1.97.1-aarch64-20260814,9d3ab807a08ef4cf1077dbc23213e2314ce37c87,MEASURED,1786752606378200000,negative,aegis_lifecycle_policy,ML-DSA-65,malformed_signature,policy256,256,48,0,15959,18000,184238080,true,rejected,1,0,0,0,3308,0,0,0,0,0,
local-1786752604326628000,macmini-m2-macos26.5.2-rust1.97.1-aarch64-20260814,9d3ab807a08ef4cf1077dbc23213e2314ce37c87,MEASURED,1786752606378222000,negative,aegis_lifecycle_policy,ML-DSA-65,malformed_signature,policy256,256,49,0,19041,19000,184238080,true,rejected,1,0,0,0,3308,0,0,0,0,0,
local-1786752604326628000,macmini-m2-macos26.5.2-rust1.97.1-aarch64-20260814,9d3ab807a08ef4cf1077dbc23213e2314ce37c87,MEASURED,1786752606379034000,negative,aegis_lifecycle_policy,ML-DSA-65,malformed_key,policy256,256,0,0,19584,22000,184238080,true,rejected,1,0,0,0,3309,0,0,0,0,0,
local-1786752604326628000,macmini-m2-macos26.5.2-rust1.97.1-aarch64-20260814,9d3ab807a08ef4cf1077dbc23213e2314ce37c87,MEASURED,1786752606379055000,negative,aegis_lifecycle_policy,ML-DSA-65,malformed_key,policy256,256,1,0,17958,18000,184238080,true,rejected,1,0,0,0,3309,0,0,0,0,0,
local-1786752604326628000,macmini-m2-macos26.5.2-rust1.97.1-aarch64-20260814,9d3ab807a08ef4cf1077dbc23213e2314ce37c87,MEASURED,1786752606379076000,negative,aegis_lifecycle_policy,ML-DSA-65,malformed_key,policy256,256,2,0,18416,19000,184238080,true,rejected,1,0,0,0,3309,0,0,0,0,0,
local-1786752604326628000,macmini-m2-macos26.5.2-rust1.97.1-aarch64-20260814,9d3ab807a08ef4cf1077dbc23213e2314ce37c87,MEASURED,1786752606379096000,negative,aegis_lifecycle_policy,ML-DSA-65,malformed_key,policy256,256,3,0,17916,18000,184238080,true,rejected,1,0,0,0,3309,0,0,0,0,0,
local-1786752604326628000,macmini-m2-macos26.5.2-rust1.97.1-aarch64-20260814,9d3ab807a08ef4cf1077dbc23213e2314ce37c87,MEASURED,1786752606379116000,negative,aegis_lifecycle_policy,ML-DSA-65,malformed_key,policy256,256,4,0,17333,17000,184238080,true,rejected,1,0,0,0,3309,0,0,0,0,0,
local-1786752604326628000,macmini-m2-macos26.5.2-rust1.97.1-aarch64-20260814,9d3ab807a08ef4cf1077dbc23213e2314ce37c87,MEASURED,1786752606379137000,negative,aegis_lifecycle_policy,ML-DSA-65,malformed_key,policy256,256,5,0,18000,18000,184238080,true,rejected,1,0,0,0,3309,0,0,0,0,0,
local-1786752604326628000,macmini-m2-macos26.5.2-rust1.97.1-aarch64-20260814,9d3ab807a08ef4cf1077dbc23213e2314ce37c87,MEASURED,1786752606379157000,negative,aegis_lifecycle_policy,ML-DSA-65,malformed_key,policy256,256,6,0,17875,18000,184238080,true,rejected,1,0,0,0,3309,0,0,0,0,0,
local-1786752604326628000,macmini-m2-macos26.5.2-rust1.97.1-aarch64-20260814,9d3ab807a08ef4cf1077dbc23213e2314ce37c87,MEASURED,1786752606379178000,negative,aegis_lifecycle_policy,ML-DSA-65,malformed_key,policy256,256,7,0,18042,18000,184238080,true,rejected,1,0,0,0,3309,0,0,0,0,0,
local-1786752604326628000,macmini-m2-macos26.5.2-rust1.97.1-aarch64-20260814,9d3ab807a08ef4cf1077dbc23213e2314ce37c87,MEASURED,1786752606379199000,negative,aegis_lifecycle_policy,ML-DSA-65,malformed_key,policy256,256,8,0,18375,19000,184238080,true,rejected,1,0,0,0,3309,0,0,0,0,0,
local-1786752604326628000,macmini-m2-macos26.5.2-rust1.97.1-aarch64-20260814,9d3ab807a08ef4cf1077dbc23213e2314ce37c87,MEASURED,1786752606379220000,negative,aegis_lifecycle_policy,ML-DSA-65,malformed_key,policy256,256,9,0,18750,20000,184238080,true,rejected,1,0,0,0,3309,0,0,0,0,0,
local-1786752604326628000,macmini-m2-macos26.5.2-rust1.97.1-aarch64-20260814,9d3ab807a08ef4cf1077dbc23213e2314ce37c87,MEASURED,1786752606379241000,negative,aegis_lifecycle_policy,ML-DSA-65,malformed_key,policy256,256,10,0,18083,19000,184238080,true,rejected,1,0,0,0,3309,0,0,0,0,0,
local-1786752604326628000,macmini-m2-macos26.5.2-rust1.97.1-aarch64-20260814,9d3ab807a08ef4cf1077dbc23213e2314ce37c87,MEASURED,1786752606379262000,negative,aegis_lifecycle_policy,ML-DSA-65,malformed_key,policy256,256,11,0,18083,19000,184238080,true,rejected,1,0,0,0,3309,0,0,0,0,0,
local-1786752604326628000,macmini-m2-macos26.5.2-rust1.97.1-aarch64-20260814,9d3ab807a08ef4cf1077dbc23213e2314ce37c87,MEASURED,1786752606379283000,negative,aegis_lifecycle_policy,ML-DSA-65,malformed_key,policy256,256,12,0,18333,20000,184238080,true,rejected,1,0,0,0,3309,0,0,0,0,0,
local-1786752604326628000,macmini-m2-macos26.5.2-rust1.97.1-aarch64-20260814,9d3ab807a08ef4cf1077dbc23213e2314ce37c87,MEASURED,1786752606379305000,negative,aegis_lifecycle_policy,ML-DSA-65,malformed_key,policy256,256,13,0,18708,20000,184238080,true,rejected,1,0,0,0,3309,0,0,0,0,0,
local-1786752604326628000,macmini-m2-macos26.5.2-rust1.97.1-aarch64-20260814,9d3ab807a08ef4cf1077dbc23213e2314ce37c87,MEASURED,1786752606379325000,negative,aegis_lifecycle_policy,ML-DSA-65,malformed_key,policy256,256,14,0,17500,19000,184238080,true,rejected,1,0,0,0,3309,0,0,0,0,0,
local-1786752604326628000,macmini-m2-macos26.5.2-rust1.97.1-aarch64-20260814,9d3ab807a08ef4cf1077dbc23213e2314ce37c87,MEASURED,1786752606379345000,negative,aegis_lifecycle_policy,ML-DSA-65,malformed_key,policy256,256,15,0,17792,19000,184238080,true,rejected,1,0,0,0,3309,0,0,0,0,0,
local-1786752604326628000,macmini-m2-macos26.5.2-rust1.97.1-aarch64-20260814,9d3ab807a08ef4cf1077dbc23213e2314ce37c87,MEASURED,1786752606379365000,negative,aegis_lifecycle_policy,ML-DSA-65,malformed_key,policy256,256,16,0,17709,19000,184238080,true,rejected,1,0,0,0,3309,0,0,0,0,0,
local-1786752604326628000,macmini-m2-macos26.5.2-rust1.97.1-aarch64-20260814,9d3ab807a08ef4cf1077dbc23213e2314ce37c87,MEASURED,1786752606379387000,negative,aegis_lifecycle_policy,ML-DSA-65,malformed_key,policy256,256,17,0,18958,22000,184238080,true,rejected,1,0,0,0,3309,0,0,0,0,0,
local-1786752604326628000,macmini-m2-macos26.5.2-rust1.97.1-aarch64-20260814,9d3ab807a08ef4cf1077dbc23213e2314ce37c87,MEASURED,1786752606379406000,negative,aegis_lifecycle_policy,ML-DSA-65,malformed_key,policy256,256,18,0,17042,18000,184238080,true,rejected,1,0,0,0,3309,0,0,0,0,0,
local-1786752604326628000,macmini-m2-macos26.5.2-rust1.97.1-aarch64-20260814,9d3ab807a08ef4cf1077dbc23213e2314ce37c87,MEASURED,1786752606379436000,negative,aegis_lifecycle_policy,ML-DSA-65,malformed_key,policy256,256,19,0,18625,20000,184238080,true,rejected,1,0,0,0,3309,0,0,0,0,0,
local-1786752604326628000,macmini-m2-macos26.5.2-rust1.97.1-aarch64-20260814,9d3ab807a08ef4cf1077dbc23213e2314ce37c87,MEASURED,1786752606379456000,negative,aegis_lifecycle_policy,ML-DSA-65,malformed_key,policy256,256,20,0,16209,18000,184238080,true,rejected,1,0,0,0,3309,0,0,0,0,0,
local-1786752604326628000,macmini-m2-macos26.5.2-rust1.97.1-aarch64-20260814,9d3ab807a08ef4cf1077dbc23213e2314ce37c87,MEASURED,1786752606379475000,negative,aegis_lifecycle_policy,ML-DSA-65,malformed_key,policy256,256,21,0,16959,18000,184238080,true,rejected,1,0,0,0,3309,0,0,0,0,0,
local-1786752604326628000,macmini-m2-macos26.5.2-rust1.97.1-aarch64-20260814,9d3ab807a08ef4cf1077dbc23213e2314ce37c87,MEASURED,1786752606379496000,negative,aegis_lifecycle_policy,ML-DSA-65,malformed_key,policy256,256,22,0,18333,20000,184238080,true,rejected,1,0,0,0,3309,0,0,0,0,0,
local-1786752604326628000,macmini-m2-macos26.5.2-rust1.97.1-aarch64-20260814,9d3ab807a08ef4cf1077dbc23213e2314ce37c87,MEASURED,1786752606379520000,negative,aegis_lifecycle_policy,ML-DSA-65,malformed_key,policy256,256,23,0,21209,23000,184238080,true,rejected,1,0,0,0,3309,0,0,0,0,0,
local-1786752604326628000,macmini-m2-macos26.5.2-rust1.97.1-aarch64-20260814,9d3ab807a08ef4cf1077dbc23213e2314ce37c87,MEASURED,1786752606379541000,negative,aegis_lifecycle_policy,ML-DSA-65,malformed_key,policy256,256,24,0,18958,20000,184238080,true,rejected,1,0,0,0,3309,0,0,0,0,0,
local-1786752604326628000,macmini-m2-macos26.5.2-rust1.97.1-aarch64-20260814,9d3ab807a08ef4cf1077dbc23213e2314ce37c87,MEASURED,1786752606379563000,negative,aegis_lifecycle_policy,ML-DSA-65,malformed_key,policy256,256,25,0,19167,20000,184238080,true,rejected,1,0,0,0,3309,0,0,0,0,0,
local-1786752604326628000,macmini-m2-macos26.5.2-rust1.97.1-aarch64-20260814,9d3ab807a08ef4cf1077dbc23213e2314ce37c87,MEASURED,1786752606379584000,negative,aegis_lifecycle_policy,ML-DSA-65,malformed_key,policy256,256,26,0,17917,18000,184238080,true,rejected,1,0,0,0,3309,0,0,0,0,0,
local-1786752604326628000,macmini-m2-macos26.5.2-rust1.97.1-aarch64-20260814,9d3ab807a08ef4cf1077dbc23213e2314ce37c87,MEASURED,1786752606379604000,negative,aegis_lifecycle_policy,ML-DSA-65,malformed_key,policy256,256,27,0,18000,18000,184238080,true,rejected,1,0,0,0,3309,0,0,0,0,0,
local-1786752604326628000,macmini-m2-macos26.5.2-rust1.97.1-aarch64-20260814,9d3ab807a08ef4cf1077dbc23213e2314ce37c87,MEASURED,1786752606379622000,negative,aegis_lifecycle_policy,ML-DSA-65,malformed_key,policy256,256,28,0,15834,17000,184238080,true,rejected,1,0,0,0,3309,0,0,0,0,0,
local-1786752604326628000,macmini-m2-macos26.5.2-rust1.97.1-aarch64-20260814,9d3ab807a08ef4cf1077dbc23213e2314ce37c87,MEASURED,1786752606379641000,negative,aegis_lifecycle_policy,ML-DSA-65,malformed_key,policy256,256,29,0,15667,16000,184238080,true,rejected,1,0,0,0,3309,0,0,0,0,0,
local-1786752604326628000,macmini-m2-macos26.5.2-rust1.97.1-aarch64-20260814,9d3ab807a08ef4cf1077dbc23213e2314ce37c87,MEASURED,1786752606379659000,negative,aegis_lifecycle_policy,ML-DSA-65,malformed_key,policy256,256,30,0,16125,16000,184238080,true,rejected,1,0,0,0,3309,0,0,0,0,0,
local-1786752604326628000,macmini-m2-macos26.5.2-rust1.97.1-aarch64-20260814,9d3ab807a08ef4cf1077dbc23213e2314ce37c87,MEASURED,1786752606379680000,negative,aegis_lifecycle_policy,ML-DSA-65,malformed_key,policy256,256,31,0,17917,18000,184238080,true,rejected,1,0,0,0,3309,0,0,0,0,0,
local-1786752604326628000,macmini-m2-macos26.5.2-rust1.97.1-aarch64-20260814,9d3ab807a08ef4cf1077dbc23213e2314ce37c87,MEASURED,1786752606379701000,negative,aegis_lifecycle_policy,ML-DSA-65,malformed_key,policy256,256,32,0,18291,18000,184238080,true,rejected,1,0,0,0,3309,0,0,0,0,0,
local-1786752604326628000,macmini-m2-macos26.5.2-rust1.97.1-aarch64-20260814,9d3ab807a08ef4cf1077dbc23213e2314ce37c87,MEASURED,1786752606379722000,negative,aegis_lifecycle_policy,ML-DSA-65,malformed_key,policy256,256,33,0,18875,19000,184238080,true,rejected,1,0,0,0,3309,0,0,0,0,0,
local-1786752604326628000,macmini-m2-macos26.5.2-rust1.97.1-aarch64-20260814,9d3ab807a08ef4cf1077dbc23213e2314ce37c87,MEASURED,1786752606379743000,negative,aegis_lifecycle_policy,ML-DSA-65,malformed_key,policy256,256,34,0,18333,18000,184238080,true,rejected,1,0,0,0,3309,0,0,0,0,0,
local-1786752604326628000,macmini-m2-macos26.5.2-rust1.97.1-aarch64-20260814,9d3ab807a08ef4cf1077dbc23213e2314ce37c87,MEASURED,1786752606379768000,negative,aegis_lifecycle_policy,ML-DSA-65,malformed_key,policy256,256,35,0,23166,25000,184238080,true,rejected,1,0,0,0,3309,0,0,0,0,0,
local-1786752604326628000,macmini-m2-macos26.5.2-rust1.97.1-aarch64-20260814,9d3ab807a08ef4cf1077dbc23213e2314ce37c87,MEASURED,1786752606379794000,negative,aegis_lifecycle_policy,ML-DSA-65,malformed_key,policy256,256,36,0,22584,27000,184238080,true,rejected,1,0,0,0,3309,0,0,0,0,0,
local-1786752604326628000,macmini-m2-macos26.5.2-rust1.97.1-aarch64-20260814,9d3ab807a08ef4cf1077dbc23213e2314ce37c87,MEASURED,1786752606379816000,negative,aegis_lifecycle_policy,ML-DSA-65,malformed_key,policy256,256,37,0,19750,20000,184238080,true,rejected,1,0,0,0,3309,0,0,0,0,0,
local-1786752604326628000,macmini-m2-macos26.5.2-rust1.97.1-aarch64-20260814,9d3ab807a08ef4cf1077dbc23213e2314ce37c87,MEASURED,1786752606379837000,negative,aegis_lifecycle_policy,ML-DSA-65,malformed_key,policy256,256,38,0,18042,18000,184238080,true,rejected,1,0,0,0,3309,0,0,0,0,0,
local-1786752604326628000,macmini-m2-macos26.5.2-rust1.97.1-aarch64-20260814,9d3ab807a08ef4cf1077dbc23213e2314ce37c87,MEASURED,1786752606379858000,negative,aegis_lifecycle_policy,ML-DSA-65,malformed_key,policy256,256,39,0,17917,19000,184238080,true,rejected,1,0,0,0,3309,0,0,0,0,0,
local-1786752604326628000,macmini-m2-macos26.5.2-rust1.97.1-aarch64-20260814,9d3ab807a08ef4cf1077dbc23213e2314ce37c87,MEASURED,1786752606379879000,negative,aegis_lifecycle_policy,ML-DSA-65,malformed_key,policy256,256,40,0,18666,19000,184238080,true,rejected,1,0,0,0,3309,0,0,0,0,0,
local-1786752604326628000,macmini-m2-macos26.5.2-rust1.97.1-aarch64-20260814,9d3ab807a08ef4cf1077dbc23213e2314ce37c87,MEASURED,1786752606379900000,negative,aegis_lifecycle_policy,ML-DSA-65,malformed_key,policy256,256,41,0,18458,19000,184238080,true,rejected,1,0,0,0,3309,0,0,0,0,0,
local-1786752604326628000,macmini-m2-macos26.5.2-rust1.97.1-aarch64-20260814,9d3ab807a08ef4cf1077dbc23213e2314ce37c87,MEASURED,1786752606379922000,negative,aegis_lifecycle_policy,ML-DSA-65,malformed_key,policy256,256,42,0,18750,20000,184238080,true,rejected,1,0,0,0,3309,0,0,0,0,0,
local-1786752604326628000,macmini-m2-macos26.5.2-rust1.97.1-aarch64-20260814,9d3ab807a08ef4cf1077dbc23213e2314ce37c87,MEASURED,1786752606379940000,negative,aegis_lifecycle_policy,ML-DSA-65,malformed_key,policy256,256,43,0,16208,17000,184238080,true,rejected,1,0,0,0,3309,0,0,0,0,0,
local-1786752604326628000,macmini-m2-macos26.5.2-rust1.97.1-aarch64-20260814,9d3ab807a08ef4cf1077dbc23213e2314ce37c87,MEASURED,1786752606379961000,negative,aegis_lifecycle_policy,ML-DSA-65,malformed_key,policy256,256,44,0,18250,19000,184238080,true,rejected,1,0,0,0,3309,0,0,0,0,0,
local-1786752604326628000,macmini-m2-macos26.5.2-rust1.97.1-aarch64-20260814,9d3ab807a08ef4cf1077dbc23213e2314ce37c87,MEASURED,1786752606379981000,negative,aegis_lifecycle_policy,ML-DSA-65,malformed_key,policy256,256,45,0,17542,18000,184238080,true,rejected,1,0,0,0,3309,0,0,0,0,0,
local-1786752604326628000,macmini-m2-macos26.5.2-rust1.97.1-aarch64-20260814,9d3ab807a08ef4cf1077dbc23213e2314ce37c87,MEASURED,1786752606380002000,negative,aegis_lifecycle_policy,ML-DSA-65,malformed_key,policy256,256,46,0,17833,18000,184238080,true,rejected,1,0,0,0,3309,0,0,0,0,0,
local-1786752604326628000,macmini-m2-macos26.5.2-rust1.97.1-aarch64-20260814,9d3ab807a08ef4cf1077dbc23213e2314ce37c87,MEASURED,1786752606380022000,negative,aegis_lifecycle_policy,ML-DSA-65,malformed_key,policy256,256,47,0,17625,17000,184238080,true,rejected,1,0,0,0,3309,0,0,0,0,0,
local-1786752604326628000,macmini-m2-macos26.5.2-rust1.97.1-aarch64-20260814,9d3ab807a08ef4cf1077dbc23213e2314ce37c87,MEASURED,1786752606380049000,negative,aegis_lifecycle_policy,ML-DSA-65,malformed_key,policy256,256,48,0,18042,19000,184238080,true,rejected,1,0,0,0,3309,0,0,0,0,0,
local-1786752604326628000,macmini-m2-macos26.5.2-rust1.97.1-aarch64-20260814,9d3ab807a08ef4cf1077dbc23213e2314ce37c87,MEASURED,1786752606380068000,negative,aegis_lifecycle_policy,ML-DSA-65,malformed_key,policy256,256,49,0,16000,16000,184238080,true,rejected,1,0,0,0,3309,0,0,0,0,0,
