run_id,environment_id,source_commit,classification,suite,layer,algorithm,operation,payload_profile,message_bytes,iteration,warmup_iterations,wall_ns,cpu_ns,max_rss_bytes,valid,result,work_units,item_count,public_key_bytes,private_key_bytes,signature_bytes,ciphertext_bytes,shared_secret_bytes,unsigned_serialized_bytes,serialized_bytes,authentication_bytes,notes
local-1786750886347812000,diagnostic-local,9d3ab807a08ef4cf1077dbc23213e2314ce37c87,MEASURED,primitive,underlying_primitive_direct,ML-DSA-65,keygen,none,0,0,1,196333,199000,6356992,true,keypair_generated,1,0,1952,4032,0,0,0,0,0,0,"direct portable primitive call; excludes PQCManager parsing, timestamping, allocations around key records, and registries"
local-1786750886347812000,diagnostic-local,9d3ab807a08ef4cf1077dbc23213e2314ce37c87,MEASURED,primitive,underlying_primitive_direct,ML-DSA-65,sign,digest32,32,0,1,575625,577000,6455296,true,signature_generated,1,0,1952,4032,3309,0,0,0,0,0,direct portable primitive call; excludes PQCManager and Aegis policy/transcript work
local-1786750886347812000,diagnostic-local,9d3ab807a08ef4cf1077dbc23213e2314ce37c87,MEASURED,primitive,underlying_primitive_direct,ML-DSA-65,sign,digest32,32,1,1,293833,295000,6455296,true,signature_generated,1,0,1952,4032,3309,0,0,0,0,0,direct portable primitive call; excludes PQCManager and Aegis policy/transcript work
local-1786750886347812000,diagnostic-local,9d3ab807a08ef4cf1077dbc23213e2314ce37c87,MEASURED,primitive,underlying_primitive_direct,ML-DSA-65,verify_valid,digest32,32,0,1,184375,186000,6455296,true,accepted,1,0,1952,4032,3309,0,0,0,0,0,direct portable primitive call; excludes PQCManager and Aegis policy/transcript work
local-1786750886347812000,diagnostic-local,9d3ab807a08ef4cf1077dbc23213e2314ce37c87,MEASURED,primitive,underlying_primitive_direct,ML-DSA-65,verify_valid,digest32,32,1,1,188209,189000,6455296,true,accepted,1,0,1952,4032,3309,0,0,0,0,0,direct portable primitive call; excludes PQCManager and Aegis policy/transcript work
local-1786750886347812000,diagnostic-local,9d3ab807a08ef4cf1077dbc23213e2314ce37c87,MEASURED,primitive,underlying_primitive_direct,ML-DSA-65,sign,small64,64,0,1,1962000,1926000,6455296,true,signature_generated,1,0,1952,4032,3309,0,0,0,0,0,direct portable primitive call; excludes PQCManager and Aegis policy/transcript work
local-1786750886347812000,diagnostic-local,9d3ab807a08ef4cf1077dbc23213e2314ce37c87,MEASURED,primitive,underlying_primitive_direct,ML-DSA-65,sign,small64,64,1,1,308625,309000,6455296,true,signature_generated,1,0,1952,4032,3309,0,0,0,0,0,direct portable primitive call; excludes PQCManager and Aegis policy/transcript work
local-1786750886347812000,diagnostic-local,9d3ab807a08ef4cf1077dbc23213e2314ce37c87,MEASURED,primitive,underlying_primitive_direct,ML-DSA-65,verify_valid,small64,64,0,1,97625,98000,6455296,true,accepted,1,0,1952,4032,3309,0,0,0,0,0,direct portable primitive call; excludes PQCManager and Aegis policy/transcript work
local-1786750886347812000,diagnostic-local,9d3ab807a08ef4cf1077dbc23213e2314ce37c87,MEASURED,primitive,underlying_primitive_direct,ML-DSA-65,verify_valid,small64,64,1,1,103334,104000,6455296,true,accepted,1,0,1952,4032,3309,0,0,0,0,0,direct portable primitive call; excludes PQCManager and Aegis policy/transcript work
local-1786750886347812000,diagnostic-local,9d3ab807a08ef4cf1077dbc23213e2314ce37c87,MEASURED,primitive,underlying_primitive_direct,ML-DSA-65,sign,small128,128,0,1,187167,187000,6471680,true,signature_generated,1,0,1952,4032,3309,0,0,0,0,0,direct portable primitive call; excludes PQCManager and Aegis policy/transcript work
local-1786750886347812000,diagnostic-local,9d3ab807a08ef4cf1077dbc23213e2314ce37c87,MEASURED,primitive,underlying_primitive_direct,ML-DSA-65,sign,small128,128,1,1,255000,255000,6471680,true,signature_generated,1,0,1952,4032,3309,0,0,0,0,0,direct portable primitive call; excludes PQCManager and Aegis policy/transcript work
local-1786750886347812000,diagnostic-local,9d3ab807a08ef4cf1077dbc23213e2314ce37c87,MEASURED,primitive,underlying_primitive_direct,ML-DSA-65,verify_valid,small128,128,0,1,94791,96000,6488064,true,accepted,1,0,1952,4032,3309,0,0,0,0,0,direct portable primitive call; excludes PQCManager and Aegis policy/transcript work
local-1786750886347812000,diagnostic-local,9d3ab807a08ef4cf1077dbc23213e2314ce37c87,MEASURED,primitive,underlying_primitive_direct,ML-DSA-65,verify_valid,small128,128,1,1,94791,95000,6504448,true,accepted,1,0,1952,4032,3309,0,0,0,0,0,direct portable primitive call; excludes PQCManager and Aegis policy/transcript work
local-1786750886347812000,diagnostic-local,9d3ab807a08ef4cf1077dbc23213e2314ce37c87,MEASURED,primitive,underlying_primitive_direct,ML-DSA-65,sign,vote192,192,0,1,959750,908000,6504448,true,signature_generated,1,0,1952,4032,3309,0,0,0,0,0,direct portable primitive call; excludes PQCManager and Aegis policy/transcript work
local-1786750886347812000,diagnostic-local,9d3ab807a08ef4cf1077dbc23213e2314ce37c87,MEASURED,primitive,underlying_primitive_direct,ML-DSA-65,sign,vote192,192,1,1,469500,435000,6504448,true,signature_generated,1,0,1952,4032,3309,0,0,0,0,0,direct portable primitive call; excludes PQCManager and Aegis policy/transcript work
local-1786750886347812000,diagnostic-local,9d3ab807a08ef4cf1077dbc23213e2314ce37c87,MEASURED,primitive,underlying_primitive_direct,ML-DSA-65,verify_valid,vote192,192,0,1,186208,188000,6504448,true,accepted,1,0,1952,4032,3309,0,0,0,0,0,direct portable primitive call; excludes PQCManager and Aegis policy/transcript work
local-1786750886347812000,diagnostic-local,9d3ab807a08ef4cf1077dbc23213e2314ce37c87,MEASURED,primitive,underlying_primitive_direct,ML-DSA-65,verify_valid,vote192,192,1,1,184334,185000,6504448,true,accepted,1,0,1952,4032,3309,0,0,0,0,0,direct portable primitive call; excludes PQCManager and Aegis policy/transcript work
local-1786750886347812000,diagnostic-local,9d3ab807a08ef4cf1077dbc23213e2314ce37c87,MEASURED,primitive,underlying_primitive_direct,ML-DSA-65,sign,medium256,256,0,1,146959,148000,6504448,true,signature_generated,1,0,1952,4032,3309,0,0,0,0,0,direct portable primitive call; excludes PQCManager and Aegis policy/transcript work
local-1786750886347812000,diagnostic-local,9d3ab807a08ef4cf1077dbc23213e2314ce37c87,MEASURED,primitive,underlying_primitive_direct,ML-DSA-65,sign,medium256,256,1,1,520166,521000,6504448,true,signature_generated,1,0,1952,4032,3309,0,0,0,0,0,direct portable primitive call; excludes PQCManager and Aegis policy/transcript work
local-1786750886347812000,diagnostic-local,9d3ab807a08ef4cf1077dbc23213e2314ce37c87,MEASURED,primitive,underlying_primitive_direct,ML-DSA-65,verify_valid,medium256,256,0,1,99084,100000,6504448,true,accepted,1,0,1952,4032,3309,0,0,0,0,0,direct portable primitive call; excludes PQCManager and Aegis policy/transcript work
local-1786750886347812000,diagnostic-local,9d3ab807a08ef4cf1077dbc23213e2314ce37c87,MEASURED,primitive,underlying_primitive_direct,ML-DSA-65,verify_valid,medium256,256,1,1,120208,120000,6520832,true,accepted,1,0,1952,4032,3309,0,0,0,0,0,direct portable primitive call; excludes PQCManager and Aegis policy/transcript work
local-1786750886347812000,diagnostic-local,9d3ab807a08ef4cf1077dbc23213e2314ce37c87,MEASURED,primitive,underlying_primitive_direct,ML-DSA-65,sign,transaction512,512,0,1,807750,801000,6520832,true,signature_generated,1,0,1952,4032,3309,0,0,0,0,0,direct portable primitive call; excludes PQCManager and Aegis policy/transcript work
local-1786750886347812000,diagnostic-local,9d3ab807a08ef4cf1077dbc23213e2314ce37c87,MEASURED,primitive,underlying_primitive_direct,ML-DSA-65,sign,transaction512,512,1,1,817875,753000,6520832,true,signature_generated,1,0,1952,4032,3309,0,0,0,0,0,direct portable primitive call; excludes PQCManager and Aegis policy/transcript work
local-1786750886347812000,diagnostic-local,9d3ab807a08ef4cf1077dbc23213e2314ce37c87,MEASURED,primitive,underlying_primitive_direct,ML-DSA-65,verify_valid,transaction512,512,0,1,103750,108000,6520832,true,accepted,1,0,1952,4032,3309,0,0,0,0,0,direct portable primitive call; excludes PQCManager and Aegis policy/transcript work
local-1786750886347812000,diagnostic-local,9d3ab807a08ef4cf1077dbc23213e2314ce37c87,MEASURED,primitive,underlying_primitive_direct,ML-DSA-65,verify_valid,transaction512,512,1,1,103208,103000,6537216,true,accepted,1,0,1952,4032,3309,0,0,0,0,0,direct portable primitive call; excludes PQCManager and Aegis policy/transcript work
local-1786750886347812000,diagnostic-local,9d3ab807a08ef4cf1077dbc23213e2314ce37c87,MEASURED,primitive,underlying_primitive_direct,ML-DSA-65,sign,kilobyte1024,1024,0,1,1408667,1410000,6586368,true,signature_generated,1,0,1952,4032,3309,0,0,0,0,0,direct portable primitive call; excludes PQCManager and Aegis policy/transcript work
local-1786750886347812000,diagnostic-local,9d3ab807a08ef4cf1077dbc23213e2314ce37c87,MEASURED,primitive,underlying_primitive_direct,ML-DSA-65,sign,kilobyte1024,1024,1,1,354166,354000,6602752,true,signature_generated,1,0,1952,4032,3309,0,0,0,0,0,direct portable primitive call; excludes PQCManager and Aegis policy/transcript work
local-1786750886347812000,diagnostic-local,9d3ab807a08ef4cf1077dbc23213e2314ce37c87,MEASURED,primitive,underlying_primitive_direct,ML-DSA-65,verify_valid,kilobyte1024,1024,0,1,147417,148000,6619136,true,accepted,1,0,1952,4032,3309,0,0,0,0,0,direct portable primitive call; excludes PQCManager and Aegis policy/transcript work
local-1786750886347812000,diagnostic-local,9d3ab807a08ef4cf1077dbc23213e2314ce37c87,MEASURED,primitive,underlying_primitive_direct,ML-DSA-65,verify_valid,kilobyte1024,1024,1,1,146792,148000,6619136,true,accepted,1,0,1952,4032,3309,0,0,0,0,0,direct portable primitive call; excludes PQCManager and Aegis policy/transcript work
local-1786750886347812000,diagnostic-local,9d3ab807a08ef4cf1077dbc23213e2314ce37c87,MEASURED,primitive,underlying_primitive_direct,ML-DSA-65,sign,block4096,4096,0,1,273167,256000,6619136,true,signature_generated,1,0,1952,4032,3309,0,0,0,0,0,direct portable primitive call; excludes PQCManager and Aegis policy/transcript work
local-1786750886347812000,diagnostic-local,9d3ab807a08ef4cf1077dbc23213e2314ce37c87,MEASURED,primitive,underlying_primitive_direct,ML-DSA-65,sign,block4096,4096,1,1,550917,522000,6619136,true,signature_generated,1,0,1952,4032,3309,0,0,0,0,0,direct portable primitive call; excludes PQCManager and Aegis policy/transcript work
local-1786750886347812000,diagnostic-local,9d3ab807a08ef4cf1077dbc23213e2314ce37c87,MEASURED,primitive,underlying_primitive_direct,ML-DSA-65,verify_valid,block4096,4096,0,1,163416,167000,6619136,true,accepted,1,0,1952,4032,3309,0,0,0,0,0,direct portable primitive call; excludes PQCManager and Aegis policy/transcript work
local-1786750886347812000,diagnostic-local,9d3ab807a08ef4cf1077dbc23213e2314ce37c87,MEASURED,primitive,underlying_primitive_direct,ML-DSA-65,verify_valid,block4096,4096,1,1,162750,163000,6619136,true,accepted,1,0,1952,4032,3309,0,0,0,0,0,direct portable primitive call; excludes PQCManager and Aegis policy/transcript work
local-1786750886347812000,diagnostic-local,9d3ab807a08ef4cf1077dbc23213e2314ce37c87,MEASURED,primitive,underlying_primitive_direct,ML-DSA-65,sign,large16384,16384,0,1,412084,413000,6635520,true,signature_generated,1,0,1952,4032,3309,0,0,0,0,0,direct portable primitive call; excludes PQCManager and Aegis policy/transcript work
local-1786750886347812000,diagnostic-local,9d3ab807a08ef4cf1077dbc23213e2314ce37c87,MEASURED,primitive,underlying_primitive_direct,ML-DSA-65,sign,large16384,16384,1,1,636500,636000,6635520,true,signature_generated,1,0,1952,4032,3309,0,0,0,0,0,direct portable primitive call; excludes PQCManager and Aegis policy/transcript work
local-1786750886347812000,diagnostic-local,9d3ab807a08ef4cf1077dbc23213e2314ce37c87,MEASURED,primitive,underlying_primitive_direct,ML-DSA-65,verify_valid,large16384,16384,0,1,205958,206000,6635520,true,accepted,1,0,1952,4032,3309,0,0,0,0,0,direct portable primitive call; excludes PQCManager and Aegis policy/transcript work
local-1786750886347812000,diagnostic-local,9d3ab807a08ef4cf1077dbc23213e2314ce37c87,MEASURED,primitive,underlying_primitive_direct,ML-DSA-65,verify_valid,large16384,16384,1,1,301292,244000,6635520,true,accepted,1,0,1952,4032,3309,0,0,0,0,0,direct portable primitive call; excludes PQCManager and Aegis policy/transcript work
local-1786750886347812000,diagnostic-local,9d3ab807a08ef4cf1077dbc23213e2314ce37c87,MEASURED,primitive,underlying_primitive_direct,ML-DSA-87,keygen,none,0,0,1,247125,231000,6717440,true,keypair_generated,1,0,2592,4896,0,0,0,0,0,0,"direct portable primitive call; excludes PQCManager parsing, timestamping, allocations around key records, and registries"
local-1786750886347812000,diagnostic-local,9d3ab807a08ef4cf1077dbc23213e2314ce37c87,MEASURED,primitive,underlying_primitive_direct,ML-DSA-87,sign,digest32,32,0,1,742291,742000,6750208,true,signature_generated,1,0,2592,4896,4627,0,0,0,0,0,direct portable primitive call; excludes PQCManager and Aegis policy/transcript work
local-1786750886347812000,diagnostic-local,9d3ab807a08ef4cf1077dbc23213e2314ce37c87,MEASURED,primitive,underlying_primitive_direct,ML-DSA-87,sign,digest32,32,1,1,931416,932000,6750208,true,signature_generated,1,0,2592,4896,4627,0,0,0,0,0,direct portable primitive call; excludes PQCManager and Aegis policy/transcript work
local-1786750886347812000,diagnostic-local,9d3ab807a08ef4cf1077dbc23213e2314ce37c87,MEASURED,primitive,underlying_primitive_direct,ML-DSA-87,verify_valid,digest32,32,0,1,218417,219000,6750208,true,accepted,1,0,2592,4896,4627,0,0,0,0,0,direct portable primitive call; excludes PQCManager and Aegis policy/transcript work
local-1786750886347812000,diagnostic-local,9d3ab807a08ef4cf1077dbc23213e2314ce37c87,MEASURED,primitive,underlying_primitive_direct,ML-DSA-87,verify_valid,digest32,32,1,1,218083,218000,6782976,true,accepted,1,0,2592,4896,4627,0,0,0,0,0,direct portable primitive call; excludes PQCManager and Aegis policy/transcript work
local-1786750886347812000,diagnostic-local,9d3ab807a08ef4cf1077dbc23213e2314ce37c87,MEASURED,primitive,underlying_primitive_direct,ML-DSA-87,sign,small64,64,0,1,854916,852000,6782976,true,signature_generated,1,0,2592,4896,4627,0,0,0,0,0,direct portable primitive call; excludes PQCManager and Aegis policy/transcript work
local-1786750886347812000,diagnostic-local,9d3ab807a08ef4cf1077dbc23213e2314ce37c87,MEASURED,primitive,underlying_primitive_direct,ML-DSA-87,sign,small64,64,1,1,947083,914000,6782976,true,signature_generated,1,0,2592,4896,4627,0,0,0,0,0,direct portable primitive call; excludes PQCManager and Aegis policy/transcript work
local-1786750886347812000,diagnostic-local,9d3ab807a08ef4cf1077dbc23213e2314ce37c87,MEASURED,primitive,underlying_primitive_direct,ML-DSA-87,verify_valid,small64,64,0,1,212459,214000,6782976,true,accepted,1,0,2592,4896,4627,0,0,0,0,0,direct portable primitive call; excludes PQCManager and Aegis policy/transcript work
local-1786750886347812000,diagnostic-local,9d3ab807a08ef4cf1077dbc23213e2314ce37c87,MEASURED,primitive,underlying_primitive_direct,ML-DSA-87,verify_valid,small64,64,1,1,204250,204000,6782976,true,accepted,1,0,2592,4896,4627,0,0,0,0,0,direct portable primitive call; excludes PQCManager and Aegis policy/transcript work
local-1786750886347812000,diagnostic-local,9d3ab807a08ef4cf1077dbc23213e2314ce37c87,MEASURED,primitive,underlying_primitive_direct,ML-DSA-87,sign,small128,128,0,1,560917,561000,6782976,true,signature_generated,1,0,2592,4896,4627,0,0,0,0,0,direct portable primitive call; excludes PQCManager and Aegis policy/transcript work
local-1786750886347812000,diagnostic-local,9d3ab807a08ef4cf1077dbc23213e2314ce37c87,MEASURED,primitive,underlying_primitive_direct,ML-DSA-87,sign,small128,128,1,1,267667,268000,6782976,true,signature_generated,1,0,2592,4896,4627,0,0,0,0,0,direct portable primitive call; excludes PQCManager and Aegis policy/transcript work
local-1786750886347812000,diagnostic-local,9d3ab807a08ef4cf1077dbc23213e2314ce37c87,MEASURED,primitive,underlying_primitive_direct,ML-DSA-87,verify_valid,small128,128,0,1,192875,194000,6782976,true,accepted,1,0,2592,4896,4627,0,0,0,0,0,direct portable primitive call; excludes PQCManager and Aegis policy/transcript work
local-1786750886347812000,diagnostic-local,9d3ab807a08ef4cf1077dbc23213e2314ce37c87,MEASURED,primitive,underlying_primitive_direct,ML-DSA-87,verify_valid,small128,128,1,1,192208,192000,6782976,true,accepted,1,0,2592,4896,4627,0,0,0,0,0,direct portable primitive call; excludes PQCManager and Aegis policy/transcript work
local-1786750886347812000,diagnostic-local,9d3ab807a08ef4cf1077dbc23213e2314ce37c87,MEASURED,primitive,underlying_primitive_direct,ML-DSA-87,sign,vote192,192,0,1,611125,583000,6782976,true,signature_generated,1,0,2592,4896,4627,0,0,0,0,0,direct portable primitive call; excludes PQCManager and Aegis policy/transcript work
local-1786750886347812000,diagnostic-local,9d3ab807a08ef4cf1077dbc23213e2314ce37c87,MEASURED,primitive,underlying_primitive_direct,ML-DSA-87,sign,vote192,192,1,1,346042,302000,6782976,true,signature_generated,1,0,2592,4896,4627,0,0,0,0,0,direct portable primitive call; excludes PQCManager and Aegis policy/transcript work
local-1786750886347812000,diagnostic-local,9d3ab807a08ef4cf1077dbc23213e2314ce37c87,MEASURED,primitive,underlying_primitive_direct,ML-DSA-87,verify_valid,vote192,192,0,1,194167,195000,6782976,true,accepted,1,0,2592,4896,4627,0,0,0,0,0,direct portable primitive call; excludes PQCManager and Aegis policy/transcript work
local-1786750886347812000,diagnostic-local,9d3ab807a08ef4cf1077dbc23213e2314ce37c87,MEASURED,primitive,underlying_primitive_direct,ML-DSA-87,verify_valid,vote192,192,1,1,192750,193000,6782976,true,accepted,1,0,2592,4896,4627,0,0,0,0,0,direct portable primitive call; excludes PQCManager and Aegis policy/transcript work
local-1786750886347812000,diagnostic-local,9d3ab807a08ef4cf1077dbc23213e2314ce37c87,MEASURED,primitive,underlying_primitive_direct,ML-DSA-87,sign,medium256,256,0,1,441750,443000,6782976,true,signature_generated,1,0,2592,4896,4627,0,0,0,0,0,direct portable primitive call; excludes PQCManager and Aegis policy/transcript work
local-1786750886347812000,diagnostic-local,9d3ab807a08ef4cf1077dbc23213e2314ce37c87,MEASURED,primitive,underlying_primitive_direct,ML-DSA-87,sign,medium256,256,1,1,256333,257000,6782976,true,signature_generated,1,0,2592,4896,4627,0,0,0,0,0,direct portable primitive call; excludes PQCManager and Aegis policy/transcript work
local-1786750886347812000,diagnostic-local,9d3ab807a08ef4cf1077dbc23213e2314ce37c87,MEASURED,primitive,underlying_primitive_direct,ML-DSA-87,verify_valid,medium256,256,0,1,184667,185000,6782976,true,accepted,1,0,2592,4896,4627,0,0,0,0,0,direct portable primitive call; excludes PQCManager and Aegis policy/transcript work
local-1786750886347812000,diagnostic-local,9d3ab807a08ef4cf1077dbc23213e2314ce37c87,MEASURED,primitive,underlying_primitive_direct,ML-DSA-87,verify_valid,medium256,256,1,1,184291,186000,6782976,true,accepted,1,0,2592,4896,4627,0,0,0,0,0,direct portable primitive call; excludes PQCManager and Aegis policy/transcript work
local-1786750886347812000,diagnostic-local,9d3ab807a08ef4cf1077dbc23213e2314ce37c87,MEASURED,primitive,underlying_primitive_direct,ML-DSA-87,sign,transaction512,512,0,1,430250,432000,6782976,true,signature_generated,1,0,2592,4896,4627,0,0,0,0,0,direct portable primitive call; excludes PQCManager and Aegis policy/transcript work
local-1786750886347812000,diagnostic-local,9d3ab807a08ef4cf1077dbc23213e2314ce37c87,MEASURED,primitive,underlying_primitive_direct,ML-DSA-87,sign,transaction512,512,1,1,255583,255000,6782976,true,signature_generated,1,0,2592,4896,4627,0,0,0,0,0,direct portable primitive call; excludes PQCManager and Aegis policy/transcript work
local-1786750886347812000,diagnostic-local,9d3ab807a08ef4cf1077dbc23213e2314ce37c87,MEASURED,primitive,underlying_primitive_direct,ML-DSA-87,verify_valid,transaction512,512,0,1,185875,188000,6782976,true,accepted,1,0,2592,4896,4627,0,0,0,0,0,direct portable primitive call; excludes PQCManager and Aegis policy/transcript work
local-1786750886347812000,diagnostic-local,9d3ab807a08ef4cf1077dbc23213e2314ce37c87,MEASURED,primitive,underlying_primitive_direct,ML-DSA-87,verify_valid,transaction512,512,1,1,238416,221000,6782976,true,accepted,1,0,2592,4896,4627,0,0,0,0,0,direct portable primitive call; excludes PQCManager and Aegis policy/transcript work
local-1786750886347812000,diagnostic-local,9d3ab807a08ef4cf1077dbc23213e2314ce37c87,MEASURED,primitive,underlying_primitive_direct,ML-DSA-87,sign,kilobyte1024,1024,0,1,504708,506000,6782976,true,signature_generated,1,0,2592,4896,4627,0,0,0,0,0,direct portable primitive call; excludes PQCManager and Aegis policy/transcript work
local-1786750886347812000,diagnostic-local,9d3ab807a08ef4cf1077dbc23213e2314ce37c87,MEASURED,primitive,underlying_primitive_direct,ML-DSA-87,sign,kilobyte1024,1024,1,1,247541,249000,6782976,true,signature_generated,1,0,2592,4896,4627,0,0,0,0,0,direct portable primitive call; excludes PQCManager and Aegis policy/transcript work
local-1786750886347812000,diagnostic-local,9d3ab807a08ef4cf1077dbc23213e2314ce37c87,MEASURED,primitive,underlying_primitive_direct,ML-DSA-87,verify_valid,kilobyte1024,1024,0,1,179000,180000,6782976,true,accepted,1,0,2592,4896,4627,0,0,0,0,0,direct portable primitive call; excludes PQCManager and Aegis policy/transcript work
local-1786750886347812000,diagnostic-local,9d3ab807a08ef4cf1077dbc23213e2314ce37c87,MEASURED,primitive,underlying_primitive_direct,ML-DSA-87,verify_valid,kilobyte1024,1024,1,1,179084,179000,6782976,true,accepted,1,0,2592,4896,4627,0,0,0,0,0,direct portable primitive call; excludes PQCManager and Aegis policy/transcript work
local-1786750886347812000,diagnostic-local,9d3ab807a08ef4cf1077dbc23213e2314ce37c87,MEASURED,primitive,underlying_primitive_direct,ML-DSA-87,sign,block4096,4096,0,1,623042,624000,6799360,true,signature_generated,1,0,2592,4896,4627,0,0,0,0,0,direct portable primitive call; excludes PQCManager and Aegis policy/transcript work
local-1786750886347812000,diagnostic-local,9d3ab807a08ef4cf1077dbc23213e2314ce37c87,MEASURED,primitive,underlying_primitive_direct,ML-DSA-87,sign,block4096,4096,1,1,259875,260000,6799360,true,signature_generated,1,0,2592,4896,4627,0,0,0,0,0,direct portable primitive call; excludes PQCManager and Aegis policy/transcript work
local-1786750886347812000,diagnostic-local,9d3ab807a08ef4cf1077dbc23213e2314ce37c87,MEASURED,primitive,underlying_primitive_direct,ML-DSA-87,verify_valid,block4096,4096,0,1,193458,194000,6799360,true,accepted,1,0,2592,4896,4627,0,0,0,0,0,direct portable primitive call; excludes PQCManager and Aegis policy/transcript work
local-1786750886347812000,diagnostic-local,9d3ab807a08ef4cf1077dbc23213e2314ce37c87,MEASURED,primitive,underlying_primitive_direct,ML-DSA-87,verify_valid,block4096,4096,1,1,212125,211000,6799360,true,accepted,1,0,2592,4896,4627,0,0,0,0,0,direct portable primitive call; excludes PQCManager and Aegis policy/transcript work
local-1786750886347812000,diagnostic-local,9d3ab807a08ef4cf1077dbc23213e2314ce37c87,MEASURED,primitive,underlying_primitive_direct,ML-DSA-87,sign,large16384,16384,0,1,471208,474000,6799360,true,signature_generated,1,0,2592,4896,4627,0,0,0,0,0,direct portable primitive call; excludes PQCManager and Aegis policy/transcript work
local-1786750886347812000,diagnostic-local,9d3ab807a08ef4cf1077dbc23213e2314ce37c87,MEASURED,primitive,underlying_primitive_direct,ML-DSA-87,sign,large16384,16384,1,1,455042,455000,6799360,true,signature_generated,1,0,2592,4896,4627,0,0,0,0,0,direct portable primitive call; excludes PQCManager and Aegis policy/transcript work
local-1786750886347812000,diagnostic-local,9d3ab807a08ef4cf1077dbc23213e2314ce37c87,MEASURED,primitive,underlying_primitive_direct,ML-DSA-87,verify_valid,large16384,16384,0,1,228208,231000,6799360,true,accepted,1,0,2592,4896,4627,0,0,0,0,0,direct portable primitive call; excludes PQCManager and Aegis policy/transcript work
local-1786750886347812000,diagnostic-local,9d3ab807a08ef4cf1077dbc23213e2314ce37c87,MEASURED,primitive,underlying_primitive_direct,ML-DSA-87,verify_valid,large16384,16384,1,1,237083,238000,6799360,true,accepted,1,0,2592,4896,4627,0,0,0,0,0,direct portable primitive call; excludes PQCManager and Aegis policy/transcript work
local-1786750886347812000,diagnostic-local,9d3ab807a08ef4cf1077dbc23213e2314ce37c87,MEASURED,primitive,underlying_primitive_direct,FN-DSA-1024,keygen,none,0,0,1,31614333,31506000,6914048,true,keypair_generated,1,0,1793,2305,0,0,0,0,0,0,"direct portable primitive call; excludes PQCManager parsing, timestamping, allocations around key records, and registries"
local-1786750886347812000,diagnostic-local,9d3ab807a08ef4cf1077dbc23213e2314ce37c87,MEASURED,primitive,underlying_primitive_direct,FN-DSA-1024,sign,digest32,32,0,1,6169833,6129000,6914048,true,signature_generated,1,0,1793,2305,1278,0,0,0,0,0,direct portable primitive call; excludes PQCManager and Aegis policy/transcript work
local-1786750886347812000,diagnostic-local,9d3ab807a08ef4cf1077dbc23213e2314ce37c87,MEASURED,primitive,underlying_primitive_direct,FN-DSA-1024,sign,digest32,32,1,1,6136583,6106000,6930432,true,signature_generated,1,0,1793,2305,1273,0,0,0,0,0,direct portable primitive call; excludes PQCManager and Aegis policy/transcript work
local-1786750886347812000,diagnostic-local,9d3ab807a08ef4cf1077dbc23213e2314ce37c87,MEASURED,primitive,underlying_primitive_direct,FN-DSA-1024,verify_valid,digest32,32,0,1,58000,59000,6930432,true,accepted,1,0,1793,2305,1273,0,0,0,0,0,direct portable primitive call; excludes PQCManager and Aegis policy/transcript work
local-1786750886347812000,diagnostic-local,9d3ab807a08ef4cf1077dbc23213e2314ce37c87,MEASURED,primitive,underlying_primitive_direct,FN-DSA-1024,verify_valid,digest32,32,1,1,54167,54000,6930432,true,accepted,1,0,1793,2305,1273,0,0,0,0,0,direct portable primitive call; excludes PQCManager and Aegis policy/transcript work
local-1786750886347812000,diagnostic-local,9d3ab807a08ef4cf1077dbc23213e2314ce37c87,MEASURED,primitive,underlying_primitive_direct,FN-DSA-1024,sign,small64,64,0,1,6003167,6002000,6930432,true,signature_generated,1,0,1793,2305,1274,0,0,0,0,0,direct portable primitive call; excludes PQCManager and Aegis policy/transcript work
local-1786750886347812000,diagnostic-local,9d3ab807a08ef4cf1077dbc23213e2314ce37c87,MEASURED,primitive,underlying_primitive_direct,FN-DSA-1024,sign,small64,64,1,1,6022667,6018000,6930432,true,signature_generated,1,0,1793,2305,1273,0,0,0,0,0,direct portable primitive call; excludes PQCManager and Aegis policy/transcript work
local-1786750886347812000,diagnostic-local,9d3ab807a08ef4cf1077dbc23213e2314ce37c87,MEASURED,primitive,underlying_primitive_direct,FN-DSA-1024,verify_valid,small64,64,0,1,57458,59000,6930432,true,accepted,1,0,1793,2305,1272,0,0,0,0,0,direct portable primitive call; excludes PQCManager and Aegis policy/transcript work
local-1786750886347812000,diagnostic-local,9d3ab807a08ef4cf1077dbc23213e2314ce37c87,MEASURED,primitive,underlying_primitive_direct,FN-DSA-1024,verify_valid,small64,64,1,1,54292,54000,6930432,true,accepted,1,0,1793,2305,1272,0,0,0,0,0,direct portable primitive call; excludes PQCManager and Aegis policy/transcript work
local-1786750886347812000,diagnostic-local,9d3ab807a08ef4cf1077dbc23213e2314ce37c87,MEASURED,primitive,underlying_primitive_direct,FN-DSA-1024,sign,small128,128,0,1,5999833,5998000,6930432,true,signature_generated,1,0,1793,2305,1273,0,0,0,0,0,direct portable primitive call; excludes PQCManager and Aegis policy/transcript work
local-1786750886347812000,diagnostic-local,9d3ab807a08ef4cf1077dbc23213e2314ce37c87,MEASURED,primitive,underlying_primitive_direct,FN-DSA-1024,sign,small128,128,1,1,6017000,6015000,6930432,true,signature_generated,1,0,1793,2305,1267,0,0,0,0,0,direct portable primitive call; excludes PQCManager and Aegis policy/transcript work
local-1786750886347812000,diagnostic-local,9d3ab807a08ef4cf1077dbc23213e2314ce37c87,MEASURED,primitive,underlying_primitive_direct,FN-DSA-1024,verify_valid,small128,128,0,1,58000,63000,6930432,true,accepted,1,0,1793,2305,1272,0,0,0,0,0,direct portable primitive call; excludes PQCManager and Aegis policy/transcript work
local-1786750886347812000,diagnostic-local,9d3ab807a08ef4cf1077dbc23213e2314ce37c87,MEASURED,primitive,underlying_primitive_direct,FN-DSA-1024,verify_valid,small128,128,1,1,54375,55000,6930432,true,accepted,1,0,1793,2305,1272,0,0,0,0,0,direct portable primitive call; excludes PQCManager and Aegis policy/transcript work
local-1786750886347812000,diagnostic-local,9d3ab807a08ef4cf1077dbc23213e2314ce37c87,MEASURED,primitive,underlying_primitive_direct,FN-DSA-1024,sign,vote192,192,0,1,6090334,6092000,6930432,true,signature_generated,1,0,1793,2305,1272,0,0,0,0,0,direct portable primitive call; excludes PQCManager and Aegis policy/transcript work
local-1786750886347812000,diagnostic-local,9d3ab807a08ef4cf1077dbc23213e2314ce37c87,MEASURED,primitive,underlying_primitive_direct,FN-DSA-1024,sign,vote192,192,1,1,6065083,6045000,6930432,true,signature_generated,1,0,1793,2305,1270,0,0,0,0,0,direct portable primitive call; excludes PQCManager and Aegis policy/transcript work
local-1786750886347812000,diagnostic-local,9d3ab807a08ef4cf1077dbc23213e2314ce37c87,MEASURED,primitive,underlying_primitive_direct,FN-DSA-1024,verify_valid,vote192,192,0,1,58291,60000,6930432,true,accepted,1,0,1793,2305,1275,0,0,0,0,0,direct portable primitive call; excludes PQCManager and Aegis policy/transcript work
local-1786750886347812000,diagnostic-local,9d3ab807a08ef4cf1077dbc23213e2314ce37c87,MEASURED,primitive,underlying_primitive_direct,FN-DSA-1024,verify_valid,vote192,192,1,1,55292,57000,6930432,true,accepted,1,0,1793,2305,1275,0,0,0,0,0,direct portable primitive call; excludes PQCManager and Aegis policy/transcript work
local-1786750886347812000,diagnostic-local,9d3ab807a08ef4cf1077dbc23213e2314ce37c87,MEASURED,primitive,underlying_primitive_direct,FN-DSA-1024,sign,medium256,256,0,1,6153666,6116000,6930432,true,signature_generated,1,0,1793,2305,1273,0,0,0,0,0,direct portable primitive call; excludes PQCManager and Aegis policy/transcript work
local-1786750886347812000,diagnostic-local,9d3ab807a08ef4cf1077dbc23213e2314ce37c87,MEASURED,primitive,underlying_primitive_direct,FN-DSA-1024,sign,medium256,256,1,1,6183542,6139000,6930432,true,signature_generated,1,0,1793,2305,1278,0,0,0,0,0,direct portable primitive call; excludes PQCManager and Aegis policy/transcript work
local-1786750886347812000,diagnostic-local,9d3ab807a08ef4cf1077dbc23213e2314ce37c87,MEASURED,primitive,underlying_primitive_direct,FN-DSA-1024,verify_valid,medium256,256,0,1,58959,61000,6930432,true,accepted,1,0,1793,2305,1276,0,0,0,0,0,direct portable primitive call; excludes PQCManager and Aegis policy/transcript work
local-1786750886347812000,diagnostic-local,9d3ab807a08ef4cf1077dbc23213e2314ce37c87,MEASURED,primitive,underlying_primitive_direct,FN-DSA-1024,verify_valid,medium256,256,1,1,55458,55000,6930432,true,accepted,1,0,1793,2305,1276,0,0,0,0,0,direct portable primitive call; excludes PQCManager and Aegis policy/transcript work
local-1786750886347812000,diagnostic-local,9d3ab807a08ef4cf1077dbc23213e2314ce37c87,MEASURED,primitive,underlying_primitive_direct,FN-DSA-1024,sign,transaction512,512,0,1,6052291,6034000,6930432,true,signature_generated,1,0,1793,2305,1275,0,0,0,0,0,direct portable primitive call; excludes PQCManager and Aegis policy/transcript work
local-1786750886347812000,diagnostic-local,9d3ab807a08ef4cf1077dbc23213e2314ce37c87,MEASURED,primitive,underlying_primitive_direct,FN-DSA-1024,sign,transaction512,512,1,1,6094125,6065000,6930432,true,signature_generated,1,0,1793,2305,1270,0,0,0,0,0,direct portable primitive call; excludes PQCManager and Aegis policy/transcript work
local-1786750886347812000,diagnostic-local,9d3ab807a08ef4cf1077dbc23213e2314ce37c87,MEASURED,primitive,underlying_primitive_direct,FN-DSA-1024,verify_valid,transaction512,512,0,1,58750,64000,6930432,true,accepted,1,0,1793,2305,1272,0,0,0,0,0,direct portable primitive call; excludes PQCManager and Aegis policy/transcript work
local-1786750886347812000,diagnostic-local,9d3ab807a08ef4cf1077dbc23213e2314ce37c87,MEASURED,primitive,underlying_primitive_direct,FN-DSA-1024,verify_valid,transaction512,512,1,1,55750,56000,6930432,true,accepted,1,0,1793,2305,1272,0,0,0,0,0,direct portable primitive call; excludes PQCManager and Aegis policy/transcript work
local-1786750886347812000,diagnostic-local,9d3ab807a08ef4cf1077dbc23213e2314ce37c87,MEASURED,primitive,underlying_primitive_direct,FN-DSA-1024,sign,kilobyte1024,1024,0,1,6117208,6098000,6930432,true,signature_generated,1,0,1793,2305,1270,0,0,0,0,0,direct portable primitive call; excludes PQCManager and Aegis policy/transcript work
local-1786750886347812000,diagnostic-local,9d3ab807a08ef4cf1077dbc23213e2314ce37c87,MEASURED,primitive,underlying_primitive_direct,FN-DSA-1024,sign,kilobyte1024,1024,1,1,6085250,6067000,6930432,true,signature_generated,1,0,1793,2305,1272,0,0,0,0,0,direct portable primitive call; excludes PQCManager and Aegis policy/transcript work
local-1786750886347812000,diagnostic-local,9d3ab807a08ef4cf1077dbc23213e2314ce37c87,MEASURED,primitive,underlying_primitive_direct,FN-DSA-1024,verify_valid,kilobyte1024,1024,0,1,60291,64000,6930432,true,accepted,1,0,1793,2305,1271,0,0,0,0,0,direct portable primitive call; excludes PQCManager and Aegis policy/transcript work
local-1786750886347812000,diagnostic-local,9d3ab807a08ef4cf1077dbc23213e2314ce37c87,MEASURED,primitive,underlying_primitive_direct,FN-DSA-1024,verify_valid,kilobyte1024,1024,1,1,57125,58000,6930432,true,accepted,1,0,1793,2305,1271,0,0,0,0,0,direct portable primitive call; excludes PQCManager and Aegis policy/transcript work
local-1786750886347812000,diagnostic-local,9d3ab807a08ef4cf1077dbc23213e2314ce37c87,MEASURED,primitive,underlying_primitive_direct,FN-DSA-1024,sign,block4096,4096,0,1,5951292,5953000,6930432,true,signature_generated,1,0,1793,2305,1266,0,0,0,0,0,direct portable primitive call; excludes PQCManager and Aegis policy/transcript work
local-1786750886347812000,diagnostic-local,9d3ab807a08ef4cf1077dbc23213e2314ce37c87,MEASURED,primitive,underlying_primitive_direct,FN-DSA-1024,sign,block4096,4096,1,1,6069333,6048000,6930432,true,signature_generated,1,0,1793,2305,1268,0,0,0,0,0,direct portable primitive call; excludes PQCManager and Aegis policy/transcript work
local-1786750886347812000,diagnostic-local,9d3ab807a08ef4cf1077dbc23213e2314ce37c87,MEASURED,primitive,underlying_primitive_direct,FN-DSA-1024,verify_valid,block4096,4096,0,1,70375,71000,6930432,true,accepted,1,0,1793,2305,1270,0,0,0,0,0,direct portable primitive call; excludes PQCManager and Aegis policy/transcript work
local-1786750886347812000,diagnostic-local,9d3ab807a08ef4cf1077dbc23213e2314ce37c87,MEASURED,primitive,underlying_primitive_direct,FN-DSA-1024,verify_valid,block4096,4096,1,1,67000,67000,6930432,true,accepted,1,0,1793,2305,1270,0,0,0,0,0,direct portable primitive call; excludes PQCManager and Aegis policy/transcript work
local-1786750886347812000,diagnostic-local,9d3ab807a08ef4cf1077dbc23213e2314ce37c87,MEASURED,primitive,underlying_primitive_direct,FN-DSA-1024,sign,large16384,16384,0,1,6130334,6114000,6930432,true,signature_generated,1,0,1793,2305,1276,0,0,0,0,0,direct portable primitive call; excludes PQCManager and Aegis policy/transcript work
local-1786750886347812000,diagnostic-local,9d3ab807a08ef4cf1077dbc23213e2314ce37c87,MEASURED,primitive,underlying_primitive_direct,FN-DSA-1024,sign,large16384,16384,1,1,6399167,6363000,6930432,true,signature_generated,1,0,1793,2305,1268,0,0,0,0,0,direct portable primitive call; excludes PQCManager and Aegis policy/transcript work
local-1786750886347812000,diagnostic-local,9d3ab807a08ef4cf1077dbc23213e2314ce37c87,MEASURED,primitive,underlying_primitive_direct,FN-DSA-1024,verify_valid,large16384,16384,0,1,124250,126000,6930432,true,accepted,1,0,1793,2305,1268,0,0,0,0,0,direct portable primitive call; excludes PQCManager and Aegis policy/transcript work
local-1786750886347812000,diagnostic-local,9d3ab807a08ef4cf1077dbc23213e2314ce37c87,MEASURED,primitive,underlying_primitive_direct,FN-DSA-1024,verify_valid,large16384,16384,1,1,121666,123000,6930432,true,accepted,1,0,1793,2305,1268,0,0,0,0,0,direct portable primitive call; excludes PQCManager and Aegis policy/transcript work
local-1786750886347812000,diagnostic-local,9d3ab807a08ef4cf1077dbc23213e2314ce37c87,MEASURED,primitive,runtime_pqc_manager,ML-DSA-65,keygen,none,0,0,1,135833,134000,6995968,true,keypair_generated,1,0,1952,4032,0,0,0,0,0,0,
local-1786750886347812000,diagnostic-local,9d3ab807a08ef4cf1077dbc23213e2314ce37c87,MEASURED,primitive,runtime_pqc_manager,ML-DSA-65,sign,digest32,32,0,1,639042,641000,7143424,true,signature_generated,1,0,1952,4032,3309,0,0,0,0,0,"PQCManager includes key parsing, timestamping, allocation, and signature-registry insertion"
local-1786750886347812000,diagnostic-local,9d3ab807a08ef4cf1077dbc23213e2314ce37c87,MEASURED,primitive,runtime_pqc_manager,ML-DSA-65,sign,digest32,32,1,1,188250,188000,7159808,true,signature_generated,1,0,1952,4032,3309,0,0,0,0,0,"PQCManager includes key parsing, timestamping, allocation, and signature-registry insertion"
local-1786750886347812000,diagnostic-local,9d3ab807a08ef4cf1077dbc23213e2314ce37c87,MEASURED,primitive,runtime_pqc_manager,ML-DSA-65,verify_valid,digest32,32,0,1,98417,99000,7159808,true,accepted,1,0,1952,4032,3309,0,0,0,0,0,
local-1786750886347812000,diagnostic-local,9d3ab807a08ef4cf1077dbc23213e2314ce37c87,MEASURED,primitive,runtime_pqc_manager,ML-DSA-65,verify_valid,digest32,32,1,1,98125,98000,7159808,true,accepted,1,0,1952,4032,3309,0,0,0,0,0,
local-1786750886347812000,diagnostic-local,9d3ab807a08ef4cf1077dbc23213e2314ce37c87,MEASURED,negative,runtime_pqc_manager,ML-DSA-65,verify_tampered_signature,digest32,32,0,0,98042,98000,7159808,true,rejected,1,0,1952,0,3309,0,0,0,0,0,
local-1786750886347812000,diagnostic-local,9d3ab807a08ef4cf1077dbc23213e2314ce37c87,MEASURED,negative,runtime_pqc_manager,ML-DSA-65,verify_tampered_signature,digest32,32,1,0,98042,98000,7159808,true,rejected,1,0,1952,0,3309,0,0,0,0,0,
local-1786750886347812000,diagnostic-local,9d3ab807a08ef4cf1077dbc23213e2314ce37c87,MEASURED,primitive,runtime_pqc_manager,ML-DSA-65,sign,small64,64,0,1,148166,148000,7176192,true,signature_generated,1,0,1952,4032,3309,0,0,0,0,0,"PQCManager includes key parsing, timestamping, allocation, and signature-registry insertion"
local-1786750886347812000,diagnostic-local,9d3ab807a08ef4cf1077dbc23213e2314ce37c87,MEASURED,primitive,runtime_pqc_manager,ML-DSA-65,sign,small64,64,1,1,198792,199000,7176192,true,signature_generated,1,0,1952,4032,3309,0,0,0,0,0,"PQCManager includes key parsing, timestamping, allocation, and signature-registry insertion"
local-1786750886347812000,diagnostic-local,9d3ab807a08ef4cf1077dbc23213e2314ce37c87,MEASURED,primitive,runtime_pqc_manager,ML-DSA-65,verify_valid,small64,64,0,1,100417,100000,7176192,true,accepted,1,0,1952,4032,3309,0,0,0,0,0,
local-1786750886347812000,diagnostic-local,9d3ab807a08ef4cf1077dbc23213e2314ce37c87,MEASURED,primitive,runtime_pqc_manager,ML-DSA-65,verify_valid,small64,64,1,1,99458,101000,7176192,true,accepted,1,0,1952,4032,3309,0,0,0,0,0,
local-1786750886347812000,diagnostic-local,9d3ab807a08ef4cf1077dbc23213e2314ce37c87,MEASURED,negative,runtime_pqc_manager,ML-DSA-65,verify_tampered_signature,small64,64,0,0,100250,100000,7192576,true,rejected,1,0,1952,0,3309,0,0,0,0,0,
local-1786750886347812000,diagnostic-local,9d3ab807a08ef4cf1077dbc23213e2314ce37c87,MEASURED,negative,runtime_pqc_manager,ML-DSA-65,verify_tampered_signature,small64,64,1,0,102375,104000,7192576,true,rejected,1,0,1952,0,3309,0,0,0,0,0,
local-1786750886347812000,diagnostic-local,9d3ab807a08ef4cf1077dbc23213e2314ce37c87,MEASURED,primitive,runtime_pqc_manager,ML-DSA-65,sign,small128,128,0,1,591625,593000,7208960,true,signature_generated,1,0,1952,4032,3309,0,0,0,0,0,"PQCManager includes key parsing, timestamping, allocation, and signature-registry insertion"
local-1786750886347812000,diagnostic-local,9d3ab807a08ef4cf1077dbc23213e2314ce37c87,MEASURED,primitive,runtime_pqc_manager,ML-DSA-65,sign,small128,128,1,1,148292,149000,7208960,true,signature_generated,1,0,1952,4032,3309,0,0,0,0,0,"PQCManager includes key parsing, timestamping, allocation, and signature-registry insertion"
local-1786750886347812000,diagnostic-local,9d3ab807a08ef4cf1077dbc23213e2314ce37c87,MEASURED,primitive,runtime_pqc_manager,ML-DSA-65,verify_valid,small128,128,0,1,105833,106000,7208960,true,accepted,1,0,1952,4032,3309,0,0,0,0,0,
local-1786750886347812000,diagnostic-local,9d3ab807a08ef4cf1077dbc23213e2314ce37c87,MEASURED,primitive,runtime_pqc_manager,ML-DSA-65,verify_valid,small128,128,1,1,100916,101000,7208960,true,accepted,1,0,1952,4032,3309,0,0,0,0,0,
local-1786750886347812000,diagnostic-local,9d3ab807a08ef4cf1077dbc23213e2314ce37c87,MEASURED,negative,runtime_pqc_manager,ML-DSA-65,verify_tampered_signature,small128,128,0,0,102042,103000,7208960,true,rejected,1,0,1952,0,3309,0,0,0,0,0,
local-1786750886347812000,diagnostic-local,9d3ab807a08ef4cf1077dbc23213e2314ce37c87,MEASURED,negative,runtime_pqc_manager,ML-DSA-65,verify_tampered_signature,small128,128,1,0,99791,100000,7208960,true,rejected,1,0,1952,0,3309,0,0,0,0,0,
local-1786750886347812000,diagnostic-local,9d3ab807a08ef4cf1077dbc23213e2314ce37c87,MEASURED,primitive,runtime_pqc_manager,ML-DSA-65,sign,vote192,192,0,1,146375,147000,7241728,true,signature_generated,1,0,1952,4032,3309,0,0,0,0,0,"PQCManager includes key parsing, timestamping, allocation, and signature-registry insertion"
local-1786750886347812000,diagnostic-local,9d3ab807a08ef4cf1077dbc23213e2314ce37c87,MEASURED,primitive,runtime_pqc_manager,ML-DSA-65,sign,vote192,192,1,1,140792,141000,7241728,true,signature_generated,1,0,1952,4032,3309,0,0,0,0,0,"PQCManager includes key parsing, timestamping, allocation, and signature-registry insertion"
local-1786750886347812000,diagnostic-local,9d3ab807a08ef4cf1077dbc23213e2314ce37c87,MEASURED,primitive,runtime_pqc_manager,ML-DSA-65,verify_valid,vote192,192,0,1,94959,95000,7241728,true,accepted,1,0,1952,4032,3309,0,0,0,0,0,
local-1786750886347812000,diagnostic-local,9d3ab807a08ef4cf1077dbc23213e2314ce37c87,MEASURED,primitive,runtime_pqc_manager,ML-DSA-65,verify_valid,vote192,192,1,1,94584,96000,7241728,true,accepted,1,0,1952,4032,3309,0,0,0,0,0,
local-1786750886347812000,diagnostic-local,9d3ab807a08ef4cf1077dbc23213e2314ce37c87,MEASURED,negative,runtime_pqc_manager,ML-DSA-65,verify_tampered_signature,vote192,192,0,0,95000,96000,7241728,true,rejected,1,0,1952,0,3309,0,0,0,0,0,
local-1786750886347812000,diagnostic-local,9d3ab807a08ef4cf1077dbc23213e2314ce37c87,MEASURED,negative,runtime_pqc_manager,ML-DSA-65,verify_tampered_signature,vote192,192,1,0,94458,95000,7241728,true,rejected,1,0,1952,0,3309,0,0,0,0,0,
local-1786750886347812000,diagnostic-local,9d3ab807a08ef4cf1077dbc23213e2314ce37c87,MEASURED,primitive,runtime_pqc_manager,ML-DSA-65,sign,medium256,256,0,1,312500,313000,7241728,true,signature_generated,1,0,1952,4032,3309,0,0,0,0,0,"PQCManager includes key parsing, timestamping, allocation, and signature-registry insertion"
local-1786750886347812000,diagnostic-local,9d3ab807a08ef4cf1077dbc23213e2314ce37c87,MEASURED,primitive,runtime_pqc_manager,ML-DSA-65,sign,medium256,256,1,1,475959,476000,7258112,true,signature_generated,1,0,1952,4032,3309,0,0,0,0,0,"PQCManager includes key parsing, timestamping, allocation, and signature-registry insertion"
local-1786750886347812000,diagnostic-local,9d3ab807a08ef4cf1077dbc23213e2314ce37c87,MEASURED,primitive,runtime_pqc_manager,ML-DSA-65,verify_valid,medium256,256,0,1,108208,106000,7258112,true,accepted,1,0,1952,4032,3309,0,0,0,0,0,
local-1786750886347812000,diagnostic-local,9d3ab807a08ef4cf1077dbc23213e2314ce37c87,MEASURED,primitive,runtime_pqc_manager,ML-DSA-65,verify_valid,medium256,256,1,1,113625,110000,7258112,true,accepted,1,0,1952,4032,3309,0,0,0,0,0,
local-1786750886347812000,diagnostic-local,9d3ab807a08ef4cf1077dbc23213e2314ce37c87,MEASURED,negative,runtime_pqc_manager,ML-DSA-65,verify_tampered_signature,medium256,256,0,0,114584,110000,7258112,true,rejected,1,0,1952,0,3309,0,0,0,0,0,
local-1786750886347812000,diagnostic-local,9d3ab807a08ef4cf1077dbc23213e2314ce37c87,MEASURED,negative,runtime_pqc_manager,ML-DSA-65,verify_tampered_signature,medium256,256,1,0,118500,109000,7258112,true,rejected,1,0,1952,0,3309,0,0,0,0,0,
local-1786750886347812000,diagnostic-local,9d3ab807a08ef4cf1077dbc23213e2314ce37c87,MEASURED,primitive,runtime_pqc_manager,ML-DSA-65,sign,transaction512,512,0,1,476958,479000,7258112,true,signature_generated,1,0,1952,4032,3309,0,0,0,0,0,"PQCManager includes key parsing, timestamping, allocation, and signature-registry insertion"
local-1786750886347812000,diagnostic-local,9d3ab807a08ef4cf1077dbc23213e2314ce37c87,MEASURED,primitive,runtime_pqc_manager,ML-DSA-65,sign,transaction512,512,1,1,261208,262000,7258112,true,signature_generated,1,0,1952,4032,3309,0,0,0,0,0,"PQCManager includes key parsing, timestamping, allocation, and signature-registry insertion"
local-1786750886347812000,diagnostic-local,9d3ab807a08ef4cf1077dbc23213e2314ce37c87,MEASURED,primitive,runtime_pqc_manager,ML-DSA-65,verify_valid,transaction512,512,0,1,100000,100000,7274496,true,accepted,1,0,1952,4032,3309,0,0,0,0,0,
local-1786750886347812000,diagnostic-local,9d3ab807a08ef4cf1077dbc23213e2314ce37c87,MEASURED,primitive,runtime_pqc_manager,ML-DSA-65,verify_valid,transaction512,512,1,1,99833,101000,7274496,true,accepted,1,0,1952,4032,3309,0,0,0,0,0,
local-1786750886347812000,diagnostic-local,9d3ab807a08ef4cf1077dbc23213e2314ce37c87,MEASURED,negative,runtime_pqc_manager,ML-DSA-65,verify_tampered_signature,transaction512,512,0,0,97250,98000,7274496,true,rejected,1,0,1952,0,3309,0,0,0,0,0,
local-1786750886347812000,diagnostic-local,9d3ab807a08ef4cf1077dbc23213e2314ce37c87,MEASURED,negative,runtime_pqc_manager,ML-DSA-65,verify_tampered_signature,transaction512,512,1,0,96208,97000,7274496,true,rejected,1,0,1952,0,3309,0,0,0,0,0,
local-1786750886347812000,diagnostic-local,9d3ab807a08ef4cf1077dbc23213e2314ce37c87,MEASURED,primitive,runtime_pqc_manager,ML-DSA-65,sign,kilobyte1024,1024,0,1,152125,153000,7274496,true,signature_generated,1,0,1952,4032,3309,0,0,0,0,0,"PQCManager includes key parsing, timestamping, allocation, and signature-registry insertion"
local-1786750886347812000,diagnostic-local,9d3ab807a08ef4cf1077dbc23213e2314ce37c87,MEASURED,primitive,runtime_pqc_manager,ML-DSA-65,sign,kilobyte1024,1024,1,1,212459,213000,7290880,true,signature_generated,1,0,1952,4032,3309,0,0,0,0,0,"PQCManager includes key parsing, timestamping, allocation, and signature-registry insertion"
local-1786750886347812000,diagnostic-local,9d3ab807a08ef4cf1077dbc23213e2314ce37c87,MEASURED,primitive,runtime_pqc_manager,ML-DSA-65,verify_valid,kilobyte1024,1024,0,1,105833,106000,7290880,true,accepted,1,0,1952,4032,3309,0,0,0,0,0,
local-1786750886347812000,diagnostic-local,9d3ab807a08ef4cf1077dbc23213e2314ce37c87,MEASURED,primitive,runtime_pqc_manager,ML-DSA-65,verify_valid,kilobyte1024,1024,1,1,101416,101000,7290880,true,accepted,1,0,1952,4032,3309,0,0,0,0,0,
local-1786750886347812000,diagnostic-local,9d3ab807a08ef4cf1077dbc23213e2314ce37c87,MEASURED,negative,runtime_pqc_manager,ML-DSA-65,verify_tampered_signature,kilobyte1024,1024,0,0,102375,102000,7290880,true,rejected,1,0,1952,0,3309,0,0,0,0,0,
local-1786750886347812000,diagnostic-local,9d3ab807a08ef4cf1077dbc23213e2314ce37c87,MEASURED,negative,runtime_pqc_manager,ML-DSA-65,verify_tampered_signature,kilobyte1024,1024,1,0,101750,102000,7290880,true,rejected,1,0,1952,0,3309,0,0,0,0,0,
local-1786750886347812000,diagnostic-local,9d3ab807a08ef4cf1077dbc23213e2314ce37c87,MEASURED,primitive,runtime_pqc_manager,ML-DSA-65,sign,block4096,4096,0,1,268625,269000,7323648,true,signature_generated,1,0,1952,4032,3309,0,0,0,0,0,"PQCManager includes key parsing, timestamping, allocation, and signature-registry insertion"
local-1786750886347812000,diagnostic-local,9d3ab807a08ef4cf1077dbc23213e2314ce37c87,MEASURED,primitive,runtime_pqc_manager,ML-DSA-65,sign,block4096,4096,1,1,1282333,1260000,7323648,true,signature_generated,1,0,1952,4032,3309,0,0,0,0,0,"PQCManager includes key parsing, timestamping, allocation, and signature-registry insertion"
local-1786750886347812000,diagnostic-local,9d3ab807a08ef4cf1077dbc23213e2314ce37c87,MEASURED,primitive,runtime_pqc_manager,ML-DSA-65,verify_valid,block4096,4096,0,1,114167,115000,7340032,true,accepted,1,0,1952,4032,3309,0,0,0,0,0,
local-1786750886347812000,diagnostic-local,9d3ab807a08ef4cf1077dbc23213e2314ce37c87,MEASURED,primitive,runtime_pqc_manager,ML-DSA-65,verify_valid,block4096,4096,1,1,112167,112000,7340032,true,accepted,1,0,1952,4032,3309,0,0,0,0,0,
local-1786750886347812000,diagnostic-local,9d3ab807a08ef4cf1077dbc23213e2314ce37c87,MEASURED,negative,runtime_pqc_manager,ML-DSA-65,verify_tampered_signature,block4096,4096,0,0,112250,112000,7340032,true,rejected,1,0,1952,0,3309,0,0,0,0,0,
local-1786750886347812000,diagnostic-local,9d3ab807a08ef4cf1077dbc23213e2314ce37c87,MEASURED,negative,runtime_pqc_manager,ML-DSA-65,verify_tampered_signature,block4096,4096,1,0,112459,113000,7340032,true,rejected,1,0,1952,0,3309,0,0,0,0,0,
local-1786750886347812000,diagnostic-local,9d3ab807a08ef4cf1077dbc23213e2314ce37c87,MEASURED,primitive,runtime_pqc_manager,ML-DSA-65,sign,large16384,16384,0,1,524084,525000,7405568,true,signature_generated,1,0,1952,4032,3309,0,0,0,0,0,"PQCManager includes key parsing, timestamping, allocation, and signature-registry insertion"
local-1786750886347812000,diagnostic-local,9d3ab807a08ef4cf1077dbc23213e2314ce37c87,MEASURED,primitive,runtime_pqc_manager,ML-DSA-65,sign,large16384,16384,1,1,200000,200000,7405568,true,signature_generated,1,0,1952,4032,3309,0,0,0,0,0,"PQCManager includes key parsing, timestamping, allocation, and signature-registry insertion"
local-1786750886347812000,diagnostic-local,9d3ab807a08ef4cf1077dbc23213e2314ce37c87,MEASURED,primitive,runtime_pqc_manager,ML-DSA-65,verify_valid,large16384,16384,0,1,150000,150000,7405568,true,accepted,1,0,1952,4032,3309,0,0,0,0,0,
local-1786750886347812000,diagnostic-local,9d3ab807a08ef4cf1077dbc23213e2314ce37c87,MEASURED,primitive,runtime_pqc_manager,ML-DSA-65,verify_valid,large16384,16384,1,1,149042,149000,7405568,true,accepted,1,0,1952,4032,3309,0,0,0,0,0,
local-1786750886347812000,diagnostic-local,9d3ab807a08ef4cf1077dbc23213e2314ce37c87,MEASURED,negative,runtime_pqc_manager,ML-DSA-65,verify_tampered_signature,large16384,16384,0,0,157667,158000,7421952,true,rejected,1,0,1952,0,3309,0,0,0,0,0,
local-1786750886347812000,diagnostic-local,9d3ab807a08ef4cf1077dbc23213e2314ce37c87,MEASURED,negative,runtime_pqc_manager,ML-DSA-65,verify_tampered_signature,large16384,16384,1,0,162791,164000,7421952,true,rejected,1,0,1952,0,3309,0,0,0,0,0,
local-1786750886347812000,diagnostic-local,9d3ab807a08ef4cf1077dbc23213e2314ce37c87,MEASURED,primitive,runtime_pqc_manager_batch,ML-DSA-65,verify_batch,transaction512_batch10,512,0,1,938417,958000,12746752,true,batch_accepted,10,0,1952,4032,3309,0,0,0,0,0,work_units is the number of sequential production-abstraction verifications inside the timed batch
local-1786750886347812000,diagnostic-local,9d3ab807a08ef4cf1077dbc23213e2314ce37c87,MEASURED,primitive,runtime_pqc_manager_batch,ML-DSA-65,verify_batch,transaction512_batch10,512,1,1,961042,961000,12746752,true,batch_accepted,10,0,1952,4032,3309,0,0,0,0,0,work_units is the number of sequential production-abstraction verifications inside the timed batch
local-1786750886347812000,diagnostic-local,9d3ab807a08ef4cf1077dbc23213e2314ce37c87,MEASURED,primitive,runtime_pqc_manager_batch,ML-DSA-65,verify_batch,transaction512_batch100,512,0,1,9615916,9602000,12746752,true,batch_accepted,100,0,1952,4032,3309,0,0,0,0,0,work_units is the number of sequential production-abstraction verifications inside the timed batch
local-1786750886347812000,diagnostic-local,9d3ab807a08ef4cf1077dbc23213e2314ce37c87,MEASURED,primitive,runtime_pqc_manager_batch,ML-DSA-65,verify_batch,transaction512_batch100,512,1,1,9623833,9589000,12746752,true,batch_accepted,100,0,1952,4032,3309,0,0,0,0,0,work_units is the number of sequential production-abstraction verifications inside the timed batch
local-1786750886347812000,diagnostic-local,9d3ab807a08ef4cf1077dbc23213e2314ce37c87,MEASURED,primitive,runtime_pqc_manager_batch,ML-DSA-65,verify_batch,transaction512_batch1000,512,0,1,95706250,95611000,12746752,true,batch_accepted,1000,0,1952,4032,3309,0,0,0,0,0,work_units is the number of sequential production-abstraction verifications inside the timed batch
local-1786750886347812000,diagnostic-local,9d3ab807a08ef4cf1077dbc23213e2314ce37c87,MEASURED,primitive,runtime_pqc_manager_batch,ML-DSA-65,verify_batch,transaction512_batch1000,512,1,1,96165083,95825000,12746752,true,batch_accepted,1000,0,1952,4032,3309,0,0,0,0,0,work_units is the number of sequential production-abstraction verifications inside the timed batch
local-1786750886347812000,diagnostic-local,9d3ab807a08ef4cf1077dbc23213e2314ce37c87,MEASURED,primitive,runtime_pqc_manager,ML-DSA-87,keygen,none,0,0,1,166125,167000,12828672,true,keypair_generated,1,0,2592,4896,0,0,0,0,0,0,
local-1786750886347812000,diagnostic-local,9d3ab807a08ef4cf1077dbc23213e2314ce37c87,MEASURED,primitive,runtime_pqc_manager,ML-DSA-87,sign,digest32,32,0,1,362792,363000,12861440,true,signature_generated,1,0,2592,4896,4627,0,0,0,0,0,"PQCManager includes key parsing, timestamping, allocation, and signature-registry insertion"
local-1786750886347812000,diagnostic-local,9d3ab807a08ef4cf1077dbc23213e2314ce37c87,MEASURED,primitive,runtime_pqc_manager,ML-DSA-87,sign,digest32,32,1,1,438083,438000,12861440,true,signature_generated,1,0,2592,4896,4627,0,0,0,0,0,"PQCManager includes key parsing, timestamping, allocation, and signature-registry insertion"
local-1786750886347812000,diagnostic-local,9d3ab807a08ef4cf1077dbc23213e2314ce37c87,MEASURED,primitive,runtime_pqc_manager,ML-DSA-87,verify_valid,digest32,32,0,1,156667,157000,12861440,true,accepted,1,0,2592,4896,4627,0,0,0,0,0,
local-1786750886347812000,diagnostic-local,9d3ab807a08ef4cf1077dbc23213e2314ce37c87,MEASURED,primitive,runtime_pqc_manager,ML-DSA-87,verify_valid,digest32,32,1,1,160875,161000,12861440,true,accepted,1,0,2592,4896,4627,0,0,0,0,0,
local-1786750886347812000,diagnostic-local,9d3ab807a08ef4cf1077dbc23213e2314ce37c87,MEASURED,negative,runtime_pqc_manager,ML-DSA-87,verify_tampered_signature,digest32,32,0,0,166250,166000,12861440,true,rejected,1,0,2592,0,4627,0,0,0,0,0,
local-1786750886347812000,diagnostic-local,9d3ab807a08ef4cf1077dbc23213e2314ce37c87,MEASURED,negative,runtime_pqc_manager,ML-DSA-87,verify_tampered_signature,digest32,32,1,0,168917,170000,12861440,true,rejected,1,0,2592,0,4627,0,0,0,0,0,
local-1786750886347812000,diagnostic-local,9d3ab807a08ef4cf1077dbc23213e2314ce37c87,MEASURED,primitive,runtime_pqc_manager,ML-DSA-87,sign,small64,64,0,1,355750,360000,12861440,true,signature_generated,1,0,2592,4896,4627,0,0,0,0,0,"PQCManager includes key parsing, timestamping, allocation, and signature-registry insertion"
local-1786750886347812000,diagnostic-local,9d3ab807a08ef4cf1077dbc23213e2314ce37c87,MEASURED,primitive,runtime_pqc_manager,ML-DSA-87,sign,small64,64,1,1,361125,361000,12861440,true,signature_generated,1,0,2592,4896,4627,0,0,0,0,0,"PQCManager includes key parsing, timestamping, allocation, and signature-registry insertion"
local-1786750886347812000,diagnostic-local,9d3ab807a08ef4cf1077dbc23213e2314ce37c87,MEASURED,primitive,runtime_pqc_manager,ML-DSA-87,verify_valid,small64,64,0,1,157250,159000,12861440,true,accepted,1,0,2592,4896,4627,0,0,0,0,0,
local-1786750886347812000,diagnostic-local,9d3ab807a08ef4cf1077dbc23213e2314ce37c87,MEASURED,primitive,runtime_pqc_manager,ML-DSA-87,verify_valid,small64,64,1,1,156792,157000,12861440,true,accepted,1,0,2592,4896,4627,0,0,0,0,0,
local-1786750886347812000,diagnostic-local,9d3ab807a08ef4cf1077dbc23213e2314ce37c87,MEASURED,negative,runtime_pqc_manager,ML-DSA-87,verify_tampered_signature,small64,64,0,0,160417,161000,12861440,true,rejected,1,0,2592,0,4627,0,0,0,0,0,
local-1786750886347812000,diagnostic-local,9d3ab807a08ef4cf1077dbc23213e2314ce37c87,MEASURED,negative,runtime_pqc_manager,ML-DSA-87,verify_tampered_signature,small64,64,1,0,160250,160000,12861440,true,rejected,1,0,2592,0,4627,0,0,0,0,0,
local-1786750886347812000,diagnostic-local,9d3ab807a08ef4cf1077dbc23213e2314ce37c87,MEASURED,primitive,runtime_pqc_manager,ML-DSA-87,sign,small128,128,0,1,795666,796000,12861440,true,signature_generated,1,0,2592,4896,4627,0,0,0,0,0,"PQCManager includes key parsing, timestamping, allocation, and signature-registry insertion"
local-1786750886347812000,diagnostic-local,9d3ab807a08ef4cf1077dbc23213e2314ce37c87,MEASURED,primitive,runtime_pqc_manager,ML-DSA-87,sign,small128,128,1,1,215625,216000,12861440,true,signature_generated,1,0,2592,4896,4627,0,0,0,0,0,"PQCManager includes key parsing, timestamping, allocation, and signature-registry insertion"
local-1786750886347812000,diagnostic-local,9d3ab807a08ef4cf1077dbc23213e2314ce37c87,MEASURED,primitive,runtime_pqc_manager,ML-DSA-87,verify_valid,small128,128,0,1,164417,165000,12861440,true,accepted,1,0,2592,4896,4627,0,0,0,0,0,
local-1786750886347812000,diagnostic-local,9d3ab807a08ef4cf1077dbc23213e2314ce37c87,MEASURED,primitive,runtime_pqc_manager,ML-DSA-87,verify_valid,small128,128,1,1,166292,166000,12861440,true,accepted,1,0,2592,4896,4627,0,0,0,0,0,
local-1786750886347812000,diagnostic-local,9d3ab807a08ef4cf1077dbc23213e2314ce37c87,MEASURED,negative,runtime_pqc_manager,ML-DSA-87,verify_tampered_signature,small128,128,0,0,156958,157000,12861440,true,rejected,1,0,2592,0,4627,0,0,0,0,0,
local-1786750886347812000,diagnostic-local,9d3ab807a08ef4cf1077dbc23213e2314ce37c87,MEASURED,negative,runtime_pqc_manager,ML-DSA-87,verify_tampered_signature,small128,128,1,0,161000,161000,12861440,true,rejected,1,0,2592,0,4627,0,0,0,0,0,
local-1786750886347812000,diagnostic-local,9d3ab807a08ef4cf1077dbc23213e2314ce37c87,MEASURED,primitive,runtime_pqc_manager,ML-DSA-87,sign,vote192,192,0,1,235416,237000,12861440,true,signature_generated,1,0,2592,4896,4627,0,0,0,0,0,"PQCManager includes key parsing, timestamping, allocation, and signature-registry insertion"
local-1786750886347812000,diagnostic-local,9d3ab807a08ef4cf1077dbc23213e2314ce37c87,MEASURED,primitive,runtime_pqc_manager,ML-DSA-87,sign,vote192,192,1,1,670833,660000,12861440,true,signature_generated,1,0,2592,4896,4627,0,0,0,0,0,"PQCManager includes key parsing, timestamping, allocation, and signature-registry insertion"
local-1786750886347812000,diagnostic-local,9d3ab807a08ef4cf1077dbc23213e2314ce37c87,MEASURED,primitive,runtime_pqc_manager,ML-DSA-87,verify_valid,vote192,192,0,1,164834,164000,12861440,true,accepted,1,0,2592,4896,4627,0,0,0,0,0,
local-1786750886347812000,diagnostic-local,9d3ab807a08ef4cf1077dbc23213e2314ce37c87,MEASURED,primitive,runtime_pqc_manager,ML-DSA-87,verify_valid,vote192,192,1,1,167708,168000,12861440,true,accepted,1,0,2592,4896,4627,0,0,0,0,0,
local-1786750886347812000,diagnostic-local,9d3ab807a08ef4cf1077dbc23213e2314ce37c87,MEASURED,negative,runtime_pqc_manager,ML-DSA-87,verify_tampered_signature,vote192,192,0,0,157250,157000,12861440,true,rejected,1,0,2592,0,4627,0,0,0,0,0,
local-1786750886347812000,diagnostic-local,9d3ab807a08ef4cf1077dbc23213e2314ce37c87,MEASURED,negative,runtime_pqc_manager,ML-DSA-87,verify_tampered_signature,vote192,192,1,0,156750,157000,12861440,true,rejected,1,0,2592,0,4627,0,0,0,0,0,
local-1786750886347812000,diagnostic-local,9d3ab807a08ef4cf1077dbc23213e2314ce37c87,MEASURED,primitive,runtime_pqc_manager,ML-DSA-87,sign,medium256,256,0,1,507042,507000,12861440,true,signature_generated,1,0,2592,4896,4627,0,0,0,0,0,"PQCManager includes key parsing, timestamping, allocation, and signature-registry insertion"
local-1786750886347812000,diagnostic-local,9d3ab807a08ef4cf1077dbc23213e2314ce37c87,MEASURED,primitive,runtime_pqc_manager,ML-DSA-87,sign,medium256,256,1,1,294583,295000,12861440,true,signature_generated,1,0,2592,4896,4627,0,0,0,0,0,"PQCManager includes key parsing, timestamping, allocation, and signature-registry insertion"
local-1786750886347812000,diagnostic-local,9d3ab807a08ef4cf1077dbc23213e2314ce37c87,MEASURED,primitive,runtime_pqc_manager,ML-DSA-87,verify_valid,medium256,256,0,1,157750,157000,12861440,true,accepted,1,0,2592,4896,4627,0,0,0,0,0,
local-1786750886347812000,diagnostic-local,9d3ab807a08ef4cf1077dbc23213e2314ce37c87,MEASURED,primitive,runtime_pqc_manager,ML-DSA-87,verify_valid,medium256,256,1,1,157666,158000,12861440,true,accepted,1,0,2592,4896,4627,0,0,0,0,0,
local-1786750886347812000,diagnostic-local,9d3ab807a08ef4cf1077dbc23213e2314ce37c87,MEASURED,negative,runtime_pqc_manager,ML-DSA-87,verify_tampered_signature,medium256,256,0,0,157416,157000,12861440,true,rejected,1,0,2592,0,4627,0,0,0,0,0,
local-1786750886347812000,diagnostic-local,9d3ab807a08ef4cf1077dbc23213e2314ce37c87,MEASURED,negative,runtime_pqc_manager,ML-DSA-87,verify_tampered_signature,medium256,256,1,0,157792,158000,12861440,true,rejected,1,0,2592,0,4627,0,0,0,0,0,
local-1786750886347812000,diagnostic-local,9d3ab807a08ef4cf1077dbc23213e2314ce37c87,MEASURED,primitive,runtime_pqc_manager,ML-DSA-87,sign,transaction512,512,0,1,521542,499000,12861440,true,signature_generated,1,0,2592,4896,4627,0,0,0,0,0,"PQCManager includes key parsing, timestamping, allocation, and signature-registry insertion"
local-1786750886347812000,diagnostic-local,9d3ab807a08ef4cf1077dbc23213e2314ce37c87,MEASURED,primitive,runtime_pqc_manager,ML-DSA-87,sign,transaction512,512,1,1,682500,670000,12861440,true,signature_generated,1,0,2592,4896,4627,0,0,0,0,0,"PQCManager includes key parsing, timestamping, allocation, and signature-registry insertion"
local-1786750886347812000,diagnostic-local,9d3ab807a08ef4cf1077dbc23213e2314ce37c87,MEASURED,primitive,runtime_pqc_manager,ML-DSA-87,verify_valid,transaction512,512,0,1,158750,164000,12861440,true,accepted,1,0,2592,4896,4627,0,0,0,0,0,
local-1786750886347812000,diagnostic-local,9d3ab807a08ef4cf1077dbc23213e2314ce37c87,MEASURED,primitive,runtime_pqc_manager,ML-DSA-87,verify_valid,transaction512,512,1,1,158417,159000,12861440,true,accepted,1,0,2592,4896,4627,0,0,0,0,0,
local-1786750886347812000,diagnostic-local,9d3ab807a08ef4cf1077dbc23213e2314ce37c87,MEASURED,negative,runtime_pqc_manager,ML-DSA-87,verify_tampered_signature,transaction512,512,0,0,158292,158000,12861440,true,rejected,1,0,2592,0,4627,0,0,0,0,0,
local-1786750886347812000,diagnostic-local,9d3ab807a08ef4cf1077dbc23213e2314ce37c87,MEASURED,negative,runtime_pqc_manager,ML-DSA-87,verify_tampered_signature,transaction512,512,1,0,163417,164000,12861440,true,rejected,1,0,2592,0,4627,0,0,0,0,0,
local-1786750886347812000,diagnostic-local,9d3ab807a08ef4cf1077dbc23213e2314ce37c87,MEASURED,primitive,runtime_pqc_manager,ML-DSA-87,sign,kilobyte1024,1024,0,1,417916,422000,12861440,true,signature_generated,1,0,2592,4896,4627,0,0,0,0,0,"PQCManager includes key parsing, timestamping, allocation, and signature-registry insertion"
local-1786750886347812000,diagnostic-local,9d3ab807a08ef4cf1077dbc23213e2314ce37c87,MEASURED,primitive,runtime_pqc_manager,ML-DSA-87,sign,kilobyte1024,1024,1,1,221834,222000,12877824,true,signature_generated,1,0,2592,4896,4627,0,0,0,0,0,"PQCManager includes key parsing, timestamping, allocation, and signature-registry insertion"
local-1786750886347812000,diagnostic-local,9d3ab807a08ef4cf1077dbc23213e2314ce37c87,MEASURED,primitive,runtime_pqc_manager,ML-DSA-87,verify_valid,kilobyte1024,1024,0,1,160334,161000,12877824,true,accepted,1,0,2592,4896,4627,0,0,0,0,0,
local-1786750886347812000,diagnostic-local,9d3ab807a08ef4cf1077dbc23213e2314ce37c87,MEASURED,primitive,runtime_pqc_manager,ML-DSA-87,verify_valid,kilobyte1024,1024,1,1,181375,182000,12877824,true,accepted,1,0,2592,4896,4627,0,0,0,0,0,
local-1786750886347812000,diagnostic-local,9d3ab807a08ef4cf1077dbc23213e2314ce37c87,MEASURED,negative,runtime_pqc_manager,ML-DSA-87,verify_tampered_signature,kilobyte1024,1024,0,0,160375,161000,12877824,true,rejected,1,0,2592,0,4627,0,0,0,0,0,
local-1786750886347812000,diagnostic-local,9d3ab807a08ef4cf1077dbc23213e2314ce37c87,MEASURED,negative,runtime_pqc_manager,ML-DSA-87,verify_tampered_signature,kilobyte1024,1024,1,0,160125,161000,12877824,true,rejected,1,0,2592,0,4627,0,0,0,0,0,
local-1786750886347812000,diagnostic-local,9d3ab807a08ef4cf1077dbc23213e2314ce37c87,MEASURED,primitive,runtime_pqc_manager,ML-DSA-87,sign,block4096,4096,0,1,373958,374000,12877824,true,signature_generated,1,0,2592,4896,4627,0,0,0,0,0,"PQCManager includes key parsing, timestamping, allocation, and signature-registry insertion"
local-1786750886347812000,diagnostic-local,9d3ab807a08ef4cf1077dbc23213e2314ce37c87,MEASURED,primitive,runtime_pqc_manager,ML-DSA-87,sign,block4096,4096,1,1,324125,325000,12877824,true,signature_generated,1,0,2592,4896,4627,0,0,0,0,0,"PQCManager includes key parsing, timestamping, allocation, and signature-registry insertion"
local-1786750886347812000,diagnostic-local,9d3ab807a08ef4cf1077dbc23213e2314ce37c87,MEASURED,primitive,runtime_pqc_manager,ML-DSA-87,verify_valid,block4096,4096,0,1,189459,192000,12877824,true,accepted,1,0,2592,4896,4627,0,0,0,0,0,
local-1786750886347812000,diagnostic-local,9d3ab807a08ef4cf1077dbc23213e2314ce37c87,MEASURED,primitive,runtime_pqc_manager,ML-DSA-87,verify_valid,block4096,4096,1,1,222875,208000,12877824,true,accepted,1,0,2592,4896,4627,0,0,0,0,0,
local-1786750886347812000,diagnostic-local,9d3ab807a08ef4cf1077dbc23213e2314ce37c87,MEASURED,negative,runtime_pqc_manager,ML-DSA-87,verify_tampered_signature,block4096,4096,0,0,203834,191000,12894208,true,rejected,1,0,2592,0,4627,0,0,0,0,0,
local-1786750886347812000,diagnostic-local,9d3ab807a08ef4cf1077dbc23213e2314ce37c87,MEASURED,negative,runtime_pqc_manager,ML-DSA-87,verify_tampered_signature,block4096,4096,1,0,182000,182000,12894208,true,rejected,1,0,2592,0,4627,0,0,0,0,0,
local-1786750886347812000,diagnostic-local,9d3ab807a08ef4cf1077dbc23213e2314ce37c87,MEASURED,primitive,runtime_pqc_manager,ML-DSA-87,sign,large16384,16384,0,1,650333,655000,12894208,true,signature_generated,1,0,2592,4896,4627,0,0,0,0,0,"PQCManager includes key parsing, timestamping, allocation, and signature-registry insertion"
local-1786750886347812000,diagnostic-local,9d3ab807a08ef4cf1077dbc23213e2314ce37c87,MEASURED,primitive,runtime_pqc_manager,ML-DSA-87,sign,large16384,16384,1,1,337334,337000,12894208,true,signature_generated,1,0,2592,4896,4627,0,0,0,0,0,"PQCManager includes key parsing, timestamping, allocation, and signature-registry insertion"
local-1786750886347812000,diagnostic-local,9d3ab807a08ef4cf1077dbc23213e2314ce37c87,MEASURED,primitive,runtime_pqc_manager,ML-DSA-87,verify_valid,large16384,16384,0,1,210667,212000,12894208,true,accepted,1,0,2592,4896,4627,0,0,0,0,0,
local-1786750886347812000,diagnostic-local,9d3ab807a08ef4cf1077dbc23213e2314ce37c87,MEASURED,primitive,runtime_pqc_manager,ML-DSA-87,verify_valid,large16384,16384,1,1,210708,211000,12894208,true,accepted,1,0,2592,4896,4627,0,0,0,0,0,
local-1786750886347812000,diagnostic-local,9d3ab807a08ef4cf1077dbc23213e2314ce37c87,MEASURED,negative,runtime_pqc_manager,ML-DSA-87,verify_tampered_signature,large16384,16384,0,0,211041,211000,12894208,true,rejected,1,0,2592,0,4627,0,0,0,0,0,
local-1786750886347812000,diagnostic-local,9d3ab807a08ef4cf1077dbc23213e2314ce37c87,MEASURED,negative,runtime_pqc_manager,ML-DSA-87,verify_tampered_signature,large16384,16384,1,0,210750,212000,12894208,true,rejected,1,0,2592,0,4627,0,0,0,0,0,
local-1786750886347812000,diagnostic-local,9d3ab807a08ef4cf1077dbc23213e2314ce37c87,MEASURED,primitive,runtime_pqc_manager_batch,ML-DSA-87,verify_batch,transaction512_batch10,512,0,1,1553417,1556000,18153472,true,batch_accepted,10,0,2592,4896,4627,0,0,0,0,0,work_units is the number of sequential production-abstraction verifications inside the timed batch
local-1786750886347812000,diagnostic-local,9d3ab807a08ef4cf1077dbc23213e2314ce37c87,MEASURED,primitive,runtime_pqc_manager_batch,ML-DSA-87,verify_batch,transaction512_batch10,512,1,1,1624250,1607000,18153472,true,batch_accepted,10,0,2592,4896,4627,0,0,0,0,0,work_units is the number of sequential production-abstraction verifications inside the timed batch
local-1786750886347812000,diagnostic-local,9d3ab807a08ef4cf1077dbc23213e2314ce37c87,MEASURED,primitive,runtime_pqc_manager_batch,ML-DSA-87,verify_batch,transaction512_batch100,512,0,1,16070250,16008000,18169856,true,batch_accepted,100,0,2592,4896,4627,0,0,0,0,0,work_units is the number of sequential production-abstraction verifications inside the timed batch
local-1786750886347812000,diagnostic-local,9d3ab807a08ef4cf1077dbc23213e2314ce37c87,MEASURED,primitive,runtime_pqc_manager_batch,ML-DSA-87,verify_batch,transaction512_batch100,512,1,1,16211208,16109000,18169856,true,batch_accepted,100,0,2592,4896,4627,0,0,0,0,0,work_units is the number of sequential production-abstraction verifications inside the timed batch
local-1786750886347812000,diagnostic-local,9d3ab807a08ef4cf1077dbc23213e2314ce37c87,MEASURED,primitive,runtime_pqc_manager_batch,ML-DSA-87,verify_batch,transaction512_batch1000,512,0,1,159600334,159093000,18169856,true,batch_accepted,1000,0,2592,4896,4627,0,0,0,0,0,work_units is the number of sequential production-abstraction verifications inside the timed batch
local-1786750886347812000,diagnostic-local,9d3ab807a08ef4cf1077dbc23213e2314ce37c87,MEASURED,primitive,runtime_pqc_manager_batch,ML-DSA-87,verify_batch,transaction512_batch1000,512,1,1,159272500,158897000,18169856,true,batch_accepted,1000,0,2592,4896,4627,0,0,0,0,0,work_units is the number of sequential production-abstraction verifications inside the timed batch
local-1786750886347812000,diagnostic-local,9d3ab807a08ef4cf1077dbc23213e2314ce37c87,MEASURED,primitive,runtime_pqc_manager,FN-DSA-1024,keygen,none,0,0,1,25298333,25195000,18202624,true,keypair_generated,1,0,1793,2305,0,0,0,0,0,0,
local-1786750886347812000,diagnostic-local,9d3ab807a08ef4cf1077dbc23213e2314ce37c87,MEASURED,primitive,runtime_pqc_manager,FN-DSA-1024,sign,digest32,32,0,1,6106000,6092000,18219008,true,signature_generated,1,0,1793,2305,1277,0,0,0,0,0,"PQCManager includes key parsing, timestamping, allocation, and signature-registry insertion"
local-1786750886347812000,diagnostic-local,9d3ab807a08ef4cf1077dbc23213e2314ce37c87,MEASURED,primitive,runtime_pqc_manager,FN-DSA-1024,sign,digest32,32,1,1,6043625,6025000,18219008,true,signature_generated,1,0,1793,2305,1273,0,0,0,0,0,"PQCManager includes key parsing, timestamping, allocation, and signature-registry insertion"
local-1786750886347812000,diagnostic-local,9d3ab807a08ef4cf1077dbc23213e2314ce37c87,MEASURED,primitive,runtime_pqc_manager,FN-DSA-1024,verify_valid,digest32,32,0,1,56959,60000,18219008,true,accepted,1,0,1793,2305,1270,0,0,0,0,0,
local-1786750886347812000,diagnostic-local,9d3ab807a08ef4cf1077dbc23213e2314ce37c87,MEASURED,primitive,runtime_pqc_manager,FN-DSA-1024,verify_valid,digest32,32,1,1,52833,53000,18219008,true,accepted,1,0,1793,2305,1270,0,0,0,0,0,
local-1786750886347812000,diagnostic-local,9d3ab807a08ef4cf1077dbc23213e2314ce37c87,MEASURED,negative,runtime_pqc_manager,FN-DSA-1024,verify_tampered_signature,digest32,32,0,0,51333,53000,18219008,true,rejected,1,0,1793,0,1270,0,0,0,0,0,
local-1786750886347812000,diagnostic-local,9d3ab807a08ef4cf1077dbc23213e2314ce37c87,MEASURED,negative,runtime_pqc_manager,FN-DSA-1024,verify_tampered_signature,digest32,32,1,0,50583,50000,18219008,true,rejected,1,0,1793,0,1270,0,0,0,0,0,
local-1786750886347812000,diagnostic-local,9d3ab807a08ef4cf1077dbc23213e2314ce37c87,MEASURED,primitive,runtime_pqc_manager,FN-DSA-1024,sign,small64,64,0,1,6050875,6030000,18251776,true,signature_generated,1,0,1793,2305,1266,0,0,0,0,0,"PQCManager includes key parsing, timestamping, allocation, and signature-registry insertion"
local-1786750886347812000,diagnostic-local,9d3ab807a08ef4cf1077dbc23213e2314ce37c87,MEASURED,primitive,runtime_pqc_manager,FN-DSA-1024,sign,small64,64,1,1,6045042,6016000,18251776,true,signature_generated,1,0,1793,2305,1267,0,0,0,0,0,"PQCManager includes key parsing, timestamping, allocation, and signature-registry insertion"
local-1786750886347812000,diagnostic-local,9d3ab807a08ef4cf1077dbc23213e2314ce37c87,MEASURED,primitive,runtime_pqc_manager,FN-DSA-1024,verify_valid,small64,64,0,1,56667,60000,18251776,true,accepted,1,0,1793,2305,1268,0,0,0,0,0,
local-1786750886347812000,diagnostic-local,9d3ab807a08ef4cf1077dbc23213e2314ce37c87,MEASURED,primitive,runtime_pqc_manager,FN-DSA-1024,verify_valid,small64,64,1,1,53333,55000,18251776,true,accepted,1,0,1793,2305,1268,0,0,0,0,0,
local-1786750886347812000,diagnostic-local,9d3ab807a08ef4cf1077dbc23213e2314ce37c87,MEASURED,negative,runtime_pqc_manager,FN-DSA-1024,verify_tampered_signature,small64,64,0,0,55834,56000,18251776,true,rejected,1,0,1793,0,1268,0,0,0,0,0,
local-1786750886347812000,diagnostic-local,9d3ab807a08ef4cf1077dbc23213e2314ce37c87,MEASURED,negative,runtime_pqc_manager,FN-DSA-1024,verify_tampered_signature,small64,64,1,0,57458,57000,18251776,true,rejected,1,0,1793,0,1268,0,0,0,0,0,
local-1786750886347812000,diagnostic-local,9d3ab807a08ef4cf1077dbc23213e2314ce37c87,MEASURED,primitive,runtime_pqc_manager,FN-DSA-1024,sign,small128,128,0,1,6056667,6035000,18300928,true,signature_generated,1,0,1793,2305,1272,0,0,0,0,0,"PQCManager includes key parsing, timestamping, allocation, and signature-registry insertion"
local-1786750886347812000,diagnostic-local,9d3ab807a08ef4cf1077dbc23213e2314ce37c87,MEASURED,primitive,runtime_pqc_manager,FN-DSA-1024,sign,small128,128,1,1,6061375,6039000,18300928,true,signature_generated,1,0,1793,2305,1267,0,0,0,0,0,"PQCManager includes key parsing, timestamping, allocation, and signature-registry insertion"
local-1786750886347812000,diagnostic-local,9d3ab807a08ef4cf1077dbc23213e2314ce37c87,MEASURED,primitive,runtime_pqc_manager,FN-DSA-1024,verify_valid,small128,128,0,1,60875,63000,18300928,true,accepted,1,0,1793,2305,1265,0,0,0,0,0,
local-1786750886347812000,diagnostic-local,9d3ab807a08ef4cf1077dbc23213e2314ce37c87,MEASURED,primitive,runtime_pqc_manager,FN-DSA-1024,verify_valid,small128,128,1,1,57667,58000,18300928,true,accepted,1,0,1793,2305,1265,0,0,0,0,0,
local-1786750886347812000,diagnostic-local,9d3ab807a08ef4cf1077dbc23213e2314ce37c87,MEASURED,negative,runtime_pqc_manager,FN-DSA-1024,verify_tampered_signature,small128,128,0,0,62208,63000,18300928,true,rejected,1,0,1793,0,1265,0,0,0,0,0,
local-1786750886347812000,diagnostic-local,9d3ab807a08ef4cf1077dbc23213e2314ce37c87,MEASURED,negative,runtime_pqc_manager,FN-DSA-1024,verify_tampered_signature,small128,128,1,0,66083,66000,18300928,true,rejected,1,0,1793,0,1265,0,0,0,0,0,
local-1786750886347812000,diagnostic-local,9d3ab807a08ef4cf1077dbc23213e2314ce37c87,MEASURED,primitive,runtime_pqc_manager,FN-DSA-1024,sign,vote192,192,0,1,6195375,6172000,18300928,true,signature_generated,1,0,1793,2305,1270,0,0,0,0,0,"PQCManager includes key parsing, timestamping, allocation, and signature-registry insertion"
local-1786750886347812000,diagnostic-local,9d3ab807a08ef4cf1077dbc23213e2314ce37c87,MEASURED,primitive,runtime_pqc_manager,FN-DSA-1024,sign,vote192,192,1,1,6162958,6120000,18300928,true,signature_generated,1,0,1793,2305,1268,0,0,0,0,0,"PQCManager includes key parsing, timestamping, allocation, and signature-registry insertion"
local-1786750886347812000,diagnostic-local,9d3ab807a08ef4cf1077dbc23213e2314ce37c87,MEASURED,primitive,runtime_pqc_manager,FN-DSA-1024,verify_valid,vote192,192,0,1,58416,60000,18300928,true,accepted,1,0,1793,2305,1265,0,0,0,0,0,
local-1786750886347812000,diagnostic-local,9d3ab807a08ef4cf1077dbc23213e2314ce37c87,MEASURED,primitive,runtime_pqc_manager,FN-DSA-1024,verify_valid,vote192,192,1,1,56250,56000,18300928,true,accepted,1,0,1793,2305,1265,0,0,0,0,0,
local-1786750886347812000,diagnostic-local,9d3ab807a08ef4cf1077dbc23213e2314ce37c87,MEASURED,negative,runtime_pqc_manager,FN-DSA-1024,verify_tampered_signature,vote192,192,0,0,53292,53000,18300928,true,rejected,1,0,1793,0,1265,0,0,0,0,0,
local-1786750886347812000,diagnostic-local,9d3ab807a08ef4cf1077dbc23213e2314ce37c87,MEASURED,negative,runtime_pqc_manager,FN-DSA-1024,verify_tampered_signature,vote192,192,1,0,52000,52000,18300928,true,rejected,1,0,1793,0,1265,0,0,0,0,0,
local-1786750886347812000,diagnostic-local,9d3ab807a08ef4cf1077dbc23213e2314ce37c87,MEASURED,primitive,runtime_pqc_manager,FN-DSA-1024,sign,medium256,256,0,1,6074333,6061000,18300928,true,signature_generated,1,0,1793,2305,1268,0,0,0,0,0,"PQCManager includes key parsing, timestamping, allocation, and signature-registry insertion"
local-1786750886347812000,diagnostic-local,9d3ab807a08ef4cf1077dbc23213e2314ce37c87,MEASURED,primitive,runtime_pqc_manager,FN-DSA-1024,sign,medium256,256,1,1,6289791,6281000,18300928,true,signature_generated,1,0,1793,2305,1269,0,0,0,0,0,"PQCManager includes key parsing, timestamping, allocation, and signature-registry insertion"
local-1786750886347812000,diagnostic-local,9d3ab807a08ef4cf1077dbc23213e2314ce37c87,MEASURED,primitive,runtime_pqc_manager,FN-DSA-1024,verify_valid,medium256,256,0,1,63375,65000,18300928,true,accepted,1,0,1793,2305,1277,0,0,0,0,0,
local-1786750886347812000,diagnostic-local,9d3ab807a08ef4cf1077dbc23213e2314ce37c87,MEASURED,primitive,runtime_pqc_manager,FN-DSA-1024,verify_valid,medium256,256,1,1,56875,57000,18300928,true,accepted,1,0,1793,2305,1277,0,0,0,0,0,
local-1786750886347812000,diagnostic-local,9d3ab807a08ef4cf1077dbc23213e2314ce37c87,MEASURED,negative,runtime_pqc_manager,FN-DSA-1024,verify_tampered_signature,medium256,256,0,0,54875,56000,18300928,true,rejected,1,0,1793,0,1277,0,0,0,0,0,
local-1786750886347812000,diagnostic-local,9d3ab807a08ef4cf1077dbc23213e2314ce37c87,MEASURED,negative,runtime_pqc_manager,FN-DSA-1024,verify_tampered_signature,medium256,256,1,0,53667,53000,18300928,true,rejected,1,0,1793,0,1277,0,0,0,0,0,
local-1786750886347812000,diagnostic-local,9d3ab807a08ef4cf1077dbc23213e2314ce37c87,MEASURED,primitive,runtime_pqc_manager,FN-DSA-1024,sign,transaction512,512,0,1,6053708,6037000,18300928,true,signature_generated,1,0,1793,2305,1276,0,0,0,0,0,"PQCManager includes key parsing, timestamping, allocation, and signature-registry insertion"
local-1786750886347812000,diagnostic-local,9d3ab807a08ef4cf1077dbc23213e2314ce37c87,MEASURED,primitive,runtime_pqc_manager,FN-DSA-1024,sign,transaction512,512,1,1,5972791,5973000,18300928,true,signature_generated,1,0,1793,2305,1271,0,0,0,0,0,"PQCManager includes key parsing, timestamping, allocation, and signature-registry insertion"
local-1786750886347812000,diagnostic-local,9d3ab807a08ef4cf1077dbc23213e2314ce37c87,MEASURED,primitive,runtime_pqc_manager,FN-DSA-1024,verify_valid,transaction512,512,0,1,59167,60000,18300928,true,accepted,1,0,1793,2305,1272,0,0,0,0,0,
local-1786750886347812000,diagnostic-local,9d3ab807a08ef4cf1077dbc23213e2314ce37c87,MEASURED,primitive,runtime_pqc_manager,FN-DSA-1024,verify_valid,transaction512,512,1,1,54917,55000,18300928,true,accepted,1,0,1793,2305,1272,0,0,0,0,0,
local-1786750886347812000,diagnostic-local,9d3ab807a08ef4cf1077dbc23213e2314ce37c87,MEASURED,negative,runtime_pqc_manager,FN-DSA-1024,verify_tampered_signature,transaction512,512,0,0,53042,53000,18317312,true,rejected,1,0,1793,0,1272,0,0,0,0,0,
local-1786750886347812000,diagnostic-local,9d3ab807a08ef4cf1077dbc23213e2314ce37c87,MEASURED,negative,runtime_pqc_manager,FN-DSA-1024,verify_tampered_signature,transaction512,512,1,0,56459,57000,18317312,true,rejected,1,0,1793,0,1272,0,0,0,0,0,
local-1786750886347812000,diagnostic-local,9d3ab807a08ef4cf1077dbc23213e2314ce37c87,MEASURED,primitive,runtime_pqc_manager,FN-DSA-1024,sign,kilobyte1024,1024,0,1,12192209,12120000,18317312,true,signature_generated,1,0,1793,2305,1268,0,0,0,0,0,"PQCManager includes key parsing, timestamping, allocation, and signature-registry insertion"
local-1786750886347812000,diagnostic-local,9d3ab807a08ef4cf1077dbc23213e2314ce37c87,MEASURED,primitive,runtime_pqc_manager,FN-DSA-1024,sign,kilobyte1024,1024,1,1,6172042,6127000,18317312,true,signature_generated,1,0,1793,2305,1271,0,0,0,0,0,"PQCManager includes key parsing, timestamping, allocation, and signature-registry insertion"
local-1786750886347812000,diagnostic-local,9d3ab807a08ef4cf1077dbc23213e2314ce37c87,MEASURED,primitive,runtime_pqc_manager,FN-DSA-1024,verify_valid,kilobyte1024,1024,0,1,61167,63000,18317312,true,accepted,1,0,1793,2305,1271,0,0,0,0,0,
local-1786750886347812000,diagnostic-local,9d3ab807a08ef4cf1077dbc23213e2314ce37c87,MEASURED,primitive,runtime_pqc_manager,FN-DSA-1024,verify_valid,kilobyte1024,1024,1,1,58834,59000,18317312,true,accepted,1,0,1793,2305,1271,0,0,0,0,0,
local-1786750886347812000,diagnostic-local,9d3ab807a08ef4cf1077dbc23213e2314ce37c87,MEASURED,negative,runtime_pqc_manager,FN-DSA-1024,verify_tampered_signature,kilobyte1024,1024,0,0,60167,60000,18317312,true,rejected,1,0,1793,0,1271,0,0,0,0,0,
local-1786750886347812000,diagnostic-local,9d3ab807a08ef4cf1077dbc23213e2314ce37c87,MEASURED,negative,runtime_pqc_manager,FN-DSA-1024,verify_tampered_signature,kilobyte1024,1024,1,0,62417,63000,18333696,true,rejected,1,0,1793,0,1271,0,0,0,0,0,
local-1786750886347812000,diagnostic-local,9d3ab807a08ef4cf1077dbc23213e2314ce37c87,MEASURED,primitive,runtime_pqc_manager,FN-DSA-1024,sign,block4096,4096,0,1,6173458,6134000,18333696,true,signature_generated,1,0,1793,2305,1276,0,0,0,0,0,"PQCManager includes key parsing, timestamping, allocation, and signature-registry insertion"
local-1786750886347812000,diagnostic-local,9d3ab807a08ef4cf1077dbc23213e2314ce37c87,MEASURED,primitive,runtime_pqc_manager,FN-DSA-1024,sign,block4096,4096,1,1,5994041,5994000,18333696,true,signature_generated,1,0,1793,2305,1268,0,0,0,0,0,"PQCManager includes key parsing, timestamping, allocation, and signature-registry insertion"
local-1786750886347812000,diagnostic-local,9d3ab807a08ef4cf1077dbc23213e2314ce37c87,MEASURED,primitive,runtime_pqc_manager,FN-DSA-1024,verify_valid,block4096,4096,0,1,69958,72000,18333696,true,accepted,1,0,1793,2305,1269,0,0,0,0,0,
local-1786750886347812000,diagnostic-local,9d3ab807a08ef4cf1077dbc23213e2314ce37c87,MEASURED,primitive,runtime_pqc_manager,FN-DSA-1024,verify_valid,block4096,4096,1,1,66958,67000,18333696,true,accepted,1,0,1793,2305,1269,0,0,0,0,0,
local-1786750886347812000,diagnostic-local,9d3ab807a08ef4cf1077dbc23213e2314ce37c87,MEASURED,negative,runtime_pqc_manager,FN-DSA-1024,verify_tampered_signature,block4096,4096,0,0,73375,73000,18333696,true,rejected,1,0,1793,0,1269,0,0,0,0,0,
local-1786750886347812000,diagnostic-local,9d3ab807a08ef4cf1077dbc23213e2314ce37c87,MEASURED,negative,runtime_pqc_manager,FN-DSA-1024,verify_tampered_signature,block4096,4096,1,0,74709,75000,18333696,true,rejected,1,0,1793,0,1269,0,0,0,0,0,
local-1786750886347812000,diagnostic-local,9d3ab807a08ef4cf1077dbc23213e2314ce37c87,MEASURED,primitive,runtime_pqc_manager,FN-DSA-1024,sign,large16384,16384,0,1,6111084,6087000,18333696,true,signature_generated,1,0,1793,2305,1271,0,0,0,0,0,"PQCManager includes key parsing, timestamping, allocation, and signature-registry insertion"
local-1786750886347812000,diagnostic-local,9d3ab807a08ef4cf1077dbc23213e2314ce37c87,MEASURED,primitive,runtime_pqc_manager,FN-DSA-1024,sign,large16384,16384,1,1,6112750,6092000,18333696,true,signature_generated,1,0,1793,2305,1269,0,0,0,0,0,"PQCManager includes key parsing, timestamping, allocation, and signature-registry insertion"
local-1786750886347812000,diagnostic-local,9d3ab807a08ef4cf1077dbc23213e2314ce37c87,MEASURED,primitive,runtime_pqc_manager,FN-DSA-1024,verify_valid,large16384,16384,0,1,109375,110000,18333696,true,accepted,1,0,1793,2305,1272,0,0,0,0,0,
local-1786750886347812000,diagnostic-local,9d3ab807a08ef4cf1077dbc23213e2314ce37c87,MEASURED,primitive,runtime_pqc_manager,FN-DSA-1024,verify_valid,large16384,16384,1,1,106291,107000,18333696,true,accepted,1,0,1793,2305,1272,0,0,0,0,0,
local-1786750886347812000,diagnostic-local,9d3ab807a08ef4cf1077dbc23213e2314ce37c87,MEASURED,negative,runtime_pqc_manager,FN-DSA-1024,verify_tampered_signature,large16384,16384,0,0,103708,104000,18333696,true,rejected,1,0,1793,0,1272,0,0,0,0,0,
local-1786750886347812000,diagnostic-local,9d3ab807a08ef4cf1077dbc23213e2314ce37c87,MEASURED,negative,runtime_pqc_manager,FN-DSA-1024,verify_tampered_signature,large16384,16384,1,0,102125,102000,18333696,true,rejected,1,0,1793,0,1272,0,0,0,0,0,
local-1786750886347812000,diagnostic-local,9d3ab807a08ef4cf1077dbc23213e2314ce37c87,MEASURED,primitive,runtime_pqc_manager_batch,FN-DSA-1024,verify_batch,transaction512_batch10,512,0,1,625500,629000,19693568,true,batch_accepted,10,0,1793,2305,1270,0,0,0,0,0,work_units is the number of sequential production-abstraction verifications inside the timed batch
local-1786750886347812000,diagnostic-local,9d3ab807a08ef4cf1077dbc23213e2314ce37c87,MEASURED,primitive,runtime_pqc_manager_batch,FN-DSA-1024,verify_batch,transaction512_batch10,512,1,1,566542,567000,19693568,true,batch_accepted,10,0,1793,2305,1270,0,0,0,0,0,work_units is the number of sequential production-abstraction verifications inside the timed batch
local-1786750886347812000,diagnostic-local,9d3ab807a08ef4cf1077dbc23213e2314ce37c87,MEASURED,primitive,runtime_pqc_manager_batch,FN-DSA-1024,verify_batch,transaction512_batch100,512,0,1,6100041,6097000,19693568,true,batch_accepted,100,0,1793,2305,1270,0,0,0,0,0,work_units is the number of sequential production-abstraction verifications inside the timed batch
local-1786750886347812000,diagnostic-local,9d3ab807a08ef4cf1077dbc23213e2314ce37c87,MEASURED,primitive,runtime_pqc_manager_batch,FN-DSA-1024,verify_batch,transaction512_batch100,512,1,1,5991708,5985000,19693568,true,batch_accepted,100,0,1793,2305,1270,0,0,0,0,0,work_units is the number of sequential production-abstraction verifications inside the timed batch
local-1786750886347812000,diagnostic-local,9d3ab807a08ef4cf1077dbc23213e2314ce37c87,MEASURED,primitive,runtime_pqc_manager_batch,FN-DSA-1024,verify_batch,transaction512_batch1000,512,0,1,60053209,59974000,19693568,true,batch_accepted,1000,0,1793,2305,1270,0,0,0,0,0,work_units is the number of sequential production-abstraction verifications inside the timed batch
local-1786750886347812000,diagnostic-local,9d3ab807a08ef4cf1077dbc23213e2314ce37c87,MEASURED,primitive,runtime_pqc_manager_batch,FN-DSA-1024,verify_batch,transaction512_batch1000,512,1,1,60606833,60300000,19693568,true,batch_accepted,1000,0,1793,2305,1270,0,0,0,0,0,work_units is the number of sequential production-abstraction verifications inside the timed batch
local-1786750886347812000,diagnostic-local,9d3ab807a08ef4cf1077dbc23213e2314ce37c87,MEASURED,primitive,runtime_pqc_manager,SLH-DSA-SHAKE-128f-simple,keygen,none,0,0,1,1137708,1106000,19726336,true,keypair_generated,1,0,32,64,0,0,0,0,0,0,
local-1786750886347812000,diagnostic-local,9d3ab807a08ef4cf1077dbc23213e2314ce37c87,MEASURED,primitive,runtime_pqc_manager,SLH-DSA-SHAKE-128f-simple,sign,digest32,32,0,1,24180333,24076000,19824640,true,signature_generated,1,0,32,64,17088,0,0,0,0,0,"PQCManager includes key parsing, timestamping, allocation, and signature-registry insertion"
local-1786750886347812000,diagnostic-local,9d3ab807a08ef4cf1077dbc23213e2314ce37c87,MEASURED,primitive,runtime_pqc_manager,SLH-DSA-SHAKE-128f-simple,sign,digest32,32,1,1,24045083,23986000,19824640,true,signature_generated,1,0,32,64,17088,0,0,0,0,0,"PQCManager includes key parsing, timestamping, allocation, and signature-registry insertion"
local-1786750886347812000,diagnostic-local,9d3ab807a08ef4cf1077dbc23213e2314ce37c87,MEASURED,primitive,runtime_pqc_manager,SLH-DSA-SHAKE-128f-simple,verify_valid,digest32,32,0,1,1429333,1431000,19824640,true,accepted,1,0,32,64,17088,0,0,0,0,0,
local-1786750886347812000,diagnostic-local,9d3ab807a08ef4cf1077dbc23213e2314ce37c87,MEASURED,primitive,runtime_pqc_manager,SLH-DSA-SHAKE-128f-simple,verify_valid,digest32,32,1,1,1414625,1415000,19824640,true,accepted,1,0,32,64,17088,0,0,0,0,0,
local-1786750886347812000,diagnostic-local,9d3ab807a08ef4cf1077dbc23213e2314ce37c87,MEASURED,negative,runtime_pqc_manager,SLH-DSA-SHAKE-128f-simple,verify_tampered_signature,digest32,32,0,0,1420417,1421000,19857408,true,rejected,1,0,32,0,17088,0,0,0,0,0,
local-1786750886347812000,diagnostic-local,9d3ab807a08ef4cf1077dbc23213e2314ce37c87,MEASURED,negative,runtime_pqc_manager,SLH-DSA-SHAKE-128f-simple,verify_tampered_signature,digest32,32,1,0,1428708,1429000,19857408,true,rejected,1,0,32,0,17088,0,0,0,0,0,
local-1786750886347812000,diagnostic-local,9d3ab807a08ef4cf1077dbc23213e2314ce37c87,MEASURED,primitive,runtime_pqc_manager,SLH-DSA-SHAKE-128f-simple,sign,small64,64,0,1,24241375,24162000,19857408,true,signature_generated,1,0,32,64,17088,0,0,0,0,0,"PQCManager includes key parsing, timestamping, allocation, and signature-registry insertion"
local-1786750886347812000,diagnostic-local,9d3ab807a08ef4cf1077dbc23213e2314ce37c87,MEASURED,primitive,runtime_pqc_manager,SLH-DSA-SHAKE-128f-simple,sign,small64,64,1,1,24466750,24300000,19857408,true,signature_generated,1,0,32,64,17088,0,0,0,0,0,"PQCManager includes key parsing, timestamping, allocation, and signature-registry insertion"
local-1786750886347812000,diagnostic-local,9d3ab807a08ef4cf1077dbc23213e2314ce37c87,MEASURED,primitive,runtime_pqc_manager,SLH-DSA-SHAKE-128f-simple,verify_valid,small64,64,0,1,1545709,1517000,19890176,true,accepted,1,0,32,64,17088,0,0,0,0,0,
local-1786750886347812000,diagnostic-local,9d3ab807a08ef4cf1077dbc23213e2314ce37c87,MEASURED,primitive,runtime_pqc_manager,SLH-DSA-SHAKE-128f-simple,verify_valid,small64,64,1,1,1392083,1392000,19890176,true,accepted,1,0,32,64,17088,0,0,0,0,0,
local-1786750886347812000,diagnostic-local,9d3ab807a08ef4cf1077dbc23213e2314ce37c87,MEASURED,negative,runtime_pqc_manager,SLH-DSA-SHAKE-128f-simple,verify_tampered_signature,small64,64,0,0,1397166,1397000,19890176,true,rejected,1,0,32,0,17088,0,0,0,0,0,
local-1786750886347812000,diagnostic-local,9d3ab807a08ef4cf1077dbc23213e2314ce37c87,MEASURED,negative,runtime_pqc_manager,SLH-DSA-SHAKE-128f-simple,verify_tampered_signature,small64,64,1,0,1397166,1397000,19890176,true,rejected,1,0,32,0,17088,0,0,0,0,0,
local-1786750886347812000,diagnostic-local,9d3ab807a08ef4cf1077dbc23213e2314ce37c87,MEASURED,primitive,runtime_pqc_manager,SLH-DSA-SHAKE-128f-simple,sign,small128,128,0,1,24383209,24277000,19890176,true,signature_generated,1,0,32,64,17088,0,0,0,0,0,"PQCManager includes key parsing, timestamping, allocation, and signature-registry insertion"
local-1786750886347812000,diagnostic-local,9d3ab807a08ef4cf1077dbc23213e2314ce37c87,MEASURED,primitive,runtime_pqc_manager,SLH-DSA-SHAKE-128f-simple,sign,small128,128,1,1,24312125,24195000,19890176,true,signature_generated,1,0,32,64,17088,0,0,0,0,0,"PQCManager includes key parsing, timestamping, allocation, and signature-registry insertion"
local-1786750886347812000,diagnostic-local,9d3ab807a08ef4cf1077dbc23213e2314ce37c87,MEASURED,primitive,runtime_pqc_manager,SLH-DSA-SHAKE-128f-simple,verify_valid,small128,128,0,1,1580291,1554000,19890176,true,accepted,1,0,32,64,17088,0,0,0,0,0,
local-1786750886347812000,diagnostic-local,9d3ab807a08ef4cf1077dbc23213e2314ce37c87,MEASURED,primitive,runtime_pqc_manager,SLH-DSA-SHAKE-128f-simple,verify_valid,small128,128,1,1,1516333,1516000,19890176,true,accepted,1,0,32,64,17088,0,0,0,0,0,
local-1786750886347812000,diagnostic-local,9d3ab807a08ef4cf1077dbc23213e2314ce37c87,MEASURED,negative,runtime_pqc_manager,SLH-DSA-SHAKE-128f-simple,verify_tampered_signature,small128,128,0,0,1333583,1334000,19890176,true,rejected,1,0,32,0,17088,0,0,0,0,0,
local-1786750886347812000,diagnostic-local,9d3ab807a08ef4cf1077dbc23213e2314ce37c87,MEASURED,negative,runtime_pqc_manager,SLH-DSA-SHAKE-128f-simple,verify_tampered_signature,small128,128,1,0,1328708,1329000,19890176,true,rejected,1,0,32,0,17088,0,0,0,0,0,
local-1786750886347812000,diagnostic-local,9d3ab807a08ef4cf1077dbc23213e2314ce37c87,MEASURED,primitive,runtime_pqc_manager,SLH-DSA-SHAKE-128f-simple,sign,vote192,192,0,1,24369958,24227000,19890176,true,signature_generated,1,0,32,64,17088,0,0,0,0,0,"PQCManager includes key parsing, timestamping, allocation, and signature-registry insertion"
local-1786750886347812000,diagnostic-local,9d3ab807a08ef4cf1077dbc23213e2314ce37c87,MEASURED,primitive,runtime_pqc_manager,SLH-DSA-SHAKE-128f-simple,sign,vote192,192,1,1,24500250,24351000,19890176,true,signature_generated,1,0,32,64,17088,0,0,0,0,0,"PQCManager includes key parsing, timestamping, allocation, and signature-registry insertion"
local-1786750886347812000,diagnostic-local,9d3ab807a08ef4cf1077dbc23213e2314ce37c87,MEASURED,primitive,runtime_pqc_manager,SLH-DSA-SHAKE-128f-simple,verify_valid,vote192,192,0,1,1400584,1401000,19890176,true,accepted,1,0,32,64,17088,0,0,0,0,0,
local-1786750886347812000,diagnostic-local,9d3ab807a08ef4cf1077dbc23213e2314ce37c87,MEASURED,primitive,runtime_pqc_manager,SLH-DSA-SHAKE-128f-simple,verify_valid,vote192,192,1,1,1518250,1482000,19890176,true,accepted,1,0,32,64,17088,0,0,0,0,0,
local-1786750886347812000,diagnostic-local,9d3ab807a08ef4cf1077dbc23213e2314ce37c87,MEASURED,negative,runtime_pqc_manager,SLH-DSA-SHAKE-128f-simple,verify_tampered_signature,vote192,192,0,0,1400708,1401000,19890176,true,rejected,1,0,32,0,17088,0,0,0,0,0,
local-1786750886347812000,diagnostic-local,9d3ab807a08ef4cf1077dbc23213e2314ce37c87,MEASURED,negative,runtime_pqc_manager,SLH-DSA-SHAKE-128f-simple,verify_tampered_signature,vote192,192,1,0,1387417,1388000,19890176,true,rejected,1,0,32,0,17088,0,0,0,0,0,
local-1786750886347812000,diagnostic-local,9d3ab807a08ef4cf1077dbc23213e2314ce37c87,MEASURED,primitive,runtime_pqc_manager,SLH-DSA-SHAKE-128f-simple,sign,medium256,256,0,1,24053208,23988000,19906560,true,signature_generated,1,0,32,64,17088,0,0,0,0,0,"PQCManager includes key parsing, timestamping, allocation, and signature-registry insertion"
local-1786750886347812000,diagnostic-local,9d3ab807a08ef4cf1077dbc23213e2314ce37c87,MEASURED,primitive,runtime_pqc_manager,SLH-DSA-SHAKE-128f-simple,sign,medium256,256,1,1,24158750,24084000,19906560,true,signature_generated,1,0,32,64,17088,0,0,0,0,0,"PQCManager includes key parsing, timestamping, allocation, and signature-registry insertion"
local-1786750886347812000,diagnostic-local,9d3ab807a08ef4cf1077dbc23213e2314ce37c87,MEASURED,primitive,runtime_pqc_manager,SLH-DSA-SHAKE-128f-simple,verify_valid,medium256,256,0,1,1446000,1447000,19906560,true,accepted,1,0,32,64,17088,0,0,0,0,0,
local-1786750886347812000,diagnostic-local,9d3ab807a08ef4cf1077dbc23213e2314ce37c87,MEASURED,primitive,runtime_pqc_manager,SLH-DSA-SHAKE-128f-simple,verify_valid,medium256,256,1,1,1458625,1458000,19906560,true,accepted,1,0,32,64,17088,0,0,0,0,0,
local-1786750886347812000,diagnostic-local,9d3ab807a08ef4cf1077dbc23213e2314ce37c87,MEASURED,negative,runtime_pqc_manager,SLH-DSA-SHAKE-128f-simple,verify_tampered_signature,medium256,256,0,0,1522458,1506000,19906560,true,rejected,1,0,32,0,17088,0,0,0,0,0,
local-1786750886347812000,diagnostic-local,9d3ab807a08ef4cf1077dbc23213e2314ce37c87,MEASURED,negative,runtime_pqc_manager,SLH-DSA-SHAKE-128f-simple,verify_tampered_signature,medium256,256,1,0,1397833,1399000,19906560,true,rejected,1,0,32,0,17088,0,0,0,0,0,
local-1786750886347812000,diagnostic-local,9d3ab807a08ef4cf1077dbc23213e2314ce37c87,MEASURED,primitive,runtime_pqc_manager,SLH-DSA-SHAKE-128f-simple,sign,transaction512,512,0,1,24424667,24298000,19906560,true,signature_generated,1,0,32,64,17088,0,0,0,0,0,"PQCManager includes key parsing, timestamping, allocation, and signature-registry insertion"
local-1786750886347812000,diagnostic-local,9d3ab807a08ef4cf1077dbc23213e2314ce37c87,MEASURED,primitive,runtime_pqc_manager,SLH-DSA-SHAKE-128f-simple,sign,transaction512,512,1,1,24233458,24146000,19906560,true,signature_generated,1,0,32,64,17088,0,0,0,0,0,"PQCManager includes key parsing, timestamping, allocation, and signature-registry insertion"
local-1786750886347812000,diagnostic-local,9d3ab807a08ef4cf1077dbc23213e2314ce37c87,MEASURED,primitive,runtime_pqc_manager,SLH-DSA-SHAKE-128f-simple,verify_valid,transaction512,512,0,1,1431166,1433000,19906560,true,accepted,1,0,32,64,17088,0,0,0,0,0,
local-1786750886347812000,diagnostic-local,9d3ab807a08ef4cf1077dbc23213e2314ce37c87,MEASURED,primitive,runtime_pqc_manager,SLH-DSA-SHAKE-128f-simple,verify_valid,transaction512,512,1,1,1450458,1451000,19906560,true,accepted,1,0,32,64,17088,0,0,0,0,0,
local-1786750886347812000,diagnostic-local,9d3ab807a08ef4cf1077dbc23213e2314ce37c87,MEASURED,negative,runtime_pqc_manager,SLH-DSA-SHAKE-128f-simple,verify_tampered_signature,transaction512,512,0,0,1430500,1431000,19906560,true,rejected,1,0,32,0,17088,0,0,0,0,0,
local-1786750886347812000,diagnostic-local,9d3ab807a08ef4cf1077dbc23213e2314ce37c87,MEASURED,negative,runtime_pqc_manager,SLH-DSA-SHAKE-128f-simple,verify_tampered_signature,transaction512,512,1,0,1509292,1504000,19906560,true,rejected,1,0,32,0,17088,0,0,0,0,0,
local-1786750886347812000,diagnostic-local,9d3ab807a08ef4cf1077dbc23213e2314ce37c87,MEASURED,primitive,runtime_pqc_manager,SLH-DSA-SHAKE-128f-simple,sign,kilobyte1024,1024,0,1,24157792,24098000,19906560,true,signature_generated,1,0,32,64,17088,0,0,0,0,0,"PQCManager includes key parsing, timestamping, allocation, and signature-registry insertion"
local-1786750886347812000,diagnostic-local,9d3ab807a08ef4cf1077dbc23213e2314ce37c87,MEASURED,primitive,runtime_pqc_manager,SLH-DSA-SHAKE-128f-simple,sign,kilobyte1024,1024,1,1,23947375,23936000,19906560,true,signature_generated,1,0,32,64,17088,0,0,0,0,0,"PQCManager includes key parsing, timestamping, allocation, and signature-registry insertion"
local-1786750886347812000,diagnostic-local,9d3ab807a08ef4cf1077dbc23213e2314ce37c87,MEASURED,primitive,runtime_pqc_manager,SLH-DSA-SHAKE-128f-simple,verify_valid,kilobyte1024,1024,0,1,1392709,1395000,19906560,true,accepted,1,0,32,64,17088,0,0,0,0,0,
local-1786750886347812000,diagnostic-local,9d3ab807a08ef4cf1077dbc23213e2314ce37c87,MEASURED,primitive,runtime_pqc_manager,SLH-DSA-SHAKE-128f-simple,verify_valid,kilobyte1024,1024,1,1,1377625,1378000,19906560,true,accepted,1,0,32,64,17088,0,0,0,0,0,
local-1786750886347812000,diagnostic-local,9d3ab807a08ef4cf1077dbc23213e2314ce37c87,MEASURED,negative,runtime_pqc_manager,SLH-DSA-SHAKE-128f-simple,verify_tampered_signature,kilobyte1024,1024,0,0,1438208,1438000,19906560,true,rejected,1,0,32,0,17088,0,0,0,0,0,
local-1786750886347812000,diagnostic-local,9d3ab807a08ef4cf1077dbc23213e2314ce37c87,MEASURED,negative,runtime_pqc_manager,SLH-DSA-SHAKE-128f-simple,verify_tampered_signature,kilobyte1024,1024,1,0,1413000,1414000,19906560,true,rejected,1,0,32,0,17088,0,0,0,0,0,
local-1786750886347812000,diagnostic-local,9d3ab807a08ef4cf1077dbc23213e2314ce37c87,MEASURED,primitive,runtime_pqc_manager,SLH-DSA-SHAKE-128f-simple,sign,block4096,4096,0,1,24381459,24275000,19906560,true,signature_generated,1,0,32,64,17088,0,0,0,0,0,"PQCManager includes key parsing, timestamping, allocation, and signature-registry insertion"
local-1786750886347812000,diagnostic-local,9d3ab807a08ef4cf1077dbc23213e2314ce37c87,MEASURED,primitive,runtime_pqc_manager,SLH-DSA-SHAKE-128f-simple,sign,block4096,4096,1,1,24451541,24279000,19906560,true,signature_generated,1,0,32,64,17088,0,0,0,0,0,"PQCManager includes key parsing, timestamping, allocation, and signature-registry insertion"
local-1786750886347812000,diagnostic-local,9d3ab807a08ef4cf1077dbc23213e2314ce37c87,MEASURED,primitive,runtime_pqc_manager,SLH-DSA-SHAKE-128f-simple,verify_valid,block4096,4096,0,1,1403000,1405000,19906560,true,accepted,1,0,32,64,17088,0,0,0,0,0,
local-1786750886347812000,diagnostic-local,9d3ab807a08ef4cf1077dbc23213e2314ce37c87,MEASURED,primitive,runtime_pqc_manager,SLH-DSA-SHAKE-128f-simple,verify_valid,block4096,4096,1,1,1414750,1415000,19906560,true,accepted,1,0,32,64,17088,0,0,0,0,0,
local-1786750886347812000,diagnostic-local,9d3ab807a08ef4cf1077dbc23213e2314ce37c87,MEASURED,negative,runtime_pqc_manager,SLH-DSA-SHAKE-128f-simple,verify_tampered_signature,block4096,4096,0,0,1424166,1424000,19906560,true,rejected,1,0,32,0,17088,0,0,0,0,0,
local-1786750886347812000,diagnostic-local,9d3ab807a08ef4cf1077dbc23213e2314ce37c87,MEASURED,negative,runtime_pqc_manager,SLH-DSA-SHAKE-128f-simple,verify_tampered_signature,block4096,4096,1,0,1437125,1437000,19906560,true,rejected,1,0,32,0,17088,0,0,0,0,0,
local-1786750886347812000,diagnostic-local,9d3ab807a08ef4cf1077dbc23213e2314ce37c87,MEASURED,primitive,runtime_pqc_manager,SLH-DSA-SHAKE-128f-simple,sign,large16384,16384,0,1,24175959,24113000,19906560,true,signature_generated,1,0,32,64,17088,0,0,0,0,0,"PQCManager includes key parsing, timestamping, allocation, and signature-registry insertion"
local-1786750886347812000,diagnostic-local,9d3ab807a08ef4cf1077dbc23213e2314ce37c87,MEASURED,primitive,runtime_pqc_manager,SLH-DSA-SHAKE-128f-simple,sign,large16384,16384,1,1,24265416,24183000,19906560,true,signature_generated,1,0,32,64,17088,0,0,0,0,0,"PQCManager includes key parsing, timestamping, allocation, and signature-registry insertion"
local-1786750886347812000,diagnostic-local,9d3ab807a08ef4cf1077dbc23213e2314ce37c87,MEASURED,primitive,runtime_pqc_manager,SLH-DSA-SHAKE-128f-simple,verify_valid,large16384,16384,0,1,1556916,1540000,19906560,true,accepted,1,0,32,64,17088,0,0,0,0,0,
local-1786750886347812000,diagnostic-local,9d3ab807a08ef4cf1077dbc23213e2314ce37c87,MEASURED,primitive,runtime_pqc_manager,SLH-DSA-SHAKE-128f-simple,verify_valid,large16384,16384,1,1,1433541,1434000,19906560,true,accepted,1,0,32,64,17088,0,0,0,0,0,
local-1786750886347812000,diagnostic-local,9d3ab807a08ef4cf1077dbc23213e2314ce37c87,MEASURED,negative,runtime_pqc_manager,SLH-DSA-SHAKE-128f-simple,verify_tampered_signature,large16384,16384,0,0,1436417,1437000,19906560,true,rejected,1,0,32,0,17088,0,0,0,0,0,
local-1786750886347812000,diagnostic-local,9d3ab807a08ef4cf1077dbc23213e2314ce37c87,MEASURED,negative,runtime_pqc_manager,SLH-DSA-SHAKE-128f-simple,verify_tampered_signature,large16384,16384,1,0,1435000,1435000,19906560,true,rejected,1,0,32,0,17088,0,0,0,0,0,
local-1786750886347812000,diagnostic-local,9d3ab807a08ef4cf1077dbc23213e2314ce37c87,MEASURED,primitive,runtime_pqc_manager_batch,SLH-DSA-SHAKE-128f-simple,verify_batch,transaction512_batch10,512,0,1,15206917,14989000,20070400,true,batch_accepted,10,0,32,64,17088,0,0,0,0,0,work_units is the number of sequential production-abstraction verifications inside the timed batch
local-1786750886347812000,diagnostic-local,9d3ab807a08ef4cf1077dbc23213e2314ce37c87,MEASURED,primitive,runtime_pqc_manager_batch,SLH-DSA-SHAKE-128f-simple,verify_batch,transaction512_batch10,512,1,1,15021209,14852000,20070400,true,batch_accepted,10,0,32,64,17088,0,0,0,0,0,work_units is the number of sequential production-abstraction verifications inside the timed batch
local-1786750886347812000,diagnostic-local,9d3ab807a08ef4cf1077dbc23213e2314ce37c87,MEASURED,primitive,runtime_pqc_manager,ML-KEM-1024,keygen,none,0,0,1,18417,19000,20103168,true,keypair_generated,1,0,1568,3168,0,0,0,0,0,0,
local-1786750886347812000,diagnostic-local,9d3ab807a08ef4cf1077dbc23213e2314ce37c87,MEASURED,primitive,runtime_pqc_manager,ML-KEM-1024,encapsulate,kem,0,0,1,12375,13000,20135936,true,encapsulated,1,0,1568,3168,0,1568,32,0,0,0,PQCManager includes allocation and ciphertext/shared-secret registry insertion
local-1786750886347812000,diagnostic-local,9d3ab807a08ef4cf1077dbc23213e2314ce37c87,MEASURED,primitive,runtime_pqc_manager,ML-KEM-1024,encapsulate,kem,0,1,1,11917,12000,20135936,true,encapsulated,1,0,1568,3168,0,1568,32,0,0,0,PQCManager includes allocation and ciphertext/shared-secret registry insertion
local-1786750886347812000,diagnostic-local,9d3ab807a08ef4cf1077dbc23213e2314ce37c87,MEASURED,primitive,runtime_pqc_manager,ML-KEM-1024,decapsulate,kem,0,0,1,14500,14000,20135936,true,shared_secret_match,1,0,1568,3168,0,1568,32,0,0,0,
local-1786750886347812000,diagnostic-local,9d3ab807a08ef4cf1077dbc23213e2314ce37c87,MEASURED,primitive,runtime_pqc_manager,ML-KEM-1024,decapsulate,kem,0,1,1,14417,15000,20135936,true,shared_secret_match,1,0,1568,3168,0,1568,32,0,0,0,
local-1786750886347812000,diagnostic-local,9d3ab807a08ef4cf1077dbc23213e2314ce37c87,MEASURED,negative,runtime_pqc_manager,ML-KEM-1024,decapsulate_tampered_ciphertext,kem,0,0,0,14750,15000,20152320,true,implicit_rejection_secret_differs,1,0,1568,3168,0,1568,32,0,0,0,CCA KEM decapsulation returned a secret; correctness requires it to differ from the original secret
local-1786750886347812000,diagnostic-local,9d3ab807a08ef4cf1077dbc23213e2314ce37c87,MEASURED,negative,runtime_pqc_manager,ML-KEM-1024,decapsulate_tampered_ciphertext,kem,0,1,0,14459,14000,20152320,true,implicit_rejection_secret_differs,1,0,1568,3168,0,1568,32,0,0,0,CCA KEM decapsulation returned a secret; correctness requires it to differ from the original secret
local-1786750886347812000,diagnostic-local,9d3ab807a08ef4cf1077dbc23213e2314ce37c87,MEASURED,primitive,runtime_pqc_manager,HQC-256,keygen,none,0,0,1,2534250,2536000,20234240,true,keypair_generated,1,0,7245,7317,0,0,0,0,0,0,
local-1786750886347812000,diagnostic-local,9d3ab807a08ef4cf1077dbc23213e2314ce37c87,MEASURED,primitive,runtime_pqc_manager,HQC-256,encapsulate,kem,0,0,1,5342250,5292000,20332544,true,encapsulated,1,0,7245,7317,0,14421,64,0,0,0,PQCManager includes allocation and ciphertext/shared-secret registry insertion
local-1786750886347812000,diagnostic-local,9d3ab807a08ef4cf1077dbc23213e2314ce37c87,MEASURED,primitive,runtime_pqc_manager,HQC-256,encapsulate,kem,0,1,1,5269417,5232000,20332544,true,encapsulated,1,0,7245,7317,0,14421,64,0,0,0,PQCManager includes allocation and ciphertext/shared-secret registry insertion
local-1786750886347812000,diagnostic-local,9d3ab807a08ef4cf1077dbc23213e2314ce37c87,MEASURED,primitive,runtime_pqc_manager,HQC-256,decapsulate,kem,0,0,1,7916666,7853000,20332544,true,shared_secret_match,1,0,7245,7317,0,14421,64,0,0,0,
local-1786750886347812000,diagnostic-local,9d3ab807a08ef4cf1077dbc23213e2314ce37c87,MEASURED,primitive,runtime_pqc_manager,HQC-256,decapsulate,kem,0,1,1,8368084,8280000,20332544,true,shared_secret_match,1,0,7245,7317,0,14421,64,0,0,0,
local-1786750886347812000,diagnostic-local,9d3ab807a08ef4cf1077dbc23213e2314ce37c87,MEASURED,negative,runtime_pqc_manager,HQC-256,decapsulate_tampered_ciphertext,kem,0,0,0,8057375,8025000,20512768,false,panic_caught,1,0,7245,7317,0,14421,0,0,0,0,library panicked on malformed ciphertext; harness caught unwind to preserve the remaining measurement matrix
local-1786750886347812000,diagnostic-local,9d3ab807a08ef4cf1077dbc23213e2314ce37c87,MEASURED,negative,runtime_pqc_manager,HQC-256,decapsulate_tampered_ciphertext,kem,0,1,0,8026458,7986000,20512768,false,panic_caught,1,0,7245,7317,0,14421,0,0,0,0,library panicked on malformed ciphertext; harness caught unwind to preserve the remaining measurement matrix
