classification,suite,layer,algorithm,operation,payload_profile,message_bytes,n,valid_n,valid_fraction,mean_wall_ns,median_wall_ns,stdev_wall_ns,cv_wall,min_wall_ns,p50_wall_ns,p90_wall_ns,p95_wall_ns,p99_wall_ns,max_wall_ns,median_ci95_low_ns,median_ci95_high_ns,mean_cpu_ns,total_work_units,throughput_ops_per_second,mad_outlier_count,outlier_policy,max_rss_bytes,public_key_bytes,private_key_bytes,signature_bytes_min,signature_bytes_median,signature_bytes_max,ciphertext_bytes,shared_secret_bytes,unsigned_serialized_bytes,serialized_bytes,authentication_bytes,item_count,results
MEASURED,negative,aegis_legacy_carrier,ML-DSA-65,reject_modified_carrier,block4096,4096,1,1,1.0,65292.0,65292.0,0.0,0.0,65292.0,65292.0,65292.0,65292.0,65292.0,65292.0,65292.0,65292.0,66000.0,1,15315.812044354592,0,retained_all_samples,10452992,,,,,,,,,64537,,1,rejected
MEASURED,negative,aegis_legacy_carrier,ML-DSA-65,reject_modified_carrier,digest32,32,1,1,1.0,70417.0,70417.0,0.0,0.0,70417.0,70417.0,70417.0,70417.0,70417.0,70417.0,70417.0,70417.0,71000.0,1,14201.116207733929,0,retained_all_samples,9682944,,,,,,,,,45340,,1,rejected
MEASURED,negative,aegis_legacy_carrier,ML-DSA-65,reject_modified_carrier,kilobyte1024,1024,1,1,1.0,49875.0,49875.0,0.0,0.0,49875.0,49875.0,49875.0,49875.0,49875.0,49875.0,49875.0,49875.0,50000.0,1,20050.12531328321,0,retained_all_samples,10207232,,,,,,,,,50327,,1,rejected
MEASURED,negative,aegis_legacy_carrier,ML-DSA-65,reject_modified_carrier,large16384,16384,1,1,1.0,87250.0,87250.0,0.0,0.0,87250.0,87250.0,87250.0,87250.0,87250.0,87250.0,87250.0,87250.0,88000.0,1,11461.31805157593,0,retained_all_samples,11206656,,,,,,,,,123342,,1,rejected
MEASURED,negative,aegis_legacy_carrier,ML-DSA-65,reject_modified_carrier,medium256,256,1,1,1.0,49708.0,49708.0,0.0,0.0,49708.0,49708.0,49708.0,49708.0,49708.0,49708.0,49708.0,49708.0,51000.0,1,20117.48611893458,0,retained_all_samples,9961472,,,,,,,,,46447,,1,rejected
MEASURED,negative,aegis_legacy_carrier,ML-DSA-65,reject_modified_carrier,small128,128,1,1,1.0,63584.0,63584.0,0.0,0.0,63584.0,63584.0,63584.0,63584.0,63584.0,63584.0,63584.0,63584.0,64000.0,1,15727.226975339709,0,retained_all_samples,9797632,,,,,,,,,45831,,1,rejected
MEASURED,negative,aegis_legacy_carrier,ML-DSA-65,reject_modified_carrier,small64,64,1,1,1.0,61125.0,61125.0,0.0,0.0,61125.0,61125.0,61125.0,61125.0,61125.0,61125.0,61125.0,61125.0,61000.0,1,16359.918200408998,0,retained_all_samples,9715712,,,,,,,,,45623,,1,rejected
MEASURED,negative,aegis_legacy_carrier,ML-DSA-65,reject_modified_carrier,transaction512,512,1,1,1.0,48417.0,48417.0,0.0,0.0,48417.0,48417.0,48417.0,48417.0,48417.0,48417.0,48417.0,48417.0,49000.0,1,20653.902554887747,0,retained_all_samples,10043392,,,,,,,,,47676,,1,rejected
MEASURED,negative,aegis_legacy_carrier,ML-DSA-65,reject_modified_carrier,vote192,192,1,1,1.0,57291.0,57291.0,0.0,0.0,57291.0,57291.0,57291.0,57291.0,57291.0,57291.0,57291.0,57291.0,58000.0,1,17454.74856434693,0,retained_all_samples,9863168,,,,,,,,,46272,,1,rejected
MEASURED,negative,aegis_submission_envelope,ML-DSA-65,reject_malformed_public_key,block4096,4096,1,1,1.0,24583.0,24583.0,0.0,0.0,24583.0,24583.0,24583.0,24583.0,24583.0,24583.0,24583.0,24583.0,24000.0,1,40678.51767481593,0,retained_all_samples,10420224,1951,,3309,3309,3309,,,,,,1,rejected
MEASURED,negative,aegis_submission_envelope,ML-DSA-65,reject_malformed_public_key,digest32,32,1,1,1.0,30000.0,30000.0,0.0,0.0,30000.0,30000.0,30000.0,30000.0,30000.0,30000.0,30000.0,30000.0,31000.0,1,33333.333333333336,0,retained_all_samples,9650176,1951,,3309,3309,3309,,,,,,1,rejected
MEASURED,negative,aegis_submission_envelope,ML-DSA-65,reject_malformed_public_key,kilobyte1024,1024,1,1,1.0,25375.0,25375.0,0.0,0.0,25375.0,25375.0,25375.0,25375.0,25375.0,25375.0,25375.0,25375.0,25000.0,1,39408.86699507389,0,retained_all_samples,10190848,1951,,3309,3309,3309,,,,,,1,rejected
MEASURED,negative,aegis_submission_envelope,ML-DSA-65,reject_malformed_public_key,large16384,16384,1,1,1.0,28541.0,28541.0,0.0,0.0,28541.0,28541.0,28541.0,28541.0,28541.0,28541.0,28541.0,28541.0,30000.0,1,35037.31474019831,0,retained_all_samples,11206656,1951,,3309,3309,3309,,,,,,1,rejected
MEASURED,negative,aegis_submission_envelope,ML-DSA-65,reject_malformed_public_key,medium256,256,1,1,1.0,25000.0,25000.0,0.0,0.0,25000.0,25000.0,25000.0,25000.0,25000.0,25000.0,25000.0,25000.0,26000.0,1,40000.0,0,retained_all_samples,9945088,1951,,3309,3309,3309,,,,,,1,rejected
MEASURED,negative,aegis_submission_envelope,ML-DSA-65,reject_malformed_public_key,small128,128,1,1,1.0,30500.0,30500.0,0.0,0.0,30500.0,30500.0,30500.0,30500.0,30500.0,30500.0,30500.0,30500.0,31000.0,1,32786.88524590164,0,retained_all_samples,9797632,1951,,3309,3309,3309,,,,,,1,rejected
MEASURED,negative,aegis_submission_envelope,ML-DSA-65,reject_malformed_public_key,small64,64,1,1,1.0,31000.0,31000.0,0.0,0.0,31000.0,31000.0,31000.0,31000.0,31000.0,31000.0,31000.0,31000.0,31000.0,1,32258.064516129034,0,retained_all_samples,9715712,1951,,3309,3309,3309,,,,,,1,rejected
MEASURED,negative,aegis_submission_envelope,ML-DSA-65,reject_malformed_public_key,transaction512,512,1,1,1.0,24417.0,24417.0,0.0,0.0,24417.0,24417.0,24417.0,24417.0,24417.0,24417.0,24417.0,24417.0,25000.0,1,40955.07228570258,0,retained_all_samples,10027008,1951,,3309,3309,3309,,,,,,1,rejected
MEASURED,negative,aegis_submission_envelope,ML-DSA-65,reject_malformed_public_key,vote192,192,1,1,1.0,30000.0,30000.0,0.0,0.0,30000.0,30000.0,30000.0,30000.0,30000.0,30000.0,30000.0,30000.0,30000.0,1,33333.333333333336,0,retained_all_samples,9863168,1951,,3309,3309,3309,,,,,,1,rejected
MEASURED,negative,aegis_submission_envelope,ML-DSA-65,reject_modified_payload,block4096,4096,1,1,1.0,246042.0,246042.0,0.0,0.0,246042.0,246042.0,246042.0,246042.0,246042.0,246042.0,246042.0,246042.0,248000.0,1,4064.346737548874,0,retained_all_samples,10420224,1952,,3309,3309,3309,,,,,,1,rejected
MEASURED,negative,aegis_submission_envelope,ML-DSA-65,reject_modified_payload,digest32,32,1,1,1.0,175209.0,175209.0,0.0,0.0,175209.0,175209.0,175209.0,175209.0,175209.0,175209.0,175209.0,175209.0,178000.0,1,5707.469365158183,0,retained_all_samples,9650176,1952,,3309,3309,3309,,,,,,1,rejected
MEASURED,negative,aegis_submission_envelope,ML-DSA-65,reject_modified_payload,kilobyte1024,1024,1,1,1.0,168500.0,168500.0,0.0,0.0,168500.0,168500.0,168500.0,168500.0,168500.0,168500.0,168500.0,168500.0,170000.0,1,5934.718100890208,0,retained_all_samples,10190848,1952,,3309,3309,3309,,,,,,1,rejected
MEASURED,negative,aegis_submission_envelope,ML-DSA-65,reject_modified_payload,large16384,16384,1,1,1.0,518584.0,518584.0,0.0,0.0,518584.0,518584.0,518584.0,518584.0,518584.0,518584.0,518584.0,518584.0,521000.0,1,1928.3279083041514,0,retained_all_samples,11206656,1952,,3309,3309,3309,,,,,,1,rejected
MEASURED,negative,aegis_submission_envelope,ML-DSA-65,reject_modified_payload,medium256,256,1,1,1.0,158750.0,158750.0,0.0,0.0,158750.0,158750.0,158750.0,158750.0,158750.0,158750.0,158750.0,158750.0,162000.0,1,6299.212598425197,0,retained_all_samples,9945088,1952,,3309,3309,3309,,,,,,1,rejected
MEASURED,negative,aegis_submission_envelope,ML-DSA-65,reject_modified_payload,small128,128,1,1,1.0,178500.0,178500.0,0.0,0.0,178500.0,178500.0,178500.0,178500.0,178500.0,178500.0,178500.0,178500.0,182000.0,1,5602.240896358543,0,retained_all_samples,9797632,1952,,3309,3309,3309,,,,,,1,rejected
MEASURED,negative,aegis_submission_envelope,ML-DSA-65,reject_modified_payload,small64,64,1,1,1.0,175958.0,175958.0,0.0,0.0,175958.0,175958.0,175958.0,175958.0,175958.0,175958.0,175958.0,175958.0,180000.0,1,5683.174393889451,0,retained_all_samples,9715712,1952,,3309,3309,3309,,,,,,1,rejected
MEASURED,negative,aegis_submission_envelope,ML-DSA-65,reject_modified_payload,transaction512,512,1,1,1.0,154792.0,154792.0,0.0,0.0,154792.0,154792.0,154792.0,154792.0,154792.0,154792.0,154792.0,154792.0,157000.0,1,6460.282185125846,0,retained_all_samples,10027008,1952,,3309,3309,3309,,,,,,1,rejected
MEASURED,negative,aegis_submission_envelope,ML-DSA-65,reject_modified_payload,vote192,192,1,1,1.0,169834.0,169834.0,0.0,0.0,169834.0,169834.0,169834.0,169834.0,169834.0,169834.0,169834.0,169834.0,172000.0,1,5888.102500088322,0,retained_all_samples,9863168,1952,,3309,3309,3309,,,,,,1,rejected
MEASURED,negative,aegis_submission_envelope,ML-DSA-65,reject_unknown_algorithm,block4096,4096,1,1,1.0,40917.0,40917.0,0.0,0.0,40917.0,40917.0,40917.0,40917.0,40917.0,40917.0,40917.0,40917.0,41000.0,1,24439.71943202092,0,retained_all_samples,10420224,1952,,3309,3309,3309,,,,,,1,rejected
MEASURED,negative,aegis_submission_envelope,ML-DSA-65,reject_unknown_algorithm,digest32,32,1,1,1.0,32458.0,32458.0,0.0,0.0,32458.0,32458.0,32458.0,32458.0,32458.0,32458.0,32458.0,32458.0,34000.0,1,30809.045535769303,0,retained_all_samples,9666560,1952,,3309,3309,3309,,,,,,1,rejected
MEASURED,negative,aegis_submission_envelope,ML-DSA-65,reject_unknown_algorithm,kilobyte1024,1024,1,1,1.0,30250.0,30250.0,0.0,0.0,30250.0,30250.0,30250.0,30250.0,30250.0,30250.0,30250.0,30250.0,31000.0,1,33057.85123966942,0,retained_all_samples,10190848,1952,,3309,3309,3309,,,,,,1,rejected
MEASURED,negative,aegis_submission_envelope,ML-DSA-65,reject_unknown_algorithm,large16384,16384,1,1,1.0,109542.0,109542.0,0.0,0.0,109542.0,109542.0,109542.0,109542.0,109542.0,109542.0,109542.0,109542.0,106000.0,1,9128.91858830403,0,retained_all_samples,11206656,1952,,3309,3309,3309,,,,,,1,rejected
MEASURED,negative,aegis_submission_envelope,ML-DSA-65,reject_unknown_algorithm,medium256,256,1,1,1.0,27000.0,27000.0,0.0,0.0,27000.0,27000.0,27000.0,27000.0,27000.0,27000.0,27000.0,27000.0,27000.0,1,37037.03703703704,0,retained_all_samples,9945088,1952,,3309,3309,3309,,,,,,1,rejected
MEASURED,negative,aegis_submission_envelope,ML-DSA-65,reject_unknown_algorithm,small128,128,1,1,1.0,31208.0,31208.0,0.0,0.0,31208.0,31208.0,31208.0,31208.0,31208.0,31208.0,31208.0,31208.0,32000.0,1,32043.06588054345,0,retained_all_samples,9797632,1952,,3309,3309,3309,,,,,,1,rejected
MEASURED,negative,aegis_submission_envelope,ML-DSA-65,reject_unknown_algorithm,small64,64,1,1,1.0,31958.0,31958.0,0.0,0.0,31958.0,31958.0,31958.0,31958.0,31958.0,31958.0,31958.0,31958.0,32000.0,1,31291.069528756492,0,retained_all_samples,9715712,1952,,3309,3309,3309,,,,,,1,rejected
MEASURED,negative,aegis_submission_envelope,ML-DSA-65,reject_unknown_algorithm,transaction512,512,1,1,1.0,28958.0,28958.0,0.0,0.0,28958.0,28958.0,28958.0,28958.0,28958.0,28958.0,28958.0,28958.0,29000.0,1,34532.771600248634,0,retained_all_samples,10043392,1952,,3309,3309,3309,,,,,,1,rejected
MEASURED,negative,aegis_submission_envelope,ML-DSA-65,reject_unknown_algorithm,vote192,192,1,1,1.0,37375.0,37375.0,0.0,0.0,37375.0,37375.0,37375.0,37375.0,37375.0,37375.0,37375.0,37375.0,38000.0,1,26755.852842809363,0,retained_all_samples,9863168,1952,,3309,3309,3309,,,,,,1,rejected
MEASURED,negative,aegis_submission_envelope,ML-DSA-65,reject_wrong_key_id,block4096,4096,1,1,1.0,250.0,250.0,0.0,0.0,250.0,250.0,250.0,250.0,250.0,250.0,250.0,250.0,0.0,1,4000000.0,0,retained_all_samples,10420224,1952,,3309,3309,3309,,,,,,1,rejected
MEASURED,negative,aegis_submission_envelope,ML-DSA-65,reject_wrong_key_id,digest32,32,1,1,1.0,250.0,250.0,0.0,0.0,250.0,250.0,250.0,250.0,250.0,250.0,250.0,250.0,0.0,1,4000000.0,0,retained_all_samples,9650176,1952,,3309,3309,3309,,,,,,1,rejected
MEASURED,negative,aegis_submission_envelope,ML-DSA-65,reject_wrong_key_id,kilobyte1024,1024,1,1,1.0,208.0,208.0,0.0,0.0,208.0,208.0,208.0,208.0,208.0,208.0,208.0,208.0,0.0,1,4807692.307692308,0,retained_all_samples,10190848,1952,,3309,3309,3309,,,,,,1,rejected
MEASURED,negative,aegis_submission_envelope,ML-DSA-65,reject_wrong_key_id,large16384,16384,1,1,1.0,291.0,291.0,0.0,0.0,291.0,291.0,291.0,291.0,291.0,291.0,291.0,291.0,0.0,1,3436426.116838488,0,retained_all_samples,11206656,1952,,3309,3309,3309,,,,,,1,rejected
MEASURED,negative,aegis_submission_envelope,ML-DSA-65,reject_wrong_key_id,medium256,256,1,1,1.0,208.0,208.0,0.0,0.0,208.0,208.0,208.0,208.0,208.0,208.0,208.0,208.0,0.0,1,4807692.307692308,0,retained_all_samples,9945088,1952,,3309,3309,3309,,,,,,1,rejected
MEASURED,negative,aegis_submission_envelope,ML-DSA-65,reject_wrong_key_id,small128,128,1,1,1.0,250.0,250.0,0.0,0.0,250.0,250.0,250.0,250.0,250.0,250.0,250.0,250.0,1000.0,1,4000000.0,0,retained_all_samples,9797632,1952,,3309,3309,3309,,,,,,1,rejected
MEASURED,negative,aegis_submission_envelope,ML-DSA-65,reject_wrong_key_id,small64,64,1,1,1.0,292.0,292.0,0.0,0.0,292.0,292.0,292.0,292.0,292.0,292.0,292.0,292.0,1000.0,1,3424657.5342465756,0,retained_all_samples,9715712,1952,,3309,3309,3309,,,,,,1,rejected
MEASURED,negative,aegis_submission_envelope,ML-DSA-65,reject_wrong_key_id,transaction512,512,1,1,1.0,209.0,209.0,0.0,0.0,209.0,209.0,209.0,209.0,209.0,209.0,209.0,209.0,0.0,1,4784688.995215311,0,retained_all_samples,10027008,1952,,3309,3309,3309,,,,,,1,rejected
MEASURED,negative,aegis_submission_envelope,ML-DSA-65,reject_wrong_key_id,vote192,192,1,1,1.0,209.0,209.0,0.0,0.0,209.0,209.0,209.0,209.0,209.0,209.0,209.0,209.0,0.0,1,4784688.995215311,0,retained_all_samples,9863168,1952,,3309,3309,3309,,,,,,1,rejected
MEASURED,negative,aegis_submission_envelope,ML-DSA-65,reject_wrong_lifecycle_role,block4096,4096,1,1,1.0,167.0,167.0,0.0,0.0,167.0,167.0,167.0,167.0,167.0,167.0,167.0,167.0,0.0,1,5988023.952095808,0,retained_all_samples,10420224,1952,,3309,3309,3309,,,,,,1,rejected
MEASURED,negative,aegis_submission_envelope,ML-DSA-65,reject_wrong_lifecycle_role,digest32,32,1,1,1.0,208.0,208.0,0.0,0.0,208.0,208.0,208.0,208.0,208.0,208.0,208.0,208.0,0.0,1,4807692.307692308,0,retained_all_samples,9650176,1952,,3309,3309,3309,,,,,,1,rejected
MEASURED,negative,aegis_submission_envelope,ML-DSA-65,reject_wrong_lifecycle_role,kilobyte1024,1024,1,1,1.0,167.0,167.0,0.0,0.0,167.0,167.0,167.0,167.0,167.0,167.0,167.0,167.0,0.0,1,5988023.952095808,0,retained_all_samples,10190848,1952,,3309,3309,3309,,,,,,1,rejected
MEASURED,negative,aegis_submission_envelope,ML-DSA-65,reject_wrong_lifecycle_role,large16384,16384,1,1,1.0,209.0,209.0,0.0,0.0,209.0,209.0,209.0,209.0,209.0,209.0,209.0,209.0,0.0,1,4784688.995215311,0,retained_all_samples,11206656,1952,,3309,3309,3309,,,,,,1,rejected
MEASURED,negative,aegis_submission_envelope,ML-DSA-65,reject_wrong_lifecycle_role,medium256,256,1,1,1.0,125.0,125.0,0.0,0.0,125.0,125.0,125.0,125.0,125.0,125.0,125.0,125.0,0.0,1,8000000.0,0,retained_all_samples,9945088,1952,,3309,3309,3309,,,,,,1,rejected
MEASURED,negative,aegis_submission_envelope,ML-DSA-65,reject_wrong_lifecycle_role,small128,128,1,1,1.0,167.0,167.0,0.0,0.0,167.0,167.0,167.0,167.0,167.0,167.0,167.0,167.0,1000.0,1,5988023.952095808,0,retained_all_samples,9797632,1952,,3309,3309,3309,,,,,,1,rejected
MEASURED,negative,aegis_submission_envelope,ML-DSA-65,reject_wrong_lifecycle_role,small64,64,1,1,1.0,208.0,208.0,0.0,0.0,208.0,208.0,208.0,208.0,208.0,208.0,208.0,208.0,1000.0,1,4807692.307692308,0,retained_all_samples,9715712,1952,,3309,3309,3309,,,,,,1,rejected
MEASURED,negative,aegis_submission_envelope,ML-DSA-65,reject_wrong_lifecycle_role,transaction512,512,1,1,1.0,166.0,166.0,0.0,0.0,166.0,166.0,166.0,166.0,166.0,166.0,166.0,166.0,0.0,1,6024096.385542168,0,retained_all_samples,10027008,1952,,3309,3309,3309,,,,,,1,rejected
MEASURED,negative,aegis_submission_envelope,ML-DSA-65,reject_wrong_lifecycle_role,vote192,192,1,1,1.0,167.0,167.0,0.0,0.0,167.0,167.0,167.0,167.0,167.0,167.0,167.0,167.0,1000.0,1,5988023.952095808,0,retained_all_samples,9863168,1952,,3309,3309,3309,,,,,,1,rejected
MEASURED,negative,aegis_submission_envelope_component,JSON,reject_malformed_json,block4096,4096,1,1,1.0,107417.0,107417.0,0.0,0.0,107417.0,107417.0,107417.0,107417.0,107417.0,107417.0,107417.0,107417.0,108000.0,1,9309.513391735014,0,retained_all_samples,10420224,,,,,,,,,34125,,1,rejected
MEASURED,negative,aegis_submission_envelope_component,JSON,reject_malformed_json,digest32,32,1,1,1.0,83500.0,83500.0,0.0,0.0,83500.0,83500.0,83500.0,83500.0,83500.0,83500.0,83500.0,83500.0,84000.0,1,11976.047904191617,0,retained_all_samples,9666560,,,,,,,,,19682,,1,rejected
MEASURED,negative,aegis_submission_envelope_component,JSON,reject_malformed_json,kilobyte1024,1024,1,1,1.0,76125.0,76125.0,0.0,0.0,76125.0,76125.0,76125.0,76125.0,76125.0,76125.0,76125.0,76125.0,76000.0,1,13136.288998357964,0,retained_all_samples,10190848,,,,,,,,,23334,,1,rejected
MEASURED,negative,aegis_submission_envelope_component,JSON,reject_malformed_json,large16384,16384,1,1,1.0,244459.0,244459.0,0.0,0.0,244459.0,244459.0,244459.0,244459.0,244459.0,244459.0,244459.0,244459.0,245000.0,1,4090.665510371882,0,retained_all_samples,11206656,,,,,,,,,78129,,1,rejected
MEASURED,negative,aegis_submission_envelope_component,JSON,reject_malformed_json,medium256,256,1,1,1.0,75166.0,75166.0,0.0,0.0,75166.0,75166.0,75166.0,75166.0,75166.0,75166.0,75166.0,75166.0,75000.0,1,13303.887395897082,0,retained_all_samples,9961472,,,,,,,,,20497,,1,rejected
MEASURED,negative,aegis_submission_envelope_component,JSON,reject_malformed_json,small128,128,1,1,1.0,86542.0,86542.0,0.0,0.0,86542.0,86542.0,86542.0,86542.0,86542.0,86542.0,86542.0,86542.0,86000.0,1,11555.083081047353,0,retained_all_samples,9797632,,,,,,,,,20015,,1,rejected
MEASURED,negative,aegis_submission_envelope_component,JSON,reject_malformed_json,small64,64,1,1,1.0,82625.0,82625.0,0.0,0.0,82625.0,82625.0,82625.0,82625.0,82625.0,82625.0,82625.0,82625.0,82000.0,1,12102.874432677761,0,retained_all_samples,9715712,,,,,,,,,19842,,1,rejected
MEASURED,negative,aegis_submission_envelope_component,JSON,reject_malformed_json,transaction512,512,1,1,1.0,73834.0,73834.0,0.0,0.0,73834.0,73834.0,73834.0,73834.0,73834.0,73834.0,73834.0,73834.0,75000.0,1,13543.895766178184,0,retained_all_samples,10043392,,,,,,,,,21414,,1,rejected
MEASURED,negative,aegis_submission_envelope_component,JSON,reject_malformed_json,vote192,192,1,1,1.0,76625.0,76625.0,0.0,0.0,76625.0,76625.0,76625.0,76625.0,76625.0,76625.0,76625.0,76625.0,77000.0,1,13050.570962479609,0,retained_all_samples,9863168,,,,,,,,,20312,,1,rejected
MEASURED,negative,public_rpc_transaction,ML-DSA-87,reject_malformed_public_key,block4096,4096,1,1,1.0,8000.0,8000.0,0.0,0.0,8000.0,8000.0,8000.0,8000.0,8000.0,8000.0,8000.0,8000.0,8000.0,1,125000.0,0,retained_all_samples,7847936,2591,,4627,4627,4627,,,,,,1,rejected
MEASURED,negative,public_rpc_transaction,ML-DSA-87,reject_malformed_public_key,digest32,32,1,1,1.0,10458.0,10458.0,0.0,0.0,10458.0,10458.0,10458.0,10458.0,10458.0,10458.0,10458.0,10458.0,10000.0,1,95620.57754828839,0,retained_all_samples,7454720,2591,,4627,4627,4627,,,,,,1,rejected
MEASURED,negative,public_rpc_transaction,ML-DSA-87,reject_malformed_public_key,kilobyte1024,1024,1,1,1.0,8833.0,8833.0,0.0,0.0,8833.0,8833.0,8833.0,8833.0,8833.0,8833.0,8833.0,8833.0,10000.0,1,113211.81931393637,0,retained_all_samples,7815168,2591,,4627,4627,4627,,,,,,1,rejected
MEASURED,negative,public_rpc_transaction,ML-DSA-87,reject_malformed_public_key,large16384,16384,1,1,1.0,8042.0,8042.0,0.0,0.0,8042.0,8042.0,8042.0,8042.0,8042.0,8042.0,8042.0,8042.0,8000.0,1,124347.17731907485,0,retained_all_samples,8159232,2591,,4627,4627,4627,,,,,,1,rejected
MEASURED,negative,public_rpc_transaction,ML-DSA-87,reject_malformed_public_key,medium256,256,1,1,1.0,10292.0,10292.0,0.0,0.0,10292.0,10292.0,10292.0,10292.0,10292.0,10292.0,10292.0,10292.0,11000.0,1,97162.8449280995,0,retained_all_samples,7782400,2591,,4627,4627,4627,,,,,,1,rejected
MEASURED,negative,public_rpc_transaction,ML-DSA-87,reject_malformed_public_key,small128,128,1,1,1.0,9834.0,9834.0,0.0,0.0,9834.0,9834.0,9834.0,9834.0,9834.0,9834.0,9834.0,9834.0,10000.0,1,101688.0211511084,0,retained_all_samples,7716864,2591,,4627,4627,4627,,,,,,1,rejected
MEASURED,negative,public_rpc_transaction,ML-DSA-87,reject_malformed_public_key,small64,64,1,1,1.0,10167.0,10167.0,0.0,0.0,10167.0,10167.0,10167.0,10167.0,10167.0,10167.0,10167.0,10167.0,10000.0,1,98357.4309039048,0,retained_all_samples,7667712,2591,,4627,4627,4627,,,,,,1,rejected
MEASURED,negative,public_rpc_transaction,ML-DSA-87,reject_malformed_public_key,transaction512,512,1,1,1.0,9875.0,9875.0,0.0,0.0,9875.0,9875.0,9875.0,9875.0,9875.0,9875.0,9875.0,9875.0,10000.0,1,101265.82278481012,0,retained_all_samples,7815168,2591,,4627,4627,4627,,,,,,1,rejected
MEASURED,negative,public_rpc_transaction,ML-DSA-87,reject_malformed_public_key,vote192,192,1,1,1.0,11208.0,11208.0,0.0,0.0,11208.0,11208.0,11208.0,11208.0,11208.0,11208.0,11208.0,11208.0,12000.0,1,89221.98429693076,0,retained_all_samples,7749632,2591,,4627,4627,4627,,,,,,1,rejected
MEASURED,negative,public_rpc_transaction,ML-DSA-87,reject_modified_signed_payload,block4096,4096,1,1,1.0,239833.0,239833.0,0.0,0.0,239833.0,239833.0,239833.0,239833.0,239833.0,239833.0,239833.0,239833.0,240000.0,1,4169.567991060446,0,retained_all_samples,7847936,2592,,4627,4627,4627,,,,,,1,rejected
MEASURED,negative,public_rpc_transaction,ML-DSA-87,reject_modified_signed_payload,digest32,32,1,1,1.0,280500.0,280500.0,0.0,0.0,280500.0,280500.0,280500.0,280500.0,280500.0,280500.0,280500.0,280500.0,280000.0,1,3565.0623885918003,0,retained_all_samples,7454720,2592,,4627,4627,4627,,,,,,1,rejected
MEASURED,negative,public_rpc_transaction,ML-DSA-87,reject_modified_signed_payload,kilobyte1024,1024,1,1,1.0,248542.0,248542.0,0.0,0.0,248542.0,248542.0,248542.0,248542.0,248542.0,248542.0,248542.0,248542.0,248000.0,1,4023.464846987632,0,retained_all_samples,7815168,2592,,4627,4627,4627,,,,,,1,rejected
MEASURED,negative,public_rpc_transaction,ML-DSA-87,reject_modified_signed_payload,large16384,16384,1,1,1.0,254208.0,254208.0,0.0,0.0,254208.0,254208.0,254208.0,254208.0,254208.0,254208.0,254208.0,254208.0,255000.0,1,3933.7865055387715,0,retained_all_samples,8159232,2592,,4627,4627,4627,,,,,,1,rejected
MEASURED,negative,public_rpc_transaction,ML-DSA-87,reject_modified_signed_payload,medium256,256,1,1,1.0,293208.0,293208.0,0.0,0.0,293208.0,293208.0,293208.0,293208.0,293208.0,293208.0,293208.0,293208.0,291000.0,1,3410.5481432975907,0,retained_all_samples,7782400,2592,,4627,4627,4627,,,,,,1,rejected
MEASURED,negative,public_rpc_transaction,ML-DSA-87,reject_modified_signed_payload,small128,128,1,1,1.0,279750.0,279750.0,0.0,0.0,279750.0,279750.0,279750.0,279750.0,279750.0,279750.0,279750.0,279750.0,281000.0,1,3574.620196604111,0,retained_all_samples,7716864,2592,,4627,4627,4627,,,,,,1,rejected
MEASURED,negative,public_rpc_transaction,ML-DSA-87,reject_modified_signed_payload,small64,64,1,1,1.0,282333.0,282333.0,0.0,0.0,282333.0,282333.0,282333.0,282333.0,282333.0,282333.0,282333.0,282333.0,283000.0,1,3541.916814541694,0,retained_all_samples,7667712,2592,,4627,4627,4627,,,,,,1,rejected
MEASURED,negative,public_rpc_transaction,ML-DSA-87,reject_modified_signed_payload,transaction512,512,1,1,1.0,286041.0,286041.0,0.0,0.0,286041.0,286041.0,286041.0,286041.0,286041.0,286041.0,286041.0,286041.0,286000.0,1,3496.0023213455415,0,retained_all_samples,7815168,2592,,4627,4627,4627,,,,,,1,rejected
MEASURED,negative,public_rpc_transaction,ML-DSA-87,reject_modified_signed_payload,vote192,192,1,1,1.0,321333.0,321333.0,0.0,0.0,321333.0,321333.0,321333.0,321333.0,321333.0,321333.0,321333.0,321333.0,321000.0,1,3112.036423274298,0,retained_all_samples,7749632,2592,,4627,4627,4627,,,,,,1,rejected
MEASURED,negative,public_rpc_transaction,ML-DSA-87,reject_unknown_algorithm,block4096,4096,1,1,1.0,250.0,250.0,0.0,0.0,250.0,250.0,250.0,250.0,250.0,250.0,250.0,250.0,1000.0,1,4000000.0,0,retained_all_samples,7847936,2592,,4627,4627,4627,,,,,,1,rejected
MEASURED,negative,public_rpc_transaction,ML-DSA-87,reject_unknown_algorithm,digest32,32,1,1,1.0,416.0,416.0,0.0,0.0,416.0,416.0,416.0,416.0,416.0,416.0,416.0,416.0,2000.0,1,2403846.153846154,0,retained_all_samples,7487488,2592,,4627,4627,4627,,,,,,1,rejected
MEASURED,negative,public_rpc_transaction,ML-DSA-87,reject_unknown_algorithm,kilobyte1024,1024,1,1,1.0,458.0,458.0,0.0,0.0,458.0,458.0,458.0,458.0,458.0,458.0,458.0,458.0,1000.0,1,2183406.113537118,0,retained_all_samples,7815168,2592,,4627,4627,4627,,,,,,1,rejected
MEASURED,negative,public_rpc_transaction,ML-DSA-87,reject_unknown_algorithm,large16384,16384,1,1,1.0,292.0,292.0,0.0,0.0,292.0,292.0,292.0,292.0,292.0,292.0,292.0,292.0,1000.0,1,3424657.5342465756,0,retained_all_samples,8159232,2592,,4627,4627,4627,,,,,,1,rejected
MEASURED,negative,public_rpc_transaction,ML-DSA-87,reject_unknown_algorithm,medium256,256,1,1,1.0,334.0,334.0,0.0,0.0,334.0,334.0,334.0,334.0,334.0,334.0,334.0,334.0,2000.0,1,2994011.976047904,0,retained_all_samples,7782400,2592,,4627,4627,4627,,,,,,1,rejected
MEASURED,negative,public_rpc_transaction,ML-DSA-87,reject_unknown_algorithm,small128,128,1,1,1.0,375.0,375.0,0.0,0.0,375.0,375.0,375.0,375.0,375.0,375.0,375.0,375.0,2000.0,1,2666666.6666666665,0,retained_all_samples,7716864,2592,,4627,4627,4627,,,,,,1,rejected
MEASURED,negative,public_rpc_transaction,ML-DSA-87,reject_unknown_algorithm,small64,64,1,1,1.0,417.0,417.0,0.0,0.0,417.0,417.0,417.0,417.0,417.0,417.0,417.0,417.0,1000.0,1,2398081.5347721823,0,retained_all_samples,7684096,2592,,4627,4627,4627,,,,,,1,rejected
MEASURED,negative,public_rpc_transaction,ML-DSA-87,reject_unknown_algorithm,transaction512,512,1,1,1.0,459.0,459.0,0.0,0.0,459.0,459.0,459.0,459.0,459.0,459.0,459.0,459.0,0.0,1,2178649.237472767,0,retained_all_samples,7815168,2592,,4627,4627,4627,,,,,,1,rejected
MEASURED,negative,public_rpc_transaction,ML-DSA-87,reject_unknown_algorithm,vote192,192,1,1,1.0,375.0,375.0,0.0,0.0,375.0,375.0,375.0,375.0,375.0,375.0,375.0,375.0,1000.0,1,2666666.6666666665,0,retained_all_samples,7749632,2592,,4627,4627,4627,,,,,,1,rejected
MEASURED,negative,public_rpc_transaction,ML-DSA-87,reject_wrong_chain_id,block4096,4096,1,1,1.0,292.0,292.0,0.0,0.0,292.0,292.0,292.0,292.0,292.0,292.0,292.0,292.0,2000.0,1,3424657.5342465756,0,retained_all_samples,7847936,2592,,4627,4627,4627,,,,,,1,rejected
MEASURED,negative,public_rpc_transaction,ML-DSA-87,reject_wrong_chain_id,digest32,32,1,1,1.0,584.0,584.0,0.0,0.0,584.0,584.0,584.0,584.0,584.0,584.0,584.0,584.0,2000.0,1,1712328.7671232878,0,retained_all_samples,7471104,2592,,4627,4627,4627,,,,,,1,rejected
MEASURED,negative,public_rpc_transaction,ML-DSA-87,reject_wrong_chain_id,kilobyte1024,1024,1,1,1.0,375.0,375.0,0.0,0.0,375.0,375.0,375.0,375.0,375.0,375.0,375.0,375.0,1000.0,1,2666666.6666666665,0,retained_all_samples,7815168,2592,,4627,4627,4627,,,,,,1,rejected
MEASURED,negative,public_rpc_transaction,ML-DSA-87,reject_wrong_chain_id,large16384,16384,1,1,1.0,292.0,292.0,0.0,0.0,292.0,292.0,292.0,292.0,292.0,292.0,292.0,292.0,1000.0,1,3424657.5342465756,0,retained_all_samples,8159232,2592,,4627,4627,4627,,,,,,1,rejected
MEASURED,negative,public_rpc_transaction,ML-DSA-87,reject_wrong_chain_id,medium256,256,1,1,1.0,500.0,500.0,0.0,0.0,500.0,500.0,500.0,500.0,500.0,500.0,500.0,500.0,1000.0,1,2000000.0,0,retained_all_samples,7782400,2592,,4627,4627,4627,,,,,,1,rejected
MEASURED,negative,public_rpc_transaction,ML-DSA-87,reject_wrong_chain_id,small128,128,1,1,1.0,375.0,375.0,0.0,0.0,375.0,375.0,375.0,375.0,375.0,375.0,375.0,375.0,0.0,1,2666666.6666666665,0,retained_all_samples,7716864,2592,,4627,4627,4627,,,,,,1,rejected
MEASURED,negative,public_rpc_transaction,ML-DSA-87,reject_wrong_chain_id,small64,64,1,1,1.0,500.0,500.0,0.0,0.0,500.0,500.0,500.0,500.0,500.0,500.0,500.0,500.0,2000.0,1,2000000.0,0,retained_all_samples,7667712,2592,,4627,4627,4627,,,,,,1,rejected
MEASURED,negative,public_rpc_transaction,ML-DSA-87,reject_wrong_chain_id,transaction512,512,1,1,1.0,459.0,459.0,0.0,0.0,459.0,459.0,459.0,459.0,459.0,459.0,459.0,459.0,1000.0,1,2178649.237472767,0,retained_all_samples,7815168,2592,,4627,4627,4627,,,,,,1,rejected
MEASURED,negative,public_rpc_transaction,ML-DSA-87,reject_wrong_chain_id,vote192,192,1,1,1.0,375.0,375.0,0.0,0.0,375.0,375.0,375.0,375.0,375.0,375.0,375.0,375.0,1000.0,1,2666666.6666666665,0,retained_all_samples,7749632,2592,,4627,4627,4627,,,,,,1,rejected
MEASURED,negative,public_rpc_transaction_component,JSON,reject_malformed_json,block4096,4096,1,1,1.0,133083.0,133083.0,0.0,0.0,133083.0,133083.0,133083.0,133083.0,133083.0,133083.0,133083.0,133083.0,127000.0,1,7514.107737276737,0,retained_all_samples,7847936,,,,,,,,,30191,,1,rejected
MEASURED,negative,public_rpc_transaction_component,JSON,reject_malformed_json,digest32,32,1,1,1.0,146833.0,146833.0,0.0,0.0,146833.0,146833.0,146833.0,146833.0,146833.0,146833.0,146833.0,146833.0,147000.0,1,6810.458139519045,0,retained_all_samples,7503872,,,,,,,,,26054,,1,rejected
MEASURED,negative,public_rpc_transaction_component,JSON,reject_malformed_json,kilobyte1024,1024,1,1,1.0,126666.0,126666.0,0.0,0.0,126666.0,126666.0,126666.0,126666.0,126666.0,126666.0,126666.0,126666.0,127000.0,1,7894.778393570493,0,retained_all_samples,7815168,,,,,,,,,27152,,1,rejected
MEASURED,negative,public_rpc_transaction_component,JSON,reject_malformed_json,large16384,16384,1,1,1.0,120042.0,120042.0,0.0,0.0,120042.0,120042.0,120042.0,120042.0,120042.0,120042.0,120042.0,120042.0,121000.0,1,8330.417687142834,0,retained_all_samples,8159232,,,,,,,,,42533,,1,rejected
MEASURED,negative,public_rpc_transaction_component,JSON,reject_malformed_json,medium256,256,1,1,1.0,144083.0,144083.0,0.0,0.0,144083.0,144083.0,144083.0,144083.0,144083.0,144083.0,144083.0,144083.0,144000.0,1,6940.444049610294,0,retained_all_samples,7782400,,,,,,,,,26322,,1,rejected
MEASURED,negative,public_rpc_transaction_component,JSON,reject_malformed_json,small128,128,1,1,1.0,154000.0,154000.0,0.0,0.0,154000.0,154000.0,154000.0,154000.0,154000.0,154000.0,154000.0,154000.0,151000.0,1,6493.506493506494,0,retained_all_samples,7716864,,,,,,,,,26261,,1,rejected
MEASURED,negative,public_rpc_transaction_component,JSON,reject_malformed_json,small64,64,1,1,1.0,144250.0,144250.0,0.0,0.0,144250.0,144250.0,144250.0,144250.0,144250.0,144250.0,144250.0,144250.0,145000.0,1,6932.409012131716,0,retained_all_samples,7684096,,,,,,,,,26085,,1,rejected
MEASURED,negative,public_rpc_transaction_component,JSON,reject_malformed_json,transaction512,512,1,1,1.0,146250.0,146250.0,0.0,0.0,146250.0,146250.0,146250.0,146250.0,146250.0,146250.0,146250.0,146250.0,148000.0,1,6837.606837606838,0,retained_all_samples,7815168,,,,,,,,,26576,,1,rejected
MEASURED,negative,public_rpc_transaction_component,JSON,reject_malformed_json,vote192,192,1,1,1.0,165000.0,165000.0,0.0,0.0,165000.0,165000.0,165000.0,165000.0,165000.0,165000.0,165000.0,165000.0,166000.0,1,6060.606060606061,0,retained_all_samples,7749632,,,,,,,,,26287,,1,rejected
MEASURED,protocol,aegis_legacy_carrier,ML-DSA-65,validate_carrier,block4096,4096,1,1,1.0,414542.0,414542.0,0.0,0.0,414542.0,414542.0,414542.0,414542.0,414542.0,414542.0,414542.0,414542.0,413000.0,1,2412.300804261088,0,retained_all_samples,10371072,1952,,3309,3309,3309,,,,64502,,1,accepted
MEASURED,protocol,aegis_legacy_carrier,ML-DSA-65,validate_carrier,digest32,32,1,1,1.0,316459.0,316459.0,0.0,0.0,316459.0,316459.0,316459.0,316459.0,316459.0,316459.0,316459.0,316459.0,319000.0,1,3159.967009944416,0,retained_all_samples,9584640,1952,,3309,3309,3309,,,,45305,,1,accepted
MEASURED,protocol,aegis_legacy_carrier,ML-DSA-65,validate_carrier,kilobyte1024,1024,1,1,1.0,298084.0,298084.0,0.0,0.0,298084.0,298084.0,298084.0,298084.0,298084.0,298084.0,298084.0,298084.0,301000.0,1,3354.7590612042245,0,retained_all_samples,10190848,1952,,3309,3309,3309,,,,50292,,1,accepted
MEASURED,protocol,aegis_legacy_carrier,ML-DSA-65,validate_carrier,large16384,16384,1,1,1.0,782125.0,782125.0,0.0,0.0,782125.0,782125.0,782125.0,782125.0,782125.0,782125.0,782125.0,782125.0,784000.0,1,1278.568003835704,0,retained_all_samples,11026432,1952,,3309,3309,3309,,,,123307,,1,accepted
MEASURED,protocol,aegis_legacy_carrier,ML-DSA-65,validate_carrier,medium256,256,1,1,1.0,285834.0,285834.0,0.0,0.0,285834.0,285834.0,285834.0,285834.0,285834.0,285834.0,285834.0,285834.0,289000.0,1,3498.5341142061475,0,retained_all_samples,9928704,1952,,3309,3309,3309,,,,46412,,1,accepted
MEASURED,protocol,aegis_legacy_carrier,ML-DSA-65,validate_carrier,small128,128,1,1,1.0,313167.0,313167.0,0.0,0.0,313167.0,313167.0,313167.0,313167.0,313167.0,313167.0,313167.0,313167.0,314000.0,1,3193.1844670734786,0,retained_all_samples,9781248,1952,,3309,3309,3309,,,,45796,,1,accepted
MEASURED,protocol,aegis_legacy_carrier,ML-DSA-65,validate_carrier,small64,64,1,1,1.0,355875.0,355875.0,0.0,0.0,355875.0,355875.0,355875.0,355875.0,355875.0,355875.0,355875.0,355875.0,340000.0,1,2809.9754127151386,0,retained_all_samples,9715712,1952,,3309,3309,3309,,,,45588,,1,accepted
MEASURED,protocol,aegis_legacy_carrier,ML-DSA-65,validate_carrier,transaction512,512,1,1,1.0,274792.0,274792.0,0.0,0.0,274792.0,274792.0,274792.0,274792.0,274792.0,274792.0,274792.0,274792.0,276000.0,1,3639.1161314739875,0,retained_all_samples,10010624,1952,,3309,3309,3309,,,,47641,,1,accepted
MEASURED,protocol,aegis_legacy_carrier,ML-DSA-65,validate_carrier,vote192,192,1,1,1.0,299875.0,299875.0,0.0,0.0,299875.0,299875.0,299875.0,299875.0,299875.0,299875.0,299875.0,299875.0,301000.0,1,3334.722801167153,0,retained_all_samples,9846784,1952,,3309,3309,3309,,,,46237,,1,accepted
MEASURED,protocol,aegis_legacy_carrier_component,JSON,serialize_carrier,block4096,4096,1,1,1.0,63584.0,63584.0,0.0,0.0,63584.0,63584.0,63584.0,63584.0,63584.0,63584.0,63584.0,63584.0,59000.0,1,15727.226975339709,0,retained_all_samples,10371072,,,,,,,,,64502,,1,serialized
MEASURED,protocol,aegis_legacy_carrier_component,JSON,serialize_carrier,digest32,32,1,1,1.0,50500.0,50500.0,0.0,0.0,50500.0,50500.0,50500.0,50500.0,50500.0,50500.0,50500.0,50500.0,51000.0,1,19801.980198019803,0,retained_all_samples,9568256,,,,,,,,,45305,,1,serialized
MEASURED,protocol,aegis_legacy_carrier_component,JSON,serialize_carrier,kilobyte1024,1024,1,1,1.0,45083.0,45083.0,0.0,0.0,45083.0,45083.0,45083.0,45083.0,45083.0,45083.0,45083.0,45083.0,46000.0,1,22181.310028170265,0,retained_all_samples,10190848,,,,,,,,,50292,,1,serialized
MEASURED,protocol,aegis_legacy_carrier_component,JSON,serialize_carrier,large16384,16384,1,1,1.0,75333.0,75333.0,0.0,0.0,75333.0,75333.0,75333.0,75333.0,75333.0,75333.0,75333.0,75333.0,75000.0,1,13274.395019446989,0,retained_all_samples,11026432,,,,,,,,,123307,,1,serialized
MEASURED,protocol,aegis_legacy_carrier_component,JSON,serialize_carrier,medium256,256,1,1,1.0,43792.0,43792.0,0.0,0.0,43792.0,43792.0,43792.0,43792.0,43792.0,43792.0,43792.0,43792.0,43000.0,1,22835.221044939713,0,retained_all_samples,9928704,,,,,,,,,46412,,1,serialized
MEASURED,protocol,aegis_legacy_carrier_component,JSON,serialize_carrier,small128,128,1,1,1.0,47750.0,47750.0,0.0,0.0,47750.0,47750.0,47750.0,47750.0,47750.0,47750.0,47750.0,47750.0,48000.0,1,20942.40837696335,0,retained_all_samples,9781248,,,,,,,,,45796,,1,serialized
MEASURED,protocol,aegis_legacy_carrier_component,JSON,serialize_carrier,small64,64,1,1,1.0,55292.0,55292.0,0.0,0.0,55292.0,55292.0,55292.0,55292.0,55292.0,55292.0,55292.0,55292.0,54000.0,1,18085.79903060117,0,retained_all_samples,9715712,,,,,,,,,45588,,1,serialized
MEASURED,protocol,aegis_legacy_carrier_component,JSON,serialize_carrier,transaction512,512,1,1,1.0,42833.0,42833.0,0.0,0.0,42833.0,42833.0,42833.0,42833.0,42833.0,42833.0,42833.0,42833.0,43000.0,1,23346.48518665515,0,retained_all_samples,10010624,,,,,,,,,47641,,1,serialized
MEASURED,protocol,aegis_legacy_carrier_component,JSON,serialize_carrier,vote192,192,1,1,1.0,48916.0,48916.0,0.0,0.0,48916.0,48916.0,48916.0,48916.0,48916.0,48916.0,48916.0,48916.0,49000.0,1,20443.20876604792,0,retained_all_samples,9846784,,,,,,,,,46237,,1,serialized
MEASURED,protocol,aegis_submission_envelope_component,JSON,deserialize_submission_envelope,block4096,4096,1,1,1.0,106875.0,106875.0,0.0,0.0,106875.0,106875.0,106875.0,106875.0,106875.0,106875.0,106875.0,106875.0,108000.0,1,9356.72514619883,0,retained_all_samples,10371072,,,,,,,,,34126,,1,deserialized_equal
MEASURED,protocol,aegis_submission_envelope_component,JSON,deserialize_submission_envelope,digest32,32,1,1,1.0,104792.0,104792.0,0.0,0.0,104792.0,104792.0,104792.0,104792.0,104792.0,104792.0,104792.0,104792.0,105000.0,1,9542.713184212535,0,retained_all_samples,9568256,,,,,,,,,19683,,1,deserialized_equal
MEASURED,protocol,aegis_submission_envelope_component,JSON,deserialize_submission_envelope,kilobyte1024,1024,1,1,1.0,78333.0,78333.0,0.0,0.0,78333.0,78333.0,78333.0,78333.0,78333.0,78333.0,78333.0,78333.0,78000.0,1,12766.011770262852,0,retained_all_samples,10190848,,,,,,,,,23335,,1,deserialized_equal
MEASURED,protocol,aegis_submission_envelope_component,JSON,deserialize_submission_envelope,large16384,16384,1,1,1.0,215875.0,215875.0,0.0,0.0,215875.0,215875.0,215875.0,215875.0,215875.0,215875.0,215875.0,215875.0,216000.0,1,4632.310364794441,0,retained_all_samples,11026432,,,,,,,,,78130,,1,deserialized_equal
MEASURED,protocol,aegis_submission_envelope_component,JSON,deserialize_submission_envelope,medium256,256,1,1,1.0,73666.0,73666.0,0.0,0.0,73666.0,73666.0,73666.0,73666.0,73666.0,73666.0,73666.0,73666.0,73000.0,1,13574.783482203458,0,retained_all_samples,9928704,,,,,,,,,20498,,1,deserialized_equal
MEASURED,protocol,aegis_submission_envelope_component,JSON,deserialize_submission_envelope,small128,128,1,1,1.0,79500.0,79500.0,0.0,0.0,79500.0,79500.0,79500.0,79500.0,79500.0,79500.0,79500.0,79500.0,80000.0,1,12578.616352201258,0,retained_all_samples,9781248,,,,,,,,,20016,,1,deserialized_equal
MEASURED,protocol,aegis_submission_envelope_component,JSON,deserialize_submission_envelope,small64,64,1,1,1.0,79625.0,79625.0,0.0,0.0,79625.0,79625.0,79625.0,79625.0,79625.0,79625.0,79625.0,79625.0,80000.0,1,12558.869701726844,0,retained_all_samples,9699328,,,,,,,,,19843,,1,deserialized_equal
MEASURED,protocol,aegis_submission_envelope_component,JSON,deserialize_submission_envelope,transaction512,512,1,1,1.0,74042.0,74042.0,0.0,0.0,74042.0,74042.0,74042.0,74042.0,74042.0,74042.0,74042.0,74042.0,74000.0,1,13505.848032197942,0,retained_all_samples,10010624,,,,,,,,,21415,,1,deserialized_equal
MEASURED,protocol,aegis_submission_envelope_component,JSON,deserialize_submission_envelope,vote192,192,1,1,1.0,77708.0,77708.0,0.0,0.0,77708.0,77708.0,77708.0,77708.0,77708.0,77708.0,77708.0,77708.0,78000.0,1,12868.687908580841,0,retained_all_samples,9846784,,,,,,,,,20313,,1,deserialized_equal
MEASURED,protocol,aegis_submission_envelope_component,JSON,serialize_submission_envelope,block4096,4096,1,1,1.0,49958.0,49958.0,0.0,0.0,49958.0,49958.0,49958.0,49958.0,49958.0,49958.0,49958.0,49958.0,50000.0,1,20016.814123864046,0,retained_all_samples,10371072,,,,,,,,15111,34126,19015,1,serialized
MEASURED,protocol,aegis_submission_envelope_component,JSON,serialize_submission_envelope,digest32,32,1,1,1.0,38750.0,38750.0,0.0,0.0,38750.0,38750.0,38750.0,38750.0,38750.0,38750.0,38750.0,38750.0,39000.0,1,25806.451612903227,0,retained_all_samples,9551872,,,,,,,,605,19683,19078,1,serialized
MEASURED,protocol,aegis_submission_envelope_component,JSON,serialize_submission_envelope,kilobyte1024,1024,1,1,1.0,37666.0,37666.0,0.0,0.0,37666.0,37666.0,37666.0,37666.0,37666.0,37666.0,37666.0,37666.0,38000.0,1,26549.142462698455,0,retained_all_samples,10190848,,,,,,,,4142,23335,19193,1,serialized
MEASURED,protocol,aegis_submission_envelope_component,JSON,serialize_submission_envelope,large16384,16384,1,1,1.0,99416.0,99416.0,0.0,0.0,99416.0,99416.0,99416.0,99416.0,99416.0,99416.0,99416.0,99416.0,99000.0,1,10058.74305946729,0,retained_all_samples,11026432,,,,,,,,58982,78130,19148,1,serialized
MEASURED,protocol,aegis_submission_envelope_component,JSON,serialize_submission_envelope,medium256,256,1,1,1.0,34083.0,34083.0,0.0,0.0,34083.0,34083.0,34083.0,34083.0,34083.0,34083.0,34083.0,34083.0,34000.0,1,29340.140245870374,0,retained_all_samples,9928704,,,,,,,,1401,20498,19097,1,serialized
MEASURED,protocol,aegis_submission_envelope_component,JSON,serialize_submission_envelope,small128,128,1,1,1.0,36750.0,36750.0,0.0,0.0,36750.0,36750.0,36750.0,36750.0,36750.0,36750.0,36750.0,36750.0,37000.0,1,27210.884353741498,0,retained_all_samples,9781248,,,,,,,,891,20016,19125,1,serialized
MEASURED,protocol,aegis_submission_envelope_component,JSON,serialize_submission_envelope,small64,64,1,1,1.0,36292.0,36292.0,0.0,0.0,36292.0,36292.0,36292.0,36292.0,36292.0,36292.0,36292.0,36292.0,38000.0,1,27554.281935412764,0,retained_all_samples,9699328,,,,,,,,698,19843,19145,1,serialized
MEASURED,protocol,aegis_submission_envelope_component,JSON,serialize_submission_envelope,transaction512,512,1,1,1.0,33709.0,33709.0,0.0,0.0,33709.0,33709.0,33709.0,33709.0,33709.0,33709.0,33709.0,33709.0,33000.0,1,29665.667922513276,0,retained_all_samples,10010624,,,,,,,,2313,21415,19102,1,serialized
MEASURED,protocol,aegis_submission_envelope_component,JSON,serialize_submission_envelope,vote192,192,1,1,1.0,40375.0,40375.0,0.0,0.0,40375.0,40375.0,40375.0,40375.0,40375.0,40375.0,40375.0,40375.0,41000.0,1,24767.80185758514,0,retained_all_samples,9846784,,,,,,,,1143,20313,19170,1,serialized
MEASURED,protocol,aegis_typed_transaction,ML-DSA-65,build_sign_verify_admit_carrier,block4096,4096,1,1,1.0,1842000.0,1842000.0,0.0,0.0,1842000.0,1842000.0,1842000.0,1842000.0,1842000.0,1842000.0,1842000.0,1842000.0,1846000.0,1,542.8881650380022,0,retained_all_samples,10305536,1952,,3309,3309,3309,,,15111,98728,19045,1,signed_verified_admitted_carrier_built
MEASURED,protocol,aegis_typed_transaction,ML-DSA-65,build_sign_verify_admit_carrier,digest32,32,1,1,1.0,3073000.0,3073000.0,0.0,0.0,3073000.0,3073000.0,3073000.0,3073000.0,3073000.0,3073000.0,3073000.0,3073000.0,3156000.0,1,325.4149040026033,0,retained_all_samples,9273344,1952,,3309,3309,3309,,,605,65118,19117,1,signed_verified_admitted_carrier_built
MEASURED,protocol,aegis_typed_transaction,ML-DSA-65,build_sign_verify_admit_carrier,kilobyte1024,1024,1,1,1.0,1765084.0,1765084.0,0.0,0.0,1765084.0,1765084.0,1765084.0,1765084.0,1765084.0,1765084.0,1765084.0,1765084.0,1768000.0,1,566.5452748990983,0,retained_all_samples,10174464,1952,,3309,3309,3309,,,4142,73341,19108,1,signed_verified_admitted_carrier_built
MEASURED,protocol,aegis_typed_transaction,ML-DSA-65,build_sign_verify_admit_carrier,large16384,16384,1,1,1.0,3167375.0,3167375.0,0.0,0.0,3167375.0,3167375.0,3167375.0,3167375.0,3167375.0,3167375.0,3167375.0,3167375.0,3177000.0,1,315.71885236197164,0,retained_all_samples,10764288,1952,,3309,3309,3309,,,58982,201061,19036,1,signed_verified_admitted_carrier_built
MEASURED,protocol,aegis_typed_transaction,ML-DSA-65,build_sign_verify_admit_carrier,medium256,256,1,1,1.0,1141041.0,1141041.0,0.0,0.0,1141041.0,1141041.0,1141041.0,1141041.0,1141041.0,1141041.0,1141041.0,1141041.0,1145000.0,1,876.392697545487,0,retained_all_samples,9879552,1952,,3309,3309,3309,,,1401,67062,19143,1,signed_verified_admitted_carrier_built
MEASURED,protocol,aegis_typed_transaction,ML-DSA-65,build_sign_verify_admit_carrier,small128,128,1,1,1.0,1096708.0,1096708.0,0.0,0.0,1096708.0,1096708.0,1096708.0,1096708.0,1096708.0,1096708.0,1096708.0,1096708.0,1102000.0,1,911.8197368852967,0,retained_all_samples,9748480,1952,,3309,3309,3309,,,891,65932,19161,1,signed_verified_admitted_carrier_built
MEASURED,protocol,aegis_typed_transaction,ML-DSA-65,build_sign_verify_admit_carrier,small64,64,1,1,1.0,1341041.0,1341041.0,0.0,0.0,1341041.0,1341041.0,1341041.0,1341041.0,1341041.0,1341041.0,1341041.0,1341041.0,1346000.0,1,745.6893562538356,0,retained_all_samples,9682944,1952,,3309,3309,3309,,,698,65503,19167,1,signed_verified_admitted_carrier_built
MEASURED,protocol,aegis_typed_transaction,ML-DSA-65,build_sign_verify_admit_carrier,transaction512,512,1,1,1.0,1169375.0,1169375.0,0.0,0.0,1169375.0,1169375.0,1169375.0,1169375.0,1169375.0,1169375.0,1169375.0,1169375.0,1152000.0,1,855.1576696953501,0,retained_all_samples,9994240,1952,,3309,3309,3309,,,2313,68780,19020,1,signed_verified_admitted_carrier_built
MEASURED,protocol,aegis_typed_transaction,ML-DSA-65,build_sign_verify_admit_carrier,vote192,192,1,1,1.0,1444792.0,1444792.0,0.0,0.0,1444792.0,1444792.0,1444792.0,1444792.0,1444792.0,1444792.0,1444792.0,1444792.0,1448000.0,1,692.1411524980758,0,retained_all_samples,9814016,1952,,3309,3309,3309,,,1143,66426,19132,1,signed_verified_admitted_carrier_built
MEASURED,protocol,aegis_typed_transaction,ML-DSA-65,verify_submission_envelope,block4096,4096,1,1,1.0,279458.0,279458.0,0.0,0.0,279458.0,279458.0,279458.0,279458.0,279458.0,279458.0,279458.0,279458.0,255000.0,1,3578.3552447952825,0,retained_all_samples,10371072,1952,,3309,3309,3309,,,15111,34126,19015,1,accepted
MEASURED,protocol,aegis_typed_transaction,ML-DSA-65,verify_submission_envelope,digest32,32,1,1,1.0,181375.0,181375.0,0.0,0.0,181375.0,181375.0,181375.0,181375.0,181375.0,181375.0,181375.0,181375.0,184000.0,1,5513.439007580979,0,retained_all_samples,9568256,1952,,3309,3309,3309,,,605,19683,19078,1,accepted
MEASURED,protocol,aegis_typed_transaction,ML-DSA-65,verify_submission_envelope,kilobyte1024,1024,1,1,1.0,169584.0,169584.0,0.0,0.0,169584.0,169584.0,169584.0,169584.0,169584.0,169584.0,169584.0,169584.0,172000.0,1,5896.782715350505,0,retained_all_samples,10190848,1952,,3309,3309,3309,,,4142,23335,19193,1,accepted
MEASURED,protocol,aegis_typed_transaction,ML-DSA-65,verify_submission_envelope,large16384,16384,1,1,1.0,472250.0,472250.0,0.0,0.0,472250.0,472250.0,472250.0,472250.0,472250.0,472250.0,472250.0,472250.0,476000.0,1,2117.5224986765484,0,retained_all_samples,11026432,1952,,3309,3309,3309,,,58982,78130,19148,1,accepted
MEASURED,protocol,aegis_typed_transaction,ML-DSA-65,verify_submission_envelope,medium256,256,1,1,1.0,158209.0,158209.0,0.0,0.0,158209.0,158209.0,158209.0,158209.0,158209.0,158209.0,158209.0,158209.0,161000.0,1,6320.752928088794,0,retained_all_samples,9928704,1952,,3309,3309,3309,,,1401,20498,19097,1,accepted
MEASURED,protocol,aegis_typed_transaction,ML-DSA-65,verify_submission_envelope,small128,128,1,1,1.0,166959.0,166959.0,0.0,0.0,166959.0,166959.0,166959.0,166959.0,166959.0,166959.0,166959.0,166959.0,169000.0,1,5989.494426775436,0,retained_all_samples,9781248,1952,,3309,3309,3309,,,891,20016,19125,1,accepted
MEASURED,protocol,aegis_typed_transaction,ML-DSA-65,verify_submission_envelope,small64,64,1,1,1.0,182125.0,182125.0,0.0,0.0,182125.0,182125.0,182125.0,182125.0,182125.0,182125.0,182125.0,182125.0,184000.0,1,5490.73438572409,0,retained_all_samples,9715712,1952,,3309,3309,3309,,,698,19843,19145,1,accepted
MEASURED,protocol,aegis_typed_transaction,ML-DSA-65,verify_submission_envelope,transaction512,512,1,1,1.0,155250.0,155250.0,0.0,0.0,155250.0,155250.0,155250.0,155250.0,155250.0,155250.0,155250.0,155250.0,158000.0,1,6441.2238325281805,0,retained_all_samples,10010624,1952,,3309,3309,3309,,,2313,21415,19102,1,accepted
MEASURED,protocol,aegis_typed_transaction,ML-DSA-65,verify_submission_envelope,vote192,192,1,1,1.0,161625.0,161625.0,0.0,0.0,161625.0,161625.0,161625.0,161625.0,161625.0,161625.0,161625.0,161625.0,164000.0,1,6187.161639597834,0,retained_all_samples,9846784,1952,,3309,3309,3309,,,1143,20313,19170,1,accepted
MEASURED,protocol,aegis_typed_transaction_component,BLAKE3,hash_canonical_transaction,block4096,4096,1,1,1.0,73042.0,73042.0,0.0,0.0,73042.0,73042.0,73042.0,73042.0,73042.0,73042.0,73042.0,73042.0,74000.0,1,13690.753265244653,0,retained_all_samples,10371072,,,,,,,,,26960,,1,canonical_hash_computed
MEASURED,protocol,aegis_typed_transaction_component,BLAKE3,hash_canonical_transaction,digest32,32,1,1,1.0,44708.0,44708.0,0.0,0.0,44708.0,44708.0,44708.0,44708.0,44708.0,44708.0,44708.0,44708.0,46000.0,1,22367.36154603203,0,retained_all_samples,9535488,,,,,,,,,12399,,1,canonical_hash_computed
MEASURED,protocol,aegis_typed_transaction_component,BLAKE3,hash_canonical_transaction,kilobyte1024,1024,1,1,1.0,47417.0,47417.0,0.0,0.0,47417.0,47417.0,47417.0,47417.0,47417.0,47417.0,47417.0,47417.0,49000.0,1,21089.482674989984,0,retained_all_samples,10190848,,,,,,,,,16021,,1,canonical_hash_computed
MEASURED,protocol,aegis_typed_transaction_component,BLAKE3,hash_canonical_transaction,large16384,16384,1,1,1.0,170000.0,170000.0,0.0,0.0,170000.0,170000.0,170000.0,170000.0,170000.0,170000.0,170000.0,170000.0,171000.0,1,5882.35294117647,0,retained_all_samples,11026432,,,,,,,,,70858,,1,canonical_hash_computed
MEASURED,protocol,aegis_typed_transaction_component,BLAKE3,hash_canonical_transaction,medium256,256,1,1,1.0,40000.0,40000.0,0.0,0.0,40000.0,40000.0,40000.0,40000.0,40000.0,40000.0,40000.0,40000.0,41000.0,1,25000.0,0,retained_all_samples,9928704,,,,,,,,,13246,,1,canonical_hash_computed
MEASURED,protocol,aegis_typed_transaction_component,BLAKE3,hash_canonical_transaction,small128,128,1,1,1.0,42083.0,42083.0,0.0,0.0,42083.0,42083.0,42083.0,42083.0,42083.0,42083.0,42083.0,42083.0,43000.0,1,23762.564455956086,0,retained_all_samples,9781248,,,,,,,,,12730,,1,canonical_hash_computed
MEASURED,protocol,aegis_typed_transaction_component,BLAKE3,hash_canonical_transaction,small64,64,1,1,1.0,42250.0,42250.0,0.0,0.0,42250.0,42250.0,42250.0,42250.0,42250.0,42250.0,42250.0,42250.0,42000.0,1,23668.63905325444,0,retained_all_samples,9699328,,,,,,,,,12547,,1,canonical_hash_computed
MEASURED,protocol,aegis_typed_transaction_component,BLAKE3,hash_canonical_transaction,transaction512,512,1,1,1.0,40959.0,40959.0,0.0,0.0,40959.0,40959.0,40959.0,40959.0,40959.0,40959.0,40959.0,40959.0,42000.0,1,24414.658561000026,0,retained_all_samples,10010624,,,,,,,,,14169,,1,canonical_hash_computed
MEASURED,protocol,aegis_typed_transaction_component,BLAKE3,hash_canonical_transaction,vote192,192,1,1,1.0,44792.0,44792.0,0.0,0.0,44792.0,44792.0,44792.0,44792.0,44792.0,44792.0,44792.0,44792.0,45000.0,1,22325.415252723702,0,retained_all_samples,9846784,,,,,,,,,13043,,1,canonical_hash_computed
MEASURED,protocol,aegis_typed_transaction_component,canonical-json,canonical_serialize_transaction,block4096,4096,1,1,1.0,38042.0,38042.0,0.0,0.0,38042.0,38042.0,38042.0,38042.0,38042.0,38042.0,38042.0,38042.0,40000.0,1,26286.73571315914,0,retained_all_samples,10371072,,,,,,,,,26960,,1,serialized
MEASURED,protocol,aegis_typed_transaction_component,canonical-json,canonical_serialize_transaction,digest32,32,1,1,1.0,24125.0,24125.0,0.0,0.0,24125.0,24125.0,24125.0,24125.0,24125.0,24125.0,24125.0,24125.0,24000.0,1,41450.77720207254,0,retained_all_samples,9535488,,,,,,,,,12399,,1,serialized
MEASURED,protocol,aegis_typed_transaction_component,canonical-json,canonical_serialize_transaction,kilobyte1024,1024,1,1,1.0,25667.0,25667.0,0.0,0.0,25667.0,25667.0,25667.0,25667.0,25667.0,25667.0,25667.0,25667.0,26000.0,1,38960.532980091164,0,retained_all_samples,10190848,,,,,,,,,16021,,1,serialized
MEASURED,protocol,aegis_typed_transaction_component,canonical-json,canonical_serialize_transaction,large16384,16384,1,1,1.0,89125.0,89125.0,0.0,0.0,89125.0,89125.0,89125.0,89125.0,89125.0,89125.0,89125.0,89125.0,90000.0,1,11220.196353436186,0,retained_all_samples,11026432,,,,,,,,,70858,,1,serialized
MEASURED,protocol,aegis_typed_transaction_component,canonical-json,canonical_serialize_transaction,medium256,256,1,1,1.0,22084.0,22084.0,0.0,0.0,22084.0,22084.0,22084.0,22084.0,22084.0,22084.0,22084.0,22084.0,22000.0,1,45281.65187466039,0,retained_all_samples,9928704,,,,,,,,,13246,,1,serialized
MEASURED,protocol,aegis_typed_transaction_component,canonical-json,canonical_serialize_transaction,small128,128,1,1,1.0,23041.0,23041.0,0.0,0.0,23041.0,23041.0,23041.0,23041.0,23041.0,23041.0,23041.0,23041.0,24000.0,1,43400.8940584176,0,retained_all_samples,9781248,,,,,,,,,12730,,1,serialized
MEASURED,protocol,aegis_typed_transaction_component,canonical-json,canonical_serialize_transaction,small64,64,1,1,1.0,23042.0,23042.0,0.0,0.0,23042.0,23042.0,23042.0,23042.0,23042.0,23042.0,23042.0,23042.0,23000.0,1,43399.010502560544,0,retained_all_samples,9699328,,,,,,,,,12547,,1,serialized
MEASURED,protocol,aegis_typed_transaction_component,canonical-json,canonical_serialize_transaction,transaction512,512,1,1,1.0,22125.0,22125.0,0.0,0.0,22125.0,22125.0,22125.0,22125.0,22125.0,22125.0,22125.0,22125.0,22000.0,1,45197.740112994354,0,retained_all_samples,10010624,,,,,,,,,14169,,1,serialized
MEASURED,protocol,aegis_typed_transaction_component,canonical-json,canonical_serialize_transaction,vote192,192,1,1,1.0,27333.0,27333.0,0.0,0.0,27333.0,27333.0,27333.0,27333.0,27333.0,27333.0,27333.0,27333.0,27000.0,1,36585.81202209783,0,retained_all_samples,9846784,,,,,,,,,13043,,1,serialized
MEASURED,protocol,aegis_typed_transaction_component,canonical-json,serialize_signing_payload,block4096,4096,1,1,1.0,17833.0,17833.0,0.0,0.0,17833.0,17833.0,17833.0,17833.0,17833.0,17833.0,17833.0,17833.0,18000.0,1,56075.81450120563,0,retained_all_samples,10371072,,,,,,,,15111,15111,,1,serialized
MEASURED,protocol,aegis_typed_transaction_component,canonical-json,serialize_signing_payload,digest32,32,1,1,1.0,1375.0,1375.0,0.0,0.0,1375.0,1375.0,1375.0,1375.0,1375.0,1375.0,1375.0,1375.0,3000.0,1,727272.7272727273,0,retained_all_samples,9519104,,,,,,,,605,605,,1,serialized
MEASURED,protocol,aegis_typed_transaction_component,canonical-json,serialize_signing_payload,kilobyte1024,1024,1,1,1.0,5667.0,5667.0,0.0,0.0,5667.0,5667.0,5667.0,5667.0,5667.0,5667.0,5667.0,5667.0,6000.0,1,176460.20822304572,0,retained_all_samples,10190848,,,,,,,,4142,4142,,1,serialized
MEASURED,protocol,aegis_typed_transaction_component,canonical-json,serialize_signing_payload,large16384,16384,1,1,1.0,65000.0,65000.0,0.0,0.0,65000.0,65000.0,65000.0,65000.0,65000.0,65000.0,65000.0,65000.0,66000.0,1,15384.615384615385,0,retained_all_samples,11026432,,,,,,,,58982,58982,,1,serialized
MEASURED,protocol,aegis_typed_transaction_component,canonical-json,serialize_signing_payload,medium256,256,1,1,1.0,2042.0,2042.0,0.0,0.0,2042.0,2042.0,2042.0,2042.0,2042.0,2042.0,2042.0,2042.0,3000.0,1,489715.96474045055,0,retained_all_samples,9928704,,,,,,,,1401,1401,,1,serialized
MEASURED,protocol,aegis_typed_transaction_component,canonical-json,serialize_signing_payload,small128,128,1,1,1.0,1458.0,1458.0,0.0,0.0,1458.0,1458.0,1458.0,1458.0,1458.0,1458.0,1458.0,1458.0,2000.0,1,685871.0562414266,0,retained_all_samples,9781248,,,,,,,,891,891,,1,serialized
MEASURED,protocol,aegis_typed_transaction_component,canonical-json,serialize_signing_payload,small64,64,1,1,1.0,1250.0,1250.0,0.0,0.0,1250.0,1250.0,1250.0,1250.0,1250.0,1250.0,1250.0,1250.0,6000.0,1,800000.0,0,retained_all_samples,9699328,,,,,,,,698,698,,1,serialized
MEASURED,protocol,aegis_typed_transaction_component,canonical-json,serialize_signing_payload,transaction512,512,1,1,1.0,3250.0,3250.0,0.0,0.0,3250.0,3250.0,3250.0,3250.0,3250.0,3250.0,3250.0,3250.0,3000.0,1,307692.3076923077,0,retained_all_samples,10010624,,,,,,,,2313,2313,,1,serialized
MEASURED,protocol,aegis_typed_transaction_component,canonical-json,serialize_signing_payload,vote192,192,1,1,1.0,3750.0,3750.0,0.0,0.0,3750.0,3750.0,3750.0,3750.0,3750.0,3750.0,3750.0,3750.0,5000.0,1,266666.6666666667,0,retained_all_samples,9846784,,,,,,,,1143,1143,,1,serialized
MEASURED,protocol,coordinated_block_authentication,ML-DSA-65,build_sign_serialize_block_package,transactions1000_payload512,512,1,1,1.0,234072125.0,234072125.0,0.0,0.0,234072125.0,234072125.0,234072125.0,234072125.0,234072125.0,234072125.0,234072125.0,234072125.0,233095000.0,3,12.816562416391957,0,retained_all_samples,595804160,,,3309,3309,3309,,,4961026,35675507,30714481,1000,actual_signed_package_serialized
MEASURED,protocol,coordinated_block_authentication,ML-DSA-65,build_sign_serialize_block_package,transactions100_payload512,512,1,1,1.0,25033333.0,25033333.0,0.0,0.0,25033333.0,25033333.0,25033333.0,25033333.0,25033333.0,25033333.0,25033333.0,25033333.0,24880000.0,3,119.84021464500951,0,retained_all_samples,133201920,,,3309,3309,3309,,,501688,3616514,3114826,100,actual_signed_package_serialized
MEASURED,protocol,coordinated_block_authentication,ML-DSA-65,build_sign_serialize_block_package,transactions10_payload512,512,1,1,1.0,3486833.0,3486833.0,0.0,0.0,3486833.0,3486833.0,3486833.0,3486833.0,3486833.0,3486833.0,3486833.0,3486833.0,3428000.0,3,860.379605217686,0,retained_all_samples,128122880,,,3309,3309,3309,,,56223,410111,353888,10,actual_signed_package_serialized
MEASURED,protocol,coordinated_block_authentication,ML-DSA-65,build_sign_serialize_block_package,transactions1_payload512,512,1,1,1.0,2584042.0,2584042.0,0.0,0.0,2584042.0,2584042.0,2584042.0,2584042.0,2584042.0,2584042.0,2584042.0,2584042.0,2465000.0,3,1160.9718417889492,0,retained_all_samples,127631360,,,3309,3309,3309,,,11616,89396,77780,1,actual_signed_package_serialized
MEASURED,protocol,coordinated_block_authentication,ML-DSA-65,build_sign_serialize_block_package,transactions200_payload512,512,1,1,1.0,47395708.0,47395708.0,0.0,0.0,47395708.0,47395708.0,47395708.0,47395708.0,47395708.0,47395708.0,47395708.0,47395708.0,47279000.0,3,63.29687067866989,0,retained_all_samples,145981440,,,3309,3309,3309,,,997021,7178082,6181061,200,actual_signed_package_serialized
MEASURED,protocol,coordinated_block_authentication,ML-DSA-65,build_sign_serialize_block_package,transactions225_payload512,512,1,1,1.0,52652667.0,52652667.0,0.0,0.0,52652667.0,52652667.0,52652667.0,52652667.0,52652667.0,52652667.0,52652667.0,52652667.0,52547000.0,3,56.97717078604964,0,retained_all_samples,223428608,,,3309,3309,3309,,,1120929,8068649,6947720,225,actual_signed_package_serialized
MEASURED,protocol,coordinated_block_authentication,ML-DSA-65,build_sign_serialize_block_package,transactions230_payload512,512,1,1,1.0,54683083.0,54683083.0,0.0,0.0,54683083.0,54683083.0,54683083.0,54683083.0,54683083.0,54683083.0,54683083.0,54683083.0,54548000.0,3,54.861573916744966,0,retained_all_samples,289898496,,,3309,3309,3309,,,1145714,8246938,7101224,230,actual_signed_package_serialized
MEASURED,protocol,coordinated_block_authentication,ML-DSA-65,build_sign_serialize_block_package,transactions231_payload512,512,1,1,1.0,54031042.0,54031042.0,0.0,0.0,54031042.0,54031042.0,54031042.0,54031042.0,54031042.0,54031042.0,54031042.0,54031042.0,53920000.0,3,55.52363768960813,0,retained_all_samples,289898496,,,3309,3309,3309,,,1150658,8282444,7131786,231,actual_signed_package_serialized
MEASURED,protocol,coordinated_block_authentication,ML-DSA-65,build_sign_serialize_block_package,transactions232_payload512,512,1,1,1.0,54785375.0,54785375.0,0.0,0.0,54785375.0,54785375.0,54785375.0,54785375.0,54785375.0,54785375.0,54785375.0,54785375.0,54642000.0,3,54.75913964265098,0,retained_all_samples,318947328,,,3309,3309,3309,,,1155643,8318109,7162466,232,actual_signed_package_serialized
MEASURED,protocol,coordinated_block_authentication,ML-DSA-65,build_sign_serialize_block_package,transactions233_payload512,512,1,1,1.0,54361209.0,54361209.0,0.0,0.0,54361209.0,54361209.0,54361209.0,54361209.0,54361209.0,54361209.0,54361209.0,54361209.0,54290000.0,3,55.18641058921261,0,retained_all_samples,402489344,,,3309,3309,3309,,,1160531,8353527,7192996,233,actual_signed_package_serialized
MEASURED,protocol,coordinated_block_authentication,ML-DSA-65,build_sign_serialize_block_package,transactions234_payload512,512,1,1,1.0,54486125.0,54486125.0,0.0,0.0,54486125.0,54486125.0,54486125.0,54486125.0,54486125.0,54486125.0,54486125.0,54486125.0,54343000.0,3,55.0598891002067,0,retained_all_samples,486359040,,,3309,3309,3309,,,1165566,8389267,7223701,234,actual_signed_package_serialized
MEASURED,protocol,coordinated_block_authentication,ML-DSA-65,build_sign_serialize_block_package,transactions235_payload512,512,1,1,1.0,55231709.0,55231709.0,0.0,0.0,55231709.0,55231709.0,55231709.0,55231709.0,55231709.0,55231709.0,55231709.0,55231709.0,55168000.0,3,54.316624531752225,0,retained_all_samples,562135040,,,3309,3309,3309,,,1170502,8424734,7254232,235,actual_signed_package_serialized
MEASURED,protocol,coordinated_block_authentication,ML-DSA-65,build_sign_serialize_block_package,transactions250_payload512,512,1,1,1.0,59480750.0,59480750.0,0.0,0.0,59480750.0,59480750.0,59480750.0,59480750.0,59480750.0,59480750.0,59480750.0,59480750.0,59353000.0,3,50.436485753794294,0,retained_all_samples,595804160,,,3309,3309,3309,,,1244868,8958856,7713988,250,actual_signed_package_serialized
MEASURED,protocol,coordinated_block_authentication,ML-DSA-65,build_sign_serialize_block_package,transactions500_payload512,512,1,1,1.0,123317083.0,123317083.0,0.0,0.0,123317083.0,123317083.0,123317083.0,123317083.0,123317083.0,123317083.0,123317083.0,123317083.0,122760000.0,3,24.327529706488434,0,retained_all_samples,595804160,,,3309,3309,3309,,,2483582,17863829,15380247,500,actual_signed_package_serialized
MEASURED,protocol,coordinated_block_authentication,ML-DSA-65,verify_block_package_authentication,transactions1000_payload512,512,1,1,1.0,494182417.0,494182417.0,0.0,0.0,494182417.0,494182417.0,494182417.0,494182417.0,494182417.0,494182417.0,494182417.0,494182417.0,495358000.0,1003,2029.6149063514738,0,retained_all_samples,595804160,,,3309,3309,3309,,,4961026,35675507,30714481,1000,accepted
MEASURED,protocol,coordinated_block_authentication,ML-DSA-65,verify_block_package_authentication,transactions100_payload512,512,1,1,1.0,50162750.0,50162750.0,0.0,0.0,50162750.0,50162750.0,50162750.0,50162750.0,50162750.0,50162750.0,50162750.0,50162750.0,50158000.0,103,2053.316454939173,0,retained_all_samples,133234688,,,3309,3309,3309,,,501688,3616514,3114826,100,accepted
MEASURED,protocol,coordinated_block_authentication,ML-DSA-65,verify_block_package_authentication,transactions10_payload512,512,1,1,1.0,5997542.0,5997542.0,0.0,0.0,5997542.0,5997542.0,5997542.0,5997542.0,5997542.0,5997542.0,5997542.0,5997542.0,5962000.0,13,2167.554641551489,0,retained_all_samples,128122880,,,3309,3309,3309,,,56223,410111,353888,10,accepted
MEASURED,protocol,coordinated_block_authentication,ML-DSA-65,verify_block_package_authentication,transactions1_payload512,512,1,1,1.0,1187042.0,1187042.0,0.0,0.0,1187042.0,1187042.0,1187042.0,1187042.0,1187042.0,1187042.0,1187042.0,1187042.0,1220000.0,4,3369.7207006997223,0,retained_all_samples,127664128,,,3309,3309,3309,,,11616,89396,77780,1,accepted
MEASURED,protocol,coordinated_block_authentication,ML-DSA-65,verify_block_package_authentication,transactions200_payload512,512,1,1,1.0,99736000.0,99736000.0,0.0,0.0,99736000.0,99736000.0,99736000.0,99736000.0,99736000.0,99736000.0,99736000.0,99736000.0,99945000.0,203,2035.3733857383493,0,retained_all_samples,160399360,,,3309,3309,3309,,,997021,7178082,6181061,200,accepted
MEASURED,protocol,coordinated_block_authentication,ML-DSA-65,verify_block_package_authentication,transactions225_payload512,512,1,1,1.0,112017708.0,112017708.0,0.0,0.0,112017708.0,112017708.0,112017708.0,112017708.0,112017708.0,112017708.0,112017708.0,112017708.0,112240000.0,228,2035.3924756253716,0,retained_all_samples,239616000,,,3309,3309,3309,,,1120929,8068649,6947720,225,accepted
MEASURED,protocol,coordinated_block_authentication,ML-DSA-65,verify_block_package_authentication,transactions230_payload512,512,1,1,1.0,113517250.0,113517250.0,0.0,0.0,113517250.0,113517250.0,113517250.0,113517250.0,113517250.0,113517250.0,113517250.0,113517250.0,113782000.0,233,2052.5514844660174,0,retained_all_samples,289898496,,,3309,3309,3309,,,1145714,8246938,7101224,230,accepted
MEASURED,protocol,coordinated_block_authentication,ML-DSA-65,verify_block_package_authentication,transactions231_payload512,512,1,1,1.0,115715250.0,115715250.0,0.0,0.0,115715250.0,115715250.0,115715250.0,115715250.0,115715250.0,115715250.0,115715250.0,115715250.0,115792000.0,234,2022.2053705108012,0,retained_all_samples,289898496,,,3309,3309,3309,,,1150658,8282444,7131786,231,accepted
MEASURED,protocol,coordinated_block_authentication,ML-DSA-65,verify_block_package_authentication,transactions232_payload512,512,1,1,1.0,114848042.0,114848042.0,0.0,0.0,114848042.0,114848042.0,114848042.0,114848042.0,114848042.0,114848042.0,114848042.0,114848042.0,115102000.0,235,2046.1820324285545,0,retained_all_samples,335626240,,,3309,3309,3309,,,1155643,8318109,7162466,232,accepted
MEASURED,protocol,coordinated_block_authentication,ML-DSA-65,verify_block_package_authentication,transactions233_payload512,512,1,1,1.0,115660250.0,115660250.0,0.0,0.0,115660250.0,115660250.0,115660250.0,115660250.0,115660250.0,115660250.0,115660250.0,115660250.0,115754000.0,236,2040.4590168186564,0,retained_all_samples,419233792,,,3309,3309,3309,,,1160531,8353527,7192996,233,accepted
MEASURED,protocol,coordinated_block_authentication,ML-DSA-65,verify_block_package_authentication,transactions234_payload512,512,1,1,1.0,116805125.0,116805125.0,0.0,0.0,116805125.0,116805125.0,116805125.0,116805125.0,116805125.0,116805125.0,116805125.0,116805125.0,117023000.0,237,2029.0205588153774,0,retained_all_samples,503185408,,,3309,3309,3309,,,1165566,8389267,7223701,234,accepted
MEASURED,protocol,coordinated_block_authentication,ML-DSA-65,verify_block_package_authentication,transactions235_payload512,512,1,1,1.0,119007166.0,119007166.0,0.0,0.0,119007166.0,119007166.0,119007166.0,119007166.0,119007166.0,119007166.0,119007166.0,119007166.0,118850000.0,238,1999.879570277306,0,retained_all_samples,578977792,,,3309,3309,3309,,,1170502,8424734,7254232,235,accepted
MEASURED,protocol,coordinated_block_authentication,ML-DSA-65,verify_block_package_authentication,transactions250_payload512,512,1,1,1.0,127486791.0,127486791.0,0.0,0.0,127486791.0,127486791.0,127486791.0,127486791.0,127486791.0,127486791.0,127486791.0,127486791.0,127282000.0,253,1984.5193216919233,0,retained_all_samples,595804160,,,3309,3309,3309,,,1244868,8958856,7713988,250,accepted
MEASURED,protocol,coordinated_block_authentication,ML-DSA-65,verify_block_package_authentication,transactions500_payload512,512,1,1,1.0,253392042.0,253392042.0,0.0,0.0,253392042.0,253392042.0,253392042.0,253392042.0,253392042.0,253392042.0,253392042.0,253392042.0,253974000.0,503,1985.0662871251498,0,retained_all_samples,595804160,,,3309,3309,3309,,,2483582,17863829,15380247,500,accepted
MEASURED,protocol,coordinated_p2p_frame,ML-DSA-65,serialize_assignment_network_frame,transactions1000_payload512,512,1,1,1.0,48000.0,48000.0,0.0,0.0,48000.0,48000.0,48000.0,48000.0,48000.0,48000.0,48000.0,48000.0,51000.0,1,20833.333333333332,0,retained_all_samples,595804160,,,,,,,,801,12563,11762,1000,exact_network_frame_serialized
MEASURED,protocol,coordinated_p2p_frame,ML-DSA-65,serialize_assignment_network_frame,transactions100_payload512,512,1,1,1.0,42958.0,42958.0,0.0,0.0,42958.0,42958.0,42958.0,42958.0,42958.0,42958.0,42958.0,42958.0,44000.0,1,23278.55114297686,0,retained_all_samples,133234688,,,,,,,,801,12645,11844,100,exact_network_frame_serialized
MEASURED,protocol,coordinated_p2p_frame,ML-DSA-65,serialize_assignment_network_frame,transactions10_payload512,512,1,1,1.0,47000.0,47000.0,0.0,0.0,47000.0,47000.0,47000.0,47000.0,47000.0,47000.0,47000.0,47000.0,48000.0,1,21276.59574468085,0,retained_all_samples,128122880,,,,,,,,802,12631,11829,10,exact_network_frame_serialized
MEASURED,protocol,coordinated_p2p_frame,ML-DSA-65,serialize_assignment_network_frame,transactions1_payload512,512,1,1,1.0,44583.0,44583.0,0.0,0.0,44583.0,44583.0,44583.0,44583.0,44583.0,44583.0,44583.0,44583.0,45000.0,1,22430.074243545747,0,retained_all_samples,127664128,,,,,,,,801,12562,11761,1,exact_network_frame_serialized
MEASURED,protocol,coordinated_p2p_frame,ML-DSA-65,serialize_assignment_network_frame,transactions200_payload512,512,1,1,1.0,43875.0,43875.0,0.0,0.0,43875.0,43875.0,43875.0,43875.0,43875.0,43875.0,43875.0,43875.0,47000.0,1,22792.02279202279,0,retained_all_samples,160399360,,,,,,,,797,12568,11771,200,exact_network_frame_serialized
MEASURED,protocol,coordinated_p2p_frame,ML-DSA-65,serialize_assignment_network_frame,transactions225_payload512,512,1,1,1.0,45667.0,45667.0,0.0,0.0,45667.0,45667.0,45667.0,45667.0,45667.0,45667.0,45667.0,45667.0,46000.0,1,21897.650382114,0,retained_all_samples,239616000,,,,,,,,803,12557,11754,225,exact_network_frame_serialized
MEASURED,protocol,coordinated_p2p_frame,ML-DSA-65,serialize_assignment_network_frame,transactions230_payload512,512,1,1,1.0,46500.0,46500.0,0.0,0.0,46500.0,46500.0,46500.0,46500.0,46500.0,46500.0,46500.0,46500.0,50000.0,1,21505.37634408602,0,retained_all_samples,289898496,,,,,,,,802,12624,11822,230,exact_network_frame_serialized
MEASURED,protocol,coordinated_p2p_frame,ML-DSA-65,serialize_assignment_network_frame,transactions231_payload512,512,1,1,1.0,50417.0,50417.0,0.0,0.0,50417.0,50417.0,50417.0,50417.0,50417.0,50417.0,50417.0,50417.0,53000.0,1,19834.579606085248,0,retained_all_samples,289898496,,,,,,,,796,12576,11780,231,exact_network_frame_serialized
MEASURED,protocol,coordinated_p2p_frame,ML-DSA-65,serialize_assignment_network_frame,transactions232_payload512,512,1,1,1.0,45084.0,45084.0,0.0,0.0,45084.0,45084.0,45084.0,45084.0,45084.0,45084.0,45084.0,45084.0,46000.0,1,22180.818028568894,0,retained_all_samples,335626240,,,,,,,,803,12575,11772,232,exact_network_frame_serialized
MEASURED,protocol,coordinated_p2p_frame,ML-DSA-65,serialize_assignment_network_frame,transactions233_payload512,512,1,1,1.0,45416.0,45416.0,0.0,0.0,45416.0,45416.0,45416.0,45416.0,45416.0,45416.0,45416.0,45416.0,46000.0,1,22018.67183371499,0,retained_all_samples,419233792,,,,,,,,792,12566,11774,233,exact_network_frame_serialized
MEASURED,protocol,coordinated_p2p_frame,ML-DSA-65,serialize_assignment_network_frame,transactions234_payload512,512,1,1,1.0,46084.0,46084.0,0.0,0.0,46084.0,46084.0,46084.0,46084.0,46084.0,46084.0,46084.0,46084.0,50000.0,1,21699.505251280272,0,retained_all_samples,503185408,,,,,,,,801,12582,11781,234,exact_network_frame_serialized
MEASURED,protocol,coordinated_p2p_frame,ML-DSA-65,serialize_assignment_network_frame,transactions235_payload512,512,1,1,1.0,48959.0,48959.0,0.0,0.0,48959.0,48959.0,48959.0,48959.0,48959.0,48959.0,48959.0,48959.0,52000.0,1,20425.253783778262,0,retained_all_samples,578977792,,,,,,,,800,12583,11783,235,exact_network_frame_serialized
MEASURED,protocol,coordinated_p2p_frame,ML-DSA-65,serialize_assignment_network_frame,transactions250_payload512,512,1,1,1.0,44042.0,44042.0,0.0,0.0,44042.0,44042.0,44042.0,44042.0,44042.0,44042.0,44042.0,44042.0,46000.0,1,22705.599200762907,0,retained_all_samples,595804160,,,,,,,,803,12583,11780,250,exact_network_frame_serialized
MEASURED,protocol,coordinated_p2p_frame,ML-DSA-65,serialize_assignment_network_frame,transactions500_payload512,512,1,1,1.0,47459.0,47459.0,0.0,0.0,47459.0,47459.0,47459.0,47459.0,47459.0,47459.0,47459.0,47459.0,48000.0,1,21070.819022735413,0,retained_all_samples,595804160,,,,,,,,788,12562,11774,500,exact_network_frame_serialized
MEASURED,protocol,coordinated_p2p_frame,ML-DSA-65,serialize_committed_network_frame,transactions1000_payload512,512,1,1,1.0,126131458.0,126131458.0,0.0,0.0,126131458.0,126131458.0,126131458.0,126131458.0,126131458.0,126131458.0,126131458.0,126131458.0,125667000.0,1,7.92823626917878,0,retained_all_samples,595804160,,,,,,,,4961026,35675507,30714481,1000,exact_network_frame_serialized
MEASURED,protocol,coordinated_p2p_frame,ML-DSA-65,serialize_committed_network_frame,transactions100_payload512,512,1,1,1.0,12349291.0,12349291.0,0.0,0.0,12349291.0,12349291.0,12349291.0,12349291.0,12349291.0,12349291.0,12349291.0,12349291.0,12316000.0,1,80.97630868039307,0,retained_all_samples,134430720,,,,,,,,501688,3616514,3114826,100,exact_network_frame_serialized
MEASURED,protocol,coordinated_p2p_frame,ML-DSA-65,serialize_committed_network_frame,transactions10_payload512,512,1,1,1.0,1473583.0,1473583.0,0.0,0.0,1473583.0,1473583.0,1473583.0,1473583.0,1473583.0,1473583.0,1473583.0,1473583.0,1467000.0,1,678.6180350886241,0,retained_all_samples,128253952,,,,,,,,56223,410111,353888,10,exact_network_frame_serialized
MEASURED,protocol,coordinated_p2p_frame,ML-DSA-65,serialize_committed_network_frame,transactions1_payload512,512,1,1,1.0,307167.0,307167.0,0.0,0.0,307167.0,307167.0,307167.0,307167.0,307167.0,307167.0,307167.0,307167.0,307000.0,1,3255.558051483395,0,retained_all_samples,127680512,,,,,,,,11616,89396,77780,1,exact_network_frame_serialized
MEASURED,protocol,coordinated_p2p_frame,ML-DSA-65,serialize_committed_network_frame,transactions200_payload512,512,1,1,1.0,25974291.0,25974291.0,0.0,0.0,25974291.0,25974291.0,25974291.0,25974291.0,25974291.0,25974291.0,25974291.0,25974291.0,25794000.0,1,38.49960716925825,0,retained_all_samples,191627264,,,,,,,,997021,7178082,6181061,200,exact_network_frame_serialized
MEASURED,protocol,coordinated_p2p_frame,ML-DSA-65,serialize_committed_network_frame,transactions225_payload512,512,1,1,1.0,28606541.0,28606541.0,0.0,0.0,28606541.0,28606541.0,28606541.0,28606541.0,28606541.0,28606541.0,28606541.0,28606541.0,28439000.0,1,34.95704006996162,0,retained_all_samples,273432576,,,,,,,,1120929,8068649,6947720,225,exact_network_frame_serialized
MEASURED,protocol,coordinated_p2p_frame,ML-DSA-65,serialize_committed_network_frame,transactions230_payload512,512,1,1,1.0,28938833.0,28938833.0,0.0,0.0,28938833.0,28938833.0,28938833.0,28938833.0,28938833.0,28938833.0,28938833.0,28938833.0,28851000.0,1,34.55564362253308,0,retained_all_samples,289898496,,,,,,,,1145714,8246938,7101224,230,exact_network_frame_serialized
MEASURED,protocol,coordinated_p2p_frame,ML-DSA-65,serialize_committed_network_frame,transactions231_payload512,512,1,1,1.0,29202792.0,29202792.0,0.0,0.0,29202792.0,29202792.0,29202792.0,29202792.0,29202792.0,29202792.0,29202792.0,29202792.0,29062000.0,1,34.2433011199751,0,retained_all_samples,289898496,,,,,,,,1150658,8282444,7131786,231,exact_network_frame_serialized
MEASURED,protocol,coordinated_p2p_frame,ML-DSA-65,serialize_committed_network_frame,transactions232_payload512,512,1,1,1.0,29468000.0,29468000.0,0.0,0.0,29468000.0,29468000.0,29468000.0,29468000.0,29468000.0,29468000.0,29468000.0,29468000.0,29358000.0,1,33.935116058096916,0,retained_all_samples,369033216,,,,,,,,1155643,8318109,7162466,232,exact_network_frame_serialized
MEASURED,protocol,coordinated_p2p_frame,ML-DSA-65,serialize_committed_network_frame,transactions233_payload512,512,1,1,1.0,29428750.0,29428750.0,0.0,0.0,29428750.0,29428750.0,29428750.0,29428750.0,29428750.0,29428750.0,29428750.0,29428750.0,29334000.0,1,33.98037633266789,0,retained_all_samples,452771840,,,,,,,,1160531,8353527,7192996,233,exact_network_frame_serialized
MEASURED,protocol,coordinated_p2p_frame,ML-DSA-65,serialize_committed_network_frame,transactions234_payload512,512,1,1,1.0,29335125.0,29335125.0,0.0,0.0,29335125.0,29335125.0,29335125.0,29335125.0,29335125.0,29335125.0,29335125.0,29335125.0,29276000.0,1,34.08882696085325,0,retained_all_samples,528433152,,,,,,,,1165566,8389267,7223701,234,exact_network_frame_serialized
MEASURED,protocol,coordinated_p2p_frame,ML-DSA-65,serialize_committed_network_frame,transactions235_payload512,512,1,1,1.0,30637791.0,30637791.0,0.0,0.0,30637791.0,30637791.0,30637791.0,30637791.0,30637791.0,30637791.0,30637791.0,30637791.0,30442000.0,1,32.639428867440216,0,retained_all_samples,595804160,,,,,,,,1170502,8424734,7254232,235,exact_network_frame_serialized
MEASURED,protocol,coordinated_p2p_frame,ML-DSA-65,serialize_committed_network_frame,transactions250_payload512,512,1,1,1.0,31973459.0,31973459.0,0.0,0.0,31973459.0,31973459.0,31973459.0,31973459.0,31973459.0,31973459.0,31973459.0,31973459.0,31885000.0,1,31.27594046049256,0,retained_all_samples,595804160,,,,,,,,1244868,8958856,7713988,250,exact_network_frame_serialized
MEASURED,protocol,coordinated_p2p_frame,ML-DSA-65,serialize_committed_network_frame,transactions500_payload512,512,1,1,1.0,64219042.0,64219042.0,0.0,0.0,64219042.0,64219042.0,64219042.0,64219042.0,64219042.0,64219042.0,64219042.0,64219042.0,64045000.0,1,15.571705351817611,0,retained_all_samples,595804160,,,,,,,,2483582,17863829,15380247,500,exact_network_frame_serialized
MEASURED,protocol,coordinated_p2p_frame,ML-DSA-65,serialize_proposal_network_frame,transactions1000_payload512,512,1,1,1.0,126693125.0,126693125.0,0.0,0.0,126693125.0,126693125.0,126693125.0,126693125.0,126693125.0,126693125.0,126693125.0,126693125.0,126318000.0,1,7.893088121395695,0,retained_all_samples,595804160,,,,,,,,4959668,35662397,30702729,1000,exact_network_frame_serialized
MEASURED,protocol,coordinated_p2p_frame,ML-DSA-65,serialize_proposal_network_frame,transactions100_payload512,512,1,1,1.0,12289875.0,12289875.0,0.0,0.0,12289875.0,12289875.0,12289875.0,12289875.0,12289875.0,12289875.0,12289875.0,12289875.0,12256000.0,1,81.36779259349667,0,retained_all_samples,134430720,,,,,,,,500302,3603376,3103074,100,exact_network_frame_serialized
MEASURED,protocol,coordinated_p2p_frame,ML-DSA-65,serialize_proposal_network_frame,transactions10_payload512,512,1,1,1.0,1487416.0,1487416.0,0.0,0.0,1487416.0,1487416.0,1487416.0,1487416.0,1487416.0,1487416.0,1487416.0,1487416.0,1464000.0,1,672.3068731276254,0,retained_all_samples,128253952,,,,,,,,54846,396937,342091,10,exact_network_frame_serialized
MEASURED,protocol,coordinated_p2p_frame,ML-DSA-65,serialize_proposal_network_frame,transactions1_payload512,512,1,1,1.0,271333.0,271333.0,0.0,0.0,271333.0,271333.0,271333.0,271333.0,271333.0,271333.0,271333.0,271333.0,272000.0,1,3685.508213155053,0,retained_all_samples,127680512,,,,,,,,10248,76195,65947,1,exact_network_frame_serialized
MEASURED,protocol,coordinated_p2p_frame,ML-DSA-65,serialize_proposal_network_frame,transactions200_payload512,512,1,1,1.0,25548583.0,25548583.0,0.0,0.0,25548583.0,25548583.0,25548583.0,25548583.0,25548583.0,25548583.0,25548583.0,25548583.0,25399000.0,1,39.141114010119466,0,retained_all_samples,177209344,,,,,,,,995652,7164900,6169248,200,exact_network_frame_serialized
MEASURED,protocol,coordinated_p2p_frame,ML-DSA-65,serialize_proposal_network_frame,transactions225_payload512,512,1,1,1.0,29022333.0,29022333.0,0.0,0.0,29022333.0,29022333.0,29022333.0,29022333.0,29022333.0,29022333.0,29022333.0,29022333.0,28828000.0,1,34.45622376395447,0,retained_all_samples,257245184,,,,,,,,1119549,8055388,6935839,225,exact_network_frame_serialized
MEASURED,protocol,coordinated_p2p_frame,ML-DSA-65,serialize_proposal_network_frame,transactions230_payload512,512,1,1,1.0,29298542.0,29298542.0,0.0,0.0,29298542.0,29298542.0,29298542.0,29298542.0,29298542.0,29298542.0,29298542.0,29298542.0,29145000.0,1,34.13139124806961,0,retained_all_samples,289898496,,,,,,,,1144331,8233706,7089375,230,exact_network_frame_serialized
MEASURED,protocol,coordinated_p2p_frame,ML-DSA-65,serialize_proposal_network_frame,transactions231_payload512,512,1,1,1.0,29464917.0,29464917.0,0.0,0.0,29464917.0,29464917.0,29464917.0,29464917.0,29464917.0,29464917.0,29464917.0,29464917.0,29284000.0,1,33.93866678803134,0,retained_all_samples,289898496,,,,,,,,1149283,8269213,7119930,231,exact_network_frame_serialized
MEASURED,protocol,coordinated_p2p_frame,ML-DSA-65,serialize_proposal_network_frame,transactions232_payload512,512,1,1,1.0,29614333.0,29614333.0,0.0,0.0,29614333.0,29614333.0,29614333.0,29614333.0,29614333.0,29614333.0,29614333.0,29614333.0,29423000.0,1,33.76743281707544,0,retained_all_samples,352354304,,,,,,,,1154263,8304980,7150717,232,exact_network_frame_serialized
MEASURED,protocol,coordinated_p2p_frame,ML-DSA-65,serialize_proposal_network_frame,transactions233_payload512,512,1,1,1.0,29852042.0,29852042.0,0.0,0.0,29852042.0,29852042.0,29852042.0,29852042.0,29852042.0,29852042.0,29852042.0,29852042.0,29666000.0,1,33.49854592861688,0,retained_all_samples,436027392,,,,,,,,1159177,8340364,7181187,233,exact_network_frame_serialized
MEASURED,protocol,coordinated_p2p_frame,ML-DSA-65,serialize_proposal_network_frame,transactions234_payload512,512,1,1,1.0,29730083.0,29730083.0,0.0,0.0,29730083.0,29730083.0,29730083.0,29730083.0,29730083.0,29730083.0,29730083.0,29730083.0,29658000.0,1,33.63596394937747,0,retained_all_samples,511623168,,,,,,,,1164187,8376091,7211904,234,exact_network_frame_serialized
MEASURED,protocol,coordinated_p2p_frame,ML-DSA-65,serialize_proposal_network_frame,transactions235_payload512,512,1,1,1.0,30550333.0,30550333.0,0.0,0.0,30550333.0,30550333.0,30550333.0,30550333.0,30550333.0,30550333.0,30550333.0,30550333.0,30093000.0,1,32.73286742897369,0,retained_all_samples,587530240,,,,,,,,1169136,8411615,7242479,235,exact_network_frame_serialized
MEASURED,protocol,coordinated_p2p_frame,ML-DSA-65,serialize_proposal_network_frame,transactions250_payload512,512,1,1,1.0,31885042.0,31885042.0,0.0,0.0,31885042.0,31885042.0,31885042.0,31885042.0,31885042.0,31885042.0,31885042.0,31885042.0,31825000.0,1,31.362668426154183,0,retained_all_samples,595804160,,,,,,,,1243482,8945697,7702215,250,exact_network_frame_serialized
MEASURED,protocol,coordinated_p2p_frame,ML-DSA-65,serialize_proposal_network_frame,transactions500_payload512,512,1,1,1.0,66436083.0,66436083.0,0.0,0.0,66436083.0,66436083.0,66436083.0,66436083.0,66436083.0,66436083.0,66436083.0,66436083.0,66345000.0,1,15.052061392601969,0,retained_all_samples,595804160,,,,,,,,2482215,17850699,15368484,500,exact_network_frame_serialized
MEASURED,protocol,coordinated_p2p_frame_guard,ML-DSA-65,validate_exact_frame_size,transactions1000_payload512,512,1,1,1.0,123022875.0,123022875.0,0.0,0.0,123022875.0,123022875.0,123022875.0,123022875.0,123022875.0,123022875.0,123022875.0,123022875.0,122288000.0,1,8.12856958512797,0,retained_all_samples,595804160,,,,,,,,,35675507,,1000,rejected_above_8mib_limit
MEASURED,protocol,coordinated_p2p_frame_guard,ML-DSA-65,validate_exact_frame_size,transactions100_payload512,512,1,1,1.0,12254167.0,12254167.0,0.0,0.0,12254167.0,12254167.0,12254167.0,12254167.0,12254167.0,12254167.0,12254167.0,12254167.0,12245000.0,1,81.60489407399132,0,retained_all_samples,135462912,,,,,,,,,3616514,,100,accepted_within_8mib_limit
MEASURED,protocol,coordinated_p2p_frame_guard,ML-DSA-65,validate_exact_frame_size,transactions10_payload512,512,1,1,1.0,1372375.0,1372375.0,0.0,0.0,1372375.0,1372375.0,1372375.0,1372375.0,1372375.0,1372375.0,1372375.0,1372375.0,1372000.0,1,728.6638127334002,0,retained_all_samples,128352256,,,,,,,,,410111,,10,accepted_within_8mib_limit
MEASURED,protocol,coordinated_p2p_frame_guard,ML-DSA-65,validate_exact_frame_size,transactions1_payload512,512,1,1,1.0,303958.0,303958.0,0.0,0.0,303958.0,303958.0,303958.0,303958.0,303958.0,303958.0,303958.0,303958.0,305000.0,1,3289.9282137663754,0,retained_all_samples,127696896,,,,,,,,,89396,,1,accepted_within_8mib_limit
MEASURED,protocol,coordinated_p2p_frame_guard,ML-DSA-65,validate_exact_frame_size,transactions200_payload512,512,1,1,1.0,24581208.0,24581208.0,0.0,0.0,24581208.0,24581208.0,24581208.0,24581208.0,24581208.0,24581208.0,24581208.0,24581208.0,24512000.0,1,40.68148318829571,0,retained_all_samples,207192064,,,,,,,,,7178082,,200,accepted_within_8mib_limit
MEASURED,protocol,coordinated_p2p_frame_guard,ML-DSA-65,validate_exact_frame_size,transactions225_payload512,512,1,1,1.0,27475458.0,27475458.0,0.0,0.0,27475458.0,27475458.0,27475458.0,27475458.0,27475458.0,27475458.0,27475458.0,27475458.0,27406000.0,1,36.39611758246214,0,retained_all_samples,289898496,,,,,,,,,8068649,,225,accepted_within_8mib_limit
MEASURED,protocol,coordinated_p2p_frame_guard,ML-DSA-65,validate_exact_frame_size,transactions230_payload512,512,1,1,1.0,28042750.0,28042750.0,0.0,0.0,28042750.0,28042750.0,28042750.0,28042750.0,28042750.0,28042750.0,28042750.0,28042750.0,27973000.0,1,35.659840778810924,0,retained_all_samples,289898496,,,,,,,,,8246938,,230,accepted_within_8mib_limit
MEASURED,protocol,coordinated_p2p_frame_guard,ML-DSA-65,validate_exact_frame_size,transactions231_payload512,512,1,1,1.0,28293708.0,28293708.0,0.0,0.0,28293708.0,28293708.0,28293708.0,28293708.0,28293708.0,28293708.0,28293708.0,28293708.0,28233000.0,1,35.34354705293488,0,retained_all_samples,302268416,,,,,,,,,8282444,,231,accepted_within_8mib_limit
MEASURED,protocol,coordinated_p2p_frame_guard,ML-DSA-65,validate_exact_frame_size,transactions232_payload512,512,1,1,1.0,28607709.0,28607709.0,0.0,0.0,28607709.0,28607709.0,28607709.0,28607709.0,28607709.0,28607709.0,28607709.0,28607709.0,28545000.0,1,34.9556128384835,0,retained_all_samples,385728512,,,,,,,,,8318109,,232,accepted_within_8mib_limit
MEASURED,protocol,coordinated_p2p_frame_guard,ML-DSA-65,validate_exact_frame_size,transactions233_payload512,512,1,1,1.0,28561541.0,28561541.0,0.0,0.0,28561541.0,28561541.0,28561541.0,28561541.0,28561541.0,28561541.0,28561541.0,28561541.0,28518000.0,1,35.01211646808553,0,retained_all_samples,469516288,,,,,,,,,8353527,,233,accepted_within_8mib_limit
MEASURED,protocol,coordinated_p2p_frame_guard,ML-DSA-65,validate_exact_frame_size,transactions234_payload512,512,1,1,1.0,29077292.0,29077292.0,0.0,0.0,29077292.0,29077292.0,29077292.0,29077292.0,29077292.0,29077292.0,29077292.0,29077292.0,28966000.0,1,34.39109804310525,0,retained_all_samples,545259520,,,,,,,,,8389267,,234,rejected_above_8mib_limit
MEASURED,protocol,coordinated_p2p_frame_guard,ML-DSA-65,validate_exact_frame_size,transactions235_payload512,512,1,1,1.0,29353500.0,29353500.0,0.0,0.0,29353500.0,29353500.0,29353500.0,29353500.0,29353500.0,29353500.0,29353500.0,29353500.0,29296000.0,1,34.06748769312007,0,retained_all_samples,595804160,,,,,,,,,8424734,,235,rejected_above_8mib_limit
MEASURED,protocol,coordinated_p2p_frame_guard,ML-DSA-65,validate_exact_frame_size,transactions250_payload512,512,1,1,1.0,30838292.0,30838292.0,0.0,0.0,30838292.0,30838292.0,30838292.0,30838292.0,30838292.0,30838292.0,30838292.0,30838292.0,30768000.0,1,32.4272174347399,0,retained_all_samples,595804160,,,,,,,,,8958856,,250,rejected_above_8mib_limit
MEASURED,protocol,coordinated_p2p_frame_guard,ML-DSA-65,validate_exact_frame_size,transactions500_payload512,512,1,1,1.0,62295042.0,62295042.0,0.0,0.0,62295042.0,62295042.0,62295042.0,62295042.0,62295042.0,62295042.0,62295042.0,62295042.0,61997000.0,1,16.052641877984446,0,retained_all_samples,595804160,,,,,,,,,17863829,,500,rejected_above_8mib_limit
MEASURED,protocol,coordinated_round_robin_v1,ML-DSA-65,assignment_hash_sign_serialize,producer_assignment,0,1,1,1.0,380875.0,380875.0,0.0,0.0,380875.0,380875.0,380875.0,380875.0,380875.0,380875.0,380875.0,380875.0,384000.0,1,2625.533311453889,0,retained_all_samples,49233920,,,3309,3309,3309,,,,12424,,,signed_shape_valid
MEASURED,protocol,coordinated_round_robin_v1,ML-DSA-65,commit_hash_sign_serialize,coordinator_commit,0,1,1,1.0,181375.0,181375.0,0.0,0.0,181375.0,181375.0,181375.0,181375.0,181375.0,181375.0,181375.0,181375.0,182000.0,1,5513.439007580979,0,retained_all_samples,49250304,,,3309,3309,3309,,,,13163,,,signed_shape_valid
MEASURED,protocol,coordinated_round_robin_v1,ML-DSA-65,verify_assignment_crypto,producer_assignment,0,1,1,1.0,150584.0,150584.0,0.0,0.0,150584.0,150584.0,150584.0,150584.0,150584.0,150584.0,150584.0,150584.0,154000.0,1,6640.811772831111,0,retained_all_samples,49233920,,,3309,3309,3309,,,,12424,,,accepted
MEASURED,protocol,coordinated_round_robin_v1,ML-DSA-65,verify_commit_crypto,coordinator_commit,0,1,1,1.0,146250.0,146250.0,0.0,0.0,146250.0,146250.0,146250.0,146250.0,146250.0,146250.0,146250.0,146250.0,149000.0,1,6837.606837606838,0,retained_all_samples,49250304,,,3309,3309,3309,,,,13163,,,accepted
MEASURED,protocol,coordinated_round_robin_v1_full_package,ML-DSA-65,build_sign_serialize_committed_package,empty_block_three_authentications,0,1,1,1.0,1240625.0,1240625.0,0.0,0.0,1240625.0,1240625.0,1240625.0,1240625.0,1240625.0,1240625.0,1240625.0,1240625.0,1204000.0,3,2418.1360201511334,0,retained_all_samples,49299456,,,3309,3309,3309,,,6566,53659,47093,,three_signatures_built_and_serialized
MEASURED,protocol,coordinated_round_robin_v1_full_package,ML-DSA-65,verify_committed_block_package,empty_block_three_authentications,0,1,1,1.0,743333.0,743333.0,0.0,0.0,743333.0,743333.0,743333.0,743333.0,743333.0,743333.0,743333.0,743333.0,754000.0,3,4035.8762492718606,0,retained_all_samples,49299456,,,3309,3309,3309,,,6566,53659,47093,,accepted
MEASURED,protocol,p2p_network_handshake_source_equivalent,FN-DSA-1024,initialize_and_verify_handshake_authentication,support,7391,1,1,1.0,120917.0,120917.0,0.0,0.0,120917.0,120917.0,120917.0,120917.0,120917.0,120917.0,120917.0,120917.0,125000.0,1,8270.13571292705,0,retained_all_samples,49119232,1793,,1270,1270,1270,,,7391,12046,,1,authentication_accepted
MEASURED,protocol,p2p_network_handshake_source_equivalent,FN-DSA-1024,sign_handshake_payload,support,7391,1,1,1.0,6211750.0,6211750.0,0.0,0.0,6211750.0,6211750.0,6211750.0,6211750.0,6211750.0,6211750.0,6211750.0,6211750.0,6180000.0,1,160.98522960518372,0,retained_all_samples,49119232,1793,,1270,1270,1270,,,7391,,,1,signed
MEASURED,protocol,p2p_network_handshake_source_equivalent,JSON,deserialize_signed_network_message,support,12042,1,1,1.0,42916.0,42916.0,0.0,0.0,42916.0,42916.0,42916.0,42916.0,42916.0,42916.0,42916.0,42916.0,43000.0,1,23301.332836238234,0,retained_all_samples,49119232,,,,,,,,,12042,,1,deserialized_handshake
MEASURED,protocol,p2p_network_handshake_source_equivalent,JSON,deserialize_signed_network_message,validator,19853,1,1,1.0,62208.0,62208.0,0.0,0.0,62208.0,62208.0,62208.0,62208.0,62208.0,62208.0,62208.0,62208.0,62000.0,1,16075.102880658436,0,retained_all_samples,48988160,,,,,,,,,19853,,1,deserialized_handshake
MEASURED,protocol,p2p_network_handshake_source_equivalent,JSON,serialize_signed_network_frame,support,7391,1,1,1.0,19875.0,19875.0,0.0,0.0,19875.0,19875.0,19875.0,19875.0,19875.0,19875.0,19875.0,19875.0,20000.0,1,50314.46540880503,0,retained_all_samples,49119232,1793,,1270,1270,1270,,,7391,12046,4655,1,serialized_with_four_byte_prefix
MEASURED,protocol,p2p_network_handshake_source_equivalent,JSON,serialize_signed_network_frame,validator,8069,1,1,1.0,30291.0,30291.0,0.0,0.0,30291.0,30291.0,30291.0,30291.0,30291.0,30291.0,30291.0,30291.0,30000.0,1,33013.10620316266,0,retained_all_samples,48988160,1952,,3309,3309,3309,,,8069,19857,11788,1,serialized_with_four_byte_prefix
MEASURED,protocol,p2p_network_handshake_source_equivalent,JSON,serialize_signing_payload,support,0,1,1,1.0,18709.0,18709.0,0.0,0.0,18709.0,18709.0,18709.0,18709.0,18709.0,18709.0,18709.0,18709.0,19000.0,1,53450.211128333955,0,retained_all_samples,49119232,1793,,,,,,,7391,7391,,1,serialized
MEASURED,protocol,p2p_network_handshake_source_equivalent,JSON,serialize_signing_payload,validator,0,1,1,1.0,16334.0,16334.0,0.0,0.0,16334.0,16334.0,16334.0,16334.0,16334.0,16334.0,16334.0,16334.0,18000.0,1,61221.99093914534,0,retained_all_samples,48971776,1952,,,,,,,8069,8069,,1,serialized
MEASURED,protocol,p2p_network_handshake_source_equivalent,ML-DSA-65,initialize_and_verify_handshake_authentication,validator,8069,1,1,1.0,156875.0,156875.0,0.0,0.0,156875.0,156875.0,156875.0,156875.0,156875.0,156875.0,156875.0,156875.0,161000.0,1,6374.501992031873,0,retained_all_samples,48988160,1952,,3309,3309,3309,,,8069,19857,,1,authentication_accepted
MEASURED,protocol,p2p_network_handshake_source_equivalent,ML-DSA-65,sign_handshake_payload,validator,8069,1,1,1.0,168041.0,168041.0,0.0,0.0,168041.0,168041.0,168041.0,168041.0,168041.0,168041.0,168041.0,168041.0,168000.0,1,5950.9286424146485,0,retained_all_samples,48988160,1952,,3309,3309,3309,,,8069,,,1,signed
MEASURED,protocol,p2p_peer_hello,FN-DSA-1024,sign_pre_serialized_handshake,support,1202,1,1,1.0,6016500.0,6016500.0,0.0,0.0,6016500.0,6016500.0,6016500.0,6016500.0,6016500.0,6016500.0,6016500.0,6016500.0,6019000.0,1,166.20959029335992,0,retained_all_samples,49102848,,,1268,1268,1268,,,,2470,,,signed
MEASURED,protocol,p2p_peer_hello,FN-DSA-1024,verify_handshake,support,1202,1,1,1.0,98667.0,98667.0,0.0,0.0,98667.0,98667.0,98667.0,98667.0,98667.0,98667.0,98667.0,98667.0,103000.0,1,10135.100894929408,0,retained_all_samples,49102848,,,1268,1268,1268,,,,2470,,,accepted
MEASURED,protocol,p2p_peer_hello,ML-DSA-65,sign_pre_serialized_handshake,validator,1210,1,1,1.0,630792.0,630792.0,0.0,0.0,630792.0,630792.0,630792.0,630792.0,630792.0,630792.0,630792.0,630792.0,622000.0,1,1585.3086278836763,0,retained_all_samples,48906240,,,3309,3309,3309,,,,4519,,,signed
MEASURED,protocol,p2p_peer_hello,ML-DSA-65,verify_handshake,validator,1210,1,1,1.0,172833.0,172833.0,0.0,0.0,172833.0,172833.0,172833.0,172833.0,172833.0,172833.0,172833.0,172833.0,178000.0,1,5785.932084729189,0,retained_all_samples,48906240,,,3309,3309,3309,,,,4519,,,accepted
MEASURED,protocol,public_rpc_transaction,ML-DSA-87,build_hash_sign_serialize,block4096,4096,1,1,1.0,896583.0,896583.0,0.0,0.0,896583.0,896583.0,896583.0,896583.0,896583.0,896583.0,896583.0,896583.0,897000.0,1,1115.3457069786066,0,retained_all_samples,7831552,2592,4896,4627,4627,4627,,,4414,30206,25792,1,signed_serialized_admission_valid
MEASURED,protocol,public_rpc_transaction,ML-DSA-87,build_hash_sign_serialize,digest32,32,1,1,1.0,2108541.0,2108541.0,0.0,0.0,2108541.0,2108541.0,2108541.0,2108541.0,2108541.0,2108541.0,2108541.0,2108541.0,2104000.0,1,474.261586566256,0,retained_all_samples,7077888,2592,4896,4627,4627,4627,,,350,26159,25809,1,signed_serialized_admission_valid
MEASURED,protocol,public_rpc_transaction,ML-DSA-87,build_hash_sign_serialize,kilobyte1024,1024,1,1,1.0,1071625.0,1071625.0,0.0,0.0,1071625.0,1071625.0,1071625.0,1071625.0,1071625.0,1071625.0,1071625.0,1071625.0,1033000.0,1,933.1622535868424,0,retained_all_samples,7815168,2592,4896,4627,4627,4627,,,1342,27025,25683,1,signed_serialized_admission_valid
MEASURED,protocol,public_rpc_transaction,ML-DSA-87,build_hash_sign_serialize,large16384,16384,1,1,1.0,934125.0,934125.0,0.0,0.0,934125.0,934125.0,934125.0,934125.0,934125.0,934125.0,934125.0,934125.0,917000.0,1,1070.520540612873,0,retained_all_samples,8028160,2592,4896,4627,4627,4627,,,16702,42488,25786,1,signed_serialized_admission_valid
MEASURED,protocol,public_rpc_transaction,ML-DSA-87,build_hash_sign_serialize,medium256,256,1,1,1.0,1139500.0,1139500.0,0.0,0.0,1139500.0,1139500.0,1139500.0,1139500.0,1139500.0,1139500.0,1139500.0,1139500.0,1140000.0,1,877.577885037297,0,retained_all_samples,7749632,2592,4896,4627,4627,4627,,,574,26306,25732,1,signed_serialized_admission_valid
MEASURED,protocol,public_rpc_transaction,ML-DSA-87,build_hash_sign_serialize,small128,128,1,1,1.0,728792.0,728792.0,0.0,0.0,728792.0,728792.0,728792.0,728792.0,728792.0,728792.0,728792.0,728792.0,730000.0,1,1372.133612882688,0,retained_all_samples,7684096,2592,4896,4627,4627,4627,,,446,26206,25760,1,signed_serialized_admission_valid
MEASURED,protocol,public_rpc_transaction,ML-DSA-87,build_hash_sign_serialize,small64,64,1,1,1.0,3338667.0,3338667.0,0.0,0.0,3338667.0,3338667.0,3338667.0,3338667.0,3338667.0,3338667.0,3338667.0,3338667.0,3284000.0,1,299.520736868936,0,retained_all_samples,7520256,2592,4896,4627,4627,4627,,,382,26163,25781,1,signed_serialized_admission_valid
MEASURED,protocol,public_rpc_transaction,ML-DSA-87,build_hash_sign_serialize,transaction512,512,1,1,1.0,2747250.0,2747250.0,0.0,0.0,2747250.0,2747250.0,2747250.0,2747250.0,2747250.0,2747250.0,2747250.0,2747250.0,2747000.0,1,364.000364000364,0,retained_all_samples,7798784,2592,4896,4627,4627,4627,,,830,26574,25744,1,signed_serialized_admission_valid
MEASURED,protocol,public_rpc_transaction,ML-DSA-87,build_hash_sign_serialize,vote192,192,1,1,1.0,818333.0,818333.0,0.0,0.0,818333.0,818333.0,818333.0,818333.0,818333.0,818333.0,818333.0,818333.0,819000.0,1,1221.996424438462,0,retained_all_samples,7716864,2592,4896,4627,4627,4627,,,510,26285,25775,1,signed_serialized_admission_valid
MEASURED,protocol,public_rpc_transaction,ML-DSA-87,validate_for_admission,block4096,4096,1,1,1.0,372208.0,372208.0,0.0,0.0,372208.0,372208.0,372208.0,372208.0,372208.0,372208.0,372208.0,372208.0,373000.0,1,2686.669819025921,0,retained_all_samples,7847936,2592,,4627,4627,4627,,,4414,30192,25778,1,accepted
MEASURED,protocol,public_rpc_transaction,ML-DSA-87,validate_for_admission,digest32,32,1,1,1.0,425250.0,425250.0,0.0,0.0,425250.0,425250.0,425250.0,425250.0,425250.0,425250.0,425250.0,425250.0,426000.0,1,2351.5579071134625,0,retained_all_samples,7405568,2592,,4627,4627,4627,,,350,26055,25705,1,accepted
MEASURED,protocol,public_rpc_transaction,ML-DSA-87,validate_for_admission,kilobyte1024,1024,1,1,1.0,370917.0,370917.0,0.0,0.0,370917.0,370917.0,370917.0,370917.0,370917.0,370917.0,370917.0,370917.0,371000.0,1,2696.0209426906827,0,retained_all_samples,7815168,2592,,4627,4627,4627,,,1342,27153,25811,1,accepted
MEASURED,protocol,public_rpc_transaction,ML-DSA-87,validate_for_admission,large16384,16384,1,1,1.0,389209.0,389209.0,0.0,0.0,389209.0,389209.0,389209.0,389209.0,389209.0,389209.0,389209.0,389209.0,390000.0,1,2569.3136592422065,0,retained_all_samples,8126464,2592,,4627,4627,4627,,,16702,42534,25832,1,accepted
MEASURED,protocol,public_rpc_transaction,ML-DSA-87,validate_for_admission,medium256,256,1,1,1.0,495958.0,495958.0,0.0,0.0,495958.0,495958.0,495958.0,495958.0,495958.0,495958.0,495958.0,495958.0,453000.0,1,2016.2997673190068,0,retained_all_samples,7782400,2592,,4627,4627,4627,,,574,26323,25749,1,accepted
MEASURED,protocol,public_rpc_transaction,ML-DSA-87,validate_for_admission,small128,128,1,1,1.0,415083.0,415083.0,0.0,0.0,415083.0,415083.0,415083.0,415083.0,415083.0,415083.0,415083.0,415083.0,416000.0,1,2409.156722872293,0,retained_all_samples,7716864,2592,,4627,4627,4627,,,446,26262,25816,1,accepted
MEASURED,protocol,public_rpc_transaction,ML-DSA-87,validate_for_admission,small64,64,1,1,1.0,419834.0,419834.0,0.0,0.0,419834.0,419834.0,419834.0,419834.0,419834.0,419834.0,419834.0,419834.0,420000.0,1,2381.8937961194188,0,retained_all_samples,7618560,2592,,4627,4627,4627,,,382,26086,25704,1,accepted
MEASURED,protocol,public_rpc_transaction,ML-DSA-87,validate_for_admission,transaction512,512,1,1,1.0,442833.0,442833.0,0.0,0.0,442833.0,442833.0,442833.0,442833.0,442833.0,442833.0,442833.0,442833.0,444000.0,1,2258.1876237769093,0,retained_all_samples,7815168,2592,,4627,4627,4627,,,830,26577,25747,1,accepted
MEASURED,protocol,public_rpc_transaction,ML-DSA-87,validate_for_admission,vote192,192,1,1,1.0,495875.0,495875.0,0.0,0.0,495875.0,495875.0,495875.0,495875.0,495875.0,495875.0,495875.0,495875.0,497000.0,1,2016.63725737333,0,retained_all_samples,7749632,2592,,4627,4627,4627,,,510,26288,25778,1,accepted
MEASURED,protocol,public_rpc_transaction_component,BLAKE3,raw_hash,block4096,4096,1,1,1.0,8250.0,8250.0,0.0,0.0,8250.0,8250.0,8250.0,8250.0,8250.0,8250.0,8250.0,8250.0,10000.0,1,121212.12121212122,0,retained_all_samples,7831552,,,,,,,,,64,,1,raw_hash_computed
MEASURED,protocol,public_rpc_transaction_component,BLAKE3,raw_hash,digest32,32,1,1,1.0,1125.0,1125.0,0.0,0.0,1125.0,1125.0,1125.0,1125.0,1125.0,1125.0,1125.0,1125.0,3000.0,1,888888.8888888889,0,retained_all_samples,7323648,,,,,,,,,64,,1,raw_hash_computed
MEASURED,protocol,public_rpc_transaction_component,BLAKE3,raw_hash,kilobyte1024,1024,1,1,1.0,2709.0,2709.0,0.0,0.0,2709.0,2709.0,2709.0,2709.0,2709.0,2709.0,2709.0,2709.0,3000.0,1,369139.90402362496,0,retained_all_samples,7815168,,,,,,,,,64,,1,raw_hash_computed
MEASURED,protocol,public_rpc_transaction_component,BLAKE3,raw_hash,large16384,16384,1,1,1.0,27583.0,27583.0,0.0,0.0,27583.0,27583.0,27583.0,27583.0,27583.0,27583.0,27583.0,27583.0,28000.0,1,36254.21455244172,0,retained_all_samples,8077312,,,,,,,,,64,,1,raw_hash_computed
MEASURED,protocol,public_rpc_transaction_component,BLAKE3,raw_hash,medium256,256,1,1,1.0,1500.0,1500.0,0.0,0.0,1500.0,1500.0,1500.0,1500.0,1500.0,1500.0,1500.0,1500.0,4000.0,1,666666.6666666666,0,retained_all_samples,7766016,,,,,,,,,64,,1,raw_hash_computed
MEASURED,protocol,public_rpc_transaction_component,BLAKE3,raw_hash,small128,128,1,1,1.0,1375.0,1375.0,0.0,0.0,1375.0,1375.0,1375.0,1375.0,1375.0,1375.0,1375.0,1375.0,3000.0,1,727272.7272727273,0,retained_all_samples,7700480,,,,,,,,,64,,1,raw_hash_computed
MEASURED,protocol,public_rpc_transaction_component,BLAKE3,raw_hash,small64,64,1,1,1.0,667.0,667.0,0.0,0.0,667.0,667.0,667.0,667.0,667.0,667.0,667.0,667.0,2000.0,1,1499250.3748125937,0,retained_all_samples,7602176,,,,,,,,,64,,1,raw_hash_computed
MEASURED,protocol,public_rpc_transaction_component,BLAKE3,raw_hash,transaction512,512,1,1,1.0,1833.0,1833.0,0.0,0.0,1833.0,1833.0,1833.0,1833.0,1833.0,1833.0,1833.0,1833.0,3000.0,1,545553.7370430988,0,retained_all_samples,7798784,,,,,,,,,64,,1,raw_hash_computed
MEASURED,protocol,public_rpc_transaction_component,BLAKE3,raw_hash,vote192,192,1,1,1.0,3917.0,3917.0,0.0,0.0,3917.0,3917.0,3917.0,3917.0,3917.0,3917.0,3917.0,3917.0,6000.0,1,255297.4214960429,0,retained_all_samples,7749632,,,,,,,,,64,,1,raw_hash_computed
MEASURED,protocol,public_rpc_transaction_component,JSON,deserialize_signed_json,block4096,4096,1,1,1.0,150250.0,150250.0,0.0,0.0,150250.0,150250.0,150250.0,150250.0,150250.0,150250.0,150250.0,150250.0,151000.0,1,6655.574043261231,0,retained_all_samples,7831552,,,,,,,,,30192,,1,deserialized_equal_auth_and_hash
MEASURED,protocol,public_rpc_transaction_component,JSON,deserialize_signed_json,digest32,32,1,1,1.0,148333.0,148333.0,0.0,0.0,148333.0,148333.0,148333.0,148333.0,148333.0,148333.0,148333.0,148333.0,149000.0,1,6741.588183344233,0,retained_all_samples,7340032,,,,,,,,,26055,,1,deserialized_equal_auth_and_hash
MEASURED,protocol,public_rpc_transaction_component,JSON,deserialize_signed_json,kilobyte1024,1024,1,1,1.0,130541.0,130541.0,0.0,0.0,130541.0,130541.0,130541.0,130541.0,130541.0,130541.0,130541.0,130541.0,131000.0,1,7660.428524371653,0,retained_all_samples,7815168,,,,,,,,,27153,,1,deserialized_equal_auth_and_hash
MEASURED,protocol,public_rpc_transaction_component,JSON,deserialize_signed_json,large16384,16384,1,1,1.0,172166.0,172166.0,0.0,0.0,172166.0,172166.0,172166.0,172166.0,172166.0,172166.0,172166.0,172166.0,173000.0,1,5808.347757396931,0,retained_all_samples,8077312,,,,,,,,,42534,,1,deserialized_equal_auth_and_hash
MEASURED,protocol,public_rpc_transaction_component,JSON,deserialize_signed_json,medium256,256,1,1,1.0,145333.0,145333.0,0.0,0.0,145333.0,145333.0,145333.0,145333.0,145333.0,145333.0,145333.0,145333.0,145000.0,1,6880.749726490199,0,retained_all_samples,7766016,,,,,,,,,26323,,1,deserialized_equal_auth_and_hash
MEASURED,protocol,public_rpc_transaction_component,JSON,deserialize_signed_json,small128,128,1,1,1.0,141875.0,141875.0,0.0,0.0,141875.0,141875.0,141875.0,141875.0,141875.0,141875.0,141875.0,141875.0,142000.0,1,7048.458149779735,0,retained_all_samples,7700480,,,,,,,,,26262,,1,deserialized_equal_auth_and_hash
MEASURED,protocol,public_rpc_transaction_component,JSON,deserialize_signed_json,small64,64,1,1,1.0,88792.0,88792.0,0.0,0.0,88792.0,88792.0,88792.0,88792.0,88792.0,88792.0,88792.0,88792.0,89000.0,1,11262.275880709974,0,retained_all_samples,7602176,,,,,,,,,26086,,1,deserialized_equal_auth_and_hash
MEASURED,protocol,public_rpc_transaction_component,JSON,deserialize_signed_json,transaction512,512,1,1,1.0,164209.0,164209.0,0.0,0.0,164209.0,164209.0,164209.0,164209.0,164209.0,164209.0,164209.0,164209.0,162000.0,1,6089.800193655647,0,retained_all_samples,7798784,,,,,,,,,26577,,1,deserialized_equal_auth_and_hash
MEASURED,protocol,public_rpc_transaction_component,JSON,deserialize_signed_json,vote192,192,1,1,1.0,164708.0,164708.0,0.0,0.0,164708.0,164708.0,164708.0,164708.0,164708.0,164708.0,164708.0,164708.0,165000.0,1,6071.350511207713,0,retained_all_samples,7749632,,,,,,,,,26288,,1,deserialized_equal_auth_and_hash
MEASURED,protocol,public_rpc_transaction_component,JSON,serialize_signed_json,block4096,4096,1,1,1.0,68541.0,68541.0,0.0,0.0,68541.0,68541.0,68541.0,68541.0,68541.0,68541.0,68541.0,68541.0,70000.0,1,14589.807560438278,0,retained_all_samples,7831552,,,,,,,,,30192,,1,serialized
MEASURED,protocol,public_rpc_transaction_component,JSON,serialize_signed_json,digest32,32,1,1,1.0,75333.0,75333.0,0.0,0.0,75333.0,75333.0,75333.0,75333.0,75333.0,75333.0,75333.0,75333.0,77000.0,1,13274.395019446989,0,retained_all_samples,7323648,,,,,,,,,26055,,1,serialized
MEASURED,protocol,public_rpc_transaction_component,JSON,serialize_signed_json,kilobyte1024,1024,1,1,1.0,63750.0,63750.0,0.0,0.0,63750.0,63750.0,63750.0,63750.0,63750.0,63750.0,63750.0,63750.0,64000.0,1,15686.274509803921,0,retained_all_samples,7815168,,,,,,,,,27153,,1,serialized
MEASURED,protocol,public_rpc_transaction_component,JSON,serialize_signed_json,large16384,16384,1,1,1.0,68792.0,68792.0,0.0,0.0,68792.0,68792.0,68792.0,68792.0,68792.0,68792.0,68792.0,68792.0,70000.0,1,14536.574020234912,0,retained_all_samples,8077312,,,,,,,,,42534,,1,serialized
MEASURED,protocol,public_rpc_transaction_component,JSON,serialize_signed_json,medium256,256,1,1,1.0,81083.0,81083.0,0.0,0.0,81083.0,81083.0,81083.0,81083.0,81083.0,81083.0,81083.0,81083.0,83000.0,1,12333.041451352317,0,retained_all_samples,7766016,,,,,,,,,26323,,1,serialized
MEASURED,protocol,public_rpc_transaction_component,JSON,serialize_signed_json,small128,128,1,1,1.0,70500.0,70500.0,0.0,0.0,70500.0,70500.0,70500.0,70500.0,70500.0,70500.0,70500.0,70500.0,71000.0,1,14184.397163120568,0,retained_all_samples,7700480,,,,,,,,,26262,,1,serialized
MEASURED,protocol,public_rpc_transaction_component,JSON,serialize_signed_json,small64,64,1,1,1.0,45666.0,45666.0,0.0,0.0,45666.0,45666.0,45666.0,45666.0,45666.0,45666.0,45666.0,45666.0,46000.0,1,21898.129899706564,0,retained_all_samples,7602176,,,,,,,,,26086,,1,serialized
MEASURED,protocol,public_rpc_transaction_component,JSON,serialize_signed_json,transaction512,512,1,1,1.0,89625.0,89625.0,0.0,0.0,89625.0,89625.0,89625.0,89625.0,89625.0,89625.0,89625.0,89625.0,86000.0,1,11157.601115760111,0,retained_all_samples,7798784,,,,,,,,,26577,,1,serialized
MEASURED,protocol,public_rpc_transaction_component,JSON,serialize_signed_json,vote192,192,1,1,1.0,88500.0,88500.0,0.0,0.0,88500.0,88500.0,88500.0,88500.0,88500.0,88500.0,88500.0,88500.0,90000.0,1,11299.435028248588,0,retained_all_samples,7749632,,,,,,,,,26288,,1,serialized
MEASURED,protocol,public_rpc_transaction_component,ML-DSA-87,verify_embedded_signature,block4096,4096,1,1,1.0,257833.0,257833.0,0.0,0.0,257833.0,257833.0,257833.0,257833.0,257833.0,257833.0,257833.0,257833.0,258000.0,1,3878.4794809043065,0,retained_all_samples,7831552,2592,,4627,4627,4627,,,,30192,,1,accepted
MEASURED,protocol,public_rpc_transaction_component,ML-DSA-87,verify_embedded_signature,digest32,32,1,1,1.0,393667.0,393667.0,0.0,0.0,393667.0,393667.0,393667.0,393667.0,393667.0,393667.0,393667.0,393667.0,395000.0,1,2540.2180015088893,0,retained_all_samples,7340032,2592,,4627,4627,4627,,,,26055,,1,accepted
MEASURED,protocol,public_rpc_transaction_component,ML-DSA-87,verify_embedded_signature,kilobyte1024,1024,1,1,1.0,249209.0,249209.0,0.0,0.0,249209.0,249209.0,249209.0,249209.0,249209.0,249209.0,249209.0,249209.0,250000.0,1,4012.6961706840443,0,retained_all_samples,7815168,2592,,4627,4627,4627,,,,27153,,1,accepted
MEASURED,protocol,public_rpc_transaction_component,ML-DSA-87,verify_embedded_signature,large16384,16384,1,1,1.0,255959.0,255959.0,0.0,0.0,255959.0,255959.0,255959.0,255959.0,255959.0,255959.0,255959.0,255959.0,257000.0,1,3906.8757105630198,0,retained_all_samples,8077312,2592,,4627,4627,4627,,,,42534,,1,accepted
MEASURED,protocol,public_rpc_transaction_component,ML-DSA-87,verify_embedded_signature,medium256,256,1,1,1.0,278416.0,278416.0,0.0,0.0,278416.0,278416.0,278416.0,278416.0,278416.0,278416.0,278416.0,278416.0,278000.0,1,3591.747600712603,0,retained_all_samples,7766016,2592,,4627,4627,4627,,,,26323,,1,accepted
MEASURED,protocol,public_rpc_transaction_component,ML-DSA-87,verify_embedded_signature,small128,128,1,1,1.0,278042.0,278042.0,0.0,0.0,278042.0,278042.0,278042.0,278042.0,278042.0,278042.0,278042.0,278042.0,279000.0,1,3596.578934117867,0,retained_all_samples,7700480,2592,,4627,4627,4627,,,,26262,,1,accepted
MEASURED,protocol,public_rpc_transaction_component,ML-DSA-87,verify_embedded_signature,small64,64,1,1,1.0,244125.0,244125.0,0.0,0.0,244125.0,244125.0,244125.0,244125.0,244125.0,244125.0,244125.0,244125.0,244000.0,1,4096.262160778289,0,retained_all_samples,7602176,2592,,4627,4627,4627,,,,26086,,1,accepted
MEASURED,protocol,public_rpc_transaction_component,ML-DSA-87,verify_embedded_signature,transaction512,512,1,1,1.0,292416.0,292416.0,0.0,0.0,292416.0,292416.0,292416.0,292416.0,292416.0,292416.0,292416.0,292416.0,293000.0,1,3419.7855110527466,0,retained_all_samples,7798784,2592,,4627,4627,4627,,,,26577,,1,accepted
MEASURED,protocol,public_rpc_transaction_component,ML-DSA-87,verify_embedded_signature,vote192,192,1,1,1.0,323750.0,323750.0,0.0,0.0,323750.0,323750.0,323750.0,323750.0,323750.0,323750.0,323750.0,323750.0,325000.0,1,3088.803088803089,0,retained_all_samples,7749632,2592,,4627,4627,4627,,,,26288,,1,accepted
