run_id,environment_id,source_commit,classification,sample_recorded_unix_ns,suite,layer,algorithm,operation,payload_profile,message_bytes,iteration,warmup_iterations,wall_ns,cpu_ns,max_rss_bytes,valid,result,work_units,item_count,public_key_bytes,private_key_bytes,signature_bytes,ciphertext_bytes,shared_secret_bytes,unsigned_serialized_bytes,serialized_bytes,authentication_bytes,notes
local-1786752806231006000,macmini-m2-macos26.5.2-rust1.97.1-aarch64-20260814-workers1,9d3ab807a08ef4cf1077dbc23213e2314ce37c87,MEASURED,1786752806233928000,load,aegis_bounded_verification_pool,ML-DSA-65,concurrent_verify_burst,workers1_concurrency1,512,0,0,678417,717000,7258112,true,accepted=1;saturated=0;unexpected=0,1,1,0,0,3309,0,0,0,0,0,"controlled local burst; wall time includes scoped-thread creation, Aegis policy/transcript processing, bounded-pool admission, primitive verification, and joins; work_units counts accepted verifications only"
local-1786752806231006000,macmini-m2-macos26.5.2-rust1.97.1-aarch64-20260814-workers1,9d3ab807a08ef4cf1077dbc23213e2314ce37c87,MEASURED,1786752806236717000,load,aegis_bounded_verification_pool,ML-DSA-65,concurrent_verify_burst,workers1_concurrency1,512,1,0,351916,361000,7356416,true,accepted=1;saturated=0;unexpected=0,1,1,0,0,3309,0,0,0,0,0,"controlled local burst; wall time includes scoped-thread creation, Aegis policy/transcript processing, bounded-pool admission, primitive verification, and joins; work_units counts accepted verifications only"
local-1786752806231006000,macmini-m2-macos26.5.2-rust1.97.1-aarch64-20260814-workers1,9d3ab807a08ef4cf1077dbc23213e2314ce37c87,MEASURED,1786752806237684000,load,aegis_bounded_verification_pool,ML-DSA-65,concurrent_verify_burst,workers1_concurrency1,512,2,0,240416,247000,7356416,true,accepted=1;saturated=0;unexpected=0,1,1,0,0,3309,0,0,0,0,0,"controlled local burst; wall time includes scoped-thread creation, Aegis policy/transcript processing, bounded-pool admission, primitive verification, and joins; work_units counts accepted verifications only"
local-1786752806231006000,macmini-m2-macos26.5.2-rust1.97.1-aarch64-20260814-workers1,9d3ab807a08ef4cf1077dbc23213e2314ce37c87,MEASURED,1786752806238613000,load,aegis_bounded_verification_pool,ML-DSA-65,concurrent_verify_burst,workers1_concurrency1,512,3,0,319041,328000,7372800,true,accepted=1;saturated=0;unexpected=0,1,1,0,0,3309,0,0,0,0,0,"controlled local burst; wall time includes scoped-thread creation, Aegis policy/transcript processing, bounded-pool admission, primitive verification, and joins; work_units counts accepted verifications only"
local-1786752806231006000,macmini-m2-macos26.5.2-rust1.97.1-aarch64-20260814-workers1,9d3ab807a08ef4cf1077dbc23213e2314ce37c87,MEASURED,1786752806239868000,load,aegis_bounded_verification_pool,ML-DSA-65,concurrent_verify_burst,workers1_concurrency1,512,4,0,256750,255000,7389184,true,accepted=1;saturated=0;unexpected=0,1,1,0,0,3309,0,0,0,0,0,"controlled local burst; wall time includes scoped-thread creation, Aegis policy/transcript processing, bounded-pool admission, primitive verification, and joins; work_units counts accepted verifications only"
local-1786752806231006000,macmini-m2-macos26.5.2-rust1.97.1-aarch64-20260814-workers1,9d3ab807a08ef4cf1077dbc23213e2314ce37c87,MEASURED,1786752806240719000,load,aegis_bounded_verification_pool,ML-DSA-65,concurrent_verify_burst,workers1_concurrency1,512,5,0,247708,251000,7389184,true,accepted=1;saturated=0;unexpected=0,1,1,0,0,3309,0,0,0,0,0,"controlled local burst; wall time includes scoped-thread creation, Aegis policy/transcript processing, bounded-pool admission, primitive verification, and joins; work_units counts accepted verifications only"
local-1786752806231006000,macmini-m2-macos26.5.2-rust1.97.1-aarch64-20260814-workers1,9d3ab807a08ef4cf1077dbc23213e2314ce37c87,MEASURED,1786752806241277000,load,aegis_bounded_verification_pool,ML-DSA-65,concurrent_verify_burst,workers1_concurrency1,512,6,0,223791,228000,7421952,true,accepted=1;saturated=0;unexpected=0,1,1,0,0,3309,0,0,0,0,0,"controlled local burst; wall time includes scoped-thread creation, Aegis policy/transcript processing, bounded-pool admission, primitive verification, and joins; work_units counts accepted verifications only"
local-1786752806231006000,macmini-m2-macos26.5.2-rust1.97.1-aarch64-20260814-workers1,9d3ab807a08ef4cf1077dbc23213e2314ce37c87,MEASURED,1786752806241758000,load,aegis_bounded_verification_pool,ML-DSA-65,concurrent_verify_burst,workers1_concurrency1,512,7,0,228166,234000,7454720,true,accepted=1;saturated=0;unexpected=0,1,1,0,0,3309,0,0,0,0,0,"controlled local burst; wall time includes scoped-thread creation, Aegis policy/transcript processing, bounded-pool admission, primitive verification, and joins; work_units counts accepted verifications only"
local-1786752806231006000,macmini-m2-macos26.5.2-rust1.97.1-aarch64-20260814-workers1,9d3ab807a08ef4cf1077dbc23213e2314ce37c87,MEASURED,1786752806242504000,load,aegis_bounded_verification_pool,ML-DSA-65,concurrent_verify_burst,workers1_concurrency1,512,8,0,237667,246000,7503872,true,accepted=1;saturated=0;unexpected=0,1,1,0,0,3309,0,0,0,0,0,"controlled local burst; wall time includes scoped-thread creation, Aegis policy/transcript processing, bounded-pool admission, primitive verification, and joins; work_units counts accepted verifications only"
local-1786752806231006000,macmini-m2-macos26.5.2-rust1.97.1-aarch64-20260814-workers1,9d3ab807a08ef4cf1077dbc23213e2314ce37c87,MEASURED,1786752806243348000,load,aegis_bounded_verification_pool,ML-DSA-65,concurrent_verify_burst,workers1_concurrency1,512,9,0,250417,269000,7520256,true,accepted=1;saturated=0;unexpected=0,1,1,0,0,3309,0,0,0,0,0,"controlled local burst; wall time includes scoped-thread creation, Aegis policy/transcript processing, bounded-pool admission, primitive verification, and joins; work_units counts accepted verifications only"
local-1786752806231006000,macmini-m2-macos26.5.2-rust1.97.1-aarch64-20260814-workers1,9d3ab807a08ef4cf1077dbc23213e2314ce37c87,MEASURED,1786752806244027000,load,aegis_bounded_verification_pool,ML-DSA-65,concurrent_verify_burst,workers1_concurrency1,512,10,0,246625,252000,7585792,true,accepted=1;saturated=0;unexpected=0,1,1,0,0,3309,0,0,0,0,0,"controlled local burst; wall time includes scoped-thread creation, Aegis policy/transcript processing, bounded-pool admission, primitive verification, and joins; work_units counts accepted verifications only"
local-1786752806231006000,macmini-m2-macos26.5.2-rust1.97.1-aarch64-20260814-workers1,9d3ab807a08ef4cf1077dbc23213e2314ce37c87,MEASURED,1786752806244803000,load,aegis_bounded_verification_pool,ML-DSA-65,concurrent_verify_burst,workers1_concurrency1,512,11,0,234375,240000,7602176,true,accepted=1;saturated=0;unexpected=0,1,1,0,0,3309,0,0,0,0,0,"controlled local burst; wall time includes scoped-thread creation, Aegis policy/transcript processing, bounded-pool admission, primitive verification, and joins; work_units counts accepted verifications only"
local-1786752806231006000,macmini-m2-macos26.5.2-rust1.97.1-aarch64-20260814-workers1,9d3ab807a08ef4cf1077dbc23213e2314ce37c87,MEASURED,1786752806245531000,load,aegis_bounded_verification_pool,ML-DSA-65,concurrent_verify_burst,workers1_concurrency1,512,12,0,240583,246000,7602176,true,accepted=1;saturated=0;unexpected=0,1,1,0,0,3309,0,0,0,0,0,"controlled local burst; wall time includes scoped-thread creation, Aegis policy/transcript processing, bounded-pool admission, primitive verification, and joins; work_units counts accepted verifications only"
local-1786752806231006000,macmini-m2-macos26.5.2-rust1.97.1-aarch64-20260814-workers1,9d3ab807a08ef4cf1077dbc23213e2314ce37c87,MEASURED,1786752806247132000,load,aegis_bounded_verification_pool,ML-DSA-65,concurrent_verify_burst,workers1_concurrency1,512,13,0,219959,225000,7634944,true,accepted=1;saturated=0;unexpected=0,1,1,0,0,3309,0,0,0,0,0,"controlled local burst; wall time includes scoped-thread creation, Aegis policy/transcript processing, bounded-pool admission, primitive verification, and joins; work_units counts accepted verifications only"
local-1786752806231006000,macmini-m2-macos26.5.2-rust1.97.1-aarch64-20260814-workers1,9d3ab807a08ef4cf1077dbc23213e2314ce37c87,MEASURED,1786752806247681000,load,aegis_bounded_verification_pool,ML-DSA-65,concurrent_verify_burst,workers1_concurrency1,512,14,0,219875,227000,7634944,true,accepted=1;saturated=0;unexpected=0,1,1,0,0,3309,0,0,0,0,0,"controlled local burst; wall time includes scoped-thread creation, Aegis policy/transcript processing, bounded-pool admission, primitive verification, and joins; work_units counts accepted verifications only"
local-1786752806231006000,macmini-m2-macos26.5.2-rust1.97.1-aarch64-20260814-workers1,9d3ab807a08ef4cf1077dbc23213e2314ce37c87,MEASURED,1786752806248432000,load,aegis_bounded_verification_pool,ML-DSA-65,concurrent_verify_burst,workers1_concurrency1,512,15,0,250208,257000,7651328,true,accepted=1;saturated=0;unexpected=0,1,1,0,0,3309,0,0,0,0,0,"controlled local burst; wall time includes scoped-thread creation, Aegis policy/transcript processing, bounded-pool admission, primitive verification, and joins; work_units counts accepted verifications only"
local-1786752806231006000,macmini-m2-macos26.5.2-rust1.97.1-aarch64-20260814-workers1,9d3ab807a08ef4cf1077dbc23213e2314ce37c87,MEASURED,1786752806250074000,load,aegis_bounded_verification_pool,ML-DSA-65,concurrent_verify_burst,workers1_concurrency1,512,16,0,226125,234000,7684096,true,accepted=1;saturated=0;unexpected=0,1,1,0,0,3309,0,0,0,0,0,"controlled local burst; wall time includes scoped-thread creation, Aegis policy/transcript processing, bounded-pool admission, primitive verification, and joins; work_units counts accepted verifications only"
local-1786752806231006000,macmini-m2-macos26.5.2-rust1.97.1-aarch64-20260814-workers1,9d3ab807a08ef4cf1077dbc23213e2314ce37c87,MEASURED,1786752806251176000,load,aegis_bounded_verification_pool,ML-DSA-65,concurrent_verify_burst,workers1_concurrency1,512,17,0,223250,233000,7684096,true,accepted=1;saturated=0;unexpected=0,1,1,0,0,3309,0,0,0,0,0,"controlled local burst; wall time includes scoped-thread creation, Aegis policy/transcript processing, bounded-pool admission, primitive verification, and joins; work_units counts accepted verifications only"
local-1786752806231006000,macmini-m2-macos26.5.2-rust1.97.1-aarch64-20260814-workers1,9d3ab807a08ef4cf1077dbc23213e2314ce37c87,MEASURED,1786752806252447000,load,aegis_bounded_verification_pool,ML-DSA-65,concurrent_verify_burst,workers1_concurrency1,512,18,0,226583,232000,7700480,true,accepted=1;saturated=0;unexpected=0,1,1,0,0,3309,0,0,0,0,0,"controlled local burst; wall time includes scoped-thread creation, Aegis policy/transcript processing, bounded-pool admission, primitive verification, and joins; work_units counts accepted verifications only"
local-1786752806231006000,macmini-m2-macos26.5.2-rust1.97.1-aarch64-20260814-workers1,9d3ab807a08ef4cf1077dbc23213e2314ce37c87,MEASURED,1786752806254723000,load,aegis_bounded_verification_pool,ML-DSA-65,concurrent_verify_burst,workers1_concurrency1,512,19,0,234959,241000,7700480,true,accepted=1;saturated=0;unexpected=0,1,1,0,0,3309,0,0,0,0,0,"controlled local burst; wall time includes scoped-thread creation, Aegis policy/transcript processing, bounded-pool admission, primitive verification, and joins; work_units counts accepted verifications only"
local-1786752806231006000,macmini-m2-macos26.5.2-rust1.97.1-aarch64-20260814-workers1,9d3ab807a08ef4cf1077dbc23213e2314ce37c87,MEASURED,1786752806255192000,load,aegis_bounded_verification_pool,ML-DSA-65,concurrent_verify_burst,workers1_concurrency1,512,20,0,219667,224000,7700480,true,accepted=1;saturated=0;unexpected=0,1,1,0,0,3309,0,0,0,0,0,"controlled local burst; wall time includes scoped-thread creation, Aegis policy/transcript processing, bounded-pool admission, primitive verification, and joins; work_units counts accepted verifications only"
local-1786752806231006000,macmini-m2-macos26.5.2-rust1.97.1-aarch64-20260814-workers1,9d3ab807a08ef4cf1077dbc23213e2314ce37c87,MEASURED,1786752806255678000,load,aegis_bounded_verification_pool,ML-DSA-65,concurrent_verify_burst,workers1_concurrency1,512,21,0,224375,236000,7700480,true,accepted=1;saturated=0;unexpected=0,1,1,0,0,3309,0,0,0,0,0,"controlled local burst; wall time includes scoped-thread creation, Aegis policy/transcript processing, bounded-pool admission, primitive verification, and joins; work_units counts accepted verifications only"
local-1786752806231006000,macmini-m2-macos26.5.2-rust1.97.1-aarch64-20260814-workers1,9d3ab807a08ef4cf1077dbc23213e2314ce37c87,MEASURED,1786752806256831000,load,aegis_bounded_verification_pool,ML-DSA-65,concurrent_verify_burst,workers1_concurrency1,512,22,0,273375,265000,7716864,true,accepted=1;saturated=0;unexpected=0,1,1,0,0,3309,0,0,0,0,0,"controlled local burst; wall time includes scoped-thread creation, Aegis policy/transcript processing, bounded-pool admission, primitive verification, and joins; work_units counts accepted verifications only"
local-1786752806231006000,macmini-m2-macos26.5.2-rust1.97.1-aarch64-20260814-workers1,9d3ab807a08ef4cf1077dbc23213e2314ce37c87,MEASURED,1786752806258433000,load,aegis_bounded_verification_pool,ML-DSA-65,concurrent_verify_burst,workers1_concurrency1,512,23,0,207958,218000,7733248,true,accepted=1;saturated=0;unexpected=0,1,1,0,0,3309,0,0,0,0,0,"controlled local burst; wall time includes scoped-thread creation, Aegis policy/transcript processing, bounded-pool admission, primitive verification, and joins; work_units counts accepted verifications only"
local-1786752806231006000,macmini-m2-macos26.5.2-rust1.97.1-aarch64-20260814-workers1,9d3ab807a08ef4cf1077dbc23213e2314ce37c87,MEASURED,1786752806260144000,load,aegis_bounded_verification_pool,ML-DSA-65,concurrent_verify_burst,workers1_concurrency1,512,24,0,195667,199000,7733248,true,accepted=1;saturated=0;unexpected=0,1,1,0,0,3309,0,0,0,0,0,"controlled local burst; wall time includes scoped-thread creation, Aegis policy/transcript processing, bounded-pool admission, primitive verification, and joins; work_units counts accepted verifications only"
local-1786752806231006000,macmini-m2-macos26.5.2-rust1.97.1-aarch64-20260814-workers1,9d3ab807a08ef4cf1077dbc23213e2314ce37c87,MEASURED,1786752806260560000,load,aegis_bounded_verification_pool,ML-DSA-65,concurrent_verify_burst,workers1_concurrency1,512,25,0,194042,198000,7733248,true,accepted=1;saturated=0;unexpected=0,1,1,0,0,3309,0,0,0,0,0,"controlled local burst; wall time includes scoped-thread creation, Aegis policy/transcript processing, bounded-pool admission, primitive verification, and joins; work_units counts accepted verifications only"
local-1786752806231006000,macmini-m2-macos26.5.2-rust1.97.1-aarch64-20260814-workers1,9d3ab807a08ef4cf1077dbc23213e2314ce37c87,MEASURED,1786752806261847000,load,aegis_bounded_verification_pool,ML-DSA-65,concurrent_verify_burst,workers1_concurrency1,512,26,0,206667,213000,7749632,true,accepted=1;saturated=0;unexpected=0,1,1,0,0,3309,0,0,0,0,0,"controlled local burst; wall time includes scoped-thread creation, Aegis policy/transcript processing, bounded-pool admission, primitive verification, and joins; work_units counts accepted verifications only"
local-1786752806231006000,macmini-m2-macos26.5.2-rust1.97.1-aarch64-20260814-workers1,9d3ab807a08ef4cf1077dbc23213e2314ce37c87,MEASURED,1786752806262541000,load,aegis_bounded_verification_pool,ML-DSA-65,concurrent_verify_burst,workers1_concurrency1,512,27,0,220625,227000,7749632,true,accepted=1;saturated=0;unexpected=0,1,1,0,0,3309,0,0,0,0,0,"controlled local burst; wall time includes scoped-thread creation, Aegis policy/transcript processing, bounded-pool admission, primitive verification, and joins; work_units counts accepted verifications only"
local-1786752806231006000,macmini-m2-macos26.5.2-rust1.97.1-aarch64-20260814-workers1,9d3ab807a08ef4cf1077dbc23213e2314ce37c87,MEASURED,1786752806263358000,load,aegis_bounded_verification_pool,ML-DSA-65,concurrent_verify_burst,workers1_concurrency1,512,28,0,254375,251000,7749632,true,accepted=1;saturated=0;unexpected=0,1,1,0,0,3309,0,0,0,0,0,"controlled local burst; wall time includes scoped-thread creation, Aegis policy/transcript processing, bounded-pool admission, primitive verification, and joins; work_units counts accepted verifications only"
local-1786752806231006000,macmini-m2-macos26.5.2-rust1.97.1-aarch64-20260814-workers1,9d3ab807a08ef4cf1077dbc23213e2314ce37c87,MEASURED,1786752806263946000,load,aegis_bounded_verification_pool,ML-DSA-65,concurrent_verify_burst,workers1_concurrency1,512,29,0,211625,223000,7782400,true,accepted=1;saturated=0;unexpected=0,1,1,0,0,3309,0,0,0,0,0,"controlled local burst; wall time includes scoped-thread creation, Aegis policy/transcript processing, bounded-pool admission, primitive verification, and joins; work_units counts accepted verifications only"
local-1786752806231006000,macmini-m2-macos26.5.2-rust1.97.1-aarch64-20260814-workers1,9d3ab807a08ef4cf1077dbc23213e2314ce37c87,MEASURED,1786752806264463000,load,aegis_bounded_verification_pool,ML-DSA-65,concurrent_verify_burst,workers1_concurrency1,512,30,0,202958,207000,7782400,true,accepted=1;saturated=0;unexpected=0,1,1,0,0,3309,0,0,0,0,0,"controlled local burst; wall time includes scoped-thread creation, Aegis policy/transcript processing, bounded-pool admission, primitive verification, and joins; work_units counts accepted verifications only"
local-1786752806231006000,macmini-m2-macos26.5.2-rust1.97.1-aarch64-20260814-workers1,9d3ab807a08ef4cf1077dbc23213e2314ce37c87,MEASURED,1786752806264882000,load,aegis_bounded_verification_pool,ML-DSA-65,concurrent_verify_burst,workers1_concurrency1,512,31,0,196167,200000,7782400,true,accepted=1;saturated=0;unexpected=0,1,1,0,0,3309,0,0,0,0,0,"controlled local burst; wall time includes scoped-thread creation, Aegis policy/transcript processing, bounded-pool admission, primitive verification, and joins; work_units counts accepted verifications only"
local-1786752806231006000,macmini-m2-macos26.5.2-rust1.97.1-aarch64-20260814-workers1,9d3ab807a08ef4cf1077dbc23213e2314ce37c87,MEASURED,1786752806265746000,load,aegis_bounded_verification_pool,ML-DSA-65,concurrent_verify_burst,workers1_concurrency1,512,32,0,198042,203000,7782400,true,accepted=1;saturated=0;unexpected=0,1,1,0,0,3309,0,0,0,0,0,"controlled local burst; wall time includes scoped-thread creation, Aegis policy/transcript processing, bounded-pool admission, primitive verification, and joins; work_units counts accepted verifications only"
local-1786752806231006000,macmini-m2-macos26.5.2-rust1.97.1-aarch64-20260814-workers1,9d3ab807a08ef4cf1077dbc23213e2314ce37c87,MEASURED,1786752806266326000,load,aegis_bounded_verification_pool,ML-DSA-65,concurrent_verify_burst,workers1_concurrency1,512,33,0,188541,191000,7782400,true,accepted=1;saturated=0;unexpected=0,1,1,0,0,3309,0,0,0,0,0,"controlled local burst; wall time includes scoped-thread creation, Aegis policy/transcript processing, bounded-pool admission, primitive verification, and joins; work_units counts accepted verifications only"
local-1786752806231006000,macmini-m2-macos26.5.2-rust1.97.1-aarch64-20260814-workers1,9d3ab807a08ef4cf1077dbc23213e2314ce37c87,MEASURED,1786752806266854000,load,aegis_bounded_verification_pool,ML-DSA-65,concurrent_verify_burst,workers1_concurrency1,512,34,0,181334,184000,7798784,true,accepted=1;saturated=0;unexpected=0,1,1,0,0,3309,0,0,0,0,0,"controlled local burst; wall time includes scoped-thread creation, Aegis policy/transcript processing, bounded-pool admission, primitive verification, and joins; work_units counts accepted verifications only"
local-1786752806231006000,macmini-m2-macos26.5.2-rust1.97.1-aarch64-20260814-workers1,9d3ab807a08ef4cf1077dbc23213e2314ce37c87,MEASURED,1786752806267363000,load,aegis_bounded_verification_pool,ML-DSA-65,concurrent_verify_burst,workers1_concurrency1,512,35,0,177584,181000,7798784,true,accepted=1;saturated=0;unexpected=0,1,1,0,0,3309,0,0,0,0,0,"controlled local burst; wall time includes scoped-thread creation, Aegis policy/transcript processing, bounded-pool admission, primitive verification, and joins; work_units counts accepted verifications only"
local-1786752806231006000,macmini-m2-macos26.5.2-rust1.97.1-aarch64-20260814-workers1,9d3ab807a08ef4cf1077dbc23213e2314ce37c87,MEASURED,1786752806267825000,load,aegis_bounded_verification_pool,ML-DSA-65,concurrent_verify_burst,workers1_concurrency1,512,36,0,179917,183000,7798784,true,accepted=1;saturated=0;unexpected=0,1,1,0,0,3309,0,0,0,0,0,"controlled local burst; wall time includes scoped-thread creation, Aegis policy/transcript processing, bounded-pool admission, primitive verification, and joins; work_units counts accepted verifications only"
local-1786752806231006000,macmini-m2-macos26.5.2-rust1.97.1-aarch64-20260814-workers1,9d3ab807a08ef4cf1077dbc23213e2314ce37c87,MEASURED,1786752806268807000,load,aegis_bounded_verification_pool,ML-DSA-65,concurrent_verify_burst,workers1_concurrency1,512,37,0,184459,188000,7798784,true,accepted=1;saturated=0;unexpected=0,1,1,0,0,3309,0,0,0,0,0,"controlled local burst; wall time includes scoped-thread creation, Aegis policy/transcript processing, bounded-pool admission, primitive verification, and joins; work_units counts accepted verifications only"
local-1786752806231006000,macmini-m2-macos26.5.2-rust1.97.1-aarch64-20260814-workers1,9d3ab807a08ef4cf1077dbc23213e2314ce37c87,MEASURED,1786752806269454000,load,aegis_bounded_verification_pool,ML-DSA-65,concurrent_verify_burst,workers1_concurrency1,512,38,0,208500,209000,7798784,true,accepted=1;saturated=0;unexpected=0,1,1,0,0,3309,0,0,0,0,0,"controlled local burst; wall time includes scoped-thread creation, Aegis policy/transcript processing, bounded-pool admission, primitive verification, and joins; work_units counts accepted verifications only"
local-1786752806231006000,macmini-m2-macos26.5.2-rust1.97.1-aarch64-20260814-workers1,9d3ab807a08ef4cf1077dbc23213e2314ce37c87,MEASURED,1786752806270570000,load,aegis_bounded_verification_pool,ML-DSA-65,concurrent_verify_burst,workers1_concurrency1,512,39,0,214417,205000,7798784,true,accepted=1;saturated=0;unexpected=0,1,1,0,0,3309,0,0,0,0,0,"controlled local burst; wall time includes scoped-thread creation, Aegis policy/transcript processing, bounded-pool admission, primitive verification, and joins; work_units counts accepted verifications only"
local-1786752806231006000,macmini-m2-macos26.5.2-rust1.97.1-aarch64-20260814-workers1,9d3ab807a08ef4cf1077dbc23213e2314ce37c87,MEASURED,1786752806270974000,load,aegis_bounded_verification_pool,ML-DSA-65,concurrent_verify_burst,workers1_concurrency1,512,40,0,191875,196000,7798784,true,accepted=1;saturated=0;unexpected=0,1,1,0,0,3309,0,0,0,0,0,"controlled local burst; wall time includes scoped-thread creation, Aegis policy/transcript processing, bounded-pool admission, primitive verification, and joins; work_units counts accepted verifications only"
local-1786752806231006000,macmini-m2-macos26.5.2-rust1.97.1-aarch64-20260814-workers1,9d3ab807a08ef4cf1077dbc23213e2314ce37c87,MEASURED,1786752806271453000,load,aegis_bounded_verification_pool,ML-DSA-65,concurrent_verify_burst,workers1_concurrency1,512,41,0,192208,196000,7815168,true,accepted=1;saturated=0;unexpected=0,1,1,0,0,3309,0,0,0,0,0,"controlled local burst; wall time includes scoped-thread creation, Aegis policy/transcript processing, bounded-pool admission, primitive verification, and joins; work_units counts accepted verifications only"
local-1786752806231006000,macmini-m2-macos26.5.2-rust1.97.1-aarch64-20260814-workers1,9d3ab807a08ef4cf1077dbc23213e2314ce37c87,MEASURED,1786752806271981000,load,aegis_bounded_verification_pool,ML-DSA-65,concurrent_verify_burst,workers1_concurrency1,512,42,0,181542,186000,7815168,true,accepted=1;saturated=0;unexpected=0,1,1,0,0,3309,0,0,0,0,0,"controlled local burst; wall time includes scoped-thread creation, Aegis policy/transcript processing, bounded-pool admission, primitive verification, and joins; work_units counts accepted verifications only"
local-1786752806231006000,macmini-m2-macos26.5.2-rust1.97.1-aarch64-20260814-workers1,9d3ab807a08ef4cf1077dbc23213e2314ce37c87,MEASURED,1786752806272563000,load,aegis_bounded_verification_pool,ML-DSA-65,concurrent_verify_burst,workers1_concurrency1,512,43,0,186917,190000,7815168,true,accepted=1;saturated=0;unexpected=0,1,1,0,0,3309,0,0,0,0,0,"controlled local burst; wall time includes scoped-thread creation, Aegis policy/transcript processing, bounded-pool admission, primitive verification, and joins; work_units counts accepted verifications only"
local-1786752806231006000,macmini-m2-macos26.5.2-rust1.97.1-aarch64-20260814-workers1,9d3ab807a08ef4cf1077dbc23213e2314ce37c87,MEASURED,1786752806273554000,load,aegis_bounded_verification_pool,ML-DSA-65,concurrent_verify_burst,workers1_concurrency1,512,44,0,169792,172000,7815168,true,accepted=1;saturated=0;unexpected=0,1,1,0,0,3309,0,0,0,0,0,"controlled local burst; wall time includes scoped-thread creation, Aegis policy/transcript processing, bounded-pool admission, primitive verification, and joins; work_units counts accepted verifications only"
local-1786752806231006000,macmini-m2-macos26.5.2-rust1.97.1-aarch64-20260814-workers1,9d3ab807a08ef4cf1077dbc23213e2314ce37c87,MEASURED,1786752806274173000,load,aegis_bounded_verification_pool,ML-DSA-65,concurrent_verify_burst,workers1_concurrency1,512,45,0,173542,177000,7815168,true,accepted=1;saturated=0;unexpected=0,1,1,0,0,3309,0,0,0,0,0,"controlled local burst; wall time includes scoped-thread creation, Aegis policy/transcript processing, bounded-pool admission, primitive verification, and joins; work_units counts accepted verifications only"
local-1786752806231006000,macmini-m2-macos26.5.2-rust1.97.1-aarch64-20260814-workers1,9d3ab807a08ef4cf1077dbc23213e2314ce37c87,MEASURED,1786752806274603000,load,aegis_bounded_verification_pool,ML-DSA-65,concurrent_verify_burst,workers1_concurrency1,512,46,0,166584,170000,7815168,true,accepted=1;saturated=0;unexpected=0,1,1,0,0,3309,0,0,0,0,0,"controlled local burst; wall time includes scoped-thread creation, Aegis policy/transcript processing, bounded-pool admission, primitive verification, and joins; work_units counts accepted verifications only"
local-1786752806231006000,macmini-m2-macos26.5.2-rust1.97.1-aarch64-20260814-workers1,9d3ab807a08ef4cf1077dbc23213e2314ce37c87,MEASURED,1786752806275441000,load,aegis_bounded_verification_pool,ML-DSA-65,concurrent_verify_burst,workers1_concurrency1,512,47,0,170958,175000,7815168,true,accepted=1;saturated=0;unexpected=0,1,1,0,0,3309,0,0,0,0,0,"controlled local burst; wall time includes scoped-thread creation, Aegis policy/transcript processing, bounded-pool admission, primitive verification, and joins; work_units counts accepted verifications only"
local-1786752806231006000,macmini-m2-macos26.5.2-rust1.97.1-aarch64-20260814-workers1,9d3ab807a08ef4cf1077dbc23213e2314ce37c87,MEASURED,1786752806275810000,load,aegis_bounded_verification_pool,ML-DSA-65,concurrent_verify_burst,workers1_concurrency1,512,48,0,175417,182000,7831552,true,accepted=1;saturated=0;unexpected=0,1,1,0,0,3309,0,0,0,0,0,"controlled local burst; wall time includes scoped-thread creation, Aegis policy/transcript processing, bounded-pool admission, primitive verification, and joins; work_units counts accepted verifications only"
local-1786752806231006000,macmini-m2-macos26.5.2-rust1.97.1-aarch64-20260814-workers1,9d3ab807a08ef4cf1077dbc23213e2314ce37c87,MEASURED,1786752806276665000,load,aegis_bounded_verification_pool,ML-DSA-65,concurrent_verify_burst,workers1_concurrency1,512,49,0,187084,195000,7831552,true,accepted=1;saturated=0;unexpected=0,1,1,0,0,3309,0,0,0,0,0,"controlled local burst; wall time includes scoped-thread creation, Aegis policy/transcript processing, bounded-pool admission, primitive verification, and joins; work_units counts accepted verifications only"
local-1786752806231006000,macmini-m2-macos26.5.2-rust1.97.1-aarch64-20260814-workers1,9d3ab807a08ef4cf1077dbc23213e2314ce37c87,MEASURED,1786752806277686000,load,aegis_bounded_verification_pool,ML-DSA-65,concurrent_verify_burst,workers1_concurrency1,512,50,0,174625,179000,7831552,true,accepted=1;saturated=0;unexpected=0,1,1,0,0,3309,0,0,0,0,0,"controlled local burst; wall time includes scoped-thread creation, Aegis policy/transcript processing, bounded-pool admission, primitive verification, and joins; work_units counts accepted verifications only"
local-1786752806231006000,macmini-m2-macos26.5.2-rust1.97.1-aarch64-20260814-workers1,9d3ab807a08ef4cf1077dbc23213e2314ce37c87,MEASURED,1786752806278333000,load,aegis_bounded_verification_pool,ML-DSA-65,concurrent_verify_burst,workers1_concurrency1,512,51,0,182667,188000,7831552,true,accepted=1;saturated=0;unexpected=0,1,1,0,0,3309,0,0,0,0,0,"controlled local burst; wall time includes scoped-thread creation, Aegis policy/transcript processing, bounded-pool admission, primitive verification, and joins; work_units counts accepted verifications only"
local-1786752806231006000,macmini-m2-macos26.5.2-rust1.97.1-aarch64-20260814-workers1,9d3ab807a08ef4cf1077dbc23213e2314ce37c87,MEASURED,1786752806278852000,load,aegis_bounded_verification_pool,ML-DSA-65,concurrent_verify_burst,workers1_concurrency1,512,52,0,192667,192000,7831552,true,accepted=1;saturated=0;unexpected=0,1,1,0,0,3309,0,0,0,0,0,"controlled local burst; wall time includes scoped-thread creation, Aegis policy/transcript processing, bounded-pool admission, primitive verification, and joins; work_units counts accepted verifications only"
local-1786752806231006000,macmini-m2-macos26.5.2-rust1.97.1-aarch64-20260814-workers1,9d3ab807a08ef4cf1077dbc23213e2314ce37c87,MEASURED,1786752806279361000,load,aegis_bounded_verification_pool,ML-DSA-65,concurrent_verify_burst,workers1_concurrency1,512,53,0,175333,179000,7831552,true,accepted=1;saturated=0;unexpected=0,1,1,0,0,3309,0,0,0,0,0,"controlled local burst; wall time includes scoped-thread creation, Aegis policy/transcript processing, bounded-pool admission, primitive verification, and joins; work_units counts accepted verifications only"
local-1786752806231006000,macmini-m2-macos26.5.2-rust1.97.1-aarch64-20260814-workers1,9d3ab807a08ef4cf1077dbc23213e2314ce37c87,MEASURED,1786752806279820000,load,aegis_bounded_verification_pool,ML-DSA-65,concurrent_verify_burst,workers1_concurrency1,512,54,0,158875,162000,7831552,true,accepted=1;saturated=0;unexpected=0,1,1,0,0,3309,0,0,0,0,0,"controlled local burst; wall time includes scoped-thread creation, Aegis policy/transcript processing, bounded-pool admission, primitive verification, and joins; work_units counts accepted verifications only"
local-1786752806231006000,macmini-m2-macos26.5.2-rust1.97.1-aarch64-20260814-workers1,9d3ab807a08ef4cf1077dbc23213e2314ce37c87,MEASURED,1786752806280160000,load,aegis_bounded_verification_pool,ML-DSA-65,concurrent_verify_burst,workers1_concurrency1,512,55,0,160500,164000,7831552,true,accepted=1;saturated=0;unexpected=0,1,1,0,0,3309,0,0,0,0,0,"controlled local burst; wall time includes scoped-thread creation, Aegis policy/transcript processing, bounded-pool admission, primitive verification, and joins; work_units counts accepted verifications only"
local-1786752806231006000,macmini-m2-macos26.5.2-rust1.97.1-aarch64-20260814-workers1,9d3ab807a08ef4cf1077dbc23213e2314ce37c87,MEASURED,1786752806280613000,load,aegis_bounded_verification_pool,ML-DSA-65,concurrent_verify_burst,workers1_concurrency1,512,56,0,161875,166000,7831552,true,accepted=1;saturated=0;unexpected=0,1,1,0,0,3309,0,0,0,0,0,"controlled local burst; wall time includes scoped-thread creation, Aegis policy/transcript processing, bounded-pool admission, primitive verification, and joins; work_units counts accepted verifications only"
local-1786752806231006000,macmini-m2-macos26.5.2-rust1.97.1-aarch64-20260814-workers1,9d3ab807a08ef4cf1077dbc23213e2314ce37c87,MEASURED,1786752806281266000,load,aegis_bounded_verification_pool,ML-DSA-65,concurrent_verify_burst,workers1_concurrency1,512,57,0,157833,162000,7831552,true,accepted=1;saturated=0;unexpected=0,1,1,0,0,3309,0,0,0,0,0,"controlled local burst; wall time includes scoped-thread creation, Aegis policy/transcript processing, bounded-pool admission, primitive verification, and joins; work_units counts accepted verifications only"
local-1786752806231006000,macmini-m2-macos26.5.2-rust1.97.1-aarch64-20260814-workers1,9d3ab807a08ef4cf1077dbc23213e2314ce37c87,MEASURED,1786752806281603000,load,aegis_bounded_verification_pool,ML-DSA-65,concurrent_verify_burst,workers1_concurrency1,512,58,0,158125,162000,7831552,true,accepted=1;saturated=0;unexpected=0,1,1,0,0,3309,0,0,0,0,0,"controlled local burst; wall time includes scoped-thread creation, Aegis policy/transcript processing, bounded-pool admission, primitive verification, and joins; work_units counts accepted verifications only"
local-1786752806231006000,macmini-m2-macos26.5.2-rust1.97.1-aarch64-20260814-workers1,9d3ab807a08ef4cf1077dbc23213e2314ce37c87,MEASURED,1786752806282312000,load,aegis_bounded_verification_pool,ML-DSA-65,concurrent_verify_burst,workers1_concurrency1,512,59,0,162875,166000,7831552,true,accepted=1;saturated=0;unexpected=0,1,1,0,0,3309,0,0,0,0,0,"controlled local burst; wall time includes scoped-thread creation, Aegis policy/transcript processing, bounded-pool admission, primitive verification, and joins; work_units counts accepted verifications only"
local-1786752806231006000,macmini-m2-macos26.5.2-rust1.97.1-aarch64-20260814-workers1,9d3ab807a08ef4cf1077dbc23213e2314ce37c87,MEASURED,1786752806282658000,load,aegis_bounded_verification_pool,ML-DSA-65,concurrent_verify_burst,workers1_concurrency1,512,60,0,165750,166000,7831552,true,accepted=1;saturated=0;unexpected=0,1,1,0,0,3309,0,0,0,0,0,"controlled local burst; wall time includes scoped-thread creation, Aegis policy/transcript processing, bounded-pool admission, primitive verification, and joins; work_units counts accepted verifications only"
local-1786752806231006000,macmini-m2-macos26.5.2-rust1.97.1-aarch64-20260814-workers1,9d3ab807a08ef4cf1077dbc23213e2314ce37c87,MEASURED,1786752806283359000,load,aegis_bounded_verification_pool,ML-DSA-65,concurrent_verify_burst,workers1_concurrency1,512,61,0,171375,176000,7847936,true,accepted=1;saturated=0;unexpected=0,1,1,0,0,3309,0,0,0,0,0,"controlled local burst; wall time includes scoped-thread creation, Aegis policy/transcript processing, bounded-pool admission, primitive verification, and joins; work_units counts accepted verifications only"
local-1786752806231006000,macmini-m2-macos26.5.2-rust1.97.1-aarch64-20260814-workers1,9d3ab807a08ef4cf1077dbc23213e2314ce37c87,MEASURED,1786752806283701000,load,aegis_bounded_verification_pool,ML-DSA-65,concurrent_verify_burst,workers1_concurrency1,512,62,0,159833,163000,7847936,true,accepted=1;saturated=0;unexpected=0,1,1,0,0,3309,0,0,0,0,0,"controlled local burst; wall time includes scoped-thread creation, Aegis policy/transcript processing, bounded-pool admission, primitive verification, and joins; work_units counts accepted verifications only"
local-1786752806231006000,macmini-m2-macos26.5.2-rust1.97.1-aarch64-20260814-workers1,9d3ab807a08ef4cf1077dbc23213e2314ce37c87,MEASURED,1786752806284122000,load,aegis_bounded_verification_pool,ML-DSA-65,concurrent_verify_burst,workers1_concurrency1,512,63,0,230084,202000,7847936,true,accepted=1;saturated=0;unexpected=0,1,1,0,0,3309,0,0,0,0,0,"controlled local burst; wall time includes scoped-thread creation, Aegis policy/transcript processing, bounded-pool admission, primitive verification, and joins; work_units counts accepted verifications only"
local-1786752806231006000,macmini-m2-macos26.5.2-rust1.97.1-aarch64-20260814-workers1,9d3ab807a08ef4cf1077dbc23213e2314ce37c87,MEASURED,1786752806284858000,load,aegis_bounded_verification_pool,ML-DSA-65,concurrent_verify_burst,workers1_concurrency1,512,64,0,174542,182000,7847936,true,accepted=1;saturated=0;unexpected=0,1,1,0,0,3309,0,0,0,0,0,"controlled local burst; wall time includes scoped-thread creation, Aegis policy/transcript processing, bounded-pool admission, primitive verification, and joins; work_units counts accepted verifications only"
local-1786752806231006000,macmini-m2-macos26.5.2-rust1.97.1-aarch64-20260814-workers1,9d3ab807a08ef4cf1077dbc23213e2314ce37c87,MEASURED,1786752806285283000,load,aegis_bounded_verification_pool,ML-DSA-65,concurrent_verify_burst,workers1_concurrency1,512,65,0,164875,168000,7847936,true,accepted=1;saturated=0;unexpected=0,1,1,0,0,3309,0,0,0,0,0,"controlled local burst; wall time includes scoped-thread creation, Aegis policy/transcript processing, bounded-pool admission, primitive verification, and joins; work_units counts accepted verifications only"
local-1786752806231006000,macmini-m2-macos26.5.2-rust1.97.1-aarch64-20260814-workers1,9d3ab807a08ef4cf1077dbc23213e2314ce37c87,MEASURED,1786752806285709000,load,aegis_bounded_verification_pool,ML-DSA-65,concurrent_verify_burst,workers1_concurrency1,512,66,0,177417,176000,7847936,true,accepted=1;saturated=0;unexpected=0,1,1,0,0,3309,0,0,0,0,0,"controlled local burst; wall time includes scoped-thread creation, Aegis policy/transcript processing, bounded-pool admission, primitive verification, and joins; work_units counts accepted verifications only"
local-1786752806231006000,macmini-m2-macos26.5.2-rust1.97.1-aarch64-20260814-workers1,9d3ab807a08ef4cf1077dbc23213e2314ce37c87,MEASURED,1786752806286432000,load,aegis_bounded_verification_pool,ML-DSA-65,concurrent_verify_burst,workers1_concurrency1,512,67,0,157417,160000,7847936,true,accepted=1;saturated=0;unexpected=0,1,1,0,0,3309,0,0,0,0,0,"controlled local burst; wall time includes scoped-thread creation, Aegis policy/transcript processing, bounded-pool admission, primitive verification, and joins; work_units counts accepted verifications only"
local-1786752806231006000,macmini-m2-macos26.5.2-rust1.97.1-aarch64-20260814-workers1,9d3ab807a08ef4cf1077dbc23213e2314ce37c87,MEASURED,1786752806287368000,load,aegis_bounded_verification_pool,ML-DSA-65,concurrent_verify_burst,workers1_concurrency1,512,68,0,150916,153000,7847936,true,accepted=1;saturated=0;unexpected=0,1,1,0,0,3309,0,0,0,0,0,"controlled local burst; wall time includes scoped-thread creation, Aegis policy/transcript processing, bounded-pool admission, primitive verification, and joins; work_units counts accepted verifications only"
local-1786752806231006000,macmini-m2-macos26.5.2-rust1.97.1-aarch64-20260814-workers1,9d3ab807a08ef4cf1077dbc23213e2314ce37c87,MEASURED,1786752806287688000,load,aegis_bounded_verification_pool,ML-DSA-65,concurrent_verify_burst,workers1_concurrency1,512,69,0,150375,153000,7847936,true,accepted=1;saturated=0;unexpected=0,1,1,0,0,3309,0,0,0,0,0,"controlled local burst; wall time includes scoped-thread creation, Aegis policy/transcript processing, bounded-pool admission, primitive verification, and joins; work_units counts accepted verifications only"
local-1786752806231006000,macmini-m2-macos26.5.2-rust1.97.1-aarch64-20260814-workers1,9d3ab807a08ef4cf1077dbc23213e2314ce37c87,MEASURED,1786752806288260000,load,aegis_bounded_verification_pool,ML-DSA-65,concurrent_verify_burst,workers1_concurrency1,512,70,0,159792,160000,7847936,true,accepted=1;saturated=0;unexpected=0,1,1,0,0,3309,0,0,0,0,0,"controlled local burst; wall time includes scoped-thread creation, Aegis policy/transcript processing, bounded-pool admission, primitive verification, and joins; work_units counts accepted verifications only"
local-1786752806231006000,macmini-m2-macos26.5.2-rust1.97.1-aarch64-20260814-workers1,9d3ab807a08ef4cf1077dbc23213e2314ce37c87,MEASURED,1786752806288662000,load,aegis_bounded_verification_pool,ML-DSA-65,concurrent_verify_burst,workers1_concurrency1,512,71,0,150209,154000,7847936,true,accepted=1;saturated=0;unexpected=0,1,1,0,0,3309,0,0,0,0,0,"controlled local burst; wall time includes scoped-thread creation, Aegis policy/transcript processing, bounded-pool admission, primitive verification, and joins; work_units counts accepted verifications only"
local-1786752806231006000,macmini-m2-macos26.5.2-rust1.97.1-aarch64-20260814-workers1,9d3ab807a08ef4cf1077dbc23213e2314ce37c87,MEASURED,1786752806289902000,load,aegis_bounded_verification_pool,ML-DSA-65,concurrent_verify_burst,workers1_concurrency1,512,72,0,163416,170000,7847936,true,accepted=1;saturated=0;unexpected=0,1,1,0,0,3309,0,0,0,0,0,"controlled local burst; wall time includes scoped-thread creation, Aegis policy/transcript processing, bounded-pool admission, primitive verification, and joins; work_units counts accepted verifications only"
local-1786752806231006000,macmini-m2-macos26.5.2-rust1.97.1-aarch64-20260814-workers1,9d3ab807a08ef4cf1077dbc23213e2314ce37c87,MEASURED,1786752806290290000,load,aegis_bounded_verification_pool,ML-DSA-65,concurrent_verify_burst,workers1_concurrency1,512,73,0,159042,162000,7847936,true,accepted=1;saturated=0;unexpected=0,1,1,0,0,3309,0,0,0,0,0,"controlled local burst; wall time includes scoped-thread creation, Aegis policy/transcript processing, bounded-pool admission, primitive verification, and joins; work_units counts accepted verifications only"
local-1786752806231006000,macmini-m2-macos26.5.2-rust1.97.1-aarch64-20260814-workers1,9d3ab807a08ef4cf1077dbc23213e2314ce37c87,MEASURED,1786752806291190000,load,aegis_bounded_verification_pool,ML-DSA-65,concurrent_verify_burst,workers1_concurrency1,512,74,0,194250,180000,7847936,true,accepted=1;saturated=0;unexpected=0,1,1,0,0,3309,0,0,0,0,0,"controlled local burst; wall time includes scoped-thread creation, Aegis policy/transcript processing, bounded-pool admission, primitive verification, and joins; work_units counts accepted verifications only"
local-1786752806231006000,macmini-m2-macos26.5.2-rust1.97.1-aarch64-20260814-workers1,9d3ab807a08ef4cf1077dbc23213e2314ce37c87,MEASURED,1786752806291557000,load,aegis_bounded_verification_pool,ML-DSA-65,concurrent_verify_burst,workers1_concurrency1,512,75,0,161125,165000,7847936,true,accepted=1;saturated=0;unexpected=0,1,1,0,0,3309,0,0,0,0,0,"controlled local burst; wall time includes scoped-thread creation, Aegis policy/transcript processing, bounded-pool admission, primitive verification, and joins; work_units counts accepted verifications only"
local-1786752806231006000,macmini-m2-macos26.5.2-rust1.97.1-aarch64-20260814-workers1,9d3ab807a08ef4cf1077dbc23213e2314ce37c87,MEASURED,1786752806291892000,load,aegis_bounded_verification_pool,ML-DSA-65,concurrent_verify_burst,workers1_concurrency1,512,76,0,162792,166000,7847936,true,accepted=1;saturated=0;unexpected=0,1,1,0,0,3309,0,0,0,0,0,"controlled local burst; wall time includes scoped-thread creation, Aegis policy/transcript processing, bounded-pool admission, primitive verification, and joins; work_units counts accepted verifications only"
local-1786752806231006000,macmini-m2-macos26.5.2-rust1.97.1-aarch64-20260814-workers1,9d3ab807a08ef4cf1077dbc23213e2314ce37c87,MEASURED,1786752806292545000,load,aegis_bounded_verification_pool,ML-DSA-65,concurrent_verify_burst,workers1_concurrency1,512,77,0,179125,180000,7847936,true,accepted=1;saturated=0;unexpected=0,1,1,0,0,3309,0,0,0,0,0,"controlled local burst; wall time includes scoped-thread creation, Aegis policy/transcript processing, bounded-pool admission, primitive verification, and joins; work_units counts accepted verifications only"
local-1786752806231006000,macmini-m2-macos26.5.2-rust1.97.1-aarch64-20260814-workers1,9d3ab807a08ef4cf1077dbc23213e2314ce37c87,MEASURED,1786752806292921000,load,aegis_bounded_verification_pool,ML-DSA-65,concurrent_verify_burst,workers1_concurrency1,512,78,0,148333,150000,7847936,true,accepted=1;saturated=0;unexpected=0,1,1,0,0,3309,0,0,0,0,0,"controlled local burst; wall time includes scoped-thread creation, Aegis policy/transcript processing, bounded-pool admission, primitive verification, and joins; work_units counts accepted verifications only"
local-1786752806231006000,macmini-m2-macos26.5.2-rust1.97.1-aarch64-20260814-workers1,9d3ab807a08ef4cf1077dbc23213e2314ce37c87,MEASURED,1786752806293307000,load,aegis_bounded_verification_pool,ML-DSA-65,concurrent_verify_burst,workers1_concurrency1,512,79,0,154875,157000,7847936,true,accepted=1;saturated=0;unexpected=0,1,1,0,0,3309,0,0,0,0,0,"controlled local burst; wall time includes scoped-thread creation, Aegis policy/transcript processing, bounded-pool admission, primitive verification, and joins; work_units counts accepted verifications only"
local-1786752806231006000,macmini-m2-macos26.5.2-rust1.97.1-aarch64-20260814-workers1,9d3ab807a08ef4cf1077dbc23213e2314ce37c87,MEASURED,1786752806294157000,load,aegis_bounded_verification_pool,ML-DSA-65,concurrent_verify_burst,workers1_concurrency1,512,80,0,146125,149000,7847936,true,accepted=1;saturated=0;unexpected=0,1,1,0,0,3309,0,0,0,0,0,"controlled local burst; wall time includes scoped-thread creation, Aegis policy/transcript processing, bounded-pool admission, primitive verification, and joins; work_units counts accepted verifications only"
local-1786752806231006000,macmini-m2-macos26.5.2-rust1.97.1-aarch64-20260814-workers1,9d3ab807a08ef4cf1077dbc23213e2314ce37c87,MEASURED,1786752806294517000,load,aegis_bounded_verification_pool,ML-DSA-65,concurrent_verify_burst,workers1_concurrency1,512,81,0,145500,149000,7847936,true,accepted=1;saturated=0;unexpected=0,1,1,0,0,3309,0,0,0,0,0,"controlled local burst; wall time includes scoped-thread creation, Aegis policy/transcript processing, bounded-pool admission, primitive verification, and joins; work_units counts accepted verifications only"
local-1786752806231006000,macmini-m2-macos26.5.2-rust1.97.1-aarch64-20260814-workers1,9d3ab807a08ef4cf1077dbc23213e2314ce37c87,MEASURED,1786752806294888000,load,aegis_bounded_verification_pool,ML-DSA-65,concurrent_verify_burst,workers1_concurrency1,512,82,0,144834,151000,7847936,true,accepted=1;saturated=0;unexpected=0,1,1,0,0,3309,0,0,0,0,0,"controlled local burst; wall time includes scoped-thread creation, Aegis policy/transcript processing, bounded-pool admission, primitive verification, and joins; work_units counts accepted verifications only"
local-1786752806231006000,macmini-m2-macos26.5.2-rust1.97.1-aarch64-20260814-workers1,9d3ab807a08ef4cf1077dbc23213e2314ce37c87,MEASURED,1786752806295479000,load,aegis_bounded_verification_pool,ML-DSA-65,concurrent_verify_burst,workers1_concurrency1,512,83,0,146167,149000,7847936,true,accepted=1;saturated=0;unexpected=0,1,1,0,0,3309,0,0,0,0,0,"controlled local burst; wall time includes scoped-thread creation, Aegis policy/transcript processing, bounded-pool admission, primitive verification, and joins; work_units counts accepted verifications only"
local-1786752806231006000,macmini-m2-macos26.5.2-rust1.97.1-aarch64-20260814-workers1,9d3ab807a08ef4cf1077dbc23213e2314ce37c87,MEASURED,1786752806296247000,load,aegis_bounded_verification_pool,ML-DSA-65,concurrent_verify_burst,workers1_concurrency1,512,84,0,153084,154000,7847936,true,accepted=1;saturated=0;unexpected=0,1,1,0,0,3309,0,0,0,0,0,"controlled local burst; wall time includes scoped-thread creation, Aegis policy/transcript processing, bounded-pool admission, primitive verification, and joins; work_units counts accepted verifications only"
local-1786752806231006000,macmini-m2-macos26.5.2-rust1.97.1-aarch64-20260814-workers1,9d3ab807a08ef4cf1077dbc23213e2314ce37c87,MEASURED,1786752806296695000,load,aegis_bounded_verification_pool,ML-DSA-65,concurrent_verify_burst,workers1_concurrency1,512,85,0,168000,161000,7847936,true,accepted=1;saturated=0;unexpected=0,1,1,0,0,3309,0,0,0,0,0,"controlled local burst; wall time includes scoped-thread creation, Aegis policy/transcript processing, bounded-pool admission, primitive verification, and joins; work_units counts accepted verifications only"
local-1786752806231006000,macmini-m2-macos26.5.2-rust1.97.1-aarch64-20260814-workers1,9d3ab807a08ef4cf1077dbc23213e2314ce37c87,MEASURED,1786752806297761000,load,aegis_bounded_verification_pool,ML-DSA-65,concurrent_verify_burst,workers1_concurrency1,512,86,0,148667,155000,7847936,true,accepted=1;saturated=0;unexpected=0,1,1,0,0,3309,0,0,0,0,0,"controlled local burst; wall time includes scoped-thread creation, Aegis policy/transcript processing, bounded-pool admission, primitive verification, and joins; work_units counts accepted verifications only"
local-1786752806231006000,macmini-m2-macos26.5.2-rust1.97.1-aarch64-20260814-workers1,9d3ab807a08ef4cf1077dbc23213e2314ce37c87,MEASURED,1786752806298479000,load,aegis_bounded_verification_pool,ML-DSA-65,concurrent_verify_burst,workers1_concurrency1,512,87,0,155791,159000,7847936,true,accepted=1;saturated=0;unexpected=0,1,1,0,0,3309,0,0,0,0,0,"controlled local burst; wall time includes scoped-thread creation, Aegis policy/transcript processing, bounded-pool admission, primitive verification, and joins; work_units counts accepted verifications only"
local-1786752806231006000,macmini-m2-macos26.5.2-rust1.97.1-aarch64-20260814-workers1,9d3ab807a08ef4cf1077dbc23213e2314ce37c87,MEASURED,1786752806299512000,load,aegis_bounded_verification_pool,ML-DSA-65,concurrent_verify_burst,workers1_concurrency1,512,88,0,142459,145000,7847936,true,accepted=1;saturated=0;unexpected=0,1,1,0,0,3309,0,0,0,0,0,"controlled local burst; wall time includes scoped-thread creation, Aegis policy/transcript processing, bounded-pool admission, primitive verification, and joins; work_units counts accepted verifications only"
local-1786752806231006000,macmini-m2-macos26.5.2-rust1.97.1-aarch64-20260814-workers1,9d3ab807a08ef4cf1077dbc23213e2314ce37c87,MEASURED,1786752806300193000,load,aegis_bounded_verification_pool,ML-DSA-65,concurrent_verify_burst,workers1_concurrency1,512,89,0,149167,153000,7847936,true,accepted=1;saturated=0;unexpected=0,1,1,0,0,3309,0,0,0,0,0,"controlled local burst; wall time includes scoped-thread creation, Aegis policy/transcript processing, bounded-pool admission, primitive verification, and joins; work_units counts accepted verifications only"
local-1786752806231006000,macmini-m2-macos26.5.2-rust1.97.1-aarch64-20260814-workers1,9d3ab807a08ef4cf1077dbc23213e2314ce37c87,MEASURED,1786752806300552000,load,aegis_bounded_verification_pool,ML-DSA-65,concurrent_verify_burst,workers1_concurrency1,512,90,0,139208,141000,7847936,true,accepted=1;saturated=0;unexpected=0,1,1,0,0,3309,0,0,0,0,0,"controlled local burst; wall time includes scoped-thread creation, Aegis policy/transcript processing, bounded-pool admission, primitive verification, and joins; work_units counts accepted verifications only"
local-1786752806231006000,macmini-m2-macos26.5.2-rust1.97.1-aarch64-20260814-workers1,9d3ab807a08ef4cf1077dbc23213e2314ce37c87,MEASURED,1786752806300958000,load,aegis_bounded_verification_pool,ML-DSA-65,concurrent_verify_burst,workers1_concurrency1,512,91,0,139041,142000,7847936,true,accepted=1;saturated=0;unexpected=0,1,1,0,0,3309,0,0,0,0,0,"controlled local burst; wall time includes scoped-thread creation, Aegis policy/transcript processing, bounded-pool admission, primitive verification, and joins; work_units counts accepted verifications only"
local-1786752806231006000,macmini-m2-macos26.5.2-rust1.97.1-aarch64-20260814-workers1,9d3ab807a08ef4cf1077dbc23213e2314ce37c87,MEASURED,1786752806301255000,load,aegis_bounded_verification_pool,ML-DSA-65,concurrent_verify_burst,workers1_concurrency1,512,92,0,139541,142000,7847936,true,accepted=1;saturated=0;unexpected=0,1,1,0,0,3309,0,0,0,0,0,"controlled local burst; wall time includes scoped-thread creation, Aegis policy/transcript processing, bounded-pool admission, primitive verification, and joins; work_units counts accepted verifications only"
local-1786752806231006000,macmini-m2-macos26.5.2-rust1.97.1-aarch64-20260814-workers1,9d3ab807a08ef4cf1077dbc23213e2314ce37c87,MEASURED,1786752806302008000,load,aegis_bounded_verification_pool,ML-DSA-65,concurrent_verify_burst,workers1_concurrency1,512,93,0,139709,143000,7847936,true,accepted=1;saturated=0;unexpected=0,1,1,0,0,3309,0,0,0,0,0,"controlled local burst; wall time includes scoped-thread creation, Aegis policy/transcript processing, bounded-pool admission, primitive verification, and joins; work_units counts accepted verifications only"
local-1786752806231006000,macmini-m2-macos26.5.2-rust1.97.1-aarch64-20260814-workers1,9d3ab807a08ef4cf1077dbc23213e2314ce37c87,MEASURED,1786752806302365000,load,aegis_bounded_verification_pool,ML-DSA-65,concurrent_verify_burst,workers1_concurrency1,512,94,0,138708,142000,7847936,true,accepted=1;saturated=0;unexpected=0,1,1,0,0,3309,0,0,0,0,0,"controlled local burst; wall time includes scoped-thread creation, Aegis policy/transcript processing, bounded-pool admission, primitive verification, and joins; work_units counts accepted verifications only"
local-1786752806231006000,macmini-m2-macos26.5.2-rust1.97.1-aarch64-20260814-workers1,9d3ab807a08ef4cf1077dbc23213e2314ce37c87,MEASURED,1786752806302731000,load,aegis_bounded_verification_pool,ML-DSA-65,concurrent_verify_burst,workers1_concurrency1,512,95,0,146083,152000,7847936,true,accepted=1;saturated=0;unexpected=0,1,1,0,0,3309,0,0,0,0,0,"controlled local burst; wall time includes scoped-thread creation, Aegis policy/transcript processing, bounded-pool admission, primitive verification, and joins; work_units counts accepted verifications only"
local-1786752806231006000,macmini-m2-macos26.5.2-rust1.97.1-aarch64-20260814-workers1,9d3ab807a08ef4cf1077dbc23213e2314ce37c87,MEASURED,1786752806303290000,load,aegis_bounded_verification_pool,ML-DSA-65,concurrent_verify_burst,workers1_concurrency1,512,96,0,162250,164000,7847936,true,accepted=1;saturated=0;unexpected=0,1,1,0,0,3309,0,0,0,0,0,"controlled local burst; wall time includes scoped-thread creation, Aegis policy/transcript processing, bounded-pool admission, primitive verification, and joins; work_units counts accepted verifications only"
local-1786752806231006000,macmini-m2-macos26.5.2-rust1.97.1-aarch64-20260814-workers1,9d3ab807a08ef4cf1077dbc23213e2314ce37c87,MEASURED,1786752806303982000,load,aegis_bounded_verification_pool,ML-DSA-65,concurrent_verify_burst,workers1_concurrency1,512,97,0,145000,148000,7847936,true,accepted=1;saturated=0;unexpected=0,1,1,0,0,3309,0,0,0,0,0,"controlled local burst; wall time includes scoped-thread creation, Aegis policy/transcript processing, bounded-pool admission, primitive verification, and joins; work_units counts accepted verifications only"
local-1786752806231006000,macmini-m2-macos26.5.2-rust1.97.1-aarch64-20260814-workers1,9d3ab807a08ef4cf1077dbc23213e2314ce37c87,MEASURED,1786752806304727000,load,aegis_bounded_verification_pool,ML-DSA-65,concurrent_verify_burst,workers1_concurrency1,512,98,0,153125,157000,7847936,true,accepted=1;saturated=0;unexpected=0,1,1,0,0,3309,0,0,0,0,0,"controlled local burst; wall time includes scoped-thread creation, Aegis policy/transcript processing, bounded-pool admission, primitive verification, and joins; work_units counts accepted verifications only"
local-1786752806231006000,macmini-m2-macos26.5.2-rust1.97.1-aarch64-20260814-workers1,9d3ab807a08ef4cf1077dbc23213e2314ce37c87,MEASURED,1786752806305149000,load,aegis_bounded_verification_pool,ML-DSA-65,concurrent_verify_burst,workers1_concurrency1,512,99,0,164000,151000,7847936,true,accepted=1;saturated=0;unexpected=0,1,1,0,0,3309,0,0,0,0,0,"controlled local burst; wall time includes scoped-thread creation, Aegis policy/transcript processing, bounded-pool admission, primitive verification, and joins; work_units counts accepted verifications only"
local-1786752806231006000,macmini-m2-macos26.5.2-rust1.97.1-aarch64-20260814-workers1,9d3ab807a08ef4cf1077dbc23213e2314ce37c87,MEASURED,1786752806307669000,load,aegis_bounded_verification_pool,ML-DSA-65,concurrent_verify_burst,workers1_concurrency2,512,0,0,261208,301000,7880704,true,accepted=2;saturated=0;unexpected=0,2,2,0,0,3309,0,0,0,0,0,"controlled local burst; wall time includes scoped-thread creation, Aegis policy/transcript processing, bounded-pool admission, primitive verification, and joins; work_units counts accepted verifications only"
local-1786752806231006000,macmini-m2-macos26.5.2-rust1.97.1-aarch64-20260814-workers1,9d3ab807a08ef4cf1077dbc23213e2314ce37c87,MEASURED,1786752806308862000,load,aegis_bounded_verification_pool,ML-DSA-65,concurrent_verify_burst,workers1_concurrency2,512,1,0,255000,290000,7880704,true,accepted=2;saturated=0;unexpected=0,2,2,0,0,3309,0,0,0,0,0,"controlled local burst; wall time includes scoped-thread creation, Aegis policy/transcript processing, bounded-pool admission, primitive verification, and joins; work_units counts accepted verifications only"
local-1786752806231006000,macmini-m2-macos26.5.2-rust1.97.1-aarch64-20260814-workers1,9d3ab807a08ef4cf1077dbc23213e2314ce37c87,MEASURED,1786752806309751000,load,aegis_bounded_verification_pool,ML-DSA-65,concurrent_verify_burst,workers1_concurrency2,512,2,0,252541,286000,7880704,true,accepted=2;saturated=0;unexpected=0,2,2,0,0,3309,0,0,0,0,0,"controlled local burst; wall time includes scoped-thread creation, Aegis policy/transcript processing, bounded-pool admission, primitive verification, and joins; work_units counts accepted verifications only"
local-1786752806231006000,macmini-m2-macos26.5.2-rust1.97.1-aarch64-20260814-workers1,9d3ab807a08ef4cf1077dbc23213e2314ce37c87,MEASURED,1786752806311057000,load,aegis_bounded_verification_pool,ML-DSA-65,concurrent_verify_burst,workers1_concurrency2,512,3,0,287250,327000,7880704,true,accepted=2;saturated=0;unexpected=0,2,2,0,0,3309,0,0,0,0,0,"controlled local burst; wall time includes scoped-thread creation, Aegis policy/transcript processing, bounded-pool admission, primitive verification, and joins; work_units counts accepted verifications only"
local-1786752806231006000,macmini-m2-macos26.5.2-rust1.97.1-aarch64-20260814-workers1,9d3ab807a08ef4cf1077dbc23213e2314ce37c87,MEASURED,1786752806312529000,load,aegis_bounded_verification_pool,ML-DSA-65,concurrent_verify_burst,workers1_concurrency2,512,4,0,316250,376000,7880704,true,accepted=2;saturated=0;unexpected=0,2,2,0,0,3309,0,0,0,0,0,"controlled local burst; wall time includes scoped-thread creation, Aegis policy/transcript processing, bounded-pool admission, primitive verification, and joins; work_units counts accepted verifications only"
local-1786752806231006000,macmini-m2-macos26.5.2-rust1.97.1-aarch64-20260814-workers1,9d3ab807a08ef4cf1077dbc23213e2314ce37c87,MEASURED,1786752806314510000,load,aegis_bounded_verification_pool,ML-DSA-65,concurrent_verify_burst,workers1_concurrency2,512,5,0,252833,288000,7880704,true,accepted=2;saturated=0;unexpected=0,2,2,0,0,3309,0,0,0,0,0,"controlled local burst; wall time includes scoped-thread creation, Aegis policy/transcript processing, bounded-pool admission, primitive verification, and joins; work_units counts accepted verifications only"
local-1786752806231006000,macmini-m2-macos26.5.2-rust1.97.1-aarch64-20260814-workers1,9d3ab807a08ef4cf1077dbc23213e2314ce37c87,MEASURED,1786752806316894000,load,aegis_bounded_verification_pool,ML-DSA-65,concurrent_verify_burst,workers1_concurrency2,512,6,0,268667,311000,7897088,true,accepted=2;saturated=0;unexpected=0,2,2,0,0,3309,0,0,0,0,0,"controlled local burst; wall time includes scoped-thread creation, Aegis policy/transcript processing, bounded-pool admission, primitive verification, and joins; work_units counts accepted verifications only"
local-1786752806231006000,macmini-m2-macos26.5.2-rust1.97.1-aarch64-20260814-workers1,9d3ab807a08ef4cf1077dbc23213e2314ce37c87,MEASURED,1786752806318207000,load,aegis_bounded_verification_pool,ML-DSA-65,concurrent_verify_burst,workers1_concurrency2,512,7,0,276792,322000,7897088,true,accepted=2;saturated=0;unexpected=0,2,2,0,0,3309,0,0,0,0,0,"controlled local burst; wall time includes scoped-thread creation, Aegis policy/transcript processing, bounded-pool admission, primitive verification, and joins; work_units counts accepted verifications only"
local-1786752806231006000,macmini-m2-macos26.5.2-rust1.97.1-aarch64-20260814-workers1,9d3ab807a08ef4cf1077dbc23213e2314ce37c87,MEASURED,1786752806319392000,load,aegis_bounded_verification_pool,ML-DSA-65,concurrent_verify_burst,workers1_concurrency2,512,8,0,304209,346000,7897088,true,accepted=2;saturated=0;unexpected=0,2,2,0,0,3309,0,0,0,0,0,"controlled local burst; wall time includes scoped-thread creation, Aegis policy/transcript processing, bounded-pool admission, primitive verification, and joins; work_units counts accepted verifications only"
local-1786752806231006000,macmini-m2-macos26.5.2-rust1.97.1-aarch64-20260814-workers1,9d3ab807a08ef4cf1077dbc23213e2314ce37c87,MEASURED,1786752806320349000,load,aegis_bounded_verification_pool,ML-DSA-65,concurrent_verify_burst,workers1_concurrency2,512,9,0,287250,326000,7897088,true,accepted=2;saturated=0;unexpected=0,2,2,0,0,3309,0,0,0,0,0,"controlled local burst; wall time includes scoped-thread creation, Aegis policy/transcript processing, bounded-pool admission, primitive verification, and joins; work_units counts accepted verifications only"
local-1786752806231006000,macmini-m2-macos26.5.2-rust1.97.1-aarch64-20260814-workers1,9d3ab807a08ef4cf1077dbc23213e2314ce37c87,MEASURED,1786752806321549000,load,aegis_bounded_verification_pool,ML-DSA-65,concurrent_verify_burst,workers1_concurrency2,512,10,0,266583,308000,7913472,true,accepted=2;saturated=0;unexpected=0,2,2,0,0,3309,0,0,0,0,0,"controlled local burst; wall time includes scoped-thread creation, Aegis policy/transcript processing, bounded-pool admission, primitive verification, and joins; work_units counts accepted verifications only"
local-1786752806231006000,macmini-m2-macos26.5.2-rust1.97.1-aarch64-20260814-workers1,9d3ab807a08ef4cf1077dbc23213e2314ce37c87,MEASURED,1786752806322405000,load,aegis_bounded_verification_pool,ML-DSA-65,concurrent_verify_burst,workers1_concurrency2,512,11,0,268125,312000,7913472,true,accepted=2;saturated=0;unexpected=0,2,2,0,0,3309,0,0,0,0,0,"controlled local burst; wall time includes scoped-thread creation, Aegis policy/transcript processing, bounded-pool admission, primitive verification, and joins; work_units counts accepted verifications only"
local-1786752806231006000,macmini-m2-macos26.5.2-rust1.97.1-aarch64-20260814-workers1,9d3ab807a08ef4cf1077dbc23213e2314ce37c87,MEASURED,1786752806323486000,load,aegis_bounded_verification_pool,ML-DSA-65,concurrent_verify_burst,workers1_concurrency2,512,12,0,260917,298000,7913472,true,accepted=2;saturated=0;unexpected=0,2,2,0,0,3309,0,0,0,0,0,"controlled local burst; wall time includes scoped-thread creation, Aegis policy/transcript processing, bounded-pool admission, primitive verification, and joins; work_units counts accepted verifications only"
local-1786752806231006000,macmini-m2-macos26.5.2-rust1.97.1-aarch64-20260814-workers1,9d3ab807a08ef4cf1077dbc23213e2314ce37c87,MEASURED,1786752806324757000,load,aegis_bounded_verification_pool,ML-DSA-65,concurrent_verify_burst,workers1_concurrency2,512,13,0,271625,312000,7913472,true,accepted=2;saturated=0;unexpected=0,2,2,0,0,3309,0,0,0,0,0,"controlled local burst; wall time includes scoped-thread creation, Aegis policy/transcript processing, bounded-pool admission, primitive verification, and joins; work_units counts accepted verifications only"
local-1786752806231006000,macmini-m2-macos26.5.2-rust1.97.1-aarch64-20260814-workers1,9d3ab807a08ef4cf1077dbc23213e2314ce37c87,MEASURED,1786752806325772000,load,aegis_bounded_verification_pool,ML-DSA-65,concurrent_verify_burst,workers1_concurrency2,512,14,0,334167,362000,7913472,true,accepted=2;saturated=0;unexpected=0,2,2,0,0,3309,0,0,0,0,0,"controlled local burst; wall time includes scoped-thread creation, Aegis policy/transcript processing, bounded-pool admission, primitive verification, and joins; work_units counts accepted verifications only"
local-1786752806231006000,macmini-m2-macos26.5.2-rust1.97.1-aarch64-20260814-workers1,9d3ab807a08ef4cf1077dbc23213e2314ce37c87,MEASURED,1786752806327223000,load,aegis_bounded_verification_pool,ML-DSA-65,concurrent_verify_burst,workers1_concurrency2,512,15,0,313667,353000,7913472,true,accepted=2;saturated=0;unexpected=0,2,2,0,0,3309,0,0,0,0,0,"controlled local burst; wall time includes scoped-thread creation, Aegis policy/transcript processing, bounded-pool admission, primitive verification, and joins; work_units counts accepted verifications only"
local-1786752806231006000,macmini-m2-macos26.5.2-rust1.97.1-aarch64-20260814-workers1,9d3ab807a08ef4cf1077dbc23213e2314ce37c87,MEASURED,1786752806327869000,load,aegis_bounded_verification_pool,ML-DSA-65,concurrent_verify_burst,workers1_concurrency2,512,16,0,270292,317000,7913472,true,accepted=2;saturated=0;unexpected=0,2,2,0,0,3309,0,0,0,0,0,"controlled local burst; wall time includes scoped-thread creation, Aegis policy/transcript processing, bounded-pool admission, primitive verification, and joins; work_units counts accepted verifications only"
local-1786752806231006000,macmini-m2-macos26.5.2-rust1.97.1-aarch64-20260814-workers1,9d3ab807a08ef4cf1077dbc23213e2314ce37c87,MEASURED,1786752806328888000,load,aegis_bounded_verification_pool,ML-DSA-65,concurrent_verify_burst,workers1_concurrency2,512,17,0,259042,297000,7913472,true,accepted=2;saturated=0;unexpected=0,2,2,0,0,3309,0,0,0,0,0,"controlled local burst; wall time includes scoped-thread creation, Aegis policy/transcript processing, bounded-pool admission, primitive verification, and joins; work_units counts accepted verifications only"
local-1786752806231006000,macmini-m2-macos26.5.2-rust1.97.1-aarch64-20260814-workers1,9d3ab807a08ef4cf1077dbc23213e2314ce37c87,MEASURED,1786752806329913000,load,aegis_bounded_verification_pool,ML-DSA-65,concurrent_verify_burst,workers1_concurrency2,512,18,0,259000,296000,7913472,true,accepted=2;saturated=0;unexpected=0,2,2,0,0,3309,0,0,0,0,0,"controlled local burst; wall time includes scoped-thread creation, Aegis policy/transcript processing, bounded-pool admission, primitive verification, and joins; work_units counts accepted verifications only"
local-1786752806231006000,macmini-m2-macos26.5.2-rust1.97.1-aarch64-20260814-workers1,9d3ab807a08ef4cf1077dbc23213e2314ce37c87,MEASURED,1786752806330960000,load,aegis_bounded_verification_pool,ML-DSA-65,concurrent_verify_burst,workers1_concurrency2,512,19,0,256750,296000,7913472,true,accepted=2;saturated=0;unexpected=0,2,2,0,0,3309,0,0,0,0,0,"controlled local burst; wall time includes scoped-thread creation, Aegis policy/transcript processing, bounded-pool admission, primitive verification, and joins; work_units counts accepted verifications only"
local-1786752806231006000,macmini-m2-macos26.5.2-rust1.97.1-aarch64-20260814-workers1,9d3ab807a08ef4cf1077dbc23213e2314ce37c87,MEASURED,1786752806331673000,load,aegis_bounded_verification_pool,ML-DSA-65,concurrent_verify_burst,workers1_concurrency2,512,20,0,305833,345000,7913472,true,accepted=2;saturated=0;unexpected=0,2,2,0,0,3309,0,0,0,0,0,"controlled local burst; wall time includes scoped-thread creation, Aegis policy/transcript processing, bounded-pool admission, primitive verification, and joins; work_units counts accepted verifications only"
local-1786752806231006000,macmini-m2-macos26.5.2-rust1.97.1-aarch64-20260814-workers1,9d3ab807a08ef4cf1077dbc23213e2314ce37c87,MEASURED,1786752806332927000,load,aegis_bounded_verification_pool,ML-DSA-65,concurrent_verify_burst,workers1_concurrency2,512,21,0,327667,320000,7913472,true,accepted=2;saturated=0;unexpected=0,2,2,0,0,3309,0,0,0,0,0,"controlled local burst; wall time includes scoped-thread creation, Aegis policy/transcript processing, bounded-pool admission, primitive verification, and joins; work_units counts accepted verifications only"
local-1786752806231006000,macmini-m2-macos26.5.2-rust1.97.1-aarch64-20260814-workers1,9d3ab807a08ef4cf1077dbc23213e2314ce37c87,MEASURED,1786752806334043000,load,aegis_bounded_verification_pool,ML-DSA-65,concurrent_verify_burst,workers1_concurrency2,512,22,0,288167,345000,7913472,true,accepted=2;saturated=0;unexpected=0,2,2,0,0,3309,0,0,0,0,0,"controlled local burst; wall time includes scoped-thread creation, Aegis policy/transcript processing, bounded-pool admission, primitive verification, and joins; work_units counts accepted verifications only"
local-1786752806231006000,macmini-m2-macos26.5.2-rust1.97.1-aarch64-20260814-workers1,9d3ab807a08ef4cf1077dbc23213e2314ce37c87,MEASURED,1786752806335178000,load,aegis_bounded_verification_pool,ML-DSA-65,concurrent_verify_burst,workers1_concurrency2,512,23,0,289625,331000,7913472,true,accepted=2;saturated=0;unexpected=0,2,2,0,0,3309,0,0,0,0,0,"controlled local burst; wall time includes scoped-thread creation, Aegis policy/transcript processing, bounded-pool admission, primitive verification, and joins; work_units counts accepted verifications only"
local-1786752806231006000,macmini-m2-macos26.5.2-rust1.97.1-aarch64-20260814-workers1,9d3ab807a08ef4cf1077dbc23213e2314ce37c87,MEASURED,1786752806336014000,load,aegis_bounded_verification_pool,ML-DSA-65,concurrent_verify_burst,workers1_concurrency2,512,24,0,264375,305000,7913472,true,accepted=2;saturated=0;unexpected=0,2,2,0,0,3309,0,0,0,0,0,"controlled local burst; wall time includes scoped-thread creation, Aegis policy/transcript processing, bounded-pool admission, primitive verification, and joins; work_units counts accepted verifications only"
local-1786752806231006000,macmini-m2-macos26.5.2-rust1.97.1-aarch64-20260814-workers1,9d3ab807a08ef4cf1077dbc23213e2314ce37c87,MEASURED,1786752806336953000,load,aegis_bounded_verification_pool,ML-DSA-65,concurrent_verify_burst,workers1_concurrency2,512,25,0,258417,298000,7913472,true,accepted=2;saturated=0;unexpected=0,2,2,0,0,3309,0,0,0,0,0,"controlled local burst; wall time includes scoped-thread creation, Aegis policy/transcript processing, bounded-pool admission, primitive verification, and joins; work_units counts accepted verifications only"
local-1786752806231006000,macmini-m2-macos26.5.2-rust1.97.1-aarch64-20260814-workers1,9d3ab807a08ef4cf1077dbc23213e2314ce37c87,MEASURED,1786752806338221000,load,aegis_bounded_verification_pool,ML-DSA-65,concurrent_verify_burst,workers1_concurrency2,512,26,0,272583,309000,7913472,true,accepted=2;saturated=0;unexpected=0,2,2,0,0,3309,0,0,0,0,0,"controlled local burst; wall time includes scoped-thread creation, Aegis policy/transcript processing, bounded-pool admission, primitive verification, and joins; work_units counts accepted verifications only"
local-1786752806231006000,macmini-m2-macos26.5.2-rust1.97.1-aarch64-20260814-workers1,9d3ab807a08ef4cf1077dbc23213e2314ce37c87,MEASURED,1786752806339109000,load,aegis_bounded_verification_pool,ML-DSA-65,concurrent_verify_burst,workers1_concurrency2,512,27,0,286583,331000,7913472,true,accepted=2;saturated=0;unexpected=0,2,2,0,0,3309,0,0,0,0,0,"controlled local burst; wall time includes scoped-thread creation, Aegis policy/transcript processing, bounded-pool admission, primitive verification, and joins; work_units counts accepted verifications only"
local-1786752806231006000,macmini-m2-macos26.5.2-rust1.97.1-aarch64-20260814-workers1,9d3ab807a08ef4cf1077dbc23213e2314ce37c87,MEASURED,1786752806340023000,load,aegis_bounded_verification_pool,ML-DSA-65,concurrent_verify_burst,workers1_concurrency2,512,28,0,350625,448000,7913472,true,accepted=2;saturated=0;unexpected=0,2,2,0,0,3309,0,0,0,0,0,"controlled local burst; wall time includes scoped-thread creation, Aegis policy/transcript processing, bounded-pool admission, primitive verification, and joins; work_units counts accepted verifications only"
local-1786752806231006000,macmini-m2-macos26.5.2-rust1.97.1-aarch64-20260814-workers1,9d3ab807a08ef4cf1077dbc23213e2314ce37c87,MEASURED,1786752806340802000,load,aegis_bounded_verification_pool,ML-DSA-65,concurrent_verify_burst,workers1_concurrency2,512,29,0,275042,335000,7913472,true,accepted=2;saturated=0;unexpected=0,2,2,0,0,3309,0,0,0,0,0,"controlled local burst; wall time includes scoped-thread creation, Aegis policy/transcript processing, bounded-pool admission, primitive verification, and joins; work_units counts accepted verifications only"
local-1786752806231006000,macmini-m2-macos26.5.2-rust1.97.1-aarch64-20260814-workers1,9d3ab807a08ef4cf1077dbc23213e2314ce37c87,MEASURED,1786752806341602000,load,aegis_bounded_verification_pool,ML-DSA-65,concurrent_verify_burst,workers1_concurrency2,512,30,0,272583,315000,7913472,true,accepted=2;saturated=0;unexpected=0,2,2,0,0,3309,0,0,0,0,0,"controlled local burst; wall time includes scoped-thread creation, Aegis policy/transcript processing, bounded-pool admission, primitive verification, and joins; work_units counts accepted verifications only"
local-1786752806231006000,macmini-m2-macos26.5.2-rust1.97.1-aarch64-20260814-workers1,9d3ab807a08ef4cf1077dbc23213e2314ce37c87,MEASURED,1786752806342843000,load,aegis_bounded_verification_pool,ML-DSA-65,concurrent_verify_burst,workers1_concurrency2,512,31,0,263125,303000,7913472,true,accepted=2;saturated=0;unexpected=0,2,2,0,0,3309,0,0,0,0,0,"controlled local burst; wall time includes scoped-thread creation, Aegis policy/transcript processing, bounded-pool admission, primitive verification, and joins; work_units counts accepted verifications only"
local-1786752806231006000,macmini-m2-macos26.5.2-rust1.97.1-aarch64-20260814-workers1,9d3ab807a08ef4cf1077dbc23213e2314ce37c87,MEASURED,1786752806344153000,load,aegis_bounded_verification_pool,ML-DSA-65,concurrent_verify_burst,workers1_concurrency2,512,32,0,273167,313000,7913472,true,accepted=2;saturated=0;unexpected=0,2,2,0,0,3309,0,0,0,0,0,"controlled local burst; wall time includes scoped-thread creation, Aegis policy/transcript processing, bounded-pool admission, primitive verification, and joins; work_units counts accepted verifications only"
local-1786752806231006000,macmini-m2-macos26.5.2-rust1.97.1-aarch64-20260814-workers1,9d3ab807a08ef4cf1077dbc23213e2314ce37c87,MEASURED,1786752806344943000,load,aegis_bounded_verification_pool,ML-DSA-65,concurrent_verify_burst,workers1_concurrency2,512,33,0,259833,298000,7913472,true,accepted=2;saturated=0;unexpected=0,2,2,0,0,3309,0,0,0,0,0,"controlled local burst; wall time includes scoped-thread creation, Aegis policy/transcript processing, bounded-pool admission, primitive verification, and joins; work_units counts accepted verifications only"
local-1786752806231006000,macmini-m2-macos26.5.2-rust1.97.1-aarch64-20260814-workers1,9d3ab807a08ef4cf1077dbc23213e2314ce37c87,MEASURED,1786752806346320000,load,aegis_bounded_verification_pool,ML-DSA-65,concurrent_verify_burst,workers1_concurrency2,512,34,0,281750,338000,7913472,true,accepted=2;saturated=0;unexpected=0,2,2,0,0,3309,0,0,0,0,0,"controlled local burst; wall time includes scoped-thread creation, Aegis policy/transcript processing, bounded-pool admission, primitive verification, and joins; work_units counts accepted verifications only"
local-1786752806231006000,macmini-m2-macos26.5.2-rust1.97.1-aarch64-20260814-workers1,9d3ab807a08ef4cf1077dbc23213e2314ce37c87,MEASURED,1786752806348685000,load,aegis_bounded_verification_pool,ML-DSA-65,concurrent_verify_burst,workers1_concurrency2,512,35,0,299000,356000,7929856,true,accepted=2;saturated=0;unexpected=0,2,2,0,0,3309,0,0,0,0,0,"controlled local burst; wall time includes scoped-thread creation, Aegis policy/transcript processing, bounded-pool admission, primitive verification, and joins; work_units counts accepted verifications only"
local-1786752806231006000,macmini-m2-macos26.5.2-rust1.97.1-aarch64-20260814-workers1,9d3ab807a08ef4cf1077dbc23213e2314ce37c87,MEASURED,1786752806349658000,load,aegis_bounded_verification_pool,ML-DSA-65,concurrent_verify_burst,workers1_concurrency2,512,36,0,314708,352000,7929856,true,accepted=2;saturated=0;unexpected=0,2,2,0,0,3309,0,0,0,0,0,"controlled local burst; wall time includes scoped-thread creation, Aegis policy/transcript processing, bounded-pool admission, primitive verification, and joins; work_units counts accepted verifications only"
local-1786752806231006000,macmini-m2-macos26.5.2-rust1.97.1-aarch64-20260814-workers1,9d3ab807a08ef4cf1077dbc23213e2314ce37c87,MEASURED,1786752806350594000,load,aegis_bounded_verification_pool,ML-DSA-65,concurrent_verify_burst,workers1_concurrency2,512,37,0,308875,334000,7929856,true,accepted=2;saturated=0;unexpected=0,2,2,0,0,3309,0,0,0,0,0,"controlled local burst; wall time includes scoped-thread creation, Aegis policy/transcript processing, bounded-pool admission, primitive verification, and joins; work_units counts accepted verifications only"
local-1786752806231006000,macmini-m2-macos26.5.2-rust1.97.1-aarch64-20260814-workers1,9d3ab807a08ef4cf1077dbc23213e2314ce37c87,MEASURED,1786752806351501000,load,aegis_bounded_verification_pool,ML-DSA-65,concurrent_verify_burst,workers1_concurrency2,512,38,0,290833,339000,7929856,true,accepted=2;saturated=0;unexpected=0,2,2,0,0,3309,0,0,0,0,0,"controlled local burst; wall time includes scoped-thread creation, Aegis policy/transcript processing, bounded-pool admission, primitive verification, and joins; work_units counts accepted verifications only"
local-1786752806231006000,macmini-m2-macos26.5.2-rust1.97.1-aarch64-20260814-workers1,9d3ab807a08ef4cf1077dbc23213e2314ce37c87,MEASURED,1786752806352622000,load,aegis_bounded_verification_pool,ML-DSA-65,concurrent_verify_burst,workers1_concurrency2,512,39,0,289792,336000,7929856,true,accepted=2;saturated=0;unexpected=0,2,2,0,0,3309,0,0,0,0,0,"controlled local burst; wall time includes scoped-thread creation, Aegis policy/transcript processing, bounded-pool admission, primitive verification, and joins; work_units counts accepted verifications only"
local-1786752806231006000,macmini-m2-macos26.5.2-rust1.97.1-aarch64-20260814-workers1,9d3ab807a08ef4cf1077dbc23213e2314ce37c87,MEASURED,1786752806354751000,load,aegis_bounded_verification_pool,ML-DSA-65,concurrent_verify_burst,workers1_concurrency2,512,40,0,276291,341000,7929856,true,accepted=2;saturated=0;unexpected=0,2,2,0,0,3309,0,0,0,0,0,"controlled local burst; wall time includes scoped-thread creation, Aegis policy/transcript processing, bounded-pool admission, primitive verification, and joins; work_units counts accepted verifications only"
local-1786752806231006000,macmini-m2-macos26.5.2-rust1.97.1-aarch64-20260814-workers1,9d3ab807a08ef4cf1077dbc23213e2314ce37c87,MEASURED,1786752806355750000,load,aegis_bounded_verification_pool,ML-DSA-65,concurrent_verify_burst,workers1_concurrency2,512,41,0,275625,321000,7929856,true,accepted=2;saturated=0;unexpected=0,2,2,0,0,3309,0,0,0,0,0,"controlled local burst; wall time includes scoped-thread creation, Aegis policy/transcript processing, bounded-pool admission, primitive verification, and joins; work_units counts accepted verifications only"
local-1786752806231006000,macmini-m2-macos26.5.2-rust1.97.1-aarch64-20260814-workers1,9d3ab807a08ef4cf1077dbc23213e2314ce37c87,MEASURED,1786752806356327000,load,aegis_bounded_verification_pool,ML-DSA-65,concurrent_verify_burst,workers1_concurrency2,512,42,0,267250,310000,7929856,true,accepted=2;saturated=0;unexpected=0,2,2,0,0,3309,0,0,0,0,0,"controlled local burst; wall time includes scoped-thread creation, Aegis policy/transcript processing, bounded-pool admission, primitive verification, and joins; work_units counts accepted verifications only"
local-1786752806231006000,macmini-m2-macos26.5.2-rust1.97.1-aarch64-20260814-workers1,9d3ab807a08ef4cf1077dbc23213e2314ce37c87,MEASURED,1786752806358569000,load,aegis_bounded_verification_pool,ML-DSA-65,concurrent_verify_burst,workers1_concurrency2,512,43,0,265084,305000,7929856,true,accepted=2;saturated=0;unexpected=0,2,2,0,0,3309,0,0,0,0,0,"controlled local burst; wall time includes scoped-thread creation, Aegis policy/transcript processing, bounded-pool admission, primitive verification, and joins; work_units counts accepted verifications only"
local-1786752806231006000,macmini-m2-macos26.5.2-rust1.97.1-aarch64-20260814-workers1,9d3ab807a08ef4cf1077dbc23213e2314ce37c87,MEASURED,1786752806359453000,load,aegis_bounded_verification_pool,ML-DSA-65,concurrent_verify_burst,workers1_concurrency2,512,44,0,313125,356000,7929856,true,accepted=2;saturated=0;unexpected=0,2,2,0,0,3309,0,0,0,0,0,"controlled local burst; wall time includes scoped-thread creation, Aegis policy/transcript processing, bounded-pool admission, primitive verification, and joins; work_units counts accepted verifications only"
local-1786752806231006000,macmini-m2-macos26.5.2-rust1.97.1-aarch64-20260814-workers1,9d3ab807a08ef4cf1077dbc23213e2314ce37c87,MEASURED,1786752806360108000,load,aegis_bounded_verification_pool,ML-DSA-65,concurrent_verify_burst,workers1_concurrency2,512,45,0,264292,304000,7929856,true,accepted=2;saturated=0;unexpected=0,2,2,0,0,3309,0,0,0,0,0,"controlled local burst; wall time includes scoped-thread creation, Aegis policy/transcript processing, bounded-pool admission, primitive verification, and joins; work_units counts accepted verifications only"
local-1786752806231006000,macmini-m2-macos26.5.2-rust1.97.1-aarch64-20260814-workers1,9d3ab807a08ef4cf1077dbc23213e2314ce37c87,MEASURED,1786752806361000000,load,aegis_bounded_verification_pool,ML-DSA-65,concurrent_verify_burst,workers1_concurrency2,512,46,0,309709,376000,7929856,true,accepted=2;saturated=0;unexpected=0,2,2,0,0,3309,0,0,0,0,0,"controlled local burst; wall time includes scoped-thread creation, Aegis policy/transcript processing, bounded-pool admission, primitive verification, and joins; work_units counts accepted verifications only"
local-1786752806231006000,macmini-m2-macos26.5.2-rust1.97.1-aarch64-20260814-workers1,9d3ab807a08ef4cf1077dbc23213e2314ce37c87,MEASURED,1786752806361687000,load,aegis_bounded_verification_pool,ML-DSA-65,concurrent_verify_burst,workers1_concurrency2,512,47,0,292375,338000,7929856,true,accepted=2;saturated=0;unexpected=0,2,2,0,0,3309,0,0,0,0,0,"controlled local burst; wall time includes scoped-thread creation, Aegis policy/transcript processing, bounded-pool admission, primitive verification, and joins; work_units counts accepted verifications only"
local-1786752806231006000,macmini-m2-macos26.5.2-rust1.97.1-aarch64-20260814-workers1,9d3ab807a08ef4cf1077dbc23213e2314ce37c87,MEASURED,1786752806362931000,load,aegis_bounded_verification_pool,ML-DSA-65,concurrent_verify_burst,workers1_concurrency2,512,48,0,290208,333000,7929856,true,accepted=2;saturated=0;unexpected=0,2,2,0,0,3309,0,0,0,0,0,"controlled local burst; wall time includes scoped-thread creation, Aegis policy/transcript processing, bounded-pool admission, primitive verification, and joins; work_units counts accepted verifications only"
local-1786752806231006000,macmini-m2-macos26.5.2-rust1.97.1-aarch64-20260814-workers1,9d3ab807a08ef4cf1077dbc23213e2314ce37c87,MEASURED,1786752806364364000,load,aegis_bounded_verification_pool,ML-DSA-65,concurrent_verify_burst,workers1_concurrency2,512,49,0,261791,303000,7929856,true,accepted=2;saturated=0;unexpected=0,2,2,0,0,3309,0,0,0,0,0,"controlled local burst; wall time includes scoped-thread creation, Aegis policy/transcript processing, bounded-pool admission, primitive verification, and joins; work_units counts accepted verifications only"
local-1786752806231006000,macmini-m2-macos26.5.2-rust1.97.1-aarch64-20260814-workers1,9d3ab807a08ef4cf1077dbc23213e2314ce37c87,MEASURED,1786752806365470000,load,aegis_bounded_verification_pool,ML-DSA-65,concurrent_verify_burst,workers1_concurrency2,512,50,0,260791,299000,7929856,true,accepted=2;saturated=0;unexpected=0,2,2,0,0,3309,0,0,0,0,0,"controlled local burst; wall time includes scoped-thread creation, Aegis policy/transcript processing, bounded-pool admission, primitive verification, and joins; work_units counts accepted verifications only"
local-1786752806231006000,macmini-m2-macos26.5.2-rust1.97.1-aarch64-20260814-workers1,9d3ab807a08ef4cf1077dbc23213e2314ce37c87,MEASURED,1786752806366732000,load,aegis_bounded_verification_pool,ML-DSA-65,concurrent_verify_burst,workers1_concurrency2,512,51,0,288459,342000,7929856,true,accepted=2;saturated=0;unexpected=0,2,2,0,0,3309,0,0,0,0,0,"controlled local burst; wall time includes scoped-thread creation, Aegis policy/transcript processing, bounded-pool admission, primitive verification, and joins; work_units counts accepted verifications only"
local-1786752806231006000,macmini-m2-macos26.5.2-rust1.97.1-aarch64-20260814-workers1,9d3ab807a08ef4cf1077dbc23213e2314ce37c87,MEASURED,1786752806367745000,load,aegis_bounded_verification_pool,ML-DSA-65,concurrent_verify_burst,workers1_concurrency2,512,52,0,349875,388000,7929856,true,accepted=2;saturated=0;unexpected=0,2,2,0,0,3309,0,0,0,0,0,"controlled local burst; wall time includes scoped-thread creation, Aegis policy/transcript processing, bounded-pool admission, primitive verification, and joins; work_units counts accepted verifications only"
local-1786752806231006000,macmini-m2-macos26.5.2-rust1.97.1-aarch64-20260814-workers1,9d3ab807a08ef4cf1077dbc23213e2314ce37c87,MEASURED,1786752806368659000,load,aegis_bounded_verification_pool,ML-DSA-65,concurrent_verify_burst,workers1_concurrency2,512,53,0,265083,308000,7929856,true,accepted=2;saturated=0;unexpected=0,2,2,0,0,3309,0,0,0,0,0,"controlled local burst; wall time includes scoped-thread creation, Aegis policy/transcript processing, bounded-pool admission, primitive verification, and joins; work_units counts accepted verifications only"
local-1786752806231006000,macmini-m2-macos26.5.2-rust1.97.1-aarch64-20260814-workers1,9d3ab807a08ef4cf1077dbc23213e2314ce37c87,MEASURED,1786752806369319000,load,aegis_bounded_verification_pool,ML-DSA-65,concurrent_verify_burst,workers1_concurrency2,512,54,0,275750,322000,7929856,true,accepted=2;saturated=0;unexpected=0,2,2,0,0,3309,0,0,0,0,0,"controlled local burst; wall time includes scoped-thread creation, Aegis policy/transcript processing, bounded-pool admission, primitive verification, and joins; work_units counts accepted verifications only"
local-1786752806231006000,macmini-m2-macos26.5.2-rust1.97.1-aarch64-20260814-workers1,9d3ab807a08ef4cf1077dbc23213e2314ce37c87,MEASURED,1786752806370160000,load,aegis_bounded_verification_pool,ML-DSA-65,concurrent_verify_burst,workers1_concurrency2,512,55,0,263458,304000,7929856,true,accepted=2;saturated=0;unexpected=0,2,2,0,0,3309,0,0,0,0,0,"controlled local burst; wall time includes scoped-thread creation, Aegis policy/transcript processing, bounded-pool admission, primitive verification, and joins; work_units counts accepted verifications only"
local-1786752806231006000,macmini-m2-macos26.5.2-rust1.97.1-aarch64-20260814-workers1,9d3ab807a08ef4cf1077dbc23213e2314ce37c87,MEASURED,1786752806370706000,load,aegis_bounded_verification_pool,ML-DSA-65,concurrent_verify_burst,workers1_concurrency2,512,56,0,269542,307000,7929856,true,accepted=2;saturated=0;unexpected=0,2,2,0,0,3309,0,0,0,0,0,"controlled local burst; wall time includes scoped-thread creation, Aegis policy/transcript processing, bounded-pool admission, primitive verification, and joins; work_units counts accepted verifications only"
local-1786752806231006000,macmini-m2-macos26.5.2-rust1.97.1-aarch64-20260814-workers1,9d3ab807a08ef4cf1077dbc23213e2314ce37c87,MEASURED,1786752806371828000,load,aegis_bounded_verification_pool,ML-DSA-65,concurrent_verify_burst,workers1_concurrency2,512,57,0,275125,319000,7929856,true,accepted=2;saturated=0;unexpected=0,2,2,0,0,3309,0,0,0,0,0,"controlled local burst; wall time includes scoped-thread creation, Aegis policy/transcript processing, bounded-pool admission, primitive verification, and joins; work_units counts accepted verifications only"
local-1786752806231006000,macmini-m2-macos26.5.2-rust1.97.1-aarch64-20260814-workers1,9d3ab807a08ef4cf1077dbc23213e2314ce37c87,MEASURED,1786752806372449000,load,aegis_bounded_verification_pool,ML-DSA-65,concurrent_verify_burst,workers1_concurrency2,512,58,0,265542,308000,7929856,true,accepted=2;saturated=0;unexpected=0,2,2,0,0,3309,0,0,0,0,0,"controlled local burst; wall time includes scoped-thread creation, Aegis policy/transcript processing, bounded-pool admission, primitive verification, and joins; work_units counts accepted verifications only"
local-1786752806231006000,macmini-m2-macos26.5.2-rust1.97.1-aarch64-20260814-workers1,9d3ab807a08ef4cf1077dbc23213e2314ce37c87,MEASURED,1786752806373484000,load,aegis_bounded_verification_pool,ML-DSA-65,concurrent_verify_burst,workers1_concurrency2,512,59,0,276459,318000,7929856,true,accepted=2;saturated=0;unexpected=0,2,2,0,0,3309,0,0,0,0,0,"controlled local burst; wall time includes scoped-thread creation, Aegis policy/transcript processing, bounded-pool admission, primitive verification, and joins; work_units counts accepted verifications only"
local-1786752806231006000,macmini-m2-macos26.5.2-rust1.97.1-aarch64-20260814-workers1,9d3ab807a08ef4cf1077dbc23213e2314ce37c87,MEASURED,1786752806375224000,load,aegis_bounded_verification_pool,ML-DSA-65,concurrent_verify_burst,workers1_concurrency2,512,60,0,277959,327000,7929856,true,accepted=2;saturated=0;unexpected=0,2,2,0,0,3309,0,0,0,0,0,"controlled local burst; wall time includes scoped-thread creation, Aegis policy/transcript processing, bounded-pool admission, primitive verification, and joins; work_units counts accepted verifications only"
local-1786752806231006000,macmini-m2-macos26.5.2-rust1.97.1-aarch64-20260814-workers1,9d3ab807a08ef4cf1077dbc23213e2314ce37c87,MEASURED,1786752806376084000,load,aegis_bounded_verification_pool,ML-DSA-65,concurrent_verify_burst,workers1_concurrency2,512,61,0,265292,308000,7929856,true,accepted=2;saturated=0;unexpected=0,2,2,0,0,3309,0,0,0,0,0,"controlled local burst; wall time includes scoped-thread creation, Aegis policy/transcript processing, bounded-pool admission, primitive verification, and joins; work_units counts accepted verifications only"
local-1786752806231006000,macmini-m2-macos26.5.2-rust1.97.1-aarch64-20260814-workers1,9d3ab807a08ef4cf1077dbc23213e2314ce37c87,MEASURED,1786752806376879000,load,aegis_bounded_verification_pool,ML-DSA-65,concurrent_verify_burst,workers1_concurrency2,512,62,0,264083,306000,7929856,true,accepted=2;saturated=0;unexpected=0,2,2,0,0,3309,0,0,0,0,0,"controlled local burst; wall time includes scoped-thread creation, Aegis policy/transcript processing, bounded-pool admission, primitive verification, and joins; work_units counts accepted verifications only"
local-1786752806231006000,macmini-m2-macos26.5.2-rust1.97.1-aarch64-20260814-workers1,9d3ab807a08ef4cf1077dbc23213e2314ce37c87,MEASURED,1786752806378184000,load,aegis_bounded_verification_pool,ML-DSA-65,concurrent_verify_burst,workers1_concurrency2,512,63,0,266667,308000,7929856,true,accepted=2;saturated=0;unexpected=0,2,2,0,0,3309,0,0,0,0,0,"controlled local burst; wall time includes scoped-thread creation, Aegis policy/transcript processing, bounded-pool admission, primitive verification, and joins; work_units counts accepted verifications only"
local-1786752806231006000,macmini-m2-macos26.5.2-rust1.97.1-aarch64-20260814-workers1,9d3ab807a08ef4cf1077dbc23213e2314ce37c87,MEASURED,1786752806379718000,load,aegis_bounded_verification_pool,ML-DSA-65,concurrent_verify_burst,workers1_concurrency2,512,64,0,278916,324000,7929856,true,accepted=2;saturated=0;unexpected=0,2,2,0,0,3309,0,0,0,0,0,"controlled local burst; wall time includes scoped-thread creation, Aegis policy/transcript processing, bounded-pool admission, primitive verification, and joins; work_units counts accepted verifications only"
local-1786752806231006000,macmini-m2-macos26.5.2-rust1.97.1-aarch64-20260814-workers1,9d3ab807a08ef4cf1077dbc23213e2314ce37c87,MEASURED,1786752806381419000,load,aegis_bounded_verification_pool,ML-DSA-65,concurrent_verify_burst,workers1_concurrency2,512,65,0,313250,341000,7929856,true,accepted=2;saturated=0;unexpected=0,2,2,0,0,3309,0,0,0,0,0,"controlled local burst; wall time includes scoped-thread creation, Aegis policy/transcript processing, bounded-pool admission, primitive verification, and joins; work_units counts accepted verifications only"
local-1786752806231006000,macmini-m2-macos26.5.2-rust1.97.1-aarch64-20260814-workers1,9d3ab807a08ef4cf1077dbc23213e2314ce37c87,MEASURED,1786752806382128000,load,aegis_bounded_verification_pool,ML-DSA-65,concurrent_verify_burst,workers1_concurrency2,512,66,0,285500,339000,7929856,true,accepted=2;saturated=0;unexpected=0,2,2,0,0,3309,0,0,0,0,0,"controlled local burst; wall time includes scoped-thread creation, Aegis policy/transcript processing, bounded-pool admission, primitive verification, and joins; work_units counts accepted verifications only"
local-1786752806231006000,macmini-m2-macos26.5.2-rust1.97.1-aarch64-20260814-workers1,9d3ab807a08ef4cf1077dbc23213e2314ce37c87,MEASURED,1786752806383186000,load,aegis_bounded_verification_pool,ML-DSA-65,concurrent_verify_burst,workers1_concurrency2,512,67,0,270542,318000,7929856,true,accepted=2;saturated=0;unexpected=0,2,2,0,0,3309,0,0,0,0,0,"controlled local burst; wall time includes scoped-thread creation, Aegis policy/transcript processing, bounded-pool admission, primitive verification, and joins; work_units counts accepted verifications only"
local-1786752806231006000,macmini-m2-macos26.5.2-rust1.97.1-aarch64-20260814-workers1,9d3ab807a08ef4cf1077dbc23213e2314ce37c87,MEASURED,1786752806383948000,load,aegis_bounded_verification_pool,ML-DSA-65,concurrent_verify_burst,workers1_concurrency2,512,68,0,268750,309000,7929856,true,accepted=2;saturated=0;unexpected=0,2,2,0,0,3309,0,0,0,0,0,"controlled local burst; wall time includes scoped-thread creation, Aegis policy/transcript processing, bounded-pool admission, primitive verification, and joins; work_units counts accepted verifications only"
local-1786752806231006000,macmini-m2-macos26.5.2-rust1.97.1-aarch64-20260814-workers1,9d3ab807a08ef4cf1077dbc23213e2314ce37c87,MEASURED,1786752806385316000,load,aegis_bounded_verification_pool,ML-DSA-65,concurrent_verify_burst,workers1_concurrency2,512,69,0,267375,310000,7929856,true,accepted=2;saturated=0;unexpected=0,2,2,0,0,3309,0,0,0,0,0,"controlled local burst; wall time includes scoped-thread creation, Aegis policy/transcript processing, bounded-pool admission, primitive verification, and joins; work_units counts accepted verifications only"
local-1786752806231006000,macmini-m2-macos26.5.2-rust1.97.1-aarch64-20260814-workers1,9d3ab807a08ef4cf1077dbc23213e2314ce37c87,MEASURED,1786752806385932000,load,aegis_bounded_verification_pool,ML-DSA-65,concurrent_verify_burst,workers1_concurrency2,512,70,0,261792,304000,7929856,true,accepted=2;saturated=0;unexpected=0,2,2,0,0,3309,0,0,0,0,0,"controlled local burst; wall time includes scoped-thread creation, Aegis policy/transcript processing, bounded-pool admission, primitive verification, and joins; work_units counts accepted verifications only"
local-1786752806231006000,macmini-m2-macos26.5.2-rust1.97.1-aarch64-20260814-workers1,9d3ab807a08ef4cf1077dbc23213e2314ce37c87,MEASURED,1786752806386723000,load,aegis_bounded_verification_pool,ML-DSA-65,concurrent_verify_burst,workers1_concurrency2,512,71,0,275042,316000,7929856,true,accepted=2;saturated=0;unexpected=0,2,2,0,0,3309,0,0,0,0,0,"controlled local burst; wall time includes scoped-thread creation, Aegis policy/transcript processing, bounded-pool admission, primitive verification, and joins; work_units counts accepted verifications only"
local-1786752806231006000,macmini-m2-macos26.5.2-rust1.97.1-aarch64-20260814-workers1,9d3ab807a08ef4cf1077dbc23213e2314ce37c87,MEASURED,1786752806388796000,load,aegis_bounded_verification_pool,ML-DSA-65,concurrent_verify_burst,workers1_concurrency2,512,72,0,278250,327000,7929856,true,accepted=2;saturated=0;unexpected=0,2,2,0,0,3309,0,0,0,0,0,"controlled local burst; wall time includes scoped-thread creation, Aegis policy/transcript processing, bounded-pool admission, primitive verification, and joins; work_units counts accepted verifications only"
local-1786752806231006000,macmini-m2-macos26.5.2-rust1.97.1-aarch64-20260814-workers1,9d3ab807a08ef4cf1077dbc23213e2314ce37c87,MEASURED,1786752806390104000,load,aegis_bounded_verification_pool,ML-DSA-65,concurrent_verify_burst,workers1_concurrency2,512,73,0,277709,322000,7929856,true,accepted=2;saturated=0;unexpected=0,2,2,0,0,3309,0,0,0,0,0,"controlled local burst; wall time includes scoped-thread creation, Aegis policy/transcript processing, bounded-pool admission, primitive verification, and joins; work_units counts accepted verifications only"
local-1786752806231006000,macmini-m2-macos26.5.2-rust1.97.1-aarch64-20260814-workers1,9d3ab807a08ef4cf1077dbc23213e2314ce37c87,MEASURED,1786752806390898000,load,aegis_bounded_verification_pool,ML-DSA-65,concurrent_verify_burst,workers1_concurrency2,512,74,0,278792,326000,7929856,true,accepted=2;saturated=0;unexpected=0,2,2,0,0,3309,0,0,0,0,0,"controlled local burst; wall time includes scoped-thread creation, Aegis policy/transcript processing, bounded-pool admission, primitive verification, and joins; work_units counts accepted verifications only"
local-1786752806231006000,macmini-m2-macos26.5.2-rust1.97.1-aarch64-20260814-workers1,9d3ab807a08ef4cf1077dbc23213e2314ce37c87,MEASURED,1786752806391606000,load,aegis_bounded_verification_pool,ML-DSA-65,concurrent_verify_burst,workers1_concurrency2,512,75,0,266166,310000,7929856,true,accepted=2;saturated=0;unexpected=0,2,2,0,0,3309,0,0,0,0,0,"controlled local burst; wall time includes scoped-thread creation, Aegis policy/transcript processing, bounded-pool admission, primitive verification, and joins; work_units counts accepted verifications only"
local-1786752806231006000,macmini-m2-macos26.5.2-rust1.97.1-aarch64-20260814-workers1,9d3ab807a08ef4cf1077dbc23213e2314ce37c87,MEASURED,1786752806392752000,load,aegis_bounded_verification_pool,ML-DSA-65,concurrent_verify_burst,workers1_concurrency2,512,76,0,264583,306000,7929856,true,accepted=2;saturated=0;unexpected=0,2,2,0,0,3309,0,0,0,0,0,"controlled local burst; wall time includes scoped-thread creation, Aegis policy/transcript processing, bounded-pool admission, primitive verification, and joins; work_units counts accepted verifications only"
local-1786752806231006000,macmini-m2-macos26.5.2-rust1.97.1-aarch64-20260814-workers1,9d3ab807a08ef4cf1077dbc23213e2314ce37c87,MEASURED,1786752806393514000,load,aegis_bounded_verification_pool,ML-DSA-65,concurrent_verify_burst,workers1_concurrency2,512,77,0,273667,323000,7929856,true,accepted=2;saturated=0;unexpected=0,2,2,0,0,3309,0,0,0,0,0,"controlled local burst; wall time includes scoped-thread creation, Aegis policy/transcript processing, bounded-pool admission, primitive verification, and joins; work_units counts accepted verifications only"
local-1786752806231006000,macmini-m2-macos26.5.2-rust1.97.1-aarch64-20260814-workers1,9d3ab807a08ef4cf1077dbc23213e2314ce37c87,MEASURED,1786752806394253000,load,aegis_bounded_verification_pool,ML-DSA-65,concurrent_verify_burst,workers1_concurrency2,512,78,0,273833,320000,7946240,true,accepted=2;saturated=0;unexpected=0,2,2,0,0,3309,0,0,0,0,0,"controlled local burst; wall time includes scoped-thread creation, Aegis policy/transcript processing, bounded-pool admission, primitive verification, and joins; work_units counts accepted verifications only"
local-1786752806231006000,macmini-m2-macos26.5.2-rust1.97.1-aarch64-20260814-workers1,9d3ab807a08ef4cf1077dbc23213e2314ce37c87,MEASURED,1786752806396145000,load,aegis_bounded_verification_pool,ML-DSA-65,concurrent_verify_burst,workers1_concurrency2,512,79,0,282708,330000,7946240,true,accepted=2;saturated=0;unexpected=0,2,2,0,0,3309,0,0,0,0,0,"controlled local burst; wall time includes scoped-thread creation, Aegis policy/transcript processing, bounded-pool admission, primitive verification, and joins; work_units counts accepted verifications only"
local-1786752806231006000,macmini-m2-macos26.5.2-rust1.97.1-aarch64-20260814-workers1,9d3ab807a08ef4cf1077dbc23213e2314ce37c87,MEASURED,1786752806397373000,load,aegis_bounded_verification_pool,ML-DSA-65,concurrent_verify_burst,workers1_concurrency2,512,80,0,274416,318000,7946240,true,accepted=2;saturated=0;unexpected=0,2,2,0,0,3309,0,0,0,0,0,"controlled local burst; wall time includes scoped-thread creation, Aegis policy/transcript processing, bounded-pool admission, primitive verification, and joins; work_units counts accepted verifications only"
local-1786752806231006000,macmini-m2-macos26.5.2-rust1.97.1-aarch64-20260814-workers1,9d3ab807a08ef4cf1077dbc23213e2314ce37c87,MEASURED,1786752806398217000,load,aegis_bounded_verification_pool,ML-DSA-65,concurrent_verify_burst,workers1_concurrency2,512,81,0,265417,308000,7946240,true,accepted=2;saturated=0;unexpected=0,2,2,0,0,3309,0,0,0,0,0,"controlled local burst; wall time includes scoped-thread creation, Aegis policy/transcript processing, bounded-pool admission, primitive verification, and joins; work_units counts accepted verifications only"
local-1786752806231006000,macmini-m2-macos26.5.2-rust1.97.1-aarch64-20260814-workers1,9d3ab807a08ef4cf1077dbc23213e2314ce37c87,MEASURED,1786752806399245000,load,aegis_bounded_verification_pool,ML-DSA-65,concurrent_verify_burst,workers1_concurrency2,512,82,0,269417,312000,7946240,true,accepted=2;saturated=0;unexpected=0,2,2,0,0,3309,0,0,0,0,0,"controlled local burst; wall time includes scoped-thread creation, Aegis policy/transcript processing, bounded-pool admission, primitive verification, and joins; work_units counts accepted verifications only"
local-1786752806231006000,macmini-m2-macos26.5.2-rust1.97.1-aarch64-20260814-workers1,9d3ab807a08ef4cf1077dbc23213e2314ce37c87,MEASURED,1786752806399870000,load,aegis_bounded_verification_pool,ML-DSA-65,concurrent_verify_burst,workers1_concurrency2,512,83,0,267667,314000,7946240,true,accepted=2;saturated=0;unexpected=0,2,2,0,0,3309,0,0,0,0,0,"controlled local burst; wall time includes scoped-thread creation, Aegis policy/transcript processing, bounded-pool admission, primitive verification, and joins; work_units counts accepted verifications only"
local-1786752806231006000,macmini-m2-macos26.5.2-rust1.97.1-aarch64-20260814-workers1,9d3ab807a08ef4cf1077dbc23213e2314ce37c87,MEASURED,1786752806400654000,load,aegis_bounded_verification_pool,ML-DSA-65,concurrent_verify_burst,workers1_concurrency2,512,84,0,303292,348000,7946240,true,accepted=2;saturated=0;unexpected=0,2,2,0,0,3309,0,0,0,0,0,"controlled local burst; wall time includes scoped-thread creation, Aegis policy/transcript processing, bounded-pool admission, primitive verification, and joins; work_units counts accepted verifications only"
local-1786752806231006000,macmini-m2-macos26.5.2-rust1.97.1-aarch64-20260814-workers1,9d3ab807a08ef4cf1077dbc23213e2314ce37c87,MEASURED,1786752806401720000,load,aegis_bounded_verification_pool,ML-DSA-65,concurrent_verify_burst,workers1_concurrency2,512,85,0,280250,332000,7946240,true,accepted=2;saturated=0;unexpected=0,2,2,0,0,3309,0,0,0,0,0,"controlled local burst; wall time includes scoped-thread creation, Aegis policy/transcript processing, bounded-pool admission, primitive verification, and joins; work_units counts accepted verifications only"
local-1786752806231006000,macmini-m2-macos26.5.2-rust1.97.1-aarch64-20260814-workers1,9d3ab807a08ef4cf1077dbc23213e2314ce37c87,MEASURED,1786752806403222000,load,aegis_bounded_verification_pool,ML-DSA-65,concurrent_verify_burst,workers1_concurrency2,512,86,0,289167,342000,7946240,true,accepted=2;saturated=0;unexpected=0,2,2,0,0,3309,0,0,0,0,0,"controlled local burst; wall time includes scoped-thread creation, Aegis policy/transcript processing, bounded-pool admission, primitive verification, and joins; work_units counts accepted verifications only"
local-1786752806231006000,macmini-m2-macos26.5.2-rust1.97.1-aarch64-20260814-workers1,9d3ab807a08ef4cf1077dbc23213e2314ce37c87,MEASURED,1786752806404083000,load,aegis_bounded_verification_pool,ML-DSA-65,concurrent_verify_burst,workers1_concurrency2,512,87,0,280875,333000,7946240,true,accepted=2;saturated=0;unexpected=0,2,2,0,0,3309,0,0,0,0,0,"controlled local burst; wall time includes scoped-thread creation, Aegis policy/transcript processing, bounded-pool admission, primitive verification, and joins; work_units counts accepted verifications only"
local-1786752806231006000,macmini-m2-macos26.5.2-rust1.97.1-aarch64-20260814-workers1,9d3ab807a08ef4cf1077dbc23213e2314ce37c87,MEASURED,1786752806404782000,load,aegis_bounded_verification_pool,ML-DSA-65,concurrent_verify_burst,workers1_concurrency2,512,88,0,259834,303000,7946240,true,accepted=2;saturated=0;unexpected=0,2,2,0,0,3309,0,0,0,0,0,"controlled local burst; wall time includes scoped-thread creation, Aegis policy/transcript processing, bounded-pool admission, primitive verification, and joins; work_units counts accepted verifications only"
local-1786752806231006000,macmini-m2-macos26.5.2-rust1.97.1-aarch64-20260814-workers1,9d3ab807a08ef4cf1077dbc23213e2314ce37c87,MEASURED,1786752806405476000,load,aegis_bounded_verification_pool,ML-DSA-65,concurrent_verify_burst,workers1_concurrency2,512,89,0,264292,305000,7946240,true,accepted=2;saturated=0;unexpected=0,2,2,0,0,3309,0,0,0,0,0,"controlled local burst; wall time includes scoped-thread creation, Aegis policy/transcript processing, bounded-pool admission, primitive verification, and joins; work_units counts accepted verifications only"
local-1786752806231006000,macmini-m2-macos26.5.2-rust1.97.1-aarch64-20260814-workers1,9d3ab807a08ef4cf1077dbc23213e2314ce37c87,MEASURED,1786752806406554000,load,aegis_bounded_verification_pool,ML-DSA-65,concurrent_verify_burst,workers1_concurrency2,512,90,0,264291,306000,7946240,true,accepted=2;saturated=0;unexpected=0,2,2,0,0,3309,0,0,0,0,0,"controlled local burst; wall time includes scoped-thread creation, Aegis policy/transcript processing, bounded-pool admission, primitive verification, and joins; work_units counts accepted verifications only"
local-1786752806231006000,macmini-m2-macos26.5.2-rust1.97.1-aarch64-20260814-workers1,9d3ab807a08ef4cf1077dbc23213e2314ce37c87,MEASURED,1786752806407516000,load,aegis_bounded_verification_pool,ML-DSA-65,concurrent_verify_burst,workers1_concurrency2,512,91,0,287959,329000,7946240,true,accepted=2;saturated=0;unexpected=0,2,2,0,0,3309,0,0,0,0,0,"controlled local burst; wall time includes scoped-thread creation, Aegis policy/transcript processing, bounded-pool admission, primitive verification, and joins; work_units counts accepted verifications only"
local-1786752806231006000,macmini-m2-macos26.5.2-rust1.97.1-aarch64-20260814-workers1,9d3ab807a08ef4cf1077dbc23213e2314ce37c87,MEASURED,1786752806408415000,load,aegis_bounded_verification_pool,ML-DSA-65,concurrent_verify_burst,workers1_concurrency2,512,92,0,312333,358000,7946240,true,accepted=2;saturated=0;unexpected=0,2,2,0,0,3309,0,0,0,0,0,"controlled local burst; wall time includes scoped-thread creation, Aegis policy/transcript processing, bounded-pool admission, primitive verification, and joins; work_units counts accepted verifications only"
local-1786752806231006000,macmini-m2-macos26.5.2-rust1.97.1-aarch64-20260814-workers1,9d3ab807a08ef4cf1077dbc23213e2314ce37c87,MEASURED,1786752806409922000,load,aegis_bounded_verification_pool,ML-DSA-65,concurrent_verify_burst,workers1_concurrency2,512,93,0,308458,359000,7946240,true,accepted=2;saturated=0;unexpected=0,2,2,0,0,3309,0,0,0,0,0,"controlled local burst; wall time includes scoped-thread creation, Aegis policy/transcript processing, bounded-pool admission, primitive verification, and joins; work_units counts accepted verifications only"
local-1786752806231006000,macmini-m2-macos26.5.2-rust1.97.1-aarch64-20260814-workers1,9d3ab807a08ef4cf1077dbc23213e2314ce37c87,MEASURED,1786752806411115000,load,aegis_bounded_verification_pool,ML-DSA-65,concurrent_verify_burst,workers1_concurrency2,512,94,0,285791,335000,7946240,true,accepted=2;saturated=0;unexpected=0,2,2,0,0,3309,0,0,0,0,0,"controlled local burst; wall time includes scoped-thread creation, Aegis policy/transcript processing, bounded-pool admission, primitive verification, and joins; work_units counts accepted verifications only"
local-1786752806231006000,macmini-m2-macos26.5.2-rust1.97.1-aarch64-20260814-workers1,9d3ab807a08ef4cf1077dbc23213e2314ce37c87,MEASURED,1786752806412142000,load,aegis_bounded_verification_pool,ML-DSA-65,concurrent_verify_burst,workers1_concurrency2,512,95,0,270417,315000,7946240,true,accepted=2;saturated=0;unexpected=0,2,2,0,0,3309,0,0,0,0,0,"controlled local burst; wall time includes scoped-thread creation, Aegis policy/transcript processing, bounded-pool admission, primitive verification, and joins; work_units counts accepted verifications only"
local-1786752806231006000,macmini-m2-macos26.5.2-rust1.97.1-aarch64-20260814-workers1,9d3ab807a08ef4cf1077dbc23213e2314ce37c87,MEASURED,1786752806412897000,load,aegis_bounded_verification_pool,ML-DSA-65,concurrent_verify_burst,workers1_concurrency2,512,96,0,268667,312000,7946240,true,accepted=2;saturated=0;unexpected=0,2,2,0,0,3309,0,0,0,0,0,"controlled local burst; wall time includes scoped-thread creation, Aegis policy/transcript processing, bounded-pool admission, primitive verification, and joins; work_units counts accepted verifications only"
local-1786752806231006000,macmini-m2-macos26.5.2-rust1.97.1-aarch64-20260814-workers1,9d3ab807a08ef4cf1077dbc23213e2314ce37c87,MEASURED,1786752806414343000,load,aegis_bounded_verification_pool,ML-DSA-65,concurrent_verify_burst,workers1_concurrency2,512,97,0,279708,328000,7946240,true,accepted=2;saturated=0;unexpected=0,2,2,0,0,3309,0,0,0,0,0,"controlled local burst; wall time includes scoped-thread creation, Aegis policy/transcript processing, bounded-pool admission, primitive verification, and joins; work_units counts accepted verifications only"
local-1786752806231006000,macmini-m2-macos26.5.2-rust1.97.1-aarch64-20260814-workers1,9d3ab807a08ef4cf1077dbc23213e2314ce37c87,MEASURED,1786752806415251000,load,aegis_bounded_verification_pool,ML-DSA-65,concurrent_verify_burst,workers1_concurrency2,512,98,0,284917,331000,7946240,true,accepted=2;saturated=0;unexpected=0,2,2,0,0,3309,0,0,0,0,0,"controlled local burst; wall time includes scoped-thread creation, Aegis policy/transcript processing, bounded-pool admission, primitive verification, and joins; work_units counts accepted verifications only"
local-1786752806231006000,macmini-m2-macos26.5.2-rust1.97.1-aarch64-20260814-workers1,9d3ab807a08ef4cf1077dbc23213e2314ce37c87,MEASURED,1786752806415924000,load,aegis_bounded_verification_pool,ML-DSA-65,concurrent_verify_burst,workers1_concurrency2,512,99,0,286167,330000,7946240,true,accepted=2;saturated=0;unexpected=0,2,2,0,0,3309,0,0,0,0,0,"controlled local burst; wall time includes scoped-thread creation, Aegis policy/transcript processing, bounded-pool admission, primitive verification, and joins; work_units counts accepted verifications only"
local-1786752806231006000,macmini-m2-macos26.5.2-rust1.97.1-aarch64-20260814-workers1,9d3ab807a08ef4cf1077dbc23213e2314ce37c87,MEASURED,1786752806419342000,load,aegis_bounded_verification_pool,ML-DSA-65,concurrent_verify_burst,workers1_concurrency4,512,0,0,558416,709000,7995392,true,accepted=4;saturated=0;unexpected=0,4,4,0,0,3309,0,0,0,0,0,"controlled local burst; wall time includes scoped-thread creation, Aegis policy/transcript processing, bounded-pool admission, primitive verification, and joins; work_units counts accepted verifications only"
local-1786752806231006000,macmini-m2-macos26.5.2-rust1.97.1-aarch64-20260814-workers1,9d3ab807a08ef4cf1077dbc23213e2314ce37c87,MEASURED,1786752806420823000,load,aegis_bounded_verification_pool,ML-DSA-65,concurrent_verify_burst,workers1_concurrency4,512,1,0,482625,667000,7995392,true,accepted=4;saturated=0;unexpected=0,4,4,0,0,3309,0,0,0,0,0,"controlled local burst; wall time includes scoped-thread creation, Aegis policy/transcript processing, bounded-pool admission, primitive verification, and joins; work_units counts accepted verifications only"
local-1786752806231006000,macmini-m2-macos26.5.2-rust1.97.1-aarch64-20260814-workers1,9d3ab807a08ef4cf1077dbc23213e2314ce37c87,MEASURED,1786752806422374000,load,aegis_bounded_verification_pool,ML-DSA-65,concurrent_verify_burst,workers1_concurrency4,512,2,0,500708,644000,7995392,true,accepted=4;saturated=0;unexpected=0,4,4,0,0,3309,0,0,0,0,0,"controlled local burst; wall time includes scoped-thread creation, Aegis policy/transcript processing, bounded-pool admission, primitive verification, and joins; work_units counts accepted verifications only"
local-1786752806231006000,macmini-m2-macos26.5.2-rust1.97.1-aarch64-20260814-workers1,9d3ab807a08ef4cf1077dbc23213e2314ce37c87,MEASURED,1786752806424565000,load,aegis_bounded_verification_pool,ML-DSA-65,concurrent_verify_burst,workers1_concurrency4,512,3,0,536000,719000,8011776,true,accepted=4;saturated=0;unexpected=0,4,4,0,0,3309,0,0,0,0,0,"controlled local burst; wall time includes scoped-thread creation, Aegis policy/transcript processing, bounded-pool admission, primitive verification, and joins; work_units counts accepted verifications only"
local-1786752806231006000,macmini-m2-macos26.5.2-rust1.97.1-aarch64-20260814-workers1,9d3ab807a08ef4cf1077dbc23213e2314ce37c87,MEASURED,1786752806427420000,load,aegis_bounded_verification_pool,ML-DSA-65,concurrent_verify_burst,workers1_concurrency4,512,4,0,511542,685000,8011776,true,accepted=4;saturated=0;unexpected=0,4,4,0,0,3309,0,0,0,0,0,"controlled local burst; wall time includes scoped-thread creation, Aegis policy/transcript processing, bounded-pool admission, primitive verification, and joins; work_units counts accepted verifications only"
local-1786752806231006000,macmini-m2-macos26.5.2-rust1.97.1-aarch64-20260814-workers1,9d3ab807a08ef4cf1077dbc23213e2314ce37c87,MEASURED,1786752806429010000,load,aegis_bounded_verification_pool,ML-DSA-65,concurrent_verify_burst,workers1_concurrency4,512,5,0,524292,690000,8028160,true,accepted=4;saturated=0;unexpected=0,4,4,0,0,3309,0,0,0,0,0,"controlled local burst; wall time includes scoped-thread creation, Aegis policy/transcript processing, bounded-pool admission, primitive verification, and joins; work_units counts accepted verifications only"
local-1786752806231006000,macmini-m2-macos26.5.2-rust1.97.1-aarch64-20260814-workers1,9d3ab807a08ef4cf1077dbc23213e2314ce37c87,MEASURED,1786752806431216000,load,aegis_bounded_verification_pool,ML-DSA-65,concurrent_verify_burst,workers1_concurrency4,512,6,0,534959,699000,8028160,true,accepted=4;saturated=0;unexpected=0,4,4,0,0,3309,0,0,0,0,0,"controlled local burst; wall time includes scoped-thread creation, Aegis policy/transcript processing, bounded-pool admission, primitive verification, and joins; work_units counts accepted verifications only"
local-1786752806231006000,macmini-m2-macos26.5.2-rust1.97.1-aarch64-20260814-workers1,9d3ab807a08ef4cf1077dbc23213e2314ce37c87,MEASURED,1786752806433223000,load,aegis_bounded_verification_pool,ML-DSA-65,concurrent_verify_burst,workers1_concurrency4,512,7,0,515875,704000,8028160,true,accepted=4;saturated=0;unexpected=0,4,4,0,0,3309,0,0,0,0,0,"controlled local burst; wall time includes scoped-thread creation, Aegis policy/transcript processing, bounded-pool admission, primitive verification, and joins; work_units counts accepted verifications only"
local-1786752806231006000,macmini-m2-macos26.5.2-rust1.97.1-aarch64-20260814-workers1,9d3ab807a08ef4cf1077dbc23213e2314ce37c87,MEASURED,1786752806435158000,load,aegis_bounded_verification_pool,ML-DSA-65,concurrent_verify_burst,workers1_concurrency4,512,8,0,511333,688000,8028160,true,accepted=4;saturated=0;unexpected=0,4,4,0,0,3309,0,0,0,0,0,"controlled local burst; wall time includes scoped-thread creation, Aegis policy/transcript processing, bounded-pool admission, primitive verification, and joins; work_units counts accepted verifications only"
local-1786752806231006000,macmini-m2-macos26.5.2-rust1.97.1-aarch64-20260814-workers1,9d3ab807a08ef4cf1077dbc23213e2314ce37c87,MEASURED,1786752806437328000,load,aegis_bounded_verification_pool,ML-DSA-65,concurrent_verify_burst,workers1_concurrency4,512,9,0,532541,729000,8028160,true,accepted=4;saturated=0;unexpected=0,4,4,0,0,3309,0,0,0,0,0,"controlled local burst; wall time includes scoped-thread creation, Aegis policy/transcript processing, bounded-pool admission, primitive verification, and joins; work_units counts accepted verifications only"
local-1786752806231006000,macmini-m2-macos26.5.2-rust1.97.1-aarch64-20260814-workers1,9d3ab807a08ef4cf1077dbc23213e2314ce37c87,MEASURED,1786752806439858000,load,aegis_bounded_verification_pool,ML-DSA-65,concurrent_verify_burst,workers1_concurrency4,512,10,0,541375,688000,8028160,true,accepted=4;saturated=0;unexpected=0,4,4,0,0,3309,0,0,0,0,0,"controlled local burst; wall time includes scoped-thread creation, Aegis policy/transcript processing, bounded-pool admission, primitive verification, and joins; work_units counts accepted verifications only"
local-1786752806231006000,macmini-m2-macos26.5.2-rust1.97.1-aarch64-20260814-workers1,9d3ab807a08ef4cf1077dbc23213e2314ce37c87,MEASURED,1786752806441973000,load,aegis_bounded_verification_pool,ML-DSA-65,concurrent_verify_burst,workers1_concurrency4,512,11,0,513458,681000,8044544,true,accepted=4;saturated=0;unexpected=0,4,4,0,0,3309,0,0,0,0,0,"controlled local burst; wall time includes scoped-thread creation, Aegis policy/transcript processing, bounded-pool admission, primitive verification, and joins; work_units counts accepted verifications only"
local-1786752806231006000,macmini-m2-macos26.5.2-rust1.97.1-aarch64-20260814-workers1,9d3ab807a08ef4cf1077dbc23213e2314ce37c87,MEASURED,1786752806443941000,load,aegis_bounded_verification_pool,ML-DSA-65,concurrent_verify_burst,workers1_concurrency4,512,12,0,540250,690000,8060928,true,accepted=4;saturated=0;unexpected=0,4,4,0,0,3309,0,0,0,0,0,"controlled local burst; wall time includes scoped-thread creation, Aegis policy/transcript processing, bounded-pool admission, primitive verification, and joins; work_units counts accepted verifications only"
local-1786752806231006000,macmini-m2-macos26.5.2-rust1.97.1-aarch64-20260814-workers1,9d3ab807a08ef4cf1077dbc23213e2314ce37c87,MEASURED,1786752806445737000,load,aegis_bounded_verification_pool,ML-DSA-65,concurrent_verify_burst,workers1_concurrency4,512,13,0,559250,741000,8060928,true,accepted=4;saturated=0;unexpected=0,4,4,0,0,3309,0,0,0,0,0,"controlled local burst; wall time includes scoped-thread creation, Aegis policy/transcript processing, bounded-pool admission, primitive verification, and joins; work_units counts accepted verifications only"
local-1786752806231006000,macmini-m2-macos26.5.2-rust1.97.1-aarch64-20260814-workers1,9d3ab807a08ef4cf1077dbc23213e2314ce37c87,MEASURED,1786752806447920000,load,aegis_bounded_verification_pool,ML-DSA-65,concurrent_verify_burst,workers1_concurrency4,512,14,0,509709,665000,8060928,true,accepted=4;saturated=0;unexpected=0,4,4,0,0,3309,0,0,0,0,0,"controlled local burst; wall time includes scoped-thread creation, Aegis policy/transcript processing, bounded-pool admission, primitive verification, and joins; work_units counts accepted verifications only"
local-1786752806231006000,macmini-m2-macos26.5.2-rust1.97.1-aarch64-20260814-workers1,9d3ab807a08ef4cf1077dbc23213e2314ce37c87,MEASURED,1786752806449833000,load,aegis_bounded_verification_pool,ML-DSA-65,concurrent_verify_burst,workers1_concurrency4,512,15,0,516500,682000,8060928,true,accepted=4;saturated=0;unexpected=0,4,4,0,0,3309,0,0,0,0,0,"controlled local burst; wall time includes scoped-thread creation, Aegis policy/transcript processing, bounded-pool admission, primitive verification, and joins; work_units counts accepted verifications only"
local-1786752806231006000,macmini-m2-macos26.5.2-rust1.97.1-aarch64-20260814-workers1,9d3ab807a08ef4cf1077dbc23213e2314ce37c87,MEASURED,1786752806451001000,load,aegis_bounded_verification_pool,ML-DSA-65,concurrent_verify_burst,workers1_concurrency4,512,16,0,535458,711000,8060928,true,accepted=4;saturated=0;unexpected=0,4,4,0,0,3309,0,0,0,0,0,"controlled local burst; wall time includes scoped-thread creation, Aegis policy/transcript processing, bounded-pool admission, primitive verification, and joins; work_units counts accepted verifications only"
local-1786752806231006000,macmini-m2-macos26.5.2-rust1.97.1-aarch64-20260814-workers1,9d3ab807a08ef4cf1077dbc23213e2314ce37c87,MEASURED,1786752806453385000,load,aegis_bounded_verification_pool,ML-DSA-65,concurrent_verify_burst,workers1_concurrency4,512,17,0,527625,697000,8060928,true,accepted=4;saturated=0;unexpected=0,4,4,0,0,3309,0,0,0,0,0,"controlled local burst; wall time includes scoped-thread creation, Aegis policy/transcript processing, bounded-pool admission, primitive verification, and joins; work_units counts accepted verifications only"
local-1786752806231006000,macmini-m2-macos26.5.2-rust1.97.1-aarch64-20260814-workers1,9d3ab807a08ef4cf1077dbc23213e2314ce37c87,MEASURED,1786752806455427000,load,aegis_bounded_verification_pool,ML-DSA-65,concurrent_verify_burst,workers1_concurrency4,512,18,0,522208,677000,8060928,true,accepted=4;saturated=0;unexpected=0,4,4,0,0,3309,0,0,0,0,0,"controlled local burst; wall time includes scoped-thread creation, Aegis policy/transcript processing, bounded-pool admission, primitive verification, and joins; work_units counts accepted verifications only"
local-1786752806231006000,macmini-m2-macos26.5.2-rust1.97.1-aarch64-20260814-workers1,9d3ab807a08ef4cf1077dbc23213e2314ce37c87,MEASURED,1786752806456607000,load,aegis_bounded_verification_pool,ML-DSA-65,concurrent_verify_burst,workers1_concurrency4,512,19,0,522208,663000,8060928,true,accepted=4;saturated=0;unexpected=0,4,4,0,0,3309,0,0,0,0,0,"controlled local burst; wall time includes scoped-thread creation, Aegis policy/transcript processing, bounded-pool admission, primitive verification, and joins; work_units counts accepted verifications only"
local-1786752806231006000,macmini-m2-macos26.5.2-rust1.97.1-aarch64-20260814-workers1,9d3ab807a08ef4cf1077dbc23213e2314ce37c87,MEASURED,1786752806459500000,load,aegis_bounded_verification_pool,ML-DSA-65,concurrent_verify_burst,workers1_concurrency4,512,20,0,524083,704000,8060928,true,accepted=4;saturated=0;unexpected=0,4,4,0,0,3309,0,0,0,0,0,"controlled local burst; wall time includes scoped-thread creation, Aegis policy/transcript processing, bounded-pool admission, primitive verification, and joins; work_units counts accepted verifications only"
local-1786752806231006000,macmini-m2-macos26.5.2-rust1.97.1-aarch64-20260814-workers1,9d3ab807a08ef4cf1077dbc23213e2314ce37c87,MEASURED,1786752806461870000,load,aegis_bounded_verification_pool,ML-DSA-65,concurrent_verify_burst,workers1_concurrency4,512,21,0,518625,675000,8060928,true,accepted=4;saturated=0;unexpected=0,4,4,0,0,3309,0,0,0,0,0,"controlled local burst; wall time includes scoped-thread creation, Aegis policy/transcript processing, bounded-pool admission, primitive verification, and joins; work_units counts accepted verifications only"
local-1786752806231006000,macmini-m2-macos26.5.2-rust1.97.1-aarch64-20260814-workers1,9d3ab807a08ef4cf1077dbc23213e2314ce37c87,MEASURED,1786752806463599000,load,aegis_bounded_verification_pool,ML-DSA-65,concurrent_verify_burst,workers1_concurrency4,512,22,0,539167,702000,8060928,true,accepted=4;saturated=0;unexpected=0,4,4,0,0,3309,0,0,0,0,0,"controlled local burst; wall time includes scoped-thread creation, Aegis policy/transcript processing, bounded-pool admission, primitive verification, and joins; work_units counts accepted verifications only"
local-1786752806231006000,macmini-m2-macos26.5.2-rust1.97.1-aarch64-20260814-workers1,9d3ab807a08ef4cf1077dbc23213e2314ce37c87,MEASURED,1786752806466084000,load,aegis_bounded_verification_pool,ML-DSA-65,concurrent_verify_burst,workers1_concurrency4,512,23,0,557750,730000,8060928,true,accepted=4;saturated=0;unexpected=0,4,4,0,0,3309,0,0,0,0,0,"controlled local burst; wall time includes scoped-thread creation, Aegis policy/transcript processing, bounded-pool admission, primitive verification, and joins; work_units counts accepted verifications only"
local-1786752806231006000,macmini-m2-macos26.5.2-rust1.97.1-aarch64-20260814-workers1,9d3ab807a08ef4cf1077dbc23213e2314ce37c87,MEASURED,1786752806468028000,load,aegis_bounded_verification_pool,ML-DSA-65,concurrent_verify_burst,workers1_concurrency4,512,24,0,516542,680000,8060928,true,accepted=4;saturated=0;unexpected=0,4,4,0,0,3309,0,0,0,0,0,"controlled local burst; wall time includes scoped-thread creation, Aegis policy/transcript processing, bounded-pool admission, primitive verification, and joins; work_units counts accepted verifications only"
local-1786752806231006000,macmini-m2-macos26.5.2-rust1.97.1-aarch64-20260814-workers1,9d3ab807a08ef4cf1077dbc23213e2314ce37c87,MEASURED,1786752806470250000,load,aegis_bounded_verification_pool,ML-DSA-65,concurrent_verify_burst,workers1_concurrency4,512,25,0,544250,697000,8060928,true,accepted=4;saturated=0;unexpected=0,4,4,0,0,3309,0,0,0,0,0,"controlled local burst; wall time includes scoped-thread creation, Aegis policy/transcript processing, bounded-pool admission, primitive verification, and joins; work_units counts accepted verifications only"
local-1786752806231006000,macmini-m2-macos26.5.2-rust1.97.1-aarch64-20260814-workers1,9d3ab807a08ef4cf1077dbc23213e2314ce37c87,MEASURED,1786752806472612000,load,aegis_bounded_verification_pool,ML-DSA-65,concurrent_verify_burst,workers1_concurrency4,512,26,0,528917,701000,8060928,true,accepted=4;saturated=0;unexpected=0,4,4,0,0,3309,0,0,0,0,0,"controlled local burst; wall time includes scoped-thread creation, Aegis policy/transcript processing, bounded-pool admission, primitive verification, and joins; work_units counts accepted verifications only"
local-1786752806231006000,macmini-m2-macos26.5.2-rust1.97.1-aarch64-20260814-workers1,9d3ab807a08ef4cf1077dbc23213e2314ce37c87,MEASURED,1786752806474486000,load,aegis_bounded_verification_pool,ML-DSA-65,concurrent_verify_burst,workers1_concurrency4,512,27,0,517375,692000,8060928,true,accepted=4;saturated=0;unexpected=0,4,4,0,0,3309,0,0,0,0,0,"controlled local burst; wall time includes scoped-thread creation, Aegis policy/transcript processing, bounded-pool admission, primitive verification, and joins; work_units counts accepted verifications only"
local-1786752806231006000,macmini-m2-macos26.5.2-rust1.97.1-aarch64-20260814-workers1,9d3ab807a08ef4cf1077dbc23213e2314ce37c87,MEASURED,1786752806476409000,load,aegis_bounded_verification_pool,ML-DSA-65,concurrent_verify_burst,workers1_concurrency4,512,28,0,516583,683000,8060928,true,accepted=4;saturated=0;unexpected=0,4,4,0,0,3309,0,0,0,0,0,"controlled local burst; wall time includes scoped-thread creation, Aegis policy/transcript processing, bounded-pool admission, primitive verification, and joins; work_units counts accepted verifications only"
local-1786752806231006000,macmini-m2-macos26.5.2-rust1.97.1-aarch64-20260814-workers1,9d3ab807a08ef4cf1077dbc23213e2314ce37c87,MEASURED,1786752806477894000,load,aegis_bounded_verification_pool,ML-DSA-65,concurrent_verify_burst,workers1_concurrency4,512,29,0,536583,719000,8060928,true,accepted=4;saturated=0;unexpected=0,4,4,0,0,3309,0,0,0,0,0,"controlled local burst; wall time includes scoped-thread creation, Aegis policy/transcript processing, bounded-pool admission, primitive verification, and joins; work_units counts accepted verifications only"
local-1786752806231006000,macmini-m2-macos26.5.2-rust1.97.1-aarch64-20260814-workers1,9d3ab807a08ef4cf1077dbc23213e2314ce37c87,MEASURED,1786752806480593000,load,aegis_bounded_verification_pool,ML-DSA-65,concurrent_verify_burst,workers1_concurrency4,512,30,0,543667,738000,8060928,true,accepted=4;saturated=0;unexpected=0,4,4,0,0,3309,0,0,0,0,0,"controlled local burst; wall time includes scoped-thread creation, Aegis policy/transcript processing, bounded-pool admission, primitive verification, and joins; work_units counts accepted verifications only"
local-1786752806231006000,macmini-m2-macos26.5.2-rust1.97.1-aarch64-20260814-workers1,9d3ab807a08ef4cf1077dbc23213e2314ce37c87,MEASURED,1786752806482411000,load,aegis_bounded_verification_pool,ML-DSA-65,concurrent_verify_burst,workers1_concurrency4,512,31,0,492416,663000,8060928,true,accepted=4;saturated=0;unexpected=0,4,4,0,0,3309,0,0,0,0,0,"controlled local burst; wall time includes scoped-thread creation, Aegis policy/transcript processing, bounded-pool admission, primitive verification, and joins; work_units counts accepted verifications only"
local-1786752806231006000,macmini-m2-macos26.5.2-rust1.97.1-aarch64-20260814-workers1,9d3ab807a08ef4cf1077dbc23213e2314ce37c87,MEASURED,1786752806484350000,load,aegis_bounded_verification_pool,ML-DSA-65,concurrent_verify_burst,workers1_concurrency4,512,32,0,516291,666000,8060928,true,accepted=4;saturated=0;unexpected=0,4,4,0,0,3309,0,0,0,0,0,"controlled local burst; wall time includes scoped-thread creation, Aegis policy/transcript processing, bounded-pool admission, primitive verification, and joins; work_units counts accepted verifications only"
local-1786752806231006000,macmini-m2-macos26.5.2-rust1.97.1-aarch64-20260814-workers1,9d3ab807a08ef4cf1077dbc23213e2314ce37c87,MEASURED,1786752806486077000,load,aegis_bounded_verification_pool,ML-DSA-65,concurrent_verify_burst,workers1_concurrency4,512,33,0,575625,749000,8060928,true,accepted=4;saturated=0;unexpected=0,4,4,0,0,3309,0,0,0,0,0,"controlled local burst; wall time includes scoped-thread creation, Aegis policy/transcript processing, bounded-pool admission, primitive verification, and joins; work_units counts accepted verifications only"
local-1786752806231006000,macmini-m2-macos26.5.2-rust1.97.1-aarch64-20260814-workers1,9d3ab807a08ef4cf1077dbc23213e2314ce37c87,MEASURED,1786752806487591000,load,aegis_bounded_verification_pool,ML-DSA-65,concurrent_verify_burst,workers1_concurrency4,512,34,0,532125,692000,8060928,true,accepted=4;saturated=0;unexpected=0,4,4,0,0,3309,0,0,0,0,0,"controlled local burst; wall time includes scoped-thread creation, Aegis policy/transcript processing, bounded-pool admission, primitive verification, and joins; work_units counts accepted verifications only"
local-1786752806231006000,macmini-m2-macos26.5.2-rust1.97.1-aarch64-20260814-workers1,9d3ab807a08ef4cf1077dbc23213e2314ce37c87,MEASURED,1786752806489221000,load,aegis_bounded_verification_pool,ML-DSA-65,concurrent_verify_burst,workers1_concurrency4,512,35,0,508708,674000,8060928,true,accepted=4;saturated=0;unexpected=0,4,4,0,0,3309,0,0,0,0,0,"controlled local burst; wall time includes scoped-thread creation, Aegis policy/transcript processing, bounded-pool admission, primitive verification, and joins; work_units counts accepted verifications only"
local-1786752806231006000,macmini-m2-macos26.5.2-rust1.97.1-aarch64-20260814-workers1,9d3ab807a08ef4cf1077dbc23213e2314ce37c87,MEASURED,1786752806490520000,load,aegis_bounded_verification_pool,ML-DSA-65,concurrent_verify_burst,workers1_concurrency4,512,36,0,511958,662000,8060928,true,accepted=4;saturated=0;unexpected=0,4,4,0,0,3309,0,0,0,0,0,"controlled local burst; wall time includes scoped-thread creation, Aegis policy/transcript processing, bounded-pool admission, primitive verification, and joins; work_units counts accepted verifications only"
local-1786752806231006000,macmini-m2-macos26.5.2-rust1.97.1-aarch64-20260814-workers1,9d3ab807a08ef4cf1077dbc23213e2314ce37c87,MEASURED,1786752806491715000,load,aegis_bounded_verification_pool,ML-DSA-65,concurrent_verify_burst,workers1_concurrency4,512,37,0,532500,705000,8060928,true,accepted=4;saturated=0;unexpected=0,4,4,0,0,3309,0,0,0,0,0,"controlled local burst; wall time includes scoped-thread creation, Aegis policy/transcript processing, bounded-pool admission, primitive verification, and joins; work_units counts accepted verifications only"
local-1786752806231006000,macmini-m2-macos26.5.2-rust1.97.1-aarch64-20260814-workers1,9d3ab807a08ef4cf1077dbc23213e2314ce37c87,MEASURED,1786752806493502000,load,aegis_bounded_verification_pool,ML-DSA-65,concurrent_verify_burst,workers1_concurrency4,512,38,0,545458,730000,8060928,true,accepted=4;saturated=0;unexpected=0,4,4,0,0,3309,0,0,0,0,0,"controlled local burst; wall time includes scoped-thread creation, Aegis policy/transcript processing, bounded-pool admission, primitive verification, and joins; work_units counts accepted verifications only"
local-1786752806231006000,macmini-m2-macos26.5.2-rust1.97.1-aarch64-20260814-workers1,9d3ab807a08ef4cf1077dbc23213e2314ce37c87,MEASURED,1786752806495033000,load,aegis_bounded_verification_pool,ML-DSA-65,concurrent_verify_burst,workers1_concurrency4,512,39,0,534417,702000,8060928,true,accepted=4;saturated=0;unexpected=0,4,4,0,0,3309,0,0,0,0,0,"controlled local burst; wall time includes scoped-thread creation, Aegis policy/transcript processing, bounded-pool admission, primitive verification, and joins; work_units counts accepted verifications only"
local-1786752806231006000,macmini-m2-macos26.5.2-rust1.97.1-aarch64-20260814-workers1,9d3ab807a08ef4cf1077dbc23213e2314ce37c87,MEASURED,1786752806496570000,load,aegis_bounded_verification_pool,ML-DSA-65,concurrent_verify_burst,workers1_concurrency4,512,40,0,517459,657000,8060928,true,accepted=4;saturated=0;unexpected=0,4,4,0,0,3309,0,0,0,0,0,"controlled local burst; wall time includes scoped-thread creation, Aegis policy/transcript processing, bounded-pool admission, primitive verification, and joins; work_units counts accepted verifications only"
local-1786752806231006000,macmini-m2-macos26.5.2-rust1.97.1-aarch64-20260814-workers1,9d3ab807a08ef4cf1077dbc23213e2314ce37c87,MEASURED,1786752806498241000,load,aegis_bounded_verification_pool,ML-DSA-65,concurrent_verify_burst,workers1_concurrency4,512,41,0,534209,695000,8060928,true,accepted=4;saturated=0;unexpected=0,4,4,0,0,3309,0,0,0,0,0,"controlled local burst; wall time includes scoped-thread creation, Aegis policy/transcript processing, bounded-pool admission, primitive verification, and joins; work_units counts accepted verifications only"
local-1786752806231006000,macmini-m2-macos26.5.2-rust1.97.1-aarch64-20260814-workers1,9d3ab807a08ef4cf1077dbc23213e2314ce37c87,MEASURED,1786752806499946000,load,aegis_bounded_verification_pool,ML-DSA-65,concurrent_verify_burst,workers1_concurrency4,512,42,0,557458,755000,8060928,true,accepted=4;saturated=0;unexpected=0,4,4,0,0,3309,0,0,0,0,0,"controlled local burst; wall time includes scoped-thread creation, Aegis policy/transcript processing, bounded-pool admission, primitive verification, and joins; work_units counts accepted verifications only"
local-1786752806231006000,macmini-m2-macos26.5.2-rust1.97.1-aarch64-20260814-workers1,9d3ab807a08ef4cf1077dbc23213e2314ce37c87,MEASURED,1786752806502052000,load,aegis_bounded_verification_pool,ML-DSA-65,concurrent_verify_burst,workers1_concurrency4,512,43,0,519042,706000,8060928,true,accepted=4;saturated=0;unexpected=0,4,4,0,0,3309,0,0,0,0,0,"controlled local burst; wall time includes scoped-thread creation, Aegis policy/transcript processing, bounded-pool admission, primitive verification, and joins; work_units counts accepted verifications only"
local-1786752806231006000,macmini-m2-macos26.5.2-rust1.97.1-aarch64-20260814-workers1,9d3ab807a08ef4cf1077dbc23213e2314ce37c87,MEASURED,1786752806503526000,load,aegis_bounded_verification_pool,ML-DSA-65,concurrent_verify_burst,workers1_concurrency4,512,44,0,525709,672000,8060928,true,accepted=4;saturated=0;unexpected=0,4,4,0,0,3309,0,0,0,0,0,"controlled local burst; wall time includes scoped-thread creation, Aegis policy/transcript processing, bounded-pool admission, primitive verification, and joins; work_units counts accepted verifications only"
local-1786752806231006000,macmini-m2-macos26.5.2-rust1.97.1-aarch64-20260814-workers1,9d3ab807a08ef4cf1077dbc23213e2314ce37c87,MEASURED,1786752806506782000,load,aegis_bounded_verification_pool,ML-DSA-65,concurrent_verify_burst,workers1_concurrency4,512,45,0,571750,741000,8060928,true,accepted=4;saturated=0;unexpected=0,4,4,0,0,3309,0,0,0,0,0,"controlled local burst; wall time includes scoped-thread creation, Aegis policy/transcript processing, bounded-pool admission, primitive verification, and joins; work_units counts accepted verifications only"
local-1786752806231006000,macmini-m2-macos26.5.2-rust1.97.1-aarch64-20260814-workers1,9d3ab807a08ef4cf1077dbc23213e2314ce37c87,MEASURED,1786752806508367000,load,aegis_bounded_verification_pool,ML-DSA-65,concurrent_verify_burst,workers1_concurrency4,512,46,0,547500,724000,8060928,true,accepted=4;saturated=0;unexpected=0,4,4,0,0,3309,0,0,0,0,0,"controlled local burst; wall time includes scoped-thread creation, Aegis policy/transcript processing, bounded-pool admission, primitive verification, and joins; work_units counts accepted verifications only"
local-1786752806231006000,macmini-m2-macos26.5.2-rust1.97.1-aarch64-20260814-workers1,9d3ab807a08ef4cf1077dbc23213e2314ce37c87,MEASURED,1786752806509787000,load,aegis_bounded_verification_pool,ML-DSA-65,concurrent_verify_burst,workers1_concurrency4,512,47,0,499500,647000,8060928,true,accepted=4;saturated=0;unexpected=0,4,4,0,0,3309,0,0,0,0,0,"controlled local burst; wall time includes scoped-thread creation, Aegis policy/transcript processing, bounded-pool admission, primitive verification, and joins; work_units counts accepted verifications only"
local-1786752806231006000,macmini-m2-macos26.5.2-rust1.97.1-aarch64-20260814-workers1,9d3ab807a08ef4cf1077dbc23213e2314ce37c87,MEASURED,1786752806512055000,load,aegis_bounded_verification_pool,ML-DSA-65,concurrent_verify_burst,workers1_concurrency4,512,48,0,522708,672000,8060928,true,accepted=4;saturated=0;unexpected=0,4,4,0,0,3309,0,0,0,0,0,"controlled local burst; wall time includes scoped-thread creation, Aegis policy/transcript processing, bounded-pool admission, primitive verification, and joins; work_units counts accepted verifications only"
local-1786752806231006000,macmini-m2-macos26.5.2-rust1.97.1-aarch64-20260814-workers1,9d3ab807a08ef4cf1077dbc23213e2314ce37c87,MEASURED,1786752806514768000,load,aegis_bounded_verification_pool,ML-DSA-65,concurrent_verify_burst,workers1_concurrency4,512,49,0,554792,744000,8060928,true,accepted=4;saturated=0;unexpected=0,4,4,0,0,3309,0,0,0,0,0,"controlled local burst; wall time includes scoped-thread creation, Aegis policy/transcript processing, bounded-pool admission, primitive verification, and joins; work_units counts accepted verifications only"
local-1786752806231006000,macmini-m2-macos26.5.2-rust1.97.1-aarch64-20260814-workers1,9d3ab807a08ef4cf1077dbc23213e2314ce37c87,MEASURED,1786752806516337000,load,aegis_bounded_verification_pool,ML-DSA-65,concurrent_verify_burst,workers1_concurrency4,512,50,0,514667,687000,8060928,true,accepted=4;saturated=0;unexpected=0,4,4,0,0,3309,0,0,0,0,0,"controlled local burst; wall time includes scoped-thread creation, Aegis policy/transcript processing, bounded-pool admission, primitive verification, and joins; work_units counts accepted verifications only"
local-1786752806231006000,macmini-m2-macos26.5.2-rust1.97.1-aarch64-20260814-workers1,9d3ab807a08ef4cf1077dbc23213e2314ce37c87,MEASURED,1786752806517830000,load,aegis_bounded_verification_pool,ML-DSA-65,concurrent_verify_burst,workers1_concurrency4,512,51,0,524041,698000,8060928,true,accepted=4;saturated=0;unexpected=0,4,4,0,0,3309,0,0,0,0,0,"controlled local burst; wall time includes scoped-thread creation, Aegis policy/transcript processing, bounded-pool admission, primitive verification, and joins; work_units counts accepted verifications only"
local-1786752806231006000,macmini-m2-macos26.5.2-rust1.97.1-aarch64-20260814-workers1,9d3ab807a08ef4cf1077dbc23213e2314ce37c87,MEASURED,1786752806519790000,load,aegis_bounded_verification_pool,ML-DSA-65,concurrent_verify_burst,workers1_concurrency4,512,52,0,545833,729000,8060928,true,accepted=4;saturated=0;unexpected=0,4,4,0,0,3309,0,0,0,0,0,"controlled local burst; wall time includes scoped-thread creation, Aegis policy/transcript processing, bounded-pool admission, primitive verification, and joins; work_units counts accepted verifications only"
local-1786752806231006000,macmini-m2-macos26.5.2-rust1.97.1-aarch64-20260814-workers1,9d3ab807a08ef4cf1077dbc23213e2314ce37c87,MEASURED,1786752806521517000,load,aegis_bounded_verification_pool,ML-DSA-65,concurrent_verify_burst,workers1_concurrency4,512,53,0,532750,705000,8093696,true,accepted=4;saturated=0;unexpected=0,4,4,0,0,3309,0,0,0,0,0,"controlled local burst; wall time includes scoped-thread creation, Aegis policy/transcript processing, bounded-pool admission, primitive verification, and joins; work_units counts accepted verifications only"
local-1786752806231006000,macmini-m2-macos26.5.2-rust1.97.1-aarch64-20260814-workers1,9d3ab807a08ef4cf1077dbc23213e2314ce37c87,MEASURED,1786752806522919000,load,aegis_bounded_verification_pool,ML-DSA-65,concurrent_verify_burst,workers1_concurrency4,512,54,0,535209,706000,8093696,true,accepted=4;saturated=0;unexpected=0,4,4,0,0,3309,0,0,0,0,0,"controlled local burst; wall time includes scoped-thread creation, Aegis policy/transcript processing, bounded-pool admission, primitive verification, and joins; work_units counts accepted verifications only"
local-1786752806231006000,macmini-m2-macos26.5.2-rust1.97.1-aarch64-20260814-workers1,9d3ab807a08ef4cf1077dbc23213e2314ce37c87,MEASURED,1786752806524428000,load,aegis_bounded_verification_pool,ML-DSA-65,concurrent_verify_burst,workers1_concurrency4,512,55,0,523666,680000,8093696,true,accepted=4;saturated=0;unexpected=0,4,4,0,0,3309,0,0,0,0,0,"controlled local burst; wall time includes scoped-thread creation, Aegis policy/transcript processing, bounded-pool admission, primitive verification, and joins; work_units counts accepted verifications only"
local-1786752806231006000,macmini-m2-macos26.5.2-rust1.97.1-aarch64-20260814-workers1,9d3ab807a08ef4cf1077dbc23213e2314ce37c87,MEASURED,1786752806526362000,load,aegis_bounded_verification_pool,ML-DSA-65,concurrent_verify_burst,workers1_concurrency4,512,56,0,555333,736000,8093696,true,accepted=4;saturated=0;unexpected=0,4,4,0,0,3309,0,0,0,0,0,"controlled local burst; wall time includes scoped-thread creation, Aegis policy/transcript processing, bounded-pool admission, primitive verification, and joins; work_units counts accepted verifications only"
local-1786752806231006000,macmini-m2-macos26.5.2-rust1.97.1-aarch64-20260814-workers1,9d3ab807a08ef4cf1077dbc23213e2314ce37c87,MEASURED,1786752806528146000,load,aegis_bounded_verification_pool,ML-DSA-65,concurrent_verify_burst,workers1_concurrency4,512,57,0,529750,735000,8093696,true,accepted=4;saturated=0;unexpected=0,4,4,0,0,3309,0,0,0,0,0,"controlled local burst; wall time includes scoped-thread creation, Aegis policy/transcript processing, bounded-pool admission, primitive verification, and joins; work_units counts accepted verifications only"
local-1786752806231006000,macmini-m2-macos26.5.2-rust1.97.1-aarch64-20260814-workers1,9d3ab807a08ef4cf1077dbc23213e2314ce37c87,MEASURED,1786752806529984000,load,aegis_bounded_verification_pool,ML-DSA-65,concurrent_verify_burst,workers1_concurrency4,512,58,0,533125,717000,8093696,true,accepted=4;saturated=0;unexpected=0,4,4,0,0,3309,0,0,0,0,0,"controlled local burst; wall time includes scoped-thread creation, Aegis policy/transcript processing, bounded-pool admission, primitive verification, and joins; work_units counts accepted verifications only"
local-1786752806231006000,macmini-m2-macos26.5.2-rust1.97.1-aarch64-20260814-workers1,9d3ab807a08ef4cf1077dbc23213e2314ce37c87,MEASURED,1786752806531603000,load,aegis_bounded_verification_pool,ML-DSA-65,concurrent_verify_burst,workers1_concurrency4,512,59,0,520875,677000,8093696,true,accepted=4;saturated=0;unexpected=0,4,4,0,0,3309,0,0,0,0,0,"controlled local burst; wall time includes scoped-thread creation, Aegis policy/transcript processing, bounded-pool admission, primitive verification, and joins; work_units counts accepted verifications only"
local-1786752806231006000,macmini-m2-macos26.5.2-rust1.97.1-aarch64-20260814-workers1,9d3ab807a08ef4cf1077dbc23213e2314ce37c87,MEASURED,1786752806533135000,load,aegis_bounded_verification_pool,ML-DSA-65,concurrent_verify_burst,workers1_concurrency4,512,60,0,538208,710000,8093696,true,accepted=4;saturated=0;unexpected=0,4,4,0,0,3309,0,0,0,0,0,"controlled local burst; wall time includes scoped-thread creation, Aegis policy/transcript processing, bounded-pool admission, primitive verification, and joins; work_units counts accepted verifications only"
local-1786752806231006000,macmini-m2-macos26.5.2-rust1.97.1-aarch64-20260814-workers1,9d3ab807a08ef4cf1077dbc23213e2314ce37c87,MEASURED,1786752806535095000,load,aegis_bounded_verification_pool,ML-DSA-65,concurrent_verify_burst,workers1_concurrency4,512,61,0,553958,778000,8110080,true,accepted=4;saturated=0;unexpected=0,4,4,0,0,3309,0,0,0,0,0,"controlled local burst; wall time includes scoped-thread creation, Aegis policy/transcript processing, bounded-pool admission, primitive verification, and joins; work_units counts accepted verifications only"
local-1786752806231006000,macmini-m2-macos26.5.2-rust1.97.1-aarch64-20260814-workers1,9d3ab807a08ef4cf1077dbc23213e2314ce37c87,MEASURED,1786752806537211000,load,aegis_bounded_verification_pool,ML-DSA-65,concurrent_verify_burst,workers1_concurrency4,512,62,0,523667,702000,8110080,true,accepted=4;saturated=0;unexpected=0,4,4,0,0,3309,0,0,0,0,0,"controlled local burst; wall time includes scoped-thread creation, Aegis policy/transcript processing, bounded-pool admission, primitive verification, and joins; work_units counts accepted verifications only"
local-1786752806231006000,macmini-m2-macos26.5.2-rust1.97.1-aarch64-20260814-workers1,9d3ab807a08ef4cf1077dbc23213e2314ce37c87,MEASURED,1786752806538931000,load,aegis_bounded_verification_pool,ML-DSA-65,concurrent_verify_burst,workers1_concurrency4,512,63,0,525750,697000,8110080,true,accepted=4;saturated=0;unexpected=0,4,4,0,0,3309,0,0,0,0,0,"controlled local burst; wall time includes scoped-thread creation, Aegis policy/transcript processing, bounded-pool admission, primitive verification, and joins; work_units counts accepted verifications only"
local-1786752806231006000,macmini-m2-macos26.5.2-rust1.97.1-aarch64-20260814-workers1,9d3ab807a08ef4cf1077dbc23213e2314ce37c87,MEASURED,1786752806541421000,load,aegis_bounded_verification_pool,ML-DSA-65,concurrent_verify_burst,workers1_concurrency4,512,64,0,659042,788000,8110080,true,accepted=4;saturated=0;unexpected=0,4,4,0,0,3309,0,0,0,0,0,"controlled local burst; wall time includes scoped-thread creation, Aegis policy/transcript processing, bounded-pool admission, primitive verification, and joins; work_units counts accepted verifications only"
local-1786752806231006000,macmini-m2-macos26.5.2-rust1.97.1-aarch64-20260814-workers1,9d3ab807a08ef4cf1077dbc23213e2314ce37c87,MEASURED,1786752806544270000,load,aegis_bounded_verification_pool,ML-DSA-65,concurrent_verify_burst,workers1_concurrency4,512,65,0,535666,704000,8110080,true,accepted=4;saturated=0;unexpected=0,4,4,0,0,3309,0,0,0,0,0,"controlled local burst; wall time includes scoped-thread creation, Aegis policy/transcript processing, bounded-pool admission, primitive verification, and joins; work_units counts accepted verifications only"
local-1786752806231006000,macmini-m2-macos26.5.2-rust1.97.1-aarch64-20260814-workers1,9d3ab807a08ef4cf1077dbc23213e2314ce37c87,MEASURED,1786752806547314000,load,aegis_bounded_verification_pool,ML-DSA-65,concurrent_verify_burst,workers1_concurrency4,512,66,0,523375,714000,8110080,true,accepted=4;saturated=0;unexpected=0,4,4,0,0,3309,0,0,0,0,0,"controlled local burst; wall time includes scoped-thread creation, Aegis policy/transcript processing, bounded-pool admission, primitive verification, and joins; work_units counts accepted verifications only"
local-1786752806231006000,macmini-m2-macos26.5.2-rust1.97.1-aarch64-20260814-workers1,9d3ab807a08ef4cf1077dbc23213e2314ce37c87,MEASURED,1786752806550463000,load,aegis_bounded_verification_pool,ML-DSA-65,concurrent_verify_burst,workers1_concurrency4,512,67,0,550792,733000,8110080,true,accepted=4;saturated=0;unexpected=0,4,4,0,0,3309,0,0,0,0,0,"controlled local burst; wall time includes scoped-thread creation, Aegis policy/transcript processing, bounded-pool admission, primitive verification, and joins; work_units counts accepted verifications only"
local-1786752806231006000,macmini-m2-macos26.5.2-rust1.97.1-aarch64-20260814-workers1,9d3ab807a08ef4cf1077dbc23213e2314ce37c87,MEASURED,1786752806553292000,load,aegis_bounded_verification_pool,ML-DSA-65,concurrent_verify_burst,workers1_concurrency4,512,68,0,530417,698000,8110080,true,accepted=4;saturated=0;unexpected=0,4,4,0,0,3309,0,0,0,0,0,"controlled local burst; wall time includes scoped-thread creation, Aegis policy/transcript processing, bounded-pool admission, primitive verification, and joins; work_units counts accepted verifications only"
local-1786752806231006000,macmini-m2-macos26.5.2-rust1.97.1-aarch64-20260814-workers1,9d3ab807a08ef4cf1077dbc23213e2314ce37c87,MEASURED,1786752806554441000,load,aegis_bounded_verification_pool,ML-DSA-65,concurrent_verify_burst,workers1_concurrency4,512,69,0,561375,763000,8110080,true,accepted=4;saturated=0;unexpected=0,4,4,0,0,3309,0,0,0,0,0,"controlled local burst; wall time includes scoped-thread creation, Aegis policy/transcript processing, bounded-pool admission, primitive verification, and joins; work_units counts accepted verifications only"
local-1786752806231006000,macmini-m2-macos26.5.2-rust1.97.1-aarch64-20260814-workers1,9d3ab807a08ef4cf1077dbc23213e2314ce37c87,MEASURED,1786752806557063000,load,aegis_bounded_verification_pool,ML-DSA-65,concurrent_verify_burst,workers1_concurrency4,512,70,0,547834,758000,8110080,true,accepted=4;saturated=0;unexpected=0,4,4,0,0,3309,0,0,0,0,0,"controlled local burst; wall time includes scoped-thread creation, Aegis policy/transcript processing, bounded-pool admission, primitive verification, and joins; work_units counts accepted verifications only"
local-1786752806231006000,macmini-m2-macos26.5.2-rust1.97.1-aarch64-20260814-workers1,9d3ab807a08ef4cf1077dbc23213e2314ce37c87,MEASURED,1786752806558824000,load,aegis_bounded_verification_pool,ML-DSA-65,concurrent_verify_burst,workers1_concurrency4,512,71,0,526250,696000,8110080,true,accepted=4;saturated=0;unexpected=0,4,4,0,0,3309,0,0,0,0,0,"controlled local burst; wall time includes scoped-thread creation, Aegis policy/transcript processing, bounded-pool admission, primitive verification, and joins; work_units counts accepted verifications only"
local-1786752806231006000,macmini-m2-macos26.5.2-rust1.97.1-aarch64-20260814-workers1,9d3ab807a08ef4cf1077dbc23213e2314ce37c87,MEASURED,1786752806560559000,load,aegis_bounded_verification_pool,ML-DSA-65,concurrent_verify_burst,workers1_concurrency4,512,72,0,525708,694000,8110080,true,accepted=4;saturated=0;unexpected=0,4,4,0,0,3309,0,0,0,0,0,"controlled local burst; wall time includes scoped-thread creation, Aegis policy/transcript processing, bounded-pool admission, primitive verification, and joins; work_units counts accepted verifications only"
local-1786752806231006000,macmini-m2-macos26.5.2-rust1.97.1-aarch64-20260814-workers1,9d3ab807a08ef4cf1077dbc23213e2314ce37c87,MEASURED,1786752806562768000,load,aegis_bounded_verification_pool,ML-DSA-65,concurrent_verify_burst,workers1_concurrency4,512,73,0,544541,738000,8110080,true,accepted=4;saturated=0;unexpected=0,4,4,0,0,3309,0,0,0,0,0,"controlled local burst; wall time includes scoped-thread creation, Aegis policy/transcript processing, bounded-pool admission, primitive verification, and joins; work_units counts accepted verifications only"
local-1786752806231006000,macmini-m2-macos26.5.2-rust1.97.1-aarch64-20260814-workers1,9d3ab807a08ef4cf1077dbc23213e2314ce37c87,MEASURED,1786752806564403000,load,aegis_bounded_verification_pool,ML-DSA-65,concurrent_verify_burst,workers1_concurrency4,512,74,0,543083,770000,8110080,true,accepted=4;saturated=0;unexpected=0,4,4,0,0,3309,0,0,0,0,0,"controlled local burst; wall time includes scoped-thread creation, Aegis policy/transcript processing, bounded-pool admission, primitive verification, and joins; work_units counts accepted verifications only"
local-1786752806231006000,macmini-m2-macos26.5.2-rust1.97.1-aarch64-20260814-workers1,9d3ab807a08ef4cf1077dbc23213e2314ce37c87,MEASURED,1786752806567000000,load,aegis_bounded_verification_pool,ML-DSA-65,concurrent_verify_burst,workers1_concurrency4,512,75,0,537625,729000,8110080,true,accepted=4;saturated=0;unexpected=0,4,4,0,0,3309,0,0,0,0,0,"controlled local burst; wall time includes scoped-thread creation, Aegis policy/transcript processing, bounded-pool admission, primitive verification, and joins; work_units counts accepted verifications only"
local-1786752806231006000,macmini-m2-macos26.5.2-rust1.97.1-aarch64-20260814-workers1,9d3ab807a08ef4cf1077dbc23213e2314ce37c87,MEASURED,1786752806568258000,load,aegis_bounded_verification_pool,ML-DSA-65,concurrent_verify_burst,workers1_concurrency4,512,76,0,536750,716000,8110080,true,accepted=4;saturated=0;unexpected=0,4,4,0,0,3309,0,0,0,0,0,"controlled local burst; wall time includes scoped-thread creation, Aegis policy/transcript processing, bounded-pool admission, primitive verification, and joins; work_units counts accepted verifications only"
local-1786752806231006000,macmini-m2-macos26.5.2-rust1.97.1-aarch64-20260814-workers1,9d3ab807a08ef4cf1077dbc23213e2314ce37c87,MEASURED,1786752806569817000,load,aegis_bounded_verification_pool,ML-DSA-65,concurrent_verify_burst,workers1_concurrency4,512,77,0,553417,794000,8126464,true,accepted=4;saturated=0;unexpected=0,4,4,0,0,3309,0,0,0,0,0,"controlled local burst; wall time includes scoped-thread creation, Aegis policy/transcript processing, bounded-pool admission, primitive verification, and joins; work_units counts accepted verifications only"
local-1786752806231006000,macmini-m2-macos26.5.2-rust1.97.1-aarch64-20260814-workers1,9d3ab807a08ef4cf1077dbc23213e2314ce37c87,MEASURED,1786752806571622000,load,aegis_bounded_verification_pool,ML-DSA-65,concurrent_verify_burst,workers1_concurrency4,512,78,0,545209,741000,8126464,true,accepted=4;saturated=0;unexpected=0,4,4,0,0,3309,0,0,0,0,0,"controlled local burst; wall time includes scoped-thread creation, Aegis policy/transcript processing, bounded-pool admission, primitive verification, and joins; work_units counts accepted verifications only"
local-1786752806231006000,macmini-m2-macos26.5.2-rust1.97.1-aarch64-20260814-workers1,9d3ab807a08ef4cf1077dbc23213e2314ce37c87,MEASURED,1786752806573197000,load,aegis_bounded_verification_pool,ML-DSA-65,concurrent_verify_burst,workers1_concurrency4,512,79,0,517833,689000,8126464,true,accepted=4;saturated=0;unexpected=0,4,4,0,0,3309,0,0,0,0,0,"controlled local burst; wall time includes scoped-thread creation, Aegis policy/transcript processing, bounded-pool admission, primitive verification, and joins; work_units counts accepted verifications only"
local-1786752806231006000,macmini-m2-macos26.5.2-rust1.97.1-aarch64-20260814-workers1,9d3ab807a08ef4cf1077dbc23213e2314ce37c87,MEASURED,1786752806575157000,load,aegis_bounded_verification_pool,ML-DSA-65,concurrent_verify_burst,workers1_concurrency4,512,80,0,572792,825000,8126464,true,accepted=4;saturated=0;unexpected=0,4,4,0,0,3309,0,0,0,0,0,"controlled local burst; wall time includes scoped-thread creation, Aegis policy/transcript processing, bounded-pool admission, primitive verification, and joins; work_units counts accepted verifications only"
local-1786752806231006000,macmini-m2-macos26.5.2-rust1.97.1-aarch64-20260814-workers1,9d3ab807a08ef4cf1077dbc23213e2314ce37c87,MEASURED,1786752806578376000,load,aegis_bounded_verification_pool,ML-DSA-65,concurrent_verify_burst,workers1_concurrency4,512,81,0,621084,850000,8126464,true,accepted=4;saturated=0;unexpected=0,4,4,0,0,3309,0,0,0,0,0,"controlled local burst; wall time includes scoped-thread creation, Aegis policy/transcript processing, bounded-pool admission, primitive verification, and joins; work_units counts accepted verifications only"
local-1786752806231006000,macmini-m2-macos26.5.2-rust1.97.1-aarch64-20260814-workers1,9d3ab807a08ef4cf1077dbc23213e2314ce37c87,MEASURED,1786752806580219000,load,aegis_bounded_verification_pool,ML-DSA-65,concurrent_verify_burst,workers1_concurrency4,512,82,0,553083,732000,8126464,true,accepted=4;saturated=0;unexpected=0,4,4,0,0,3309,0,0,0,0,0,"controlled local burst; wall time includes scoped-thread creation, Aegis policy/transcript processing, bounded-pool admission, primitive verification, and joins; work_units counts accepted verifications only"
local-1786752806231006000,macmini-m2-macos26.5.2-rust1.97.1-aarch64-20260814-workers1,9d3ab807a08ef4cf1077dbc23213e2314ce37c87,MEASURED,1786752806581795000,load,aegis_bounded_verification_pool,ML-DSA-65,concurrent_verify_burst,workers1_concurrency4,512,83,0,542625,735000,8126464,true,accepted=4;saturated=0;unexpected=0,4,4,0,0,3309,0,0,0,0,0,"controlled local burst; wall time includes scoped-thread creation, Aegis policy/transcript processing, bounded-pool admission, primitive verification, and joins; work_units counts accepted verifications only"
local-1786752806231006000,macmini-m2-macos26.5.2-rust1.97.1-aarch64-20260814-workers1,9d3ab807a08ef4cf1077dbc23213e2314ce37c87,MEASURED,1786752806583722000,load,aegis_bounded_verification_pool,ML-DSA-65,concurrent_verify_burst,workers1_concurrency4,512,84,0,587375,853000,8126464,true,accepted=4;saturated=0;unexpected=0,4,4,0,0,3309,0,0,0,0,0,"controlled local burst; wall time includes scoped-thread creation, Aegis policy/transcript processing, bounded-pool admission, primitive verification, and joins; work_units counts accepted verifications only"
local-1786752806231006000,macmini-m2-macos26.5.2-rust1.97.1-aarch64-20260814-workers1,9d3ab807a08ef4cf1077dbc23213e2314ce37c87,MEASURED,1786752806586456000,load,aegis_bounded_verification_pool,ML-DSA-65,concurrent_verify_burst,workers1_concurrency4,512,85,0,538125,718000,8126464,true,accepted=4;saturated=0;unexpected=0,4,4,0,0,3309,0,0,0,0,0,"controlled local burst; wall time includes scoped-thread creation, Aegis policy/transcript processing, bounded-pool admission, primitive verification, and joins; work_units counts accepted verifications only"
local-1786752806231006000,macmini-m2-macos26.5.2-rust1.97.1-aarch64-20260814-workers1,9d3ab807a08ef4cf1077dbc23213e2314ce37c87,MEASURED,1786752806588842000,load,aegis_bounded_verification_pool,ML-DSA-65,concurrent_verify_burst,workers1_concurrency4,512,86,0,552583,739000,8126464,true,accepted=4;saturated=0;unexpected=0,4,4,0,0,3309,0,0,0,0,0,"controlled local burst; wall time includes scoped-thread creation, Aegis policy/transcript processing, bounded-pool admission, primitive verification, and joins; work_units counts accepted verifications only"
local-1786752806231006000,macmini-m2-macos26.5.2-rust1.97.1-aarch64-20260814-workers1,9d3ab807a08ef4cf1077dbc23213e2314ce37c87,MEASURED,1786752806590247000,load,aegis_bounded_verification_pool,ML-DSA-65,concurrent_verify_burst,workers1_concurrency4,512,87,0,624208,799000,8126464,true,accepted=4;saturated=0;unexpected=0,4,4,0,0,3309,0,0,0,0,0,"controlled local burst; wall time includes scoped-thread creation, Aegis policy/transcript processing, bounded-pool admission, primitive verification, and joins; work_units counts accepted verifications only"
local-1786752806231006000,macmini-m2-macos26.5.2-rust1.97.1-aarch64-20260814-workers1,9d3ab807a08ef4cf1077dbc23213e2314ce37c87,MEASURED,1786752806591939000,load,aegis_bounded_verification_pool,ML-DSA-65,concurrent_verify_burst,workers1_concurrency4,512,88,0,532500,725000,8126464,true,accepted=4;saturated=0;unexpected=0,4,4,0,0,3309,0,0,0,0,0,"controlled local burst; wall time includes scoped-thread creation, Aegis policy/transcript processing, bounded-pool admission, primitive verification, and joins; work_units counts accepted verifications only"
local-1786752806231006000,macmini-m2-macos26.5.2-rust1.97.1-aarch64-20260814-workers1,9d3ab807a08ef4cf1077dbc23213e2314ce37c87,MEASURED,1786752806593703000,load,aegis_bounded_verification_pool,ML-DSA-65,concurrent_verify_burst,workers1_concurrency4,512,89,0,537208,751000,8126464,true,accepted=4;saturated=0;unexpected=0,4,4,0,0,3309,0,0,0,0,0,"controlled local burst; wall time includes scoped-thread creation, Aegis policy/transcript processing, bounded-pool admission, primitive verification, and joins; work_units counts accepted verifications only"
local-1786752806231006000,macmini-m2-macos26.5.2-rust1.97.1-aarch64-20260814-workers1,9d3ab807a08ef4cf1077dbc23213e2314ce37c87,MEASURED,1786752806596411000,load,aegis_bounded_verification_pool,ML-DSA-65,concurrent_verify_burst,workers1_concurrency4,512,90,0,541791,740000,8126464,true,accepted=4;saturated=0;unexpected=0,4,4,0,0,3309,0,0,0,0,0,"controlled local burst; wall time includes scoped-thread creation, Aegis policy/transcript processing, bounded-pool admission, primitive verification, and joins; work_units counts accepted verifications only"
local-1786752806231006000,macmini-m2-macos26.5.2-rust1.97.1-aarch64-20260814-workers1,9d3ab807a08ef4cf1077dbc23213e2314ce37c87,MEASURED,1786752806598678000,load,aegis_bounded_verification_pool,ML-DSA-65,concurrent_verify_burst,workers1_concurrency4,512,91,0,576875,799000,8126464,true,accepted=4;saturated=0;unexpected=0,4,4,0,0,3309,0,0,0,0,0,"controlled local burst; wall time includes scoped-thread creation, Aegis policy/transcript processing, bounded-pool admission, primitive verification, and joins; work_units counts accepted verifications only"
local-1786752806231006000,macmini-m2-macos26.5.2-rust1.97.1-aarch64-20260814-workers1,9d3ab807a08ef4cf1077dbc23213e2314ce37c87,MEASURED,1786752806600631000,load,aegis_bounded_verification_pool,ML-DSA-65,concurrent_verify_burst,workers1_concurrency4,512,92,0,538333,709000,8126464,true,accepted=4;saturated=0;unexpected=0,4,4,0,0,3309,0,0,0,0,0,"controlled local burst; wall time includes scoped-thread creation, Aegis policy/transcript processing, bounded-pool admission, primitive verification, and joins; work_units counts accepted verifications only"
local-1786752806231006000,macmini-m2-macos26.5.2-rust1.97.1-aarch64-20260814-workers1,9d3ab807a08ef4cf1077dbc23213e2314ce37c87,MEASURED,1786752806602547000,load,aegis_bounded_verification_pool,ML-DSA-65,concurrent_verify_burst,workers1_concurrency4,512,93,0,550458,755000,8126464,true,accepted=4;saturated=0;unexpected=0,4,4,0,0,3309,0,0,0,0,0,"controlled local burst; wall time includes scoped-thread creation, Aegis policy/transcript processing, bounded-pool admission, primitive verification, and joins; work_units counts accepted verifications only"
local-1786752806231006000,macmini-m2-macos26.5.2-rust1.97.1-aarch64-20260814-workers1,9d3ab807a08ef4cf1077dbc23213e2314ce37c87,MEASURED,1786752806604221000,load,aegis_bounded_verification_pool,ML-DSA-65,concurrent_verify_burst,workers1_concurrency4,512,94,0,615125,846000,8126464,true,accepted=4;saturated=0;unexpected=0,4,4,0,0,3309,0,0,0,0,0,"controlled local burst; wall time includes scoped-thread creation, Aegis policy/transcript processing, bounded-pool admission, primitive verification, and joins; work_units counts accepted verifications only"
local-1786752806231006000,macmini-m2-macos26.5.2-rust1.97.1-aarch64-20260814-workers1,9d3ab807a08ef4cf1077dbc23213e2314ce37c87,MEASURED,1786752806606502000,load,aegis_bounded_verification_pool,ML-DSA-65,concurrent_verify_burst,workers1_concurrency4,512,95,0,537167,740000,8126464,true,accepted=4;saturated=0;unexpected=0,4,4,0,0,3309,0,0,0,0,0,"controlled local burst; wall time includes scoped-thread creation, Aegis policy/transcript processing, bounded-pool admission, primitive verification, and joins; work_units counts accepted verifications only"
local-1786752806231006000,macmini-m2-macos26.5.2-rust1.97.1-aarch64-20260814-workers1,9d3ab807a08ef4cf1077dbc23213e2314ce37c87,MEASURED,1786752806607866000,load,aegis_bounded_verification_pool,ML-DSA-65,concurrent_verify_burst,workers1_concurrency4,512,96,0,523542,704000,8126464,true,accepted=4;saturated=0;unexpected=0,4,4,0,0,3309,0,0,0,0,0,"controlled local burst; wall time includes scoped-thread creation, Aegis policy/transcript processing, bounded-pool admission, primitive verification, and joins; work_units counts accepted verifications only"
local-1786752806231006000,macmini-m2-macos26.5.2-rust1.97.1-aarch64-20260814-workers1,9d3ab807a08ef4cf1077dbc23213e2314ce37c87,MEASURED,1786752806609573000,load,aegis_bounded_verification_pool,ML-DSA-65,concurrent_verify_burst,workers1_concurrency4,512,97,0,559750,751000,8126464,true,accepted=4;saturated=0;unexpected=0,4,4,0,0,3309,0,0,0,0,0,"controlled local burst; wall time includes scoped-thread creation, Aegis policy/transcript processing, bounded-pool admission, primitive verification, and joins; work_units counts accepted verifications only"
local-1786752806231006000,macmini-m2-macos26.5.2-rust1.97.1-aarch64-20260814-workers1,9d3ab807a08ef4cf1077dbc23213e2314ce37c87,MEASURED,1786752806610897000,load,aegis_bounded_verification_pool,ML-DSA-65,concurrent_verify_burst,workers1_concurrency4,512,98,0,560250,823000,8126464,true,accepted=4;saturated=0;unexpected=0,4,4,0,0,3309,0,0,0,0,0,"controlled local burst; wall time includes scoped-thread creation, Aegis policy/transcript processing, bounded-pool admission, primitive verification, and joins; work_units counts accepted verifications only"
local-1786752806231006000,macmini-m2-macos26.5.2-rust1.97.1-aarch64-20260814-workers1,9d3ab807a08ef4cf1077dbc23213e2314ce37c87,MEASURED,1786752806612307000,load,aegis_bounded_verification_pool,ML-DSA-65,concurrent_verify_burst,workers1_concurrency4,512,99,0,555250,758000,8126464,true,accepted=4;saturated=0;unexpected=0,4,4,0,0,3309,0,0,0,0,0,"controlled local burst; wall time includes scoped-thread creation, Aegis policy/transcript processing, bounded-pool admission, primitive verification, and joins; work_units counts accepted verifications only"
local-1786752806231006000,macmini-m2-macos26.5.2-rust1.97.1-aarch64-20260814-workers1,9d3ab807a08ef4cf1077dbc23213e2314ce37c87,MEASURED,1786752806615326000,load,aegis_bounded_verification_pool,ML-DSA-65,concurrent_verify_burst,workers1_concurrency8,512,0,0,1040667,1474000,8257536,true,accepted=8;saturated=0;unexpected=0,8,8,0,0,3309,0,0,0,0,0,"controlled local burst; wall time includes scoped-thread creation, Aegis policy/transcript processing, bounded-pool admission, primitive verification, and joins; work_units counts accepted verifications only"
local-1786752806231006000,macmini-m2-macos26.5.2-rust1.97.1-aarch64-20260814-workers1,9d3ab807a08ef4cf1077dbc23213e2314ce37c87,MEASURED,1786752806618891000,load,aegis_bounded_verification_pool,ML-DSA-65,concurrent_verify_burst,workers1_concurrency8,512,1,0,1039583,1595000,8257536,true,accepted=8;saturated=0;unexpected=0,8,8,0,0,3309,0,0,0,0,0,"controlled local burst; wall time includes scoped-thread creation, Aegis policy/transcript processing, bounded-pool admission, primitive verification, and joins; work_units counts accepted verifications only"
local-1786752806231006000,macmini-m2-macos26.5.2-rust1.97.1-aarch64-20260814-workers1,9d3ab807a08ef4cf1077dbc23213e2314ce37c87,MEASURED,1786752806622567000,load,aegis_bounded_verification_pool,ML-DSA-65,concurrent_verify_burst,workers1_concurrency8,512,2,0,1014000,1504000,8273920,true,accepted=8;saturated=0;unexpected=0,8,8,0,0,3309,0,0,0,0,0,"controlled local burst; wall time includes scoped-thread creation, Aegis policy/transcript processing, bounded-pool admission, primitive verification, and joins; work_units counts accepted verifications only"
local-1786752806231006000,macmini-m2-macos26.5.2-rust1.97.1-aarch64-20260814-workers1,9d3ab807a08ef4cf1077dbc23213e2314ce37c87,MEASURED,1786752806626524000,load,aegis_bounded_verification_pool,ML-DSA-65,concurrent_verify_burst,workers1_concurrency8,512,3,0,1058209,1655000,8273920,true,accepted=8;saturated=0;unexpected=0,8,8,0,0,3309,0,0,0,0,0,"controlled local burst; wall time includes scoped-thread creation, Aegis policy/transcript processing, bounded-pool admission, primitive verification, and joins; work_units counts accepted verifications only"
local-1786752806231006000,macmini-m2-macos26.5.2-rust1.97.1-aarch64-20260814-workers1,9d3ab807a08ef4cf1077dbc23213e2314ce37c87,MEASURED,1786752806630234000,load,aegis_bounded_verification_pool,ML-DSA-65,concurrent_verify_burst,workers1_concurrency8,512,4,0,1071458,1598000,8273920,true,accepted=8;saturated=0;unexpected=0,8,8,0,0,3309,0,0,0,0,0,"controlled local burst; wall time includes scoped-thread creation, Aegis policy/transcript processing, bounded-pool admission, primitive verification, and joins; work_units counts accepted verifications only"
local-1786752806231006000,macmini-m2-macos26.5.2-rust1.97.1-aarch64-20260814-workers1,9d3ab807a08ef4cf1077dbc23213e2314ce37c87,MEASURED,1786752806633696000,load,aegis_bounded_verification_pool,ML-DSA-65,concurrent_verify_burst,workers1_concurrency8,512,5,0,1019083,1728000,8273920,true,accepted=8;saturated=0;unexpected=0,8,8,0,0,3309,0,0,0,0,0,"controlled local burst; wall time includes scoped-thread creation, Aegis policy/transcript processing, bounded-pool admission, primitive verification, and joins; work_units counts accepted verifications only"
local-1786752806231006000,macmini-m2-macos26.5.2-rust1.97.1-aarch64-20260814-workers1,9d3ab807a08ef4cf1077dbc23213e2314ce37c87,MEASURED,1786752806636491000,load,aegis_bounded_verification_pool,ML-DSA-65,concurrent_verify_burst,workers1_concurrency8,512,6,0,988417,1478000,8273920,true,accepted=8;saturated=0;unexpected=0,8,8,0,0,3309,0,0,0,0,0,"controlled local burst; wall time includes scoped-thread creation, Aegis policy/transcript processing, bounded-pool admission, primitive verification, and joins; work_units counts accepted verifications only"
local-1786752806231006000,macmini-m2-macos26.5.2-rust1.97.1-aarch64-20260814-workers1,9d3ab807a08ef4cf1077dbc23213e2314ce37c87,MEASURED,1786752806641972000,load,aegis_bounded_verification_pool,ML-DSA-65,concurrent_verify_burst,workers1_concurrency8,512,7,0,1004916,1472000,8273920,true,accepted=8;saturated=0;unexpected=0,8,8,0,0,3309,0,0,0,0,0,"controlled local burst; wall time includes scoped-thread creation, Aegis policy/transcript processing, bounded-pool admission, primitive verification, and joins; work_units counts accepted verifications only"
local-1786752806231006000,macmini-m2-macos26.5.2-rust1.97.1-aarch64-20260814-workers1,9d3ab807a08ef4cf1077dbc23213e2314ce37c87,MEASURED,1786752806645509000,load,aegis_bounded_verification_pool,ML-DSA-65,concurrent_verify_burst,workers1_concurrency8,512,8,0,1011666,1792000,8273920,true,accepted=8;saturated=0;unexpected=0,8,8,0,0,3309,0,0,0,0,0,"controlled local burst; wall time includes scoped-thread creation, Aegis policy/transcript processing, bounded-pool admission, primitive verification, and joins; work_units counts accepted verifications only"
local-1786752806231006000,macmini-m2-macos26.5.2-rust1.97.1-aarch64-20260814-workers1,9d3ab807a08ef4cf1077dbc23213e2314ce37c87,MEASURED,1786752806649259000,load,aegis_bounded_verification_pool,ML-DSA-65,concurrent_verify_burst,workers1_concurrency8,512,9,0,1012667,1615000,8306688,true,accepted=8;saturated=0;unexpected=0,8,8,0,0,3309,0,0,0,0,0,"controlled local burst; wall time includes scoped-thread creation, Aegis policy/transcript processing, bounded-pool admission, primitive verification, and joins; work_units counts accepted verifications only"
local-1786752806231006000,macmini-m2-macos26.5.2-rust1.97.1-aarch64-20260814-workers1,9d3ab807a08ef4cf1077dbc23213e2314ce37c87,MEASURED,1786752806652024000,load,aegis_bounded_verification_pool,ML-DSA-65,concurrent_verify_burst,workers1_concurrency8,512,10,0,1049083,1545000,8323072,true,accepted=8;saturated=0;unexpected=0,8,8,0,0,3309,0,0,0,0,0,"controlled local burst; wall time includes scoped-thread creation, Aegis policy/transcript processing, bounded-pool admission, primitive verification, and joins; work_units counts accepted verifications only"
local-1786752806231006000,macmini-m2-macos26.5.2-rust1.97.1-aarch64-20260814-workers1,9d3ab807a08ef4cf1077dbc23213e2314ce37c87,MEASURED,1786752806655721000,load,aegis_bounded_verification_pool,ML-DSA-65,concurrent_verify_burst,workers1_concurrency8,512,11,0,1022708,1503000,8323072,true,accepted=8;saturated=0;unexpected=0,8,8,0,0,3309,0,0,0,0,0,"controlled local burst; wall time includes scoped-thread creation, Aegis policy/transcript processing, bounded-pool admission, primitive verification, and joins; work_units counts accepted verifications only"
local-1786752806231006000,macmini-m2-macos26.5.2-rust1.97.1-aarch64-20260814-workers1,9d3ab807a08ef4cf1077dbc23213e2314ce37c87,MEASURED,1786752806659938000,load,aegis_bounded_verification_pool,ML-DSA-65,concurrent_verify_burst,workers1_concurrency8,512,12,0,1106375,1704000,8323072,true,accepted=8;saturated=0;unexpected=0,8,8,0,0,3309,0,0,0,0,0,"controlled local burst; wall time includes scoped-thread creation, Aegis policy/transcript processing, bounded-pool admission, primitive verification, and joins; work_units counts accepted verifications only"
local-1786752806231006000,macmini-m2-macos26.5.2-rust1.97.1-aarch64-20260814-workers1,9d3ab807a08ef4cf1077dbc23213e2314ce37c87,MEASURED,1786752806664001000,load,aegis_bounded_verification_pool,ML-DSA-65,concurrent_verify_burst,workers1_concurrency8,512,13,0,995542,1504000,8323072,true,accepted=8;saturated=0;unexpected=0,8,8,0,0,3309,0,0,0,0,0,"controlled local burst; wall time includes scoped-thread creation, Aegis policy/transcript processing, bounded-pool admission, primitive verification, and joins; work_units counts accepted verifications only"
local-1786752806231006000,macmini-m2-macos26.5.2-rust1.97.1-aarch64-20260814-workers1,9d3ab807a08ef4cf1077dbc23213e2314ce37c87,MEASURED,1786752806668894000,load,aegis_bounded_verification_pool,ML-DSA-65,concurrent_verify_burst,workers1_concurrency8,512,14,0,1009833,1579000,8323072,true,accepted=8;saturated=0;unexpected=0,8,8,0,0,3309,0,0,0,0,0,"controlled local burst; wall time includes scoped-thread creation, Aegis policy/transcript processing, bounded-pool admission, primitive verification, and joins; work_units counts accepted verifications only"
local-1786752806231006000,macmini-m2-macos26.5.2-rust1.97.1-aarch64-20260814-workers1,9d3ab807a08ef4cf1077dbc23213e2314ce37c87,MEASURED,1786752806672329000,load,aegis_bounded_verification_pool,ML-DSA-65,concurrent_verify_burst,workers1_concurrency8,512,15,0,1021125,1630000,8323072,true,accepted=8;saturated=0;unexpected=0,8,8,0,0,3309,0,0,0,0,0,"controlled local burst; wall time includes scoped-thread creation, Aegis policy/transcript processing, bounded-pool admission, primitive verification, and joins; work_units counts accepted verifications only"
local-1786752806231006000,macmini-m2-macos26.5.2-rust1.97.1-aarch64-20260814-workers1,9d3ab807a08ef4cf1077dbc23213e2314ce37c87,MEASURED,1786752806675829000,load,aegis_bounded_verification_pool,ML-DSA-65,concurrent_verify_burst,workers1_concurrency8,512,16,0,1047833,1751000,8323072,true,accepted=8;saturated=0;unexpected=0,8,8,0,0,3309,0,0,0,0,0,"controlled local burst; wall time includes scoped-thread creation, Aegis policy/transcript processing, bounded-pool admission, primitive verification, and joins; work_units counts accepted verifications only"
local-1786752806231006000,macmini-m2-macos26.5.2-rust1.97.1-aarch64-20260814-workers1,9d3ab807a08ef4cf1077dbc23213e2314ce37c87,MEASURED,1786752806680064000,load,aegis_bounded_verification_pool,ML-DSA-65,concurrent_verify_burst,workers1_concurrency8,512,17,0,1073750,1590000,8323072,true,accepted=8;saturated=0;unexpected=0,8,8,0,0,3309,0,0,0,0,0,"controlled local burst; wall time includes scoped-thread creation, Aegis policy/transcript processing, bounded-pool admission, primitive verification, and joins; work_units counts accepted verifications only"
local-1786752806231006000,macmini-m2-macos26.5.2-rust1.97.1-aarch64-20260814-workers1,9d3ab807a08ef4cf1077dbc23213e2314ce37c87,MEASURED,1786752806683596000,load,aegis_bounded_verification_pool,ML-DSA-65,concurrent_verify_burst,workers1_concurrency8,512,18,0,1021750,1493000,8323072,true,accepted=8;saturated=0;unexpected=0,8,8,0,0,3309,0,0,0,0,0,"controlled local burst; wall time includes scoped-thread creation, Aegis policy/transcript processing, bounded-pool admission, primitive verification, and joins; work_units counts accepted verifications only"
local-1786752806231006000,macmini-m2-macos26.5.2-rust1.97.1-aarch64-20260814-workers1,9d3ab807a08ef4cf1077dbc23213e2314ce37c87,MEASURED,1786752806687608000,load,aegis_bounded_verification_pool,ML-DSA-65,concurrent_verify_burst,workers1_concurrency8,512,19,0,1069458,1661000,8323072,true,accepted=8;saturated=0;unexpected=0,8,8,0,0,3309,0,0,0,0,0,"controlled local burst; wall time includes scoped-thread creation, Aegis policy/transcript processing, bounded-pool admission, primitive verification, and joins; work_units counts accepted verifications only"
local-1786752806231006000,macmini-m2-macos26.5.2-rust1.97.1-aarch64-20260814-workers1,9d3ab807a08ef4cf1077dbc23213e2314ce37c87,MEASURED,1786752806691789000,load,aegis_bounded_verification_pool,ML-DSA-65,concurrent_verify_burst,workers1_concurrency8,512,20,0,1002208,1445000,8323072,true,accepted=8;saturated=0;unexpected=0,8,8,0,0,3309,0,0,0,0,0,"controlled local burst; wall time includes scoped-thread creation, Aegis policy/transcript processing, bounded-pool admission, primitive verification, and joins; work_units counts accepted verifications only"
local-1786752806231006000,macmini-m2-macos26.5.2-rust1.97.1-aarch64-20260814-workers1,9d3ab807a08ef4cf1077dbc23213e2314ce37c87,MEASURED,1786752806694913000,load,aegis_bounded_verification_pool,ML-DSA-65,concurrent_verify_burst,workers1_concurrency8,512,21,0,1059458,1551000,8323072,true,accepted=8;saturated=0;unexpected=0,8,8,0,0,3309,0,0,0,0,0,"controlled local burst; wall time includes scoped-thread creation, Aegis policy/transcript processing, bounded-pool admission, primitive verification, and joins; work_units counts accepted verifications only"
local-1786752806231006000,macmini-m2-macos26.5.2-rust1.97.1-aarch64-20260814-workers1,9d3ab807a08ef4cf1077dbc23213e2314ce37c87,MEASURED,1786752806698001000,load,aegis_bounded_verification_pool,ML-DSA-65,concurrent_verify_burst,workers1_concurrency8,512,22,0,1036875,1493000,8323072,true,accepted=8;saturated=0;unexpected=0,8,8,0,0,3309,0,0,0,0,0,"controlled local burst; wall time includes scoped-thread creation, Aegis policy/transcript processing, bounded-pool admission, primitive verification, and joins; work_units counts accepted verifications only"
local-1786752806231006000,macmini-m2-macos26.5.2-rust1.97.1-aarch64-20260814-workers1,9d3ab807a08ef4cf1077dbc23213e2314ce37c87,MEASURED,1786752806701925000,load,aegis_bounded_verification_pool,ML-DSA-65,concurrent_verify_burst,workers1_concurrency8,512,23,0,1051667,1656000,8323072,true,accepted=8;saturated=0;unexpected=0,8,8,0,0,3309,0,0,0,0,0,"controlled local burst; wall time includes scoped-thread creation, Aegis policy/transcript processing, bounded-pool admission, primitive verification, and joins; work_units counts accepted verifications only"
local-1786752806231006000,macmini-m2-macos26.5.2-rust1.97.1-aarch64-20260814-workers1,9d3ab807a08ef4cf1077dbc23213e2314ce37c87,MEASURED,1786752806706070000,load,aegis_bounded_verification_pool,ML-DSA-65,concurrent_verify_burst,workers1_concurrency8,512,24,0,1022750,1576000,8323072,true,accepted=8;saturated=0;unexpected=0,8,8,0,0,3309,0,0,0,0,0,"controlled local burst; wall time includes scoped-thread creation, Aegis policy/transcript processing, bounded-pool admission, primitive verification, and joins; work_units counts accepted verifications only"
local-1786752806231006000,macmini-m2-macos26.5.2-rust1.97.1-aarch64-20260814-workers1,9d3ab807a08ef4cf1077dbc23213e2314ce37c87,MEASURED,1786752806709904000,load,aegis_bounded_verification_pool,ML-DSA-65,concurrent_verify_burst,workers1_concurrency8,512,25,0,1028417,1680000,8323072,true,accepted=8;saturated=0;unexpected=0,8,8,0,0,3309,0,0,0,0,0,"controlled local burst; wall time includes scoped-thread creation, Aegis policy/transcript processing, bounded-pool admission, primitive verification, and joins; work_units counts accepted verifications only"
local-1786752806231006000,macmini-m2-macos26.5.2-rust1.97.1-aarch64-20260814-workers1,9d3ab807a08ef4cf1077dbc23213e2314ce37c87,MEASURED,1786752806712895000,load,aegis_bounded_verification_pool,ML-DSA-65,concurrent_verify_burst,workers1_concurrency8,512,26,0,1001708,1603000,8323072,true,accepted=8;saturated=0;unexpected=0,8,8,0,0,3309,0,0,0,0,0,"controlled local burst; wall time includes scoped-thread creation, Aegis policy/transcript processing, bounded-pool admission, primitive verification, and joins; work_units counts accepted verifications only"
local-1786752806231006000,macmini-m2-macos26.5.2-rust1.97.1-aarch64-20260814-workers1,9d3ab807a08ef4cf1077dbc23213e2314ce37c87,MEASURED,1786752806717530000,load,aegis_bounded_verification_pool,ML-DSA-65,concurrent_verify_burst,workers1_concurrency8,512,27,0,1005000,1669000,8323072,true,accepted=8;saturated=0;unexpected=0,8,8,0,0,3309,0,0,0,0,0,"controlled local burst; wall time includes scoped-thread creation, Aegis policy/transcript processing, bounded-pool admission, primitive verification, and joins; work_units counts accepted verifications only"
local-1786752806231006000,macmini-m2-macos26.5.2-rust1.97.1-aarch64-20260814-workers1,9d3ab807a08ef4cf1077dbc23213e2314ce37c87,MEASURED,1786752806720992000,load,aegis_bounded_verification_pool,ML-DSA-65,concurrent_verify_burst,workers1_concurrency8,512,28,0,1054542,1639000,8323072,true,accepted=8;saturated=0;unexpected=0,8,8,0,0,3309,0,0,0,0,0,"controlled local burst; wall time includes scoped-thread creation, Aegis policy/transcript processing, bounded-pool admission, primitive verification, and joins; work_units counts accepted verifications only"
local-1786752806231006000,macmini-m2-macos26.5.2-rust1.97.1-aarch64-20260814-workers1,9d3ab807a08ef4cf1077dbc23213e2314ce37c87,MEASURED,1786752806724716000,load,aegis_bounded_verification_pool,ML-DSA-65,concurrent_verify_burst,workers1_concurrency8,512,29,0,1055417,1684000,8323072,true,accepted=8;saturated=0;unexpected=0,8,8,0,0,3309,0,0,0,0,0,"controlled local burst; wall time includes scoped-thread creation, Aegis policy/transcript processing, bounded-pool admission, primitive verification, and joins; work_units counts accepted verifications only"
local-1786752806231006000,macmini-m2-macos26.5.2-rust1.97.1-aarch64-20260814-workers1,9d3ab807a08ef4cf1077dbc23213e2314ce37c87,MEASURED,1786752806729434000,load,aegis_bounded_verification_pool,ML-DSA-65,concurrent_verify_burst,workers1_concurrency8,512,30,0,1104125,1835000,8323072,true,accepted=8;saturated=0;unexpected=0,8,8,0,0,3309,0,0,0,0,0,"controlled local burst; wall time includes scoped-thread creation, Aegis policy/transcript processing, bounded-pool admission, primitive verification, and joins; work_units counts accepted verifications only"
local-1786752806231006000,macmini-m2-macos26.5.2-rust1.97.1-aarch64-20260814-workers1,9d3ab807a08ef4cf1077dbc23213e2314ce37c87,MEASURED,1786752806733584000,load,aegis_bounded_verification_pool,ML-DSA-65,concurrent_verify_burst,workers1_concurrency8,512,31,0,1020459,1503000,8339456,true,accepted=8;saturated=0;unexpected=0,8,8,0,0,3309,0,0,0,0,0,"controlled local burst; wall time includes scoped-thread creation, Aegis policy/transcript processing, bounded-pool admission, primitive verification, and joins; work_units counts accepted verifications only"
local-1786752806231006000,macmini-m2-macos26.5.2-rust1.97.1-aarch64-20260814-workers1,9d3ab807a08ef4cf1077dbc23213e2314ce37c87,MEASURED,1786752806738254000,load,aegis_bounded_verification_pool,ML-DSA-65,concurrent_verify_burst,workers1_concurrency8,512,32,0,1069834,1887000,8339456,true,accepted=8;saturated=0;unexpected=0,8,8,0,0,3309,0,0,0,0,0,"controlled local burst; wall time includes scoped-thread creation, Aegis policy/transcript processing, bounded-pool admission, primitive verification, and joins; work_units counts accepted verifications only"
local-1786752806231006000,macmini-m2-macos26.5.2-rust1.97.1-aarch64-20260814-workers1,9d3ab807a08ef4cf1077dbc23213e2314ce37c87,MEASURED,1786752806742088000,load,aegis_bounded_verification_pool,ML-DSA-65,concurrent_verify_burst,workers1_concurrency8,512,33,0,1043167,1531000,8339456,true,accepted=8;saturated=0;unexpected=0,8,8,0,0,3309,0,0,0,0,0,"controlled local burst; wall time includes scoped-thread creation, Aegis policy/transcript processing, bounded-pool admission, primitive verification, and joins; work_units counts accepted verifications only"
local-1786752806231006000,macmini-m2-macos26.5.2-rust1.97.1-aarch64-20260814-workers1,9d3ab807a08ef4cf1077dbc23213e2314ce37c87,MEASURED,1786752806745997000,load,aegis_bounded_verification_pool,ML-DSA-65,concurrent_verify_burst,workers1_concurrency8,512,34,0,999625,1604000,8339456,true,accepted=8;saturated=0;unexpected=0,8,8,0,0,3309,0,0,0,0,0,"controlled local burst; wall time includes scoped-thread creation, Aegis policy/transcript processing, bounded-pool admission, primitive verification, and joins; work_units counts accepted verifications only"
local-1786752806231006000,macmini-m2-macos26.5.2-rust1.97.1-aarch64-20260814-workers1,9d3ab807a08ef4cf1077dbc23213e2314ce37c87,MEASURED,1786752806749948000,load,aegis_bounded_verification_pool,ML-DSA-65,concurrent_verify_burst,workers1_concurrency8,512,35,0,1109667,1660000,8339456,true,accepted=8;saturated=0;unexpected=0,8,8,0,0,3309,0,0,0,0,0,"controlled local burst; wall time includes scoped-thread creation, Aegis policy/transcript processing, bounded-pool admission, primitive verification, and joins; work_units counts accepted verifications only"
local-1786752806231006000,macmini-m2-macos26.5.2-rust1.97.1-aarch64-20260814-workers1,9d3ab807a08ef4cf1077dbc23213e2314ce37c87,MEASURED,1786752806752750000,load,aegis_bounded_verification_pool,ML-DSA-65,concurrent_verify_burst,workers1_concurrency8,512,36,0,1018041,1568000,8339456,true,accepted=8;saturated=0;unexpected=0,8,8,0,0,3309,0,0,0,0,0,"controlled local burst; wall time includes scoped-thread creation, Aegis policy/transcript processing, bounded-pool admission, primitive verification, and joins; work_units counts accepted verifications only"
local-1786752806231006000,macmini-m2-macos26.5.2-rust1.97.1-aarch64-20260814-workers1,9d3ab807a08ef4cf1077dbc23213e2314ce37c87,MEASURED,1786752806756112000,load,aegis_bounded_verification_pool,ML-DSA-65,concurrent_verify_burst,workers1_concurrency8,512,37,0,1071041,1580000,8339456,true,accepted=8;saturated=0;unexpected=0,8,8,0,0,3309,0,0,0,0,0,"controlled local burst; wall time includes scoped-thread creation, Aegis policy/transcript processing, bounded-pool admission, primitive verification, and joins; work_units counts accepted verifications only"
local-1786752806231006000,macmini-m2-macos26.5.2-rust1.97.1-aarch64-20260814-workers1,9d3ab807a08ef4cf1077dbc23213e2314ce37c87,MEASURED,1786752806759321000,load,aegis_bounded_verification_pool,ML-DSA-65,concurrent_verify_burst,workers1_concurrency8,512,38,0,1030917,1676000,8339456,true,accepted=8;saturated=0;unexpected=0,8,8,0,0,3309,0,0,0,0,0,"controlled local burst; wall time includes scoped-thread creation, Aegis policy/transcript processing, bounded-pool admission, primitive verification, and joins; work_units counts accepted verifications only"
local-1786752806231006000,macmini-m2-macos26.5.2-rust1.97.1-aarch64-20260814-workers1,9d3ab807a08ef4cf1077dbc23213e2314ce37c87,MEASURED,1786752806764025000,load,aegis_bounded_verification_pool,ML-DSA-65,concurrent_verify_burst,workers1_concurrency8,512,39,0,1051458,1652000,8339456,true,accepted=8;saturated=0;unexpected=0,8,8,0,0,3309,0,0,0,0,0,"controlled local burst; wall time includes scoped-thread creation, Aegis policy/transcript processing, bounded-pool admission, primitive verification, and joins; work_units counts accepted verifications only"
local-1786752806231006000,macmini-m2-macos26.5.2-rust1.97.1-aarch64-20260814-workers1,9d3ab807a08ef4cf1077dbc23213e2314ce37c87,MEASURED,1786752806767470000,load,aegis_bounded_verification_pool,ML-DSA-65,concurrent_verify_burst,workers1_concurrency8,512,40,0,1034500,1532000,8355840,true,accepted=8;saturated=0;unexpected=0,8,8,0,0,3309,0,0,0,0,0,"controlled local burst; wall time includes scoped-thread creation, Aegis policy/transcript processing, bounded-pool admission, primitive verification, and joins; work_units counts accepted verifications only"
local-1786752806231006000,macmini-m2-macos26.5.2-rust1.97.1-aarch64-20260814-workers1,9d3ab807a08ef4cf1077dbc23213e2314ce37c87,MEASURED,1786752806771446000,load,aegis_bounded_verification_pool,ML-DSA-65,concurrent_verify_burst,workers1_concurrency8,512,41,0,1107666,1774000,8404992,true,accepted=8;saturated=0;unexpected=0,8,8,0,0,3309,0,0,0,0,0,"controlled local burst; wall time includes scoped-thread creation, Aegis policy/transcript processing, bounded-pool admission, primitive verification, and joins; work_units counts accepted verifications only"
local-1786752806231006000,macmini-m2-macos26.5.2-rust1.97.1-aarch64-20260814-workers1,9d3ab807a08ef4cf1077dbc23213e2314ce37c87,MEASURED,1786752806775840000,load,aegis_bounded_verification_pool,ML-DSA-65,concurrent_verify_burst,workers1_concurrency8,512,42,0,1042292,1588000,8404992,true,accepted=8;saturated=0;unexpected=0,8,8,0,0,3309,0,0,0,0,0,"controlled local burst; wall time includes scoped-thread creation, Aegis policy/transcript processing, bounded-pool admission, primitive verification, and joins; work_units counts accepted verifications only"
local-1786752806231006000,macmini-m2-macos26.5.2-rust1.97.1-aarch64-20260814-workers1,9d3ab807a08ef4cf1077dbc23213e2314ce37c87,MEASURED,1786752806779620000,load,aegis_bounded_verification_pool,ML-DSA-65,concurrent_verify_burst,workers1_concurrency8,512,43,0,1059709,1679000,8404992,true,accepted=8;saturated=0;unexpected=0,8,8,0,0,3309,0,0,0,0,0,"controlled local burst; wall time includes scoped-thread creation, Aegis policy/transcript processing, bounded-pool admission, primitive verification, and joins; work_units counts accepted verifications only"
local-1786752806231006000,macmini-m2-macos26.5.2-rust1.97.1-aarch64-20260814-workers1,9d3ab807a08ef4cf1077dbc23213e2314ce37c87,MEASURED,1786752806782700000,load,aegis_bounded_verification_pool,ML-DSA-65,concurrent_verify_burst,workers1_concurrency8,512,44,0,1031125,1610000,8404992,true,accepted=8;saturated=0;unexpected=0,8,8,0,0,3309,0,0,0,0,0,"controlled local burst; wall time includes scoped-thread creation, Aegis policy/transcript processing, bounded-pool admission, primitive verification, and joins; work_units counts accepted verifications only"
local-1786752806231006000,macmini-m2-macos26.5.2-rust1.97.1-aarch64-20260814-workers1,9d3ab807a08ef4cf1077dbc23213e2314ce37c87,MEASURED,1786752806786487000,load,aegis_bounded_verification_pool,ML-DSA-65,concurrent_verify_burst,workers1_concurrency8,512,45,0,1056958,1702000,8404992,true,accepted=8;saturated=0;unexpected=0,8,8,0,0,3309,0,0,0,0,0,"controlled local burst; wall time includes scoped-thread creation, Aegis policy/transcript processing, bounded-pool admission, primitive verification, and joins; work_units counts accepted verifications only"
local-1786752806231006000,macmini-m2-macos26.5.2-rust1.97.1-aarch64-20260814-workers1,9d3ab807a08ef4cf1077dbc23213e2314ce37c87,MEASURED,1786752806789548000,load,aegis_bounded_verification_pool,ML-DSA-65,concurrent_verify_burst,workers1_concurrency8,512,46,0,1030750,1578000,8404992,true,accepted=8;saturated=0;unexpected=0,8,8,0,0,3309,0,0,0,0,0,"controlled local burst; wall time includes scoped-thread creation, Aegis policy/transcript processing, bounded-pool admission, primitive verification, and joins; work_units counts accepted verifications only"
local-1786752806231006000,macmini-m2-macos26.5.2-rust1.97.1-aarch64-20260814-workers1,9d3ab807a08ef4cf1077dbc23213e2314ce37c87,MEASURED,1786752806794200000,load,aegis_bounded_verification_pool,ML-DSA-65,concurrent_verify_burst,workers1_concurrency8,512,47,0,1029167,1759000,8404992,true,accepted=8;saturated=0;unexpected=0,8,8,0,0,3309,0,0,0,0,0,"controlled local burst; wall time includes scoped-thread creation, Aegis policy/transcript processing, bounded-pool admission, primitive verification, and joins; work_units counts accepted verifications only"
local-1786752806231006000,macmini-m2-macos26.5.2-rust1.97.1-aarch64-20260814-workers1,9d3ab807a08ef4cf1077dbc23213e2314ce37c87,MEASURED,1786752806797195000,load,aegis_bounded_verification_pool,ML-DSA-65,concurrent_verify_burst,workers1_concurrency8,512,48,0,1009375,1645000,8404992,true,accepted=8;saturated=0;unexpected=0,8,8,0,0,3309,0,0,0,0,0,"controlled local burst; wall time includes scoped-thread creation, Aegis policy/transcript processing, bounded-pool admission, primitive verification, and joins; work_units counts accepted verifications only"
local-1786752806231006000,macmini-m2-macos26.5.2-rust1.97.1-aarch64-20260814-workers1,9d3ab807a08ef4cf1077dbc23213e2314ce37c87,MEASURED,1786752806802381000,load,aegis_bounded_verification_pool,ML-DSA-65,concurrent_verify_burst,workers1_concurrency8,512,49,0,1042625,1614000,8404992,true,accepted=8;saturated=0;unexpected=0,8,8,0,0,3309,0,0,0,0,0,"controlled local burst; wall time includes scoped-thread creation, Aegis policy/transcript processing, bounded-pool admission, primitive verification, and joins; work_units counts accepted verifications only"
local-1786752806231006000,macmini-m2-macos26.5.2-rust1.97.1-aarch64-20260814-workers1,9d3ab807a08ef4cf1077dbc23213e2314ce37c87,MEASURED,1786752806806040000,load,aegis_bounded_verification_pool,ML-DSA-65,concurrent_verify_burst,workers1_concurrency8,512,50,0,1162333,1876000,8421376,true,accepted=8;saturated=0;unexpected=0,8,8,0,0,3309,0,0,0,0,0,"controlled local burst; wall time includes scoped-thread creation, Aegis policy/transcript processing, bounded-pool admission, primitive verification, and joins; work_units counts accepted verifications only"
local-1786752806231006000,macmini-m2-macos26.5.2-rust1.97.1-aarch64-20260814-workers1,9d3ab807a08ef4cf1077dbc23213e2314ce37c87,MEASURED,1786752806809231000,load,aegis_bounded_verification_pool,ML-DSA-65,concurrent_verify_burst,workers1_concurrency8,512,51,0,1037417,1624000,8421376,true,accepted=8;saturated=0;unexpected=0,8,8,0,0,3309,0,0,0,0,0,"controlled local burst; wall time includes scoped-thread creation, Aegis policy/transcript processing, bounded-pool admission, primitive verification, and joins; work_units counts accepted verifications only"
local-1786752806231006000,macmini-m2-macos26.5.2-rust1.97.1-aarch64-20260814-workers1,9d3ab807a08ef4cf1077dbc23213e2314ce37c87,MEASURED,1786752806812349000,load,aegis_bounded_verification_pool,ML-DSA-65,concurrent_verify_burst,workers1_concurrency8,512,52,0,1065041,1871000,8421376,true,accepted=8;saturated=0;unexpected=0,8,8,0,0,3309,0,0,0,0,0,"controlled local burst; wall time includes scoped-thread creation, Aegis policy/transcript processing, bounded-pool admission, primitive verification, and joins; work_units counts accepted verifications only"
local-1786752806231006000,macmini-m2-macos26.5.2-rust1.97.1-aarch64-20260814-workers1,9d3ab807a08ef4cf1077dbc23213e2314ce37c87,MEASURED,1786752806816674000,load,aegis_bounded_verification_pool,ML-DSA-65,concurrent_verify_burst,workers1_concurrency8,512,53,0,1039917,1665000,8421376,true,accepted=8;saturated=0;unexpected=0,8,8,0,0,3309,0,0,0,0,0,"controlled local burst; wall time includes scoped-thread creation, Aegis policy/transcript processing, bounded-pool admission, primitive verification, and joins; work_units counts accepted verifications only"
local-1786752806231006000,macmini-m2-macos26.5.2-rust1.97.1-aarch64-20260814-workers1,9d3ab807a08ef4cf1077dbc23213e2314ce37c87,MEASURED,1786752806821747000,load,aegis_bounded_verification_pool,ML-DSA-65,concurrent_verify_burst,workers1_concurrency8,512,54,0,1051083,1735000,8421376,true,accepted=8;saturated=0;unexpected=0,8,8,0,0,3309,0,0,0,0,0,"controlled local burst; wall time includes scoped-thread creation, Aegis policy/transcript processing, bounded-pool admission, primitive verification, and joins; work_units counts accepted verifications only"
local-1786752806231006000,macmini-m2-macos26.5.2-rust1.97.1-aarch64-20260814-workers1,9d3ab807a08ef4cf1077dbc23213e2314ce37c87,MEASURED,1786752806824746000,load,aegis_bounded_verification_pool,ML-DSA-65,concurrent_verify_burst,workers1_concurrency8,512,55,0,1049959,1673000,8421376,true,accepted=8;saturated=0;unexpected=0,8,8,0,0,3309,0,0,0,0,0,"controlled local burst; wall time includes scoped-thread creation, Aegis policy/transcript processing, bounded-pool admission, primitive verification, and joins; work_units counts accepted verifications only"
local-1786752806231006000,macmini-m2-macos26.5.2-rust1.97.1-aarch64-20260814-workers1,9d3ab807a08ef4cf1077dbc23213e2314ce37c87,MEASURED,1786752806828380000,load,aegis_bounded_verification_pool,ML-DSA-65,concurrent_verify_burst,workers1_concurrency8,512,56,0,1053791,1853000,8421376,true,accepted=8;saturated=0;unexpected=0,8,8,0,0,3309,0,0,0,0,0,"controlled local burst; wall time includes scoped-thread creation, Aegis policy/transcript processing, bounded-pool admission, primitive verification, and joins; work_units counts accepted verifications only"
local-1786752806231006000,macmini-m2-macos26.5.2-rust1.97.1-aarch64-20260814-workers1,9d3ab807a08ef4cf1077dbc23213e2314ce37c87,MEASURED,1786752806832801000,load,aegis_bounded_verification_pool,ML-DSA-65,concurrent_verify_burst,workers1_concurrency8,512,57,0,1071292,1621000,8421376,true,accepted=8;saturated=0;unexpected=0,8,8,0,0,3309,0,0,0,0,0,"controlled local burst; wall time includes scoped-thread creation, Aegis policy/transcript processing, bounded-pool admission, primitive verification, and joins; work_units counts accepted verifications only"
local-1786752806231006000,macmini-m2-macos26.5.2-rust1.97.1-aarch64-20260814-workers1,9d3ab807a08ef4cf1077dbc23213e2314ce37c87,MEASURED,1786752806836681000,load,aegis_bounded_verification_pool,ML-DSA-65,concurrent_verify_burst,workers1_concurrency8,512,58,0,1019667,1638000,8421376,true,accepted=8;saturated=0;unexpected=0,8,8,0,0,3309,0,0,0,0,0,"controlled local burst; wall time includes scoped-thread creation, Aegis policy/transcript processing, bounded-pool admission, primitive verification, and joins; work_units counts accepted verifications only"
local-1786752806231006000,macmini-m2-macos26.5.2-rust1.97.1-aarch64-20260814-workers1,9d3ab807a08ef4cf1077dbc23213e2314ce37c87,MEASURED,1786752806841539000,load,aegis_bounded_verification_pool,ML-DSA-65,concurrent_verify_burst,workers1_concurrency8,512,59,0,1062125,1704000,8421376,true,accepted=8;saturated=0;unexpected=0,8,8,0,0,3309,0,0,0,0,0,"controlled local burst; wall time includes scoped-thread creation, Aegis policy/transcript processing, bounded-pool admission, primitive verification, and joins; work_units counts accepted verifications only"
local-1786752806231006000,macmini-m2-macos26.5.2-rust1.97.1-aarch64-20260814-workers1,9d3ab807a08ef4cf1077dbc23213e2314ce37c87,MEASURED,1786752806845371000,load,aegis_bounded_verification_pool,ML-DSA-65,concurrent_verify_burst,workers1_concurrency8,512,60,0,1045250,1694000,8421376,true,accepted=8;saturated=0;unexpected=0,8,8,0,0,3309,0,0,0,0,0,"controlled local burst; wall time includes scoped-thread creation, Aegis policy/transcript processing, bounded-pool admission, primitive verification, and joins; work_units counts accepted verifications only"
local-1786752806231006000,macmini-m2-macos26.5.2-rust1.97.1-aarch64-20260814-workers1,9d3ab807a08ef4cf1077dbc23213e2314ce37c87,MEASURED,1786752806850501000,load,aegis_bounded_verification_pool,ML-DSA-65,concurrent_verify_burst,workers1_concurrency8,512,61,0,1032667,1672000,8421376,true,accepted=8;saturated=0;unexpected=0,8,8,0,0,3309,0,0,0,0,0,"controlled local burst; wall time includes scoped-thread creation, Aegis policy/transcript processing, bounded-pool admission, primitive verification, and joins; work_units counts accepted verifications only"
local-1786752806231006000,macmini-m2-macos26.5.2-rust1.97.1-aarch64-20260814-workers1,9d3ab807a08ef4cf1077dbc23213e2314ce37c87,MEASURED,1786752806854584000,load,aegis_bounded_verification_pool,ML-DSA-65,concurrent_verify_burst,workers1_concurrency8,512,62,0,1044041,1675000,8421376,true,accepted=8;saturated=0;unexpected=0,8,8,0,0,3309,0,0,0,0,0,"controlled local burst; wall time includes scoped-thread creation, Aegis policy/transcript processing, bounded-pool admission, primitive verification, and joins; work_units counts accepted verifications only"
local-1786752806231006000,macmini-m2-macos26.5.2-rust1.97.1-aarch64-20260814-workers1,9d3ab807a08ef4cf1077dbc23213e2314ce37c87,MEASURED,1786752806859574000,load,aegis_bounded_verification_pool,ML-DSA-65,concurrent_verify_burst,workers1_concurrency8,512,63,0,1022834,1781000,8421376,true,accepted=8;saturated=0;unexpected=0,8,8,0,0,3309,0,0,0,0,0,"controlled local burst; wall time includes scoped-thread creation, Aegis policy/transcript processing, bounded-pool admission, primitive verification, and joins; work_units counts accepted verifications only"
local-1786752806231006000,macmini-m2-macos26.5.2-rust1.97.1-aarch64-20260814-workers1,9d3ab807a08ef4cf1077dbc23213e2314ce37c87,MEASURED,1786752806862791000,load,aegis_bounded_verification_pool,ML-DSA-65,concurrent_verify_burst,workers1_concurrency8,512,64,0,1087417,1988000,8421376,true,accepted=8;saturated=0;unexpected=0,8,8,0,0,3309,0,0,0,0,0,"controlled local burst; wall time includes scoped-thread creation, Aegis policy/transcript processing, bounded-pool admission, primitive verification, and joins; work_units counts accepted verifications only"
local-1786752806231006000,macmini-m2-macos26.5.2-rust1.97.1-aarch64-20260814-workers1,9d3ab807a08ef4cf1077dbc23213e2314ce37c87,MEASURED,1786752806866353000,load,aegis_bounded_verification_pool,ML-DSA-65,concurrent_verify_burst,workers1_concurrency8,512,65,0,1035958,1691000,8421376,true,accepted=8;saturated=0;unexpected=0,8,8,0,0,3309,0,0,0,0,0,"controlled local burst; wall time includes scoped-thread creation, Aegis policy/transcript processing, bounded-pool admission, primitive verification, and joins; work_units counts accepted verifications only"
local-1786752806231006000,macmini-m2-macos26.5.2-rust1.97.1-aarch64-20260814-workers1,9d3ab807a08ef4cf1077dbc23213e2314ce37c87,MEASURED,1786752806871886000,load,aegis_bounded_verification_pool,ML-DSA-65,concurrent_verify_burst,workers1_concurrency8,512,66,0,1048625,1720000,8421376,true,accepted=8;saturated=0;unexpected=0,8,8,0,0,3309,0,0,0,0,0,"controlled local burst; wall time includes scoped-thread creation, Aegis policy/transcript processing, bounded-pool admission, primitive verification, and joins; work_units counts accepted verifications only"
local-1786752806231006000,macmini-m2-macos26.5.2-rust1.97.1-aarch64-20260814-workers1,9d3ab807a08ef4cf1077dbc23213e2314ce37c87,MEASURED,1786752806875287000,load,aegis_bounded_verification_pool,ML-DSA-65,concurrent_verify_burst,workers1_concurrency8,512,67,0,1133875,1835000,8421376,true,accepted=8;saturated=0;unexpected=0,8,8,0,0,3309,0,0,0,0,0,"controlled local burst; wall time includes scoped-thread creation, Aegis policy/transcript processing, bounded-pool admission, primitive verification, and joins; work_units counts accepted verifications only"
local-1786752806231006000,macmini-m2-macos26.5.2-rust1.97.1-aarch64-20260814-workers1,9d3ab807a08ef4cf1077dbc23213e2314ce37c87,MEASURED,1786752806879417000,load,aegis_bounded_verification_pool,ML-DSA-65,concurrent_verify_burst,workers1_concurrency8,512,68,0,1046417,1626000,8421376,true,accepted=8;saturated=0;unexpected=0,8,8,0,0,3309,0,0,0,0,0,"controlled local burst; wall time includes scoped-thread creation, Aegis policy/transcript processing, bounded-pool admission, primitive verification, and joins; work_units counts accepted verifications only"
local-1786752806231006000,macmini-m2-macos26.5.2-rust1.97.1-aarch64-20260814-workers1,9d3ab807a08ef4cf1077dbc23213e2314ce37c87,MEASURED,1786752806882035000,load,aegis_bounded_verification_pool,ML-DSA-65,concurrent_verify_burst,workers1_concurrency8,512,69,0,1082667,1778000,8421376,true,accepted=8;saturated=0;unexpected=0,8,8,0,0,3309,0,0,0,0,0,"controlled local burst; wall time includes scoped-thread creation, Aegis policy/transcript processing, bounded-pool admission, primitive verification, and joins; work_units counts accepted verifications only"
local-1786752806231006000,macmini-m2-macos26.5.2-rust1.97.1-aarch64-20260814-workers1,9d3ab807a08ef4cf1077dbc23213e2314ce37c87,MEASURED,1786752806885892000,load,aegis_bounded_verification_pool,ML-DSA-65,concurrent_verify_burst,workers1_concurrency8,512,70,0,1048542,1649000,8421376,true,accepted=8;saturated=0;unexpected=0,8,8,0,0,3309,0,0,0,0,0,"controlled local burst; wall time includes scoped-thread creation, Aegis policy/transcript processing, bounded-pool admission, primitive verification, and joins; work_units counts accepted verifications only"
local-1786752806231006000,macmini-m2-macos26.5.2-rust1.97.1-aarch64-20260814-workers1,9d3ab807a08ef4cf1077dbc23213e2314ce37c87,MEASURED,1786752806890172000,load,aegis_bounded_verification_pool,ML-DSA-65,concurrent_verify_burst,workers1_concurrency8,512,71,0,1070875,1772000,8421376,true,accepted=8;saturated=0;unexpected=0,8,8,0,0,3309,0,0,0,0,0,"controlled local burst; wall time includes scoped-thread creation, Aegis policy/transcript processing, bounded-pool admission, primitive verification, and joins; work_units counts accepted verifications only"
local-1786752806231006000,macmini-m2-macos26.5.2-rust1.97.1-aarch64-20260814-workers1,9d3ab807a08ef4cf1077dbc23213e2314ce37c87,MEASURED,1786752806894117000,load,aegis_bounded_verification_pool,ML-DSA-65,concurrent_verify_burst,workers1_concurrency8,512,72,0,1099875,1797000,8421376,true,accepted=8;saturated=0;unexpected=0,8,8,0,0,3309,0,0,0,0,0,"controlled local burst; wall time includes scoped-thread creation, Aegis policy/transcript processing, bounded-pool admission, primitive verification, and joins; work_units counts accepted verifications only"
local-1786752806231006000,macmini-m2-macos26.5.2-rust1.97.1-aarch64-20260814-workers1,9d3ab807a08ef4cf1077dbc23213e2314ce37c87,MEASURED,1786752806897643000,load,aegis_bounded_verification_pool,ML-DSA-65,concurrent_verify_burst,workers1_concurrency8,512,73,0,1046375,1758000,8421376,true,accepted=8;saturated=0;unexpected=0,8,8,0,0,3309,0,0,0,0,0,"controlled local burst; wall time includes scoped-thread creation, Aegis policy/transcript processing, bounded-pool admission, primitive verification, and joins; work_units counts accepted verifications only"
local-1786752806231006000,macmini-m2-macos26.5.2-rust1.97.1-aarch64-20260814-workers1,9d3ab807a08ef4cf1077dbc23213e2314ce37c87,MEASURED,1786752806900765000,load,aegis_bounded_verification_pool,ML-DSA-65,concurrent_verify_burst,workers1_concurrency8,512,74,0,992958,1745000,8421376,true,accepted=8;saturated=0;unexpected=0,8,8,0,0,3309,0,0,0,0,0,"controlled local burst; wall time includes scoped-thread creation, Aegis policy/transcript processing, bounded-pool admission, primitive verification, and joins; work_units counts accepted verifications only"
local-1786752806231006000,macmini-m2-macos26.5.2-rust1.97.1-aarch64-20260814-workers1,9d3ab807a08ef4cf1077dbc23213e2314ce37c87,MEASURED,1786752806903827000,load,aegis_bounded_verification_pool,ML-DSA-65,concurrent_verify_burst,workers1_concurrency8,512,75,0,970000,1743000,8421376,true,accepted=8;saturated=0;unexpected=0,8,8,0,0,3309,0,0,0,0,0,"controlled local burst; wall time includes scoped-thread creation, Aegis policy/transcript processing, bounded-pool admission, primitive verification, and joins; work_units counts accepted verifications only"
local-1786752806231006000,macmini-m2-macos26.5.2-rust1.97.1-aarch64-20260814-workers1,9d3ab807a08ef4cf1077dbc23213e2314ce37c87,MEASURED,1786752806907632000,load,aegis_bounded_verification_pool,ML-DSA-65,concurrent_verify_burst,workers1_concurrency8,512,76,0,1051292,1733000,8421376,true,accepted=8;saturated=0;unexpected=0,8,8,0,0,3309,0,0,0,0,0,"controlled local burst; wall time includes scoped-thread creation, Aegis policy/transcript processing, bounded-pool admission, primitive verification, and joins; work_units counts accepted verifications only"
local-1786752806231006000,macmini-m2-macos26.5.2-rust1.97.1-aarch64-20260814-workers1,9d3ab807a08ef4cf1077dbc23213e2314ce37c87,MEASURED,1786752806910993000,load,aegis_bounded_verification_pool,ML-DSA-65,concurrent_verify_burst,workers1_concurrency8,512,77,0,1072125,1809000,8421376,true,accepted=8;saturated=0;unexpected=0,8,8,0,0,3309,0,0,0,0,0,"controlled local burst; wall time includes scoped-thread creation, Aegis policy/transcript processing, bounded-pool admission, primitive verification, and joins; work_units counts accepted verifications only"
local-1786752806231006000,macmini-m2-macos26.5.2-rust1.97.1-aarch64-20260814-workers1,9d3ab807a08ef4cf1077dbc23213e2314ce37c87,MEASURED,1786752806914652000,load,aegis_bounded_verification_pool,ML-DSA-65,concurrent_verify_burst,workers1_concurrency8,512,78,0,1058083,1799000,8421376,true,accepted=8;saturated=0;unexpected=0,8,8,0,0,3309,0,0,0,0,0,"controlled local burst; wall time includes scoped-thread creation, Aegis policy/transcript processing, bounded-pool admission, primitive verification, and joins; work_units counts accepted verifications only"
local-1786752806231006000,macmini-m2-macos26.5.2-rust1.97.1-aarch64-20260814-workers1,9d3ab807a08ef4cf1077dbc23213e2314ce37c87,MEASURED,1786752806918057000,load,aegis_bounded_verification_pool,ML-DSA-65,concurrent_verify_burst,workers1_concurrency8,512,79,0,1081458,1869000,8421376,true,accepted=8;saturated=0;unexpected=0,8,8,0,0,3309,0,0,0,0,0,"controlled local burst; wall time includes scoped-thread creation, Aegis policy/transcript processing, bounded-pool admission, primitive verification, and joins; work_units counts accepted verifications only"
local-1786752806231006000,macmini-m2-macos26.5.2-rust1.97.1-aarch64-20260814-workers1,9d3ab807a08ef4cf1077dbc23213e2314ce37c87,MEASURED,1786752806922551000,load,aegis_bounded_verification_pool,ML-DSA-65,concurrent_verify_burst,workers1_concurrency8,512,80,0,1039583,1748000,8421376,true,accepted=8;saturated=0;unexpected=0,8,8,0,0,3309,0,0,0,0,0,"controlled local burst; wall time includes scoped-thread creation, Aegis policy/transcript processing, bounded-pool admission, primitive verification, and joins; work_units counts accepted verifications only"
local-1786752806231006000,macmini-m2-macos26.5.2-rust1.97.1-aarch64-20260814-workers1,9d3ab807a08ef4cf1077dbc23213e2314ce37c87,MEASURED,1786752806926301000,load,aegis_bounded_verification_pool,ML-DSA-65,concurrent_verify_burst,workers1_concurrency8,512,81,0,993583,1720000,8421376,true,accepted=8;saturated=0;unexpected=0,8,8,0,0,3309,0,0,0,0,0,"controlled local burst; wall time includes scoped-thread creation, Aegis policy/transcript processing, bounded-pool admission, primitive verification, and joins; work_units counts accepted verifications only"
local-1786752806231006000,macmini-m2-macos26.5.2-rust1.97.1-aarch64-20260814-workers1,9d3ab807a08ef4cf1077dbc23213e2314ce37c87,MEASURED,1786752806930522000,load,aegis_bounded_verification_pool,ML-DSA-65,concurrent_verify_burst,workers1_concurrency8,512,82,0,1042166,1811000,8421376,true,accepted=8;saturated=0;unexpected=0,8,8,0,0,3309,0,0,0,0,0,"controlled local burst; wall time includes scoped-thread creation, Aegis policy/transcript processing, bounded-pool admission, primitive verification, and joins; work_units counts accepted verifications only"
local-1786752806231006000,macmini-m2-macos26.5.2-rust1.97.1-aarch64-20260814-workers1,9d3ab807a08ef4cf1077dbc23213e2314ce37c87,MEASURED,1786752806935350000,load,aegis_bounded_verification_pool,ML-DSA-65,concurrent_verify_burst,workers1_concurrency8,512,83,0,1023417,1641000,8421376,true,accepted=8;saturated=0;unexpected=0,8,8,0,0,3309,0,0,0,0,0,"controlled local burst; wall time includes scoped-thread creation, Aegis policy/transcript processing, bounded-pool admission, primitive verification, and joins; work_units counts accepted verifications only"
local-1786752806231006000,macmini-m2-macos26.5.2-rust1.97.1-aarch64-20260814-workers1,9d3ab807a08ef4cf1077dbc23213e2314ce37c87,MEASURED,1786752806939156000,load,aegis_bounded_verification_pool,ML-DSA-65,concurrent_verify_burst,workers1_concurrency8,512,84,0,1086791,1758000,8421376,true,accepted=8;saturated=0;unexpected=0,8,8,0,0,3309,0,0,0,0,0,"controlled local burst; wall time includes scoped-thread creation, Aegis policy/transcript processing, bounded-pool admission, primitive verification, and joins; work_units counts accepted verifications only"
local-1786752806231006000,macmini-m2-macos26.5.2-rust1.97.1-aarch64-20260814-workers1,9d3ab807a08ef4cf1077dbc23213e2314ce37c87,MEASURED,1786752806943916000,load,aegis_bounded_verification_pool,ML-DSA-65,concurrent_verify_burst,workers1_concurrency8,512,85,0,1117417,1868000,8421376,true,accepted=8;saturated=0;unexpected=0,8,8,0,0,3309,0,0,0,0,0,"controlled local burst; wall time includes scoped-thread creation, Aegis policy/transcript processing, bounded-pool admission, primitive verification, and joins; work_units counts accepted verifications only"
local-1786752806231006000,macmini-m2-macos26.5.2-rust1.97.1-aarch64-20260814-workers1,9d3ab807a08ef4cf1077dbc23213e2314ce37c87,MEASURED,1786752806948196000,load,aegis_bounded_verification_pool,ML-DSA-65,concurrent_verify_burst,workers1_concurrency8,512,86,0,1016667,1614000,8421376,true,accepted=8;saturated=0;unexpected=0,8,8,0,0,3309,0,0,0,0,0,"controlled local burst; wall time includes scoped-thread creation, Aegis policy/transcript processing, bounded-pool admission, primitive verification, and joins; work_units counts accepted verifications only"
local-1786752806231006000,macmini-m2-macos26.5.2-rust1.97.1-aarch64-20260814-workers1,9d3ab807a08ef4cf1077dbc23213e2314ce37c87,MEASURED,1786752806952295000,load,aegis_bounded_verification_pool,ML-DSA-65,concurrent_verify_burst,workers1_concurrency8,512,87,0,1029750,1838000,8421376,true,accepted=8;saturated=0;unexpected=0,8,8,0,0,3309,0,0,0,0,0,"controlled local burst; wall time includes scoped-thread creation, Aegis policy/transcript processing, bounded-pool admission, primitive verification, and joins; work_units counts accepted verifications only"
local-1786752806231006000,macmini-m2-macos26.5.2-rust1.97.1-aarch64-20260814-workers1,9d3ab807a08ef4cf1077dbc23213e2314ce37c87,MEASURED,1786752806955900000,load,aegis_bounded_verification_pool,ML-DSA-65,concurrent_verify_burst,workers1_concurrency8,512,88,0,1054000,1783000,8421376,true,accepted=8;saturated=0;unexpected=0,8,8,0,0,3309,0,0,0,0,0,"controlled local burst; wall time includes scoped-thread creation, Aegis policy/transcript processing, bounded-pool admission, primitive verification, and joins; work_units counts accepted verifications only"
local-1786752806231006000,macmini-m2-macos26.5.2-rust1.97.1-aarch64-20260814-workers1,9d3ab807a08ef4cf1077dbc23213e2314ce37c87,MEASURED,1786752806960486000,load,aegis_bounded_verification_pool,ML-DSA-65,concurrent_verify_burst,workers1_concurrency8,512,89,0,1090334,2110000,8421376,true,accepted=8;saturated=0;unexpected=0,8,8,0,0,3309,0,0,0,0,0,"controlled local burst; wall time includes scoped-thread creation, Aegis policy/transcript processing, bounded-pool admission, primitive verification, and joins; work_units counts accepted verifications only"
local-1786752806231006000,macmini-m2-macos26.5.2-rust1.97.1-aarch64-20260814-workers1,9d3ab807a08ef4cf1077dbc23213e2314ce37c87,MEASURED,1786752806964350000,load,aegis_bounded_verification_pool,ML-DSA-65,concurrent_verify_burst,workers1_concurrency8,512,90,0,1073292,1788000,8421376,true,accepted=8;saturated=0;unexpected=0,8,8,0,0,3309,0,0,0,0,0,"controlled local burst; wall time includes scoped-thread creation, Aegis policy/transcript processing, bounded-pool admission, primitive verification, and joins; work_units counts accepted verifications only"
local-1786752806231006000,macmini-m2-macos26.5.2-rust1.97.1-aarch64-20260814-workers1,9d3ab807a08ef4cf1077dbc23213e2314ce37c87,MEASURED,1786752806967127000,load,aegis_bounded_verification_pool,ML-DSA-65,concurrent_verify_burst,workers1_concurrency8,512,91,0,1074834,1825000,8437760,true,accepted=8;saturated=0;unexpected=0,8,8,0,0,3309,0,0,0,0,0,"controlled local burst; wall time includes scoped-thread creation, Aegis policy/transcript processing, bounded-pool admission, primitive verification, and joins; work_units counts accepted verifications only"
local-1786752806231006000,macmini-m2-macos26.5.2-rust1.97.1-aarch64-20260814-workers1,9d3ab807a08ef4cf1077dbc23213e2314ce37c87,MEASURED,1786752806970719000,load,aegis_bounded_verification_pool,ML-DSA-65,concurrent_verify_burst,workers1_concurrency8,512,92,0,1058875,1826000,8437760,true,accepted=8;saturated=0;unexpected=0,8,8,0,0,3309,0,0,0,0,0,"controlled local burst; wall time includes scoped-thread creation, Aegis policy/transcript processing, bounded-pool admission, primitive verification, and joins; work_units counts accepted verifications only"
local-1786752806231006000,macmini-m2-macos26.5.2-rust1.97.1-aarch64-20260814-workers1,9d3ab807a08ef4cf1077dbc23213e2314ce37c87,MEASURED,1786752806975149000,load,aegis_bounded_verification_pool,ML-DSA-65,concurrent_verify_burst,workers1_concurrency8,512,93,0,1038625,1856000,8437760,true,accepted=8;saturated=0;unexpected=0,8,8,0,0,3309,0,0,0,0,0,"controlled local burst; wall time includes scoped-thread creation, Aegis policy/transcript processing, bounded-pool admission, primitive verification, and joins; work_units counts accepted verifications only"
local-1786752806231006000,macmini-m2-macos26.5.2-rust1.97.1-aarch64-20260814-workers1,9d3ab807a08ef4cf1077dbc23213e2314ce37c87,MEASURED,1786752806978238000,load,aegis_bounded_verification_pool,ML-DSA-65,concurrent_verify_burst,workers1_concurrency8,512,94,0,1056625,1859000,8437760,true,accepted=8;saturated=0;unexpected=0,8,8,0,0,3309,0,0,0,0,0,"controlled local burst; wall time includes scoped-thread creation, Aegis policy/transcript processing, bounded-pool admission, primitive verification, and joins; work_units counts accepted verifications only"
local-1786752806231006000,macmini-m2-macos26.5.2-rust1.97.1-aarch64-20260814-workers1,9d3ab807a08ef4cf1077dbc23213e2314ce37c87,MEASURED,1786752806981791000,load,aegis_bounded_verification_pool,ML-DSA-65,concurrent_verify_burst,workers1_concurrency8,512,95,0,1061291,1857000,8437760,true,accepted=8;saturated=0;unexpected=0,8,8,0,0,3309,0,0,0,0,0,"controlled local burst; wall time includes scoped-thread creation, Aegis policy/transcript processing, bounded-pool admission, primitive verification, and joins; work_units counts accepted verifications only"
local-1786752806231006000,macmini-m2-macos26.5.2-rust1.97.1-aarch64-20260814-workers1,9d3ab807a08ef4cf1077dbc23213e2314ce37c87,MEASURED,1786752806984974000,load,aegis_bounded_verification_pool,ML-DSA-65,concurrent_verify_burst,workers1_concurrency8,512,96,0,1102458,1841000,8437760,true,accepted=8;saturated=0;unexpected=0,8,8,0,0,3309,0,0,0,0,0,"controlled local burst; wall time includes scoped-thread creation, Aegis policy/transcript processing, bounded-pool admission, primitive verification, and joins; work_units counts accepted verifications only"
local-1786752806231006000,macmini-m2-macos26.5.2-rust1.97.1-aarch64-20260814-workers1,9d3ab807a08ef4cf1077dbc23213e2314ce37c87,MEASURED,1786752806987937000,load,aegis_bounded_verification_pool,ML-DSA-65,concurrent_verify_burst,workers1_concurrency8,512,97,0,1073583,1862000,8437760,true,accepted=8;saturated=0;unexpected=0,8,8,0,0,3309,0,0,0,0,0,"controlled local burst; wall time includes scoped-thread creation, Aegis policy/transcript processing, bounded-pool admission, primitive verification, and joins; work_units counts accepted verifications only"
local-1786752806231006000,macmini-m2-macos26.5.2-rust1.97.1-aarch64-20260814-workers1,9d3ab807a08ef4cf1077dbc23213e2314ce37c87,MEASURED,1786752806991751000,load,aegis_bounded_verification_pool,ML-DSA-65,concurrent_verify_burst,workers1_concurrency8,512,98,0,1045667,1727000,8437760,true,accepted=8;saturated=0;unexpected=0,8,8,0,0,3309,0,0,0,0,0,"controlled local burst; wall time includes scoped-thread creation, Aegis policy/transcript processing, bounded-pool admission, primitive verification, and joins; work_units counts accepted verifications only"
local-1786752806231006000,macmini-m2-macos26.5.2-rust1.97.1-aarch64-20260814-workers1,9d3ab807a08ef4cf1077dbc23213e2314ce37c87,MEASURED,1786752806995667000,load,aegis_bounded_verification_pool,ML-DSA-65,concurrent_verify_burst,workers1_concurrency8,512,99,0,1074750,1815000,8437760,true,accepted=8;saturated=0;unexpected=0,8,8,0,0,3309,0,0,0,0,0,"controlled local burst; wall time includes scoped-thread creation, Aegis policy/transcript processing, bounded-pool admission, primitive verification, and joins; work_units counts accepted verifications only"
local-1786752806231006000,macmini-m2-macos26.5.2-rust1.97.1-aarch64-20260814-workers1,9d3ab807a08ef4cf1077dbc23213e2314ce37c87,MEASURED,1786752807002715000,load,aegis_bounded_verification_pool,ML-DSA-65,concurrent_verify_burst,workers1_concurrency16,512,0,0,2030875,3874000,8749056,true,accepted=16;saturated=0;unexpected=0,16,16,0,0,3309,0,0,0,0,0,"controlled local burst; wall time includes scoped-thread creation, Aegis policy/transcript processing, bounded-pool admission, primitive verification, and joins; work_units counts accepted verifications only"
local-1786752806231006000,macmini-m2-macos26.5.2-rust1.97.1-aarch64-20260814-workers1,9d3ab807a08ef4cf1077dbc23213e2314ce37c87,MEASURED,1786752807009381000,load,aegis_bounded_verification_pool,ML-DSA-65,concurrent_verify_burst,workers1_concurrency16,512,1,0,1991084,3656000,8749056,true,accepted=16;saturated=0;unexpected=0,16,16,0,0,3309,0,0,0,0,0,"controlled local burst; wall time includes scoped-thread creation, Aegis policy/transcript processing, bounded-pool admission, primitive verification, and joins; work_units counts accepted verifications only"
local-1786752806231006000,macmini-m2-macos26.5.2-rust1.97.1-aarch64-20260814-workers1,9d3ab807a08ef4cf1077dbc23213e2314ce37c87,MEASURED,1786752807017282000,load,aegis_bounded_verification_pool,ML-DSA-65,concurrent_verify_burst,workers1_concurrency16,512,2,0,2026500,3897000,8781824,true,accepted=16;saturated=0;unexpected=0,16,16,0,0,3309,0,0,0,0,0,"controlled local burst; wall time includes scoped-thread creation, Aegis policy/transcript processing, bounded-pool admission, primitive verification, and joins; work_units counts accepted verifications only"
local-1786752806231006000,macmini-m2-macos26.5.2-rust1.97.1-aarch64-20260814-workers1,9d3ab807a08ef4cf1077dbc23213e2314ce37c87,MEASURED,1786752807025330000,load,aegis_bounded_verification_pool,ML-DSA-65,concurrent_verify_burst,workers1_concurrency16,512,3,0,1984000,3642000,8798208,true,accepted=16;saturated=0;unexpected=0,16,16,0,0,3309,0,0,0,0,0,"controlled local burst; wall time includes scoped-thread creation, Aegis policy/transcript processing, bounded-pool admission, primitive verification, and joins; work_units counts accepted verifications only"
local-1786752806231006000,macmini-m2-macos26.5.2-rust1.97.1-aarch64-20260814-workers1,9d3ab807a08ef4cf1077dbc23213e2314ce37c87,MEASURED,1786752807032550000,load,aegis_bounded_verification_pool,ML-DSA-65,concurrent_verify_burst,workers1_concurrency16,512,4,0,1988917,3633000,8798208,true,accepted=16;saturated=0;unexpected=0,16,16,0,0,3309,0,0,0,0,0,"controlled local burst; wall time includes scoped-thread creation, Aegis policy/transcript processing, bounded-pool admission, primitive verification, and joins; work_units counts accepted verifications only"
local-1786752806231006000,macmini-m2-macos26.5.2-rust1.97.1-aarch64-20260814-workers1,9d3ab807a08ef4cf1077dbc23213e2314ce37c87,MEASURED,1786752807039947000,load,aegis_bounded_verification_pool,ML-DSA-65,concurrent_verify_burst,workers1_concurrency16,512,5,0,2006750,3765000,8814592,true,accepted=16;saturated=0;unexpected=0,16,16,0,0,3309,0,0,0,0,0,"controlled local burst; wall time includes scoped-thread creation, Aegis policy/transcript processing, bounded-pool admission, primitive verification, and joins; work_units counts accepted verifications only"
local-1786752806231006000,macmini-m2-macos26.5.2-rust1.97.1-aarch64-20260814-workers1,9d3ab807a08ef4cf1077dbc23213e2314ce37c87,MEASURED,1786752807048159000,load,aegis_bounded_verification_pool,ML-DSA-65,concurrent_verify_burst,workers1_concurrency16,512,6,0,2034000,3790000,8830976,true,accepted=16;saturated=0;unexpected=0,16,16,0,0,3309,0,0,0,0,0,"controlled local burst; wall time includes scoped-thread creation, Aegis policy/transcript processing, bounded-pool admission, primitive verification, and joins; work_units counts accepted verifications only"
local-1786752806231006000,macmini-m2-macos26.5.2-rust1.97.1-aarch64-20260814-workers1,9d3ab807a08ef4cf1077dbc23213e2314ce37c87,MEASURED,1786752807055632000,load,aegis_bounded_verification_pool,ML-DSA-65,concurrent_verify_burst,workers1_concurrency16,512,7,0,2098416,4059000,8830976,true,accepted=16;saturated=0;unexpected=0,16,16,0,0,3309,0,0,0,0,0,"controlled local burst; wall time includes scoped-thread creation, Aegis policy/transcript processing, bounded-pool admission, primitive verification, and joins; work_units counts accepted verifications only"
local-1786752806231006000,macmini-m2-macos26.5.2-rust1.97.1-aarch64-20260814-workers1,9d3ab807a08ef4cf1077dbc23213e2314ce37c87,MEASURED,1786752807064851000,load,aegis_bounded_verification_pool,ML-DSA-65,concurrent_verify_burst,workers1_concurrency16,512,8,0,2071708,3982000,8847360,true,accepted=16;saturated=0;unexpected=0,16,16,0,0,3309,0,0,0,0,0,"controlled local burst; wall time includes scoped-thread creation, Aegis policy/transcript processing, bounded-pool admission, primitive verification, and joins; work_units counts accepted verifications only"
local-1786752806231006000,macmini-m2-macos26.5.2-rust1.97.1-aarch64-20260814-workers1,9d3ab807a08ef4cf1077dbc23213e2314ce37c87,MEASURED,1786752807073455000,load,aegis_bounded_verification_pool,ML-DSA-65,concurrent_verify_burst,workers1_concurrency16,512,9,0,1986292,3747000,8847360,true,accepted=16;saturated=0;unexpected=0,16,16,0,0,3309,0,0,0,0,0,"controlled local burst; wall time includes scoped-thread creation, Aegis policy/transcript processing, bounded-pool admission, primitive verification, and joins; work_units counts accepted verifications only"
local-1786752806231006000,macmini-m2-macos26.5.2-rust1.97.1-aarch64-20260814-workers1,9d3ab807a08ef4cf1077dbc23213e2314ce37c87,MEASURED,1786752807080060000,load,aegis_bounded_verification_pool,ML-DSA-65,concurrent_verify_burst,workers1_concurrency16,512,10,0,2032334,3772000,8847360,true,accepted=16;saturated=0;unexpected=0,16,16,0,0,3309,0,0,0,0,0,"controlled local burst; wall time includes scoped-thread creation, Aegis policy/transcript processing, bounded-pool admission, primitive verification, and joins; work_units counts accepted verifications only"
local-1786752806231006000,macmini-m2-macos26.5.2-rust1.97.1-aarch64-20260814-workers1,9d3ab807a08ef4cf1077dbc23213e2314ce37c87,MEASURED,1786752807088818000,load,aegis_bounded_verification_pool,ML-DSA-65,concurrent_verify_burst,workers1_concurrency16,512,11,0,2024375,3818000,8847360,true,accepted=16;saturated=0;unexpected=0,16,16,0,0,3309,0,0,0,0,0,"controlled local burst; wall time includes scoped-thread creation, Aegis policy/transcript processing, bounded-pool admission, primitive verification, and joins; work_units counts accepted verifications only"
local-1786752806231006000,macmini-m2-macos26.5.2-rust1.97.1-aarch64-20260814-workers1,9d3ab807a08ef4cf1077dbc23213e2314ce37c87,MEASURED,1786752807095878000,load,aegis_bounded_verification_pool,ML-DSA-65,concurrent_verify_burst,workers1_concurrency16,512,12,0,2011042,3723000,8847360,true,accepted=16;saturated=0;unexpected=0,16,16,0,0,3309,0,0,0,0,0,"controlled local burst; wall time includes scoped-thread creation, Aegis policy/transcript processing, bounded-pool admission, primitive verification, and joins; work_units counts accepted verifications only"
local-1786752806231006000,macmini-m2-macos26.5.2-rust1.97.1-aarch64-20260814-workers1,9d3ab807a08ef4cf1077dbc23213e2314ce37c87,MEASURED,1786752807104226000,load,aegis_bounded_verification_pool,ML-DSA-65,concurrent_verify_burst,workers1_concurrency16,512,13,0,2112750,3937000,8847360,true,accepted=16;saturated=0;unexpected=0,16,16,0,0,3309,0,0,0,0,0,"controlled local burst; wall time includes scoped-thread creation, Aegis policy/transcript processing, bounded-pool admission, primitive verification, and joins; work_units counts accepted verifications only"
local-1786752806231006000,macmini-m2-macos26.5.2-rust1.97.1-aarch64-20260814-workers1,9d3ab807a08ef4cf1077dbc23213e2314ce37c87,MEASURED,1786752807113741000,load,aegis_bounded_verification_pool,ML-DSA-65,concurrent_verify_burst,workers1_concurrency16,512,14,0,2018209,3967000,8847360,true,accepted=16;saturated=0;unexpected=0,16,16,0,0,3309,0,0,0,0,0,"controlled local burst; wall time includes scoped-thread creation, Aegis policy/transcript processing, bounded-pool admission, primitive verification, and joins; work_units counts accepted verifications only"
local-1786752806231006000,macmini-m2-macos26.5.2-rust1.97.1-aarch64-20260814-workers1,9d3ab807a08ef4cf1077dbc23213e2314ce37c87,MEASURED,1786752807120460000,load,aegis_bounded_verification_pool,ML-DSA-65,concurrent_verify_burst,workers1_concurrency16,512,15,0,2010834,3960000,8863744,true,accepted=16;saturated=0;unexpected=0,16,16,0,0,3309,0,0,0,0,0,"controlled local burst; wall time includes scoped-thread creation, Aegis policy/transcript processing, bounded-pool admission, primitive verification, and joins; work_units counts accepted verifications only"
local-1786752806231006000,macmini-m2-macos26.5.2-rust1.97.1-aarch64-20260814-workers1,9d3ab807a08ef4cf1077dbc23213e2314ce37c87,MEASURED,1786752807129795000,load,aegis_bounded_verification_pool,ML-DSA-65,concurrent_verify_burst,workers1_concurrency16,512,16,0,2035208,3745000,8863744,true,accepted=16;saturated=0;unexpected=0,16,16,0,0,3309,0,0,0,0,0,"controlled local burst; wall time includes scoped-thread creation, Aegis policy/transcript processing, bounded-pool admission, primitive verification, and joins; work_units counts accepted verifications only"
local-1786752806231006000,macmini-m2-macos26.5.2-rust1.97.1-aarch64-20260814-workers1,9d3ab807a08ef4cf1077dbc23213e2314ce37c87,MEASURED,1786752807137925000,load,aegis_bounded_verification_pool,ML-DSA-65,concurrent_verify_burst,workers1_concurrency16,512,17,0,2023750,3902000,8863744,true,accepted=16;saturated=0;unexpected=0,16,16,0,0,3309,0,0,0,0,0,"controlled local burst; wall time includes scoped-thread creation, Aegis policy/transcript processing, bounded-pool admission, primitive verification, and joins; work_units counts accepted verifications only"
local-1786752806231006000,macmini-m2-macos26.5.2-rust1.97.1-aarch64-20260814-workers1,9d3ab807a08ef4cf1077dbc23213e2314ce37c87,MEASURED,1786752807146738000,load,aegis_bounded_verification_pool,ML-DSA-65,concurrent_verify_burst,workers1_concurrency16,512,18,0,2103500,4014000,8863744,true,accepted=16;saturated=0;unexpected=0,16,16,0,0,3309,0,0,0,0,0,"controlled local burst; wall time includes scoped-thread creation, Aegis policy/transcript processing, bounded-pool admission, primitive verification, and joins; work_units counts accepted verifications only"
local-1786752806231006000,macmini-m2-macos26.5.2-rust1.97.1-aarch64-20260814-workers1,9d3ab807a08ef4cf1077dbc23213e2314ce37c87,MEASURED,1786752807153656000,load,aegis_bounded_verification_pool,ML-DSA-65,concurrent_verify_burst,workers1_concurrency16,512,19,0,2057833,4136000,8880128,true,accepted=16;saturated=0;unexpected=0,16,16,0,0,3309,0,0,0,0,0,"controlled local burst; wall time includes scoped-thread creation, Aegis policy/transcript processing, bounded-pool admission, primitive verification, and joins; work_units counts accepted verifications only"
local-1786752806231006000,macmini-m2-macos26.5.2-rust1.97.1-aarch64-20260814-workers1,9d3ab807a08ef4cf1077dbc23213e2314ce37c87,MEASURED,1786752807160337000,load,aegis_bounded_verification_pool,ML-DSA-65,concurrent_verify_burst,workers1_concurrency16,512,20,0,2047000,4084000,8912896,true,accepted=16;saturated=0;unexpected=0,16,16,0,0,3309,0,0,0,0,0,"controlled local burst; wall time includes scoped-thread creation, Aegis policy/transcript processing, bounded-pool admission, primitive verification, and joins; work_units counts accepted verifications only"
local-1786752806231006000,macmini-m2-macos26.5.2-rust1.97.1-aarch64-20260814-workers1,9d3ab807a08ef4cf1077dbc23213e2314ce37c87,MEASURED,1786752807167335000,load,aegis_bounded_verification_pool,ML-DSA-65,concurrent_verify_burst,workers1_concurrency16,512,21,0,2071042,3942000,8912896,true,accepted=16;saturated=0;unexpected=0,16,16,0,0,3309,0,0,0,0,0,"controlled local burst; wall time includes scoped-thread creation, Aegis policy/transcript processing, bounded-pool admission, primitive verification, and joins; work_units counts accepted verifications only"
local-1786752806231006000,macmini-m2-macos26.5.2-rust1.97.1-aarch64-20260814-workers1,9d3ab807a08ef4cf1077dbc23213e2314ce37c87,MEASURED,1786752807176393000,load,aegis_bounded_verification_pool,ML-DSA-65,concurrent_verify_burst,workers1_concurrency16,512,22,0,2051500,4129000,8912896,true,accepted=16;saturated=0;unexpected=0,16,16,0,0,3309,0,0,0,0,0,"controlled local burst; wall time includes scoped-thread creation, Aegis policy/transcript processing, bounded-pool admission, primitive verification, and joins; work_units counts accepted verifications only"
local-1786752806231006000,macmini-m2-macos26.5.2-rust1.97.1-aarch64-20260814-workers1,9d3ab807a08ef4cf1077dbc23213e2314ce37c87,MEASURED,1786752807184399000,load,aegis_bounded_verification_pool,ML-DSA-65,concurrent_verify_burst,workers1_concurrency16,512,23,0,2030666,4071000,8912896,true,accepted=16;saturated=0;unexpected=0,16,16,0,0,3309,0,0,0,0,0,"controlled local burst; wall time includes scoped-thread creation, Aegis policy/transcript processing, bounded-pool admission, primitive verification, and joins; work_units counts accepted verifications only"
local-1786752806231006000,macmini-m2-macos26.5.2-rust1.97.1-aarch64-20260814-workers1,9d3ab807a08ef4cf1077dbc23213e2314ce37c87,MEASURED,1786752807191031000,load,aegis_bounded_verification_pool,ML-DSA-65,concurrent_verify_burst,workers1_concurrency16,512,24,0,2016500,3978000,8912896,true,accepted=16;saturated=0;unexpected=0,16,16,0,0,3309,0,0,0,0,0,"controlled local burst; wall time includes scoped-thread creation, Aegis policy/transcript processing, bounded-pool admission, primitive verification, and joins; work_units counts accepted verifications only"
local-1786752806231006000,macmini-m2-macos26.5.2-rust1.97.1-aarch64-20260814-workers1,9d3ab807a08ef4cf1077dbc23213e2314ce37c87,MEASURED,1786752807198629000,load,aegis_bounded_verification_pool,ML-DSA-65,concurrent_verify_burst,workers1_concurrency16,512,25,0,1981333,3988000,8912896,true,accepted=16;saturated=0;unexpected=0,16,16,0,0,3309,0,0,0,0,0,"controlled local burst; wall time includes scoped-thread creation, Aegis policy/transcript processing, bounded-pool admission, primitive verification, and joins; work_units counts accepted verifications only"
local-1786752806231006000,macmini-m2-macos26.5.2-rust1.97.1-aarch64-20260814-workers1,9d3ab807a08ef4cf1077dbc23213e2314ce37c87,MEASURED,1786752807205600000,load,aegis_bounded_verification_pool,ML-DSA-65,concurrent_verify_burst,workers1_concurrency16,512,26,0,1993917,3995000,8912896,true,accepted=16;saturated=0;unexpected=0,16,16,0,0,3309,0,0,0,0,0,"controlled local burst; wall time includes scoped-thread creation, Aegis policy/transcript processing, bounded-pool admission, primitive verification, and joins; work_units counts accepted verifications only"
local-1786752806231006000,macmini-m2-macos26.5.2-rust1.97.1-aarch64-20260814-workers1,9d3ab807a08ef4cf1077dbc23213e2314ce37c87,MEASURED,1786752807212824000,load,aegis_bounded_verification_pool,ML-DSA-65,concurrent_verify_burst,workers1_concurrency16,512,27,0,2026166,3949000,8912896,true,accepted=16;saturated=0;unexpected=0,16,16,0,0,3309,0,0,0,0,0,"controlled local burst; wall time includes scoped-thread creation, Aegis policy/transcript processing, bounded-pool admission, primitive verification, and joins; work_units counts accepted verifications only"
local-1786752806231006000,macmini-m2-macos26.5.2-rust1.97.1-aarch64-20260814-workers1,9d3ab807a08ef4cf1077dbc23213e2314ce37c87,MEASURED,1786752807220517000,load,aegis_bounded_verification_pool,ML-DSA-65,concurrent_verify_burst,workers1_concurrency16,512,28,0,2002083,4042000,8912896,true,accepted=16;saturated=0;unexpected=0,16,16,0,0,3309,0,0,0,0,0,"controlled local burst; wall time includes scoped-thread creation, Aegis policy/transcript processing, bounded-pool admission, primitive verification, and joins; work_units counts accepted verifications only"
local-1786752806231006000,macmini-m2-macos26.5.2-rust1.97.1-aarch64-20260814-workers1,9d3ab807a08ef4cf1077dbc23213e2314ce37c87,MEASURED,1786752807229444000,load,aegis_bounded_verification_pool,ML-DSA-65,concurrent_verify_burst,workers1_concurrency16,512,29,0,2177625,4208000,8912896,true,accepted=16;saturated=0;unexpected=0,16,16,0,0,3309,0,0,0,0,0,"controlled local burst; wall time includes scoped-thread creation, Aegis policy/transcript processing, bounded-pool admission, primitive verification, and joins; work_units counts accepted verifications only"
local-1786752806231006000,macmini-m2-macos26.5.2-rust1.97.1-aarch64-20260814-workers1,9d3ab807a08ef4cf1077dbc23213e2314ce37c87,MEASURED,1786752807236943000,load,aegis_bounded_verification_pool,ML-DSA-65,concurrent_verify_burst,workers1_concurrency16,512,30,0,2165667,4275000,8912896,true,accepted=16;saturated=0;unexpected=0,16,16,0,0,3309,0,0,0,0,0,"controlled local burst; wall time includes scoped-thread creation, Aegis policy/transcript processing, bounded-pool admission, primitive verification, and joins; work_units counts accepted verifications only"
local-1786752806231006000,macmini-m2-macos26.5.2-rust1.97.1-aarch64-20260814-workers1,9d3ab807a08ef4cf1077dbc23213e2314ce37c87,MEASURED,1786752807246369000,load,aegis_bounded_verification_pool,ML-DSA-65,concurrent_verify_burst,workers1_concurrency16,512,31,0,2008250,4324000,8912896,true,accepted=16;saturated=0;unexpected=0,16,16,0,0,3309,0,0,0,0,0,"controlled local burst; wall time includes scoped-thread creation, Aegis policy/transcript processing, bounded-pool admission, primitive verification, and joins; work_units counts accepted verifications only"
local-1786752806231006000,macmini-m2-macos26.5.2-rust1.97.1-aarch64-20260814-workers1,9d3ab807a08ef4cf1077dbc23213e2314ce37c87,MEASURED,1786752807253569000,load,aegis_bounded_verification_pool,ML-DSA-65,concurrent_verify_burst,workers1_concurrency16,512,32,0,2052083,4293000,8912896,true,accepted=16;saturated=0;unexpected=0,16,16,0,0,3309,0,0,0,0,0,"controlled local burst; wall time includes scoped-thread creation, Aegis policy/transcript processing, bounded-pool admission, primitive verification, and joins; work_units counts accepted verifications only"
local-1786752806231006000,macmini-m2-macos26.5.2-rust1.97.1-aarch64-20260814-workers1,9d3ab807a08ef4cf1077dbc23213e2314ce37c87,MEASURED,1786752807260967000,load,aegis_bounded_verification_pool,ML-DSA-65,concurrent_verify_burst,workers1_concurrency16,512,33,0,2064917,4234000,8945664,true,accepted=16;saturated=0;unexpected=0,16,16,0,0,3309,0,0,0,0,0,"controlled local burst; wall time includes scoped-thread creation, Aegis policy/transcript processing, bounded-pool admission, primitive verification, and joins; work_units counts accepted verifications only"
local-1786752806231006000,macmini-m2-macos26.5.2-rust1.97.1-aarch64-20260814-workers1,9d3ab807a08ef4cf1077dbc23213e2314ce37c87,MEASURED,1786752807269222000,load,aegis_bounded_verification_pool,ML-DSA-65,concurrent_verify_burst,workers1_concurrency16,512,34,0,2043375,4218000,8945664,true,accepted=16;saturated=0;unexpected=0,16,16,0,0,3309,0,0,0,0,0,"controlled local burst; wall time includes scoped-thread creation, Aegis policy/transcript processing, bounded-pool admission, primitive verification, and joins; work_units counts accepted verifications only"
local-1786752806231006000,macmini-m2-macos26.5.2-rust1.97.1-aarch64-20260814-workers1,9d3ab807a08ef4cf1077dbc23213e2314ce37c87,MEASURED,1786752807276608000,load,aegis_bounded_verification_pool,ML-DSA-65,concurrent_verify_burst,workers1_concurrency16,512,35,0,2057583,4223000,8962048,true,accepted=16;saturated=0;unexpected=0,16,16,0,0,3309,0,0,0,0,0,"controlled local burst; wall time includes scoped-thread creation, Aegis policy/transcript processing, bounded-pool admission, primitive verification, and joins; work_units counts accepted verifications only"
local-1786752806231006000,macmini-m2-macos26.5.2-rust1.97.1-aarch64-20260814-workers1,9d3ab807a08ef4cf1077dbc23213e2314ce37c87,MEASURED,1786752807283186000,load,aegis_bounded_verification_pool,ML-DSA-65,concurrent_verify_burst,workers1_concurrency16,512,36,0,2131000,4484000,8962048,true,accepted=16;saturated=0;unexpected=0,16,16,0,0,3309,0,0,0,0,0,"controlled local burst; wall time includes scoped-thread creation, Aegis policy/transcript processing, bounded-pool admission, primitive verification, and joins; work_units counts accepted verifications only"
local-1786752806231006000,macmini-m2-macos26.5.2-rust1.97.1-aarch64-20260814-workers1,9d3ab807a08ef4cf1077dbc23213e2314ce37c87,MEASURED,1786752807291362000,load,aegis_bounded_verification_pool,ML-DSA-65,concurrent_verify_burst,workers1_concurrency16,512,37,0,2247125,4585000,8962048,true,accepted=16;saturated=0;unexpected=0,16,16,0,0,3309,0,0,0,0,0,"controlled local burst; wall time includes scoped-thread creation, Aegis policy/transcript processing, bounded-pool admission, primitive verification, and joins; work_units counts accepted verifications only"
local-1786752806231006000,macmini-m2-macos26.5.2-rust1.97.1-aarch64-20260814-workers1,9d3ab807a08ef4cf1077dbc23213e2314ce37c87,MEASURED,1786752807299209000,load,aegis_bounded_verification_pool,ML-DSA-65,concurrent_verify_burst,workers1_concurrency16,512,38,0,2180750,4448000,8962048,true,accepted=16;saturated=0;unexpected=0,16,16,0,0,3309,0,0,0,0,0,"controlled local burst; wall time includes scoped-thread creation, Aegis policy/transcript processing, bounded-pool admission, primitive verification, and joins; work_units counts accepted verifications only"
local-1786752806231006000,macmini-m2-macos26.5.2-rust1.97.1-aarch64-20260814-workers1,9d3ab807a08ef4cf1077dbc23213e2314ce37c87,MEASURED,1786752807307291000,load,aegis_bounded_verification_pool,ML-DSA-65,concurrent_verify_burst,workers1_concurrency16,512,39,0,2352875,4614000,8962048,true,accepted=16;saturated=0;unexpected=0,16,16,0,0,3309,0,0,0,0,0,"controlled local burst; wall time includes scoped-thread creation, Aegis policy/transcript processing, bounded-pool admission, primitive verification, and joins; work_units counts accepted verifications only"
local-1786752806231006000,macmini-m2-macos26.5.2-rust1.97.1-aarch64-20260814-workers1,9d3ab807a08ef4cf1077dbc23213e2314ce37c87,MEASURED,1786752807314962000,load,aegis_bounded_verification_pool,ML-DSA-65,concurrent_verify_burst,workers1_concurrency16,512,40,0,2296916,4767000,8962048,true,accepted=16;saturated=0;unexpected=0,16,16,0,0,3309,0,0,0,0,0,"controlled local burst; wall time includes scoped-thread creation, Aegis policy/transcript processing, bounded-pool admission, primitive verification, and joins; work_units counts accepted verifications only"
local-1786752806231006000,macmini-m2-macos26.5.2-rust1.97.1-aarch64-20260814-workers1,9d3ab807a08ef4cf1077dbc23213e2314ce37c87,MEASURED,1786752807323753000,load,aegis_bounded_verification_pool,ML-DSA-65,concurrent_verify_burst,workers1_concurrency16,512,41,0,2229291,4518000,8978432,true,accepted=16;saturated=0;unexpected=0,16,16,0,0,3309,0,0,0,0,0,"controlled local burst; wall time includes scoped-thread creation, Aegis policy/transcript processing, bounded-pool admission, primitive verification, and joins; work_units counts accepted verifications only"
local-1786752806231006000,macmini-m2-macos26.5.2-rust1.97.1-aarch64-20260814-workers1,9d3ab807a08ef4cf1077dbc23213e2314ce37c87,MEASURED,1786752807332426000,load,aegis_bounded_verification_pool,ML-DSA-65,concurrent_verify_burst,workers1_concurrency16,512,42,0,2249125,4563000,8978432,true,accepted=16;saturated=0;unexpected=0,16,16,0,0,3309,0,0,0,0,0,"controlled local burst; wall time includes scoped-thread creation, Aegis policy/transcript processing, bounded-pool admission, primitive verification, and joins; work_units counts accepted verifications only"
local-1786752806231006000,macmini-m2-macos26.5.2-rust1.97.1-aarch64-20260814-workers1,9d3ab807a08ef4cf1077dbc23213e2314ce37c87,MEASURED,1786752807341179000,load,aegis_bounded_verification_pool,ML-DSA-65,concurrent_verify_burst,workers1_concurrency16,512,43,0,2454417,4834000,8978432,true,accepted=16;saturated=0;unexpected=0,16,16,0,0,3309,0,0,0,0,0,"controlled local burst; wall time includes scoped-thread creation, Aegis policy/transcript processing, bounded-pool admission, primitive verification, and joins; work_units counts accepted verifications only"
local-1786752806231006000,macmini-m2-macos26.5.2-rust1.97.1-aarch64-20260814-workers1,9d3ab807a08ef4cf1077dbc23213e2314ce37c87,MEASURED,1786752807347910000,load,aegis_bounded_verification_pool,ML-DSA-65,concurrent_verify_burst,workers1_concurrency16,512,44,0,2451792,4837000,8994816,true,accepted=16;saturated=0;unexpected=0,16,16,0,0,3309,0,0,0,0,0,"controlled local burst; wall time includes scoped-thread creation, Aegis policy/transcript processing, bounded-pool admission, primitive verification, and joins; work_units counts accepted verifications only"
local-1786752806231006000,macmini-m2-macos26.5.2-rust1.97.1-aarch64-20260814-workers1,9d3ab807a08ef4cf1077dbc23213e2314ce37c87,MEASURED,1786752807357098000,load,aegis_bounded_verification_pool,ML-DSA-65,concurrent_verify_burst,workers1_concurrency16,512,45,0,2468667,4969000,8994816,true,accepted=16;saturated=0;unexpected=0,16,16,0,0,3309,0,0,0,0,0,"controlled local burst; wall time includes scoped-thread creation, Aegis policy/transcript processing, bounded-pool admission, primitive verification, and joins; work_units counts accepted verifications only"
local-1786752806231006000,macmini-m2-macos26.5.2-rust1.97.1-aarch64-20260814-workers1,9d3ab807a08ef4cf1077dbc23213e2314ce37c87,MEASURED,1786752807364568000,load,aegis_bounded_verification_pool,ML-DSA-65,concurrent_verify_burst,workers1_concurrency16,512,46,0,2393583,4704000,8994816,true,accepted=16;saturated=0;unexpected=0,16,16,0,0,3309,0,0,0,0,0,"controlled local burst; wall time includes scoped-thread creation, Aegis policy/transcript processing, bounded-pool admission, primitive verification, and joins; work_units counts accepted verifications only"
local-1786752806231006000,macmini-m2-macos26.5.2-rust1.97.1-aarch64-20260814-workers1,9d3ab807a08ef4cf1077dbc23213e2314ce37c87,MEASURED,1786752807373593000,load,aegis_bounded_verification_pool,ML-DSA-65,concurrent_verify_burst,workers1_concurrency16,512,47,0,2341791,4644000,8994816,true,accepted=16;saturated=0;unexpected=0,16,16,0,0,3309,0,0,0,0,0,"controlled local burst; wall time includes scoped-thread creation, Aegis policy/transcript processing, bounded-pool admission, primitive verification, and joins; work_units counts accepted verifications only"
local-1786752806231006000,macmini-m2-macos26.5.2-rust1.97.1-aarch64-20260814-workers1,9d3ab807a08ef4cf1077dbc23213e2314ce37c87,MEASURED,1786752807381376000,load,aegis_bounded_verification_pool,ML-DSA-65,concurrent_verify_burst,workers1_concurrency16,512,48,0,2349083,4684000,8994816,true,accepted=16;saturated=0;unexpected=0,16,16,0,0,3309,0,0,0,0,0,"controlled local burst; wall time includes scoped-thread creation, Aegis policy/transcript processing, bounded-pool admission, primitive verification, and joins; work_units counts accepted verifications only"
local-1786752806231006000,macmini-m2-macos26.5.2-rust1.97.1-aarch64-20260814-workers1,9d3ab807a08ef4cf1077dbc23213e2314ce37c87,MEASURED,1786752807389478000,load,aegis_bounded_verification_pool,ML-DSA-65,concurrent_verify_burst,workers1_concurrency16,512,49,0,2490750,5064000,8994816,true,accepted=16;saturated=0;unexpected=0,16,16,0,0,3309,0,0,0,0,0,"controlled local burst; wall time includes scoped-thread creation, Aegis policy/transcript processing, bounded-pool admission, primitive verification, and joins; work_units counts accepted verifications only"
local-1786752806231006000,macmini-m2-macos26.5.2-rust1.97.1-aarch64-20260814-workers1,9d3ab807a08ef4cf1077dbc23213e2314ce37c87,MEASURED,1786752807397294000,load,aegis_bounded_verification_pool,ML-DSA-65,concurrent_verify_burst,workers1_concurrency16,512,50,0,2438958,4861000,8994816,true,accepted=16;saturated=0;unexpected=0,16,16,0,0,3309,0,0,0,0,0,"controlled local burst; wall time includes scoped-thread creation, Aegis policy/transcript processing, bounded-pool admission, primitive verification, and joins; work_units counts accepted verifications only"
local-1786752806231006000,macmini-m2-macos26.5.2-rust1.97.1-aarch64-20260814-workers1,9d3ab807a08ef4cf1077dbc23213e2314ce37c87,MEASURED,1786752807405483000,load,aegis_bounded_verification_pool,ML-DSA-65,concurrent_verify_burst,workers1_concurrency16,512,51,0,2374166,4675000,8994816,true,accepted=16;saturated=0;unexpected=0,16,16,0,0,3309,0,0,0,0,0,"controlled local burst; wall time includes scoped-thread creation, Aegis policy/transcript processing, bounded-pool admission, primitive verification, and joins; work_units counts accepted verifications only"
local-1786752806231006000,macmini-m2-macos26.5.2-rust1.97.1-aarch64-20260814-workers1,9d3ab807a08ef4cf1077dbc23213e2314ce37c87,MEASURED,1786752807414065000,load,aegis_bounded_verification_pool,ML-DSA-65,concurrent_verify_burst,workers1_concurrency16,512,52,0,2364250,4904000,8994816,true,accepted=16;saturated=0;unexpected=0,16,16,0,0,3309,0,0,0,0,0,"controlled local burst; wall time includes scoped-thread creation, Aegis policy/transcript processing, bounded-pool admission, primitive verification, and joins; work_units counts accepted verifications only"
local-1786752806231006000,macmini-m2-macos26.5.2-rust1.97.1-aarch64-20260814-workers1,9d3ab807a08ef4cf1077dbc23213e2314ce37c87,MEASURED,1786752807422635000,load,aegis_bounded_verification_pool,ML-DSA-65,concurrent_verify_burst,workers1_concurrency16,512,53,0,2393625,4674000,8994816,true,accepted=16;saturated=0;unexpected=0,16,16,0,0,3309,0,0,0,0,0,"controlled local burst; wall time includes scoped-thread creation, Aegis policy/transcript processing, bounded-pool admission, primitive verification, and joins; work_units counts accepted verifications only"
local-1786752806231006000,macmini-m2-macos26.5.2-rust1.97.1-aarch64-20260814-workers1,9d3ab807a08ef4cf1077dbc23213e2314ce37c87,MEASURED,1786752807430026000,load,aegis_bounded_verification_pool,ML-DSA-65,concurrent_verify_burst,workers1_concurrency16,512,54,0,2378000,4634000,9043968,true,accepted=16;saturated=0;unexpected=0,16,16,0,0,3309,0,0,0,0,0,"controlled local burst; wall time includes scoped-thread creation, Aegis policy/transcript processing, bounded-pool admission, primitive verification, and joins; work_units counts accepted verifications only"
local-1786752806231006000,macmini-m2-macos26.5.2-rust1.97.1-aarch64-20260814-workers1,9d3ab807a08ef4cf1077dbc23213e2314ce37c87,MEASURED,1786752807440003000,load,aegis_bounded_verification_pool,ML-DSA-65,concurrent_verify_burst,workers1_concurrency16,512,55,0,2440958,4828000,9043968,true,accepted=16;saturated=0;unexpected=0,16,16,0,0,3309,0,0,0,0,0,"controlled local burst; wall time includes scoped-thread creation, Aegis policy/transcript processing, bounded-pool admission, primitive verification, and joins; work_units counts accepted verifications only"
local-1786752806231006000,macmini-m2-macos26.5.2-rust1.97.1-aarch64-20260814-workers1,9d3ab807a08ef4cf1077dbc23213e2314ce37c87,MEASURED,1786752807447856000,load,aegis_bounded_verification_pool,ML-DSA-65,concurrent_verify_burst,workers1_concurrency16,512,56,0,2547750,5295000,9043968,true,accepted=16;saturated=0;unexpected=0,16,16,0,0,3309,0,0,0,0,0,"controlled local burst; wall time includes scoped-thread creation, Aegis policy/transcript processing, bounded-pool admission, primitive verification, and joins; work_units counts accepted verifications only"
local-1786752806231006000,macmini-m2-macos26.5.2-rust1.97.1-aarch64-20260814-workers1,9d3ab807a08ef4cf1077dbc23213e2314ce37c87,MEASURED,1786752807455909000,load,aegis_bounded_verification_pool,ML-DSA-65,concurrent_verify_burst,workers1_concurrency16,512,57,0,2429000,4699000,9060352,true,accepted=16;saturated=0;unexpected=0,16,16,0,0,3309,0,0,0,0,0,"controlled local burst; wall time includes scoped-thread creation, Aegis policy/transcript processing, bounded-pool admission, primitive verification, and joins; work_units counts accepted verifications only"
local-1786752806231006000,macmini-m2-macos26.5.2-rust1.97.1-aarch64-20260814-workers1,9d3ab807a08ef4cf1077dbc23213e2314ce37c87,MEASURED,1786752807463819000,load,aegis_bounded_verification_pool,ML-DSA-65,concurrent_verify_burst,workers1_concurrency16,512,58,0,2524583,4799000,9060352,true,accepted=16;saturated=0;unexpected=0,16,16,0,0,3309,0,0,0,0,0,"controlled local burst; wall time includes scoped-thread creation, Aegis policy/transcript processing, bounded-pool admission, primitive verification, and joins; work_units counts accepted verifications only"
local-1786752806231006000,macmini-m2-macos26.5.2-rust1.97.1-aarch64-20260814-workers1,9d3ab807a08ef4cf1077dbc23213e2314ce37c87,MEASURED,1786752807471768000,load,aegis_bounded_verification_pool,ML-DSA-65,concurrent_verify_burst,workers1_concurrency16,512,59,0,2534917,4797000,9060352,true,accepted=16;saturated=0;unexpected=0,16,16,0,0,3309,0,0,0,0,0,"controlled local burst; wall time includes scoped-thread creation, Aegis policy/transcript processing, bounded-pool admission, primitive verification, and joins; work_units counts accepted verifications only"
local-1786752806231006000,macmini-m2-macos26.5.2-rust1.97.1-aarch64-20260814-workers1,9d3ab807a08ef4cf1077dbc23213e2314ce37c87,MEASURED,1786752807479713000,load,aegis_bounded_verification_pool,ML-DSA-65,concurrent_verify_burst,workers1_concurrency16,512,60,0,2637792,5096000,9060352,true,accepted=16;saturated=0;unexpected=0,16,16,0,0,3309,0,0,0,0,0,"controlled local burst; wall time includes scoped-thread creation, Aegis policy/transcript processing, bounded-pool admission, primitive verification, and joins; work_units counts accepted verifications only"
local-1786752806231006000,macmini-m2-macos26.5.2-rust1.97.1-aarch64-20260814-workers1,9d3ab807a08ef4cf1077dbc23213e2314ce37c87,MEASURED,1786752807491044000,load,aegis_bounded_verification_pool,ML-DSA-65,concurrent_verify_burst,workers1_concurrency16,512,61,0,2549792,4872000,9060352,true,accepted=16;saturated=0;unexpected=0,16,16,0,0,3309,0,0,0,0,0,"controlled local burst; wall time includes scoped-thread creation, Aegis policy/transcript processing, bounded-pool admission, primitive verification, and joins; work_units counts accepted verifications only"
local-1786752806231006000,macmini-m2-macos26.5.2-rust1.97.1-aarch64-20260814-workers1,9d3ab807a08ef4cf1077dbc23213e2314ce37c87,MEASURED,1786752807500025000,load,aegis_bounded_verification_pool,ML-DSA-65,concurrent_verify_burst,workers1_concurrency16,512,62,0,2598417,5054000,9060352,true,accepted=16;saturated=0;unexpected=0,16,16,0,0,3309,0,0,0,0,0,"controlled local burst; wall time includes scoped-thread creation, Aegis policy/transcript processing, bounded-pool admission, primitive verification, and joins; work_units counts accepted verifications only"
local-1786752806231006000,macmini-m2-macos26.5.2-rust1.97.1-aarch64-20260814-workers1,9d3ab807a08ef4cf1077dbc23213e2314ce37c87,MEASURED,1786752807508781000,load,aegis_bounded_verification_pool,ML-DSA-65,concurrent_verify_burst,workers1_concurrency16,512,63,0,2462583,4953000,9060352,true,accepted=16;saturated=0;unexpected=0,16,16,0,0,3309,0,0,0,0,0,"controlled local burst; wall time includes scoped-thread creation, Aegis policy/transcript processing, bounded-pool admission, primitive verification, and joins; work_units counts accepted verifications only"
local-1786752806231006000,macmini-m2-macos26.5.2-rust1.97.1-aarch64-20260814-workers1,9d3ab807a08ef4cf1077dbc23213e2314ce37c87,MEASURED,1786752807517437000,load,aegis_bounded_verification_pool,ML-DSA-65,concurrent_verify_burst,workers1_concurrency16,512,64,0,2566750,5000000,9060352,true,accepted=16;saturated=0;unexpected=0,16,16,0,0,3309,0,0,0,0,0,"controlled local burst; wall time includes scoped-thread creation, Aegis policy/transcript processing, bounded-pool admission, primitive verification, and joins; work_units counts accepted verifications only"
local-1786752806231006000,macmini-m2-macos26.5.2-rust1.97.1-aarch64-20260814-workers1,9d3ab807a08ef4cf1077dbc23213e2314ce37c87,MEASURED,1786752807524915000,load,aegis_bounded_verification_pool,ML-DSA-65,concurrent_verify_burst,workers1_concurrency16,512,65,0,2575750,4886000,9060352,true,accepted=16;saturated=0;unexpected=0,16,16,0,0,3309,0,0,0,0,0,"controlled local burst; wall time includes scoped-thread creation, Aegis policy/transcript processing, bounded-pool admission, primitive verification, and joins; work_units counts accepted verifications only"
local-1786752806231006000,macmini-m2-macos26.5.2-rust1.97.1-aarch64-20260814-workers1,9d3ab807a08ef4cf1077dbc23213e2314ce37c87,MEASURED,1786752807532381000,load,aegis_bounded_verification_pool,ML-DSA-65,concurrent_verify_burst,workers1_concurrency16,512,66,0,2666334,5123000,9076736,true,accepted=16;saturated=0;unexpected=0,16,16,0,0,3309,0,0,0,0,0,"controlled local burst; wall time includes scoped-thread creation, Aegis policy/transcript processing, bounded-pool admission, primitive verification, and joins; work_units counts accepted verifications only"
local-1786752806231006000,macmini-m2-macos26.5.2-rust1.97.1-aarch64-20260814-workers1,9d3ab807a08ef4cf1077dbc23213e2314ce37c87,MEASURED,1786752807540500000,load,aegis_bounded_verification_pool,ML-DSA-65,concurrent_verify_burst,workers1_concurrency16,512,67,0,2639958,4944000,9076736,true,accepted=16;saturated=0;unexpected=0,16,16,0,0,3309,0,0,0,0,0,"controlled local burst; wall time includes scoped-thread creation, Aegis policy/transcript processing, bounded-pool admission, primitive verification, and joins; work_units counts accepted verifications only"
local-1786752806231006000,macmini-m2-macos26.5.2-rust1.97.1-aarch64-20260814-workers1,9d3ab807a08ef4cf1077dbc23213e2314ce37c87,MEASURED,1786752807549848000,load,aegis_bounded_verification_pool,ML-DSA-65,concurrent_verify_burst,workers1_concurrency16,512,68,0,2811500,5075000,9076736,true,accepted=16;saturated=0;unexpected=0,16,16,0,0,3309,0,0,0,0,0,"controlled local burst; wall time includes scoped-thread creation, Aegis policy/transcript processing, bounded-pool admission, primitive verification, and joins; work_units counts accepted verifications only"
local-1786752806231006000,macmini-m2-macos26.5.2-rust1.97.1-aarch64-20260814-workers1,9d3ab807a08ef4cf1077dbc23213e2314ce37c87,MEASURED,1786752807559019000,load,aegis_bounded_verification_pool,ML-DSA-65,concurrent_verify_burst,workers1_concurrency16,512,69,0,2690209,5070000,9076736,true,accepted=16;saturated=0;unexpected=0,16,16,0,0,3309,0,0,0,0,0,"controlled local burst; wall time includes scoped-thread creation, Aegis policy/transcript processing, bounded-pool admission, primitive verification, and joins; work_units counts accepted verifications only"
local-1786752806231006000,macmini-m2-macos26.5.2-rust1.97.1-aarch64-20260814-workers1,9d3ab807a08ef4cf1077dbc23213e2314ce37c87,MEASURED,1786752807568196000,load,aegis_bounded_verification_pool,ML-DSA-65,concurrent_verify_burst,workers1_concurrency16,512,70,0,2646458,4960000,9076736,true,accepted=16;saturated=0;unexpected=0,16,16,0,0,3309,0,0,0,0,0,"controlled local burst; wall time includes scoped-thread creation, Aegis policy/transcript processing, bounded-pool admission, primitive verification, and joins; work_units counts accepted verifications only"
local-1786752806231006000,macmini-m2-macos26.5.2-rust1.97.1-aarch64-20260814-workers1,9d3ab807a08ef4cf1077dbc23213e2314ce37c87,MEASURED,1786752807576078000,load,aegis_bounded_verification_pool,ML-DSA-65,concurrent_verify_burst,workers1_concurrency16,512,71,0,2667958,5047000,9076736,true,accepted=16;saturated=0;unexpected=0,16,16,0,0,3309,0,0,0,0,0,"controlled local burst; wall time includes scoped-thread creation, Aegis policy/transcript processing, bounded-pool admission, primitive verification, and joins; work_units counts accepted verifications only"
local-1786752806231006000,macmini-m2-macos26.5.2-rust1.97.1-aarch64-20260814-workers1,9d3ab807a08ef4cf1077dbc23213e2314ce37c87,MEASURED,1786752807583295000,load,aegis_bounded_verification_pool,ML-DSA-65,concurrent_verify_burst,workers1_concurrency16,512,72,0,2778375,5093000,9093120,true,accepted=16;saturated=0;unexpected=0,16,16,0,0,3309,0,0,0,0,0,"controlled local burst; wall time includes scoped-thread creation, Aegis policy/transcript processing, bounded-pool admission, primitive verification, and joins; work_units counts accepted verifications only"
local-1786752806231006000,macmini-m2-macos26.5.2-rust1.97.1-aarch64-20260814-workers1,9d3ab807a08ef4cf1077dbc23213e2314ce37c87,MEASURED,1786752807592438000,load,aegis_bounded_verification_pool,ML-DSA-65,concurrent_verify_burst,workers1_concurrency16,512,73,0,2781791,5388000,9093120,true,accepted=16;saturated=0;unexpected=0,16,16,0,0,3309,0,0,0,0,0,"controlled local burst; wall time includes scoped-thread creation, Aegis policy/transcript processing, bounded-pool admission, primitive verification, and joins; work_units counts accepted verifications only"
local-1786752806231006000,macmini-m2-macos26.5.2-rust1.97.1-aarch64-20260814-workers1,9d3ab807a08ef4cf1077dbc23213e2314ce37c87,MEASURED,1786752807601901000,load,aegis_bounded_verification_pool,ML-DSA-65,concurrent_verify_burst,workers1_concurrency16,512,74,0,2693791,5018000,9093120,true,accepted=16;saturated=0;unexpected=0,16,16,0,0,3309,0,0,0,0,0,"controlled local burst; wall time includes scoped-thread creation, Aegis policy/transcript processing, bounded-pool admission, primitive verification, and joins; work_units counts accepted verifications only"
local-1786752806231006000,macmini-m2-macos26.5.2-rust1.97.1-aarch64-20260814-workers1,9d3ab807a08ef4cf1077dbc23213e2314ce37c87,MEASURED,1786752807609192000,load,aegis_bounded_verification_pool,ML-DSA-65,concurrent_verify_burst,workers1_concurrency16,512,75,0,2706500,4991000,9093120,true,accepted=16;saturated=0;unexpected=0,16,16,0,0,3309,0,0,0,0,0,"controlled local burst; wall time includes scoped-thread creation, Aegis policy/transcript processing, bounded-pool admission, primitive verification, and joins; work_units counts accepted verifications only"
local-1786752806231006000,macmini-m2-macos26.5.2-rust1.97.1-aarch64-20260814-workers1,9d3ab807a08ef4cf1077dbc23213e2314ce37c87,MEASURED,1786752807619164000,load,aegis_bounded_verification_pool,ML-DSA-65,concurrent_verify_burst,workers1_concurrency16,512,76,0,2841916,5201000,9093120,true,accepted=16;saturated=0;unexpected=0,16,16,0,0,3309,0,0,0,0,0,"controlled local burst; wall time includes scoped-thread creation, Aegis policy/transcript processing, bounded-pool admission, primitive verification, and joins; work_units counts accepted verifications only"
local-1786752806231006000,macmini-m2-macos26.5.2-rust1.97.1-aarch64-20260814-workers1,9d3ab807a08ef4cf1077dbc23213e2314ce37c87,MEASURED,1786752807628336000,load,aegis_bounded_verification_pool,ML-DSA-65,concurrent_verify_burst,workers1_concurrency16,512,77,0,2807834,5360000,9093120,true,accepted=16;saturated=0;unexpected=0,16,16,0,0,3309,0,0,0,0,0,"controlled local burst; wall time includes scoped-thread creation, Aegis policy/transcript processing, bounded-pool admission, primitive verification, and joins; work_units counts accepted verifications only"
local-1786752806231006000,macmini-m2-macos26.5.2-rust1.97.1-aarch64-20260814-workers1,9d3ab807a08ef4cf1077dbc23213e2314ce37c87,MEASURED,1786752807636427000,load,aegis_bounded_verification_pool,ML-DSA-65,concurrent_verify_burst,workers1_concurrency16,512,78,0,2743500,5147000,9093120,true,accepted=16;saturated=0;unexpected=0,16,16,0,0,3309,0,0,0,0,0,"controlled local burst; wall time includes scoped-thread creation, Aegis policy/transcript processing, bounded-pool admission, primitive verification, and joins; work_units counts accepted verifications only"
local-1786752806231006000,macmini-m2-macos26.5.2-rust1.97.1-aarch64-20260814-workers1,9d3ab807a08ef4cf1077dbc23213e2314ce37c87,MEASURED,1786752807644222000,load,aegis_bounded_verification_pool,ML-DSA-65,concurrent_verify_burst,workers1_concurrency16,512,79,0,2704625,4897000,9109504,true,accepted=16;saturated=0;unexpected=0,16,16,0,0,3309,0,0,0,0,0,"controlled local burst; wall time includes scoped-thread creation, Aegis policy/transcript processing, bounded-pool admission, primitive verification, and joins; work_units counts accepted verifications only"
local-1786752806231006000,macmini-m2-macos26.5.2-rust1.97.1-aarch64-20260814-workers1,9d3ab807a08ef4cf1077dbc23213e2314ce37c87,MEASURED,1786752807654067000,load,aegis_bounded_verification_pool,ML-DSA-65,concurrent_verify_burst,workers1_concurrency16,512,80,0,2983458,5383000,9109504,true,accepted=16;saturated=0;unexpected=0,16,16,0,0,3309,0,0,0,0,0,"controlled local burst; wall time includes scoped-thread creation, Aegis policy/transcript processing, bounded-pool admission, primitive verification, and joins; work_units counts accepted verifications only"
local-1786752806231006000,macmini-m2-macos26.5.2-rust1.97.1-aarch64-20260814-workers1,9d3ab807a08ef4cf1077dbc23213e2314ce37c87,MEASURED,1786752807661567000,load,aegis_bounded_verification_pool,ML-DSA-65,concurrent_verify_burst,workers1_concurrency16,512,81,0,2922375,5340000,9109504,true,accepted=16;saturated=0;unexpected=0,16,16,0,0,3309,0,0,0,0,0,"controlled local burst; wall time includes scoped-thread creation, Aegis policy/transcript processing, bounded-pool admission, primitive verification, and joins; work_units counts accepted verifications only"
local-1786752806231006000,macmini-m2-macos26.5.2-rust1.97.1-aarch64-20260814-workers1,9d3ab807a08ef4cf1077dbc23213e2314ce37c87,MEASURED,1786752807671276000,load,aegis_bounded_verification_pool,ML-DSA-65,concurrent_verify_burst,workers1_concurrency16,512,82,0,2859334,5195000,9109504,true,accepted=16;saturated=0;unexpected=0,16,16,0,0,3309,0,0,0,0,0,"controlled local burst; wall time includes scoped-thread creation, Aegis policy/transcript processing, bounded-pool admission, primitive verification, and joins; work_units counts accepted verifications only"
local-1786752806231006000,macmini-m2-macos26.5.2-rust1.97.1-aarch64-20260814-workers1,9d3ab807a08ef4cf1077dbc23213e2314ce37c87,MEASURED,1786752807679156000,load,aegis_bounded_verification_pool,ML-DSA-65,concurrent_verify_burst,workers1_concurrency16,512,83,0,2847334,5109000,9109504,true,accepted=16;saturated=0;unexpected=0,16,16,0,0,3309,0,0,0,0,0,"controlled local burst; wall time includes scoped-thread creation, Aegis policy/transcript processing, bounded-pool admission, primitive verification, and joins; work_units counts accepted verifications only"
local-1786752806231006000,macmini-m2-macos26.5.2-rust1.97.1-aarch64-20260814-workers1,9d3ab807a08ef4cf1077dbc23213e2314ce37c87,MEASURED,1786752807688119000,load,aegis_bounded_verification_pool,ML-DSA-65,concurrent_verify_burst,workers1_concurrency16,512,84,0,3040042,5315000,9109504,true,accepted=16;saturated=0;unexpected=0,16,16,0,0,3309,0,0,0,0,0,"controlled local burst; wall time includes scoped-thread creation, Aegis policy/transcript processing, bounded-pool admission, primitive verification, and joins; work_units counts accepted verifications only"
local-1786752806231006000,macmini-m2-macos26.5.2-rust1.97.1-aarch64-20260814-workers1,9d3ab807a08ef4cf1077dbc23213e2314ce37c87,MEASURED,1786752807698066000,load,aegis_bounded_verification_pool,ML-DSA-65,concurrent_verify_burst,workers1_concurrency16,512,85,0,2874417,5208000,9109504,true,accepted=16;saturated=0;unexpected=0,16,16,0,0,3309,0,0,0,0,0,"controlled local burst; wall time includes scoped-thread creation, Aegis policy/transcript processing, bounded-pool admission, primitive verification, and joins; work_units counts accepted verifications only"
local-1786752806231006000,macmini-m2-macos26.5.2-rust1.97.1-aarch64-20260814-workers1,9d3ab807a08ef4cf1077dbc23213e2314ce37c87,MEASURED,1786752807706622000,load,aegis_bounded_verification_pool,ML-DSA-65,concurrent_verify_burst,workers1_concurrency16,512,86,0,2890500,5173000,9125888,true,accepted=16;saturated=0;unexpected=0,16,16,0,0,3309,0,0,0,0,0,"controlled local burst; wall time includes scoped-thread creation, Aegis policy/transcript processing, bounded-pool admission, primitive verification, and joins; work_units counts accepted verifications only"
local-1786752806231006000,macmini-m2-macos26.5.2-rust1.97.1-aarch64-20260814-workers1,9d3ab807a08ef4cf1077dbc23213e2314ce37c87,MEASURED,1786752807714894000,load,aegis_bounded_verification_pool,ML-DSA-65,concurrent_verify_burst,workers1_concurrency16,512,87,0,2878500,5143000,9125888,true,accepted=16;saturated=0;unexpected=0,16,16,0,0,3309,0,0,0,0,0,"controlled local burst; wall time includes scoped-thread creation, Aegis policy/transcript processing, bounded-pool admission, primitive verification, and joins; work_units counts accepted verifications only"
local-1786752806231006000,macmini-m2-macos26.5.2-rust1.97.1-aarch64-20260814-workers1,9d3ab807a08ef4cf1077dbc23213e2314ce37c87,MEASURED,1786752807723189000,load,aegis_bounded_verification_pool,ML-DSA-65,concurrent_verify_burst,workers1_concurrency16,512,88,0,3031959,5338000,9125888,true,accepted=16;saturated=0;unexpected=0,16,16,0,0,3309,0,0,0,0,0,"controlled local burst; wall time includes scoped-thread creation, Aegis policy/transcript processing, bounded-pool admission, primitive verification, and joins; work_units counts accepted verifications only"
local-1786752806231006000,macmini-m2-macos26.5.2-rust1.97.1-aarch64-20260814-workers1,9d3ab807a08ef4cf1077dbc23213e2314ce37c87,MEASURED,1786752807730510000,load,aegis_bounded_verification_pool,ML-DSA-65,concurrent_verify_burst,workers1_concurrency16,512,89,0,3031625,5344000,9125888,true,accepted=16;saturated=0;unexpected=0,16,16,0,0,3309,0,0,0,0,0,"controlled local burst; wall time includes scoped-thread creation, Aegis policy/transcript processing, bounded-pool admission, primitive verification, and joins; work_units counts accepted verifications only"
local-1786752806231006000,macmini-m2-macos26.5.2-rust1.97.1-aarch64-20260814-workers1,9d3ab807a08ef4cf1077dbc23213e2314ce37c87,MEASURED,1786752807739850000,load,aegis_bounded_verification_pool,ML-DSA-65,concurrent_verify_burst,workers1_concurrency16,512,90,0,2946750,5356000,9125888,true,accepted=16;saturated=0;unexpected=0,16,16,0,0,3309,0,0,0,0,0,"controlled local burst; wall time includes scoped-thread creation, Aegis policy/transcript processing, bounded-pool admission, primitive verification, and joins; work_units counts accepted verifications only"
local-1786752806231006000,macmini-m2-macos26.5.2-rust1.97.1-aarch64-20260814-workers1,9d3ab807a08ef4cf1077dbc23213e2314ce37c87,MEASURED,1786752807748324000,load,aegis_bounded_verification_pool,ML-DSA-65,concurrent_verify_burst,workers1_concurrency16,512,91,0,2966834,5286000,9125888,true,accepted=16;saturated=0;unexpected=0,16,16,0,0,3309,0,0,0,0,0,"controlled local burst; wall time includes scoped-thread creation, Aegis policy/transcript processing, bounded-pool admission, primitive verification, and joins; work_units counts accepted verifications only"
local-1786752806231006000,macmini-m2-macos26.5.2-rust1.97.1-aarch64-20260814-workers1,9d3ab807a08ef4cf1077dbc23213e2314ce37c87,MEASURED,1786752807756755000,load,aegis_bounded_verification_pool,ML-DSA-65,concurrent_verify_burst,workers1_concurrency16,512,92,0,3074459,5337000,9125888,true,accepted=16;saturated=0;unexpected=0,16,16,0,0,3309,0,0,0,0,0,"controlled local burst; wall time includes scoped-thread creation, Aegis policy/transcript processing, bounded-pool admission, primitive verification, and joins; work_units counts accepted verifications only"
local-1786752806231006000,macmini-m2-macos26.5.2-rust1.97.1-aarch64-20260814-workers1,9d3ab807a08ef4cf1077dbc23213e2314ce37c87,MEASURED,1786752807766382000,load,aegis_bounded_verification_pool,ML-DSA-65,concurrent_verify_burst,workers1_concurrency16,512,93,0,3077166,5387000,9125888,true,accepted=16;saturated=0;unexpected=0,16,16,0,0,3309,0,0,0,0,0,"controlled local burst; wall time includes scoped-thread creation, Aegis policy/transcript processing, bounded-pool admission, primitive verification, and joins; work_units counts accepted verifications only"
local-1786752806231006000,macmini-m2-macos26.5.2-rust1.97.1-aarch64-20260814-workers1,9d3ab807a08ef4cf1077dbc23213e2314ce37c87,MEASURED,1786752807773198000,load,aegis_bounded_verification_pool,ML-DSA-65,concurrent_verify_burst,workers1_concurrency16,512,94,0,3101708,5538000,9125888,true,accepted=16;saturated=0;unexpected=0,16,16,0,0,3309,0,0,0,0,0,"controlled local burst; wall time includes scoped-thread creation, Aegis policy/transcript processing, bounded-pool admission, primitive verification, and joins; work_units counts accepted verifications only"
local-1786752806231006000,macmini-m2-macos26.5.2-rust1.97.1-aarch64-20260814-workers1,9d3ab807a08ef4cf1077dbc23213e2314ce37c87,MEASURED,1786752807781092000,load,aegis_bounded_verification_pool,ML-DSA-65,concurrent_verify_burst,workers1_concurrency16,512,95,0,3102625,5403000,9125888,true,accepted=16;saturated=0;unexpected=0,16,16,0,0,3309,0,0,0,0,0,"controlled local burst; wall time includes scoped-thread creation, Aegis policy/transcript processing, bounded-pool admission, primitive verification, and joins; work_units counts accepted verifications only"
local-1786752806231006000,macmini-m2-macos26.5.2-rust1.97.1-aarch64-20260814-workers1,9d3ab807a08ef4cf1077dbc23213e2314ce37c87,MEASURED,1786752807790349000,load,aegis_bounded_verification_pool,ML-DSA-65,concurrent_verify_burst,workers1_concurrency16,512,96,0,3036834,5355000,9125888,true,accepted=16;saturated=0;unexpected=0,16,16,0,0,3309,0,0,0,0,0,"controlled local burst; wall time includes scoped-thread creation, Aegis policy/transcript processing, bounded-pool admission, primitive verification, and joins; work_units counts accepted verifications only"
local-1786752806231006000,macmini-m2-macos26.5.2-rust1.97.1-aarch64-20260814-workers1,9d3ab807a08ef4cf1077dbc23213e2314ce37c87,MEASURED,1786752807799829000,load,aegis_bounded_verification_pool,ML-DSA-65,concurrent_verify_burst,workers1_concurrency16,512,97,0,3232917,5530000,9125888,true,accepted=16;saturated=0;unexpected=0,16,16,0,0,3309,0,0,0,0,0,"controlled local burst; wall time includes scoped-thread creation, Aegis policy/transcript processing, bounded-pool admission, primitive verification, and joins; work_units counts accepted verifications only"
local-1786752806231006000,macmini-m2-macos26.5.2-rust1.97.1-aarch64-20260814-workers1,9d3ab807a08ef4cf1077dbc23213e2314ce37c87,MEASURED,1786752807806901000,load,aegis_bounded_verification_pool,ML-DSA-65,concurrent_verify_burst,workers1_concurrency16,512,98,0,3260583,5882000,9125888,true,accepted=16;saturated=0;unexpected=0,16,16,0,0,3309,0,0,0,0,0,"controlled local burst; wall time includes scoped-thread creation, Aegis policy/transcript processing, bounded-pool admission, primitive verification, and joins; work_units counts accepted verifications only"
local-1786752806231006000,macmini-m2-macos26.5.2-rust1.97.1-aarch64-20260814-workers1,9d3ab807a08ef4cf1077dbc23213e2314ce37c87,MEASURED,1786752807815804000,load,aegis_bounded_verification_pool,ML-DSA-65,concurrent_verify_burst,workers1_concurrency16,512,99,0,3152375,5604000,9142272,true,accepted=16;saturated=0;unexpected=0,16,16,0,0,3309,0,0,0,0,0,"controlled local burst; wall time includes scoped-thread creation, Aegis policy/transcript processing, bounded-pool admission, primitive verification, and joins; work_units counts accepted verifications only"
local-1786752806231006000,macmini-m2-macos26.5.2-rust1.97.1-aarch64-20260814-workers1,9d3ab807a08ef4cf1077dbc23213e2314ce37c87,MEASURED,1786752807848459000,load,aegis_bounded_verification_pool,ML-DSA-65,concurrent_verify_burst,workers1_concurrency64,512,0,0,12336375,22066000,10878976,true,accepted=64;saturated=0;unexpected=0,64,64,0,0,3309,0,0,0,0,0,"controlled local burst; wall time includes scoped-thread creation, Aegis policy/transcript processing, bounded-pool admission, primitive verification, and joins; work_units counts accepted verifications only"
local-1786752806231006000,macmini-m2-macos26.5.2-rust1.97.1-aarch64-20260814-workers1,9d3ab807a08ef4cf1077dbc23213e2314ce37c87,MEASURED,1786752807884923000,load,aegis_bounded_verification_pool,ML-DSA-65,concurrent_verify_burst,workers1_concurrency64,512,1,0,12932958,22591000,10928128,true,accepted=64;saturated=0;unexpected=0,64,64,0,0,3309,0,0,0,0,0,"controlled local burst; wall time includes scoped-thread creation, Aegis policy/transcript processing, bounded-pool admission, primitive verification, and joins; work_units counts accepted verifications only"
local-1786752806231006000,macmini-m2-macos26.5.2-rust1.97.1-aarch64-20260814-workers1,9d3ab807a08ef4cf1077dbc23213e2314ce37c87,MEASURED,1786752807918016000,load,aegis_bounded_verification_pool,ML-DSA-65,concurrent_verify_burst,workers1_concurrency64,512,2,0,13052209,22703000,10960896,true,accepted=64;saturated=0;unexpected=0,64,64,0,0,3309,0,0,0,0,0,"controlled local burst; wall time includes scoped-thread creation, Aegis policy/transcript processing, bounded-pool admission, primitive verification, and joins; work_units counts accepted verifications only"
local-1786752806231006000,macmini-m2-macos26.5.2-rust1.97.1-aarch64-20260814-workers1,9d3ab807a08ef4cf1077dbc23213e2314ce37c87,MEASURED,1786752807958413000,load,aegis_bounded_verification_pool,ML-DSA-65,concurrent_verify_burst,workers1_concurrency64,512,3,0,13137500,23108000,10977280,true,accepted=64;saturated=0;unexpected=0,64,64,0,0,3309,0,0,0,0,0,"controlled local burst; wall time includes scoped-thread creation, Aegis policy/transcript processing, bounded-pool admission, primitive verification, and joins; work_units counts accepted verifications only"
local-1786752806231006000,macmini-m2-macos26.5.2-rust1.97.1-aarch64-20260814-workers1,9d3ab807a08ef4cf1077dbc23213e2314ce37c87,MEASURED,1786752807993175000,load,aegis_bounded_verification_pool,ML-DSA-65,concurrent_verify_burst,workers1_concurrency64,512,4,0,13446000,23515000,10977280,true,accepted=64;saturated=0;unexpected=0,64,64,0,0,3309,0,0,0,0,0,"controlled local burst; wall time includes scoped-thread creation, Aegis policy/transcript processing, bounded-pool admission, primitive verification, and joins; work_units counts accepted verifications only"
local-1786752806231006000,macmini-m2-macos26.5.2-rust1.97.1-aarch64-20260814-workers1,9d3ab807a08ef4cf1077dbc23213e2314ce37c87,MEASURED,1786752808032868000,load,aegis_bounded_verification_pool,ML-DSA-65,concurrent_verify_burst,workers1_concurrency64,512,5,0,14006542,23452000,11010048,true,accepted=64;saturated=0;unexpected=0,64,64,0,0,3309,0,0,0,0,0,"controlled local burst; wall time includes scoped-thread creation, Aegis policy/transcript processing, bounded-pool admission, primitive verification, and joins; work_units counts accepted verifications only"
local-1786752806231006000,macmini-m2-macos26.5.2-rust1.97.1-aarch64-20260814-workers1,9d3ab807a08ef4cf1077dbc23213e2314ce37c87,MEASURED,1786752808073332000,load,aegis_bounded_verification_pool,ML-DSA-65,concurrent_verify_burst,workers1_concurrency64,512,6,0,14084791,23966000,11042816,true,accepted=64;saturated=0;unexpected=0,64,64,0,0,3309,0,0,0,0,0,"controlled local burst; wall time includes scoped-thread creation, Aegis policy/transcript processing, bounded-pool admission, primitive verification, and joins; work_units counts accepted verifications only"
local-1786752806231006000,macmini-m2-macos26.5.2-rust1.97.1-aarch64-20260814-workers1,9d3ab807a08ef4cf1077dbc23213e2314ce37c87,MEASURED,1786752808106902000,load,aegis_bounded_verification_pool,ML-DSA-65,concurrent_verify_burst,workers1_concurrency64,512,7,0,14400333,23933000,11059200,true,accepted=64;saturated=0;unexpected=0,64,64,0,0,3309,0,0,0,0,0,"controlled local burst; wall time includes scoped-thread creation, Aegis policy/transcript processing, bounded-pool admission, primitive verification, and joins; work_units counts accepted verifications only"
local-1786752806231006000,macmini-m2-macos26.5.2-rust1.97.1-aarch64-20260814-workers1,9d3ab807a08ef4cf1077dbc23213e2314ce37c87,MEASURED,1786752808146188000,load,aegis_bounded_verification_pool,ML-DSA-65,concurrent_verify_burst,workers1_concurrency64,512,8,0,14497042,24388000,11059200,true,accepted=64;saturated=0;unexpected=0,64,64,0,0,3309,0,0,0,0,0,"controlled local burst; wall time includes scoped-thread creation, Aegis policy/transcript processing, bounded-pool admission, primitive verification, and joins; work_units counts accepted verifications only"
local-1786752806231006000,macmini-m2-macos26.5.2-rust1.97.1-aarch64-20260814-workers1,9d3ab807a08ef4cf1077dbc23213e2314ce37c87,MEASURED,1786752808182039000,load,aegis_bounded_verification_pool,ML-DSA-65,concurrent_verify_burst,workers1_concurrency64,512,9,0,14420584,24423000,11059200,true,accepted=64;saturated=0;unexpected=0,64,64,0,0,3309,0,0,0,0,0,"controlled local burst; wall time includes scoped-thread creation, Aegis policy/transcript processing, bounded-pool admission, primitive verification, and joins; work_units counts accepted verifications only"
local-1786752806231006000,macmini-m2-macos26.5.2-rust1.97.1-aarch64-20260814-workers1,9d3ab807a08ef4cf1077dbc23213e2314ce37c87,MEASURED,1786752808217362000,load,aegis_bounded_verification_pool,ML-DSA-65,concurrent_verify_burst,workers1_concurrency64,512,10,0,14560666,23921000,11075584,true,accepted=64;saturated=0;unexpected=0,64,64,0,0,3309,0,0,0,0,0,"controlled local burst; wall time includes scoped-thread creation, Aegis policy/transcript processing, bounded-pool admission, primitive verification, and joins; work_units counts accepted verifications only"
local-1786752806231006000,macmini-m2-macos26.5.2-rust1.97.1-aarch64-20260814-workers1,9d3ab807a08ef4cf1077dbc23213e2314ce37c87,MEASURED,1786752808255439000,load,aegis_bounded_verification_pool,ML-DSA-65,concurrent_verify_burst,workers1_concurrency64,512,11,0,15193084,24825000,11075584,true,accepted=64;saturated=0;unexpected=0,64,64,0,0,3309,0,0,0,0,0,"controlled local burst; wall time includes scoped-thread creation, Aegis policy/transcript processing, bounded-pool admission, primitive verification, and joins; work_units counts accepted verifications only"
local-1786752806231006000,macmini-m2-macos26.5.2-rust1.97.1-aarch64-20260814-workers1,9d3ab807a08ef4cf1077dbc23213e2314ce37c87,MEASURED,1786752808294268000,load,aegis_bounded_verification_pool,ML-DSA-65,concurrent_verify_burst,workers1_concurrency64,512,12,0,15284292,24851000,11075584,true,accepted=64;saturated=0;unexpected=0,64,64,0,0,3309,0,0,0,0,0,"controlled local burst; wall time includes scoped-thread creation, Aegis policy/transcript processing, bounded-pool admission, primitive verification, and joins; work_units counts accepted verifications only"
local-1786752806231006000,macmini-m2-macos26.5.2-rust1.97.1-aarch64-20260814-workers1,9d3ab807a08ef4cf1077dbc23213e2314ce37c87,MEASURED,1786752808334805000,load,aegis_bounded_verification_pool,ML-DSA-65,concurrent_verify_burst,workers1_concurrency64,512,13,0,15849042,25795000,11075584,true,accepted=64;saturated=0;unexpected=0,64,64,0,0,3309,0,0,0,0,0,"controlled local burst; wall time includes scoped-thread creation, Aegis policy/transcript processing, bounded-pool admission, primitive verification, and joins; work_units counts accepted verifications only"
local-1786752806231006000,macmini-m2-macos26.5.2-rust1.97.1-aarch64-20260814-workers1,9d3ab807a08ef4cf1077dbc23213e2314ce37c87,MEASURED,1786752808374410000,load,aegis_bounded_verification_pool,ML-DSA-65,concurrent_verify_burst,workers1_concurrency64,512,14,0,15858750,25615000,11091968,true,accepted=64;saturated=0;unexpected=0,64,64,0,0,3309,0,0,0,0,0,"controlled local burst; wall time includes scoped-thread creation, Aegis policy/transcript processing, bounded-pool admission, primitive verification, and joins; work_units counts accepted verifications only"
local-1786752806231006000,macmini-m2-macos26.5.2-rust1.97.1-aarch64-20260814-workers1,9d3ab807a08ef4cf1077dbc23213e2314ce37c87,MEASURED,1786752808416699000,load,aegis_bounded_verification_pool,ML-DSA-65,concurrent_verify_burst,workers1_concurrency64,512,15,0,16039459,25766000,11091968,true,accepted=64;saturated=0;unexpected=0,64,64,0,0,3309,0,0,0,0,0,"controlled local burst; wall time includes scoped-thread creation, Aegis policy/transcript processing, bounded-pool admission, primitive verification, and joins; work_units counts accepted verifications only"
local-1786752806231006000,macmini-m2-macos26.5.2-rust1.97.1-aarch64-20260814-workers1,9d3ab807a08ef4cf1077dbc23213e2314ce37c87,MEASURED,1786752808456552000,load,aegis_bounded_verification_pool,ML-DSA-65,concurrent_verify_burst,workers1_concurrency64,512,16,0,16098667,25829000,11141120,true,accepted=64;saturated=0;unexpected=0,64,64,0,0,3309,0,0,0,0,0,"controlled local burst; wall time includes scoped-thread creation, Aegis policy/transcript processing, bounded-pool admission, primitive verification, and joins; work_units counts accepted verifications only"
local-1786752806231006000,macmini-m2-macos26.5.2-rust1.97.1-aarch64-20260814-workers1,9d3ab807a08ef4cf1077dbc23213e2314ce37c87,MEASURED,1786752808498050000,load,aegis_bounded_verification_pool,ML-DSA-65,concurrent_verify_burst,workers1_concurrency64,512,17,0,15819125,25302000,11141120,true,accepted=64;saturated=0;unexpected=0,64,64,0,0,3309,0,0,0,0,0,"controlled local burst; wall time includes scoped-thread creation, Aegis policy/transcript processing, bounded-pool admission, primitive verification, and joins; work_units counts accepted verifications only"
local-1786752806231006000,macmini-m2-macos26.5.2-rust1.97.1-aarch64-20260814-workers1,9d3ab807a08ef4cf1077dbc23213e2314ce37c87,MEASURED,1786752808539438000,load,aegis_bounded_verification_pool,ML-DSA-65,concurrent_verify_burst,workers1_concurrency64,512,18,0,16488375,25895000,11157504,true,accepted=64;saturated=0;unexpected=0,64,64,0,0,3309,0,0,0,0,0,"controlled local burst; wall time includes scoped-thread creation, Aegis policy/transcript processing, bounded-pool admission, primitive verification, and joins; work_units counts accepted verifications only"
local-1786752806231006000,macmini-m2-macos26.5.2-rust1.97.1-aarch64-20260814-workers1,9d3ab807a08ef4cf1077dbc23213e2314ce37c87,MEASURED,1786752808579749000,load,aegis_bounded_verification_pool,ML-DSA-65,concurrent_verify_burst,workers1_concurrency64,512,19,0,16439583,26242000,11157504,true,accepted=64;saturated=0;unexpected=0,64,64,0,0,3309,0,0,0,0,0,"controlled local burst; wall time includes scoped-thread creation, Aegis policy/transcript processing, bounded-pool admission, primitive verification, and joins; work_units counts accepted verifications only"
local-1786752806231006000,macmini-m2-macos26.5.2-rust1.97.1-aarch64-20260814-workers1,9d3ab807a08ef4cf1077dbc23213e2314ce37c87,MEASURED,1786752808618608000,load,aegis_bounded_verification_pool,ML-DSA-65,concurrent_verify_burst,workers1_concurrency64,512,20,0,16099000,25621000,11157504,true,accepted=64;saturated=0;unexpected=0,64,64,0,0,3309,0,0,0,0,0,"controlled local burst; wall time includes scoped-thread creation, Aegis policy/transcript processing, bounded-pool admission, primitive verification, and joins; work_units counts accepted verifications only"
local-1786752806231006000,macmini-m2-macos26.5.2-rust1.97.1-aarch64-20260814-workers1,9d3ab807a08ef4cf1077dbc23213e2314ce37c87,MEASURED,1786752808659284000,load,aegis_bounded_verification_pool,ML-DSA-65,concurrent_verify_burst,workers1_concurrency64,512,21,0,15970417,25754000,11157504,true,accepted=64;saturated=0;unexpected=0,64,64,0,0,3309,0,0,0,0,0,"controlled local burst; wall time includes scoped-thread creation, Aegis policy/transcript processing, bounded-pool admission, primitive verification, and joins; work_units counts accepted verifications only"
local-1786752806231006000,macmini-m2-macos26.5.2-rust1.97.1-aarch64-20260814-workers1,9d3ab807a08ef4cf1077dbc23213e2314ce37c87,MEASURED,1786752808697704000,load,aegis_bounded_verification_pool,ML-DSA-65,concurrent_verify_burst,workers1_concurrency64,512,22,0,16000000,26007000,11157504,true,accepted=64;saturated=0;unexpected=0,64,64,0,0,3309,0,0,0,0,0,"controlled local burst; wall time includes scoped-thread creation, Aegis policy/transcript processing, bounded-pool admission, primitive verification, and joins; work_units counts accepted verifications only"
local-1786752806231006000,macmini-m2-macos26.5.2-rust1.97.1-aarch64-20260814-workers1,9d3ab807a08ef4cf1077dbc23213e2314ce37c87,MEASURED,1786752808738317000,load,aegis_bounded_verification_pool,ML-DSA-65,concurrent_verify_burst,workers1_concurrency64,512,23,0,16091750,25740000,11173888,true,accepted=64;saturated=0;unexpected=0,64,64,0,0,3309,0,0,0,0,0,"controlled local burst; wall time includes scoped-thread creation, Aegis policy/transcript processing, bounded-pool admission, primitive verification, and joins; work_units counts accepted verifications only"
local-1786752806231006000,macmini-m2-macos26.5.2-rust1.97.1-aarch64-20260814-workers1,9d3ab807a08ef4cf1077dbc23213e2314ce37c87,MEASURED,1786752808777698000,load,aegis_bounded_verification_pool,ML-DSA-65,concurrent_verify_burst,workers1_concurrency64,512,24,0,16190125,25895000,11173888,true,accepted=64;saturated=0;unexpected=0,64,64,0,0,3309,0,0,0,0,0,"controlled local burst; wall time includes scoped-thread creation, Aegis policy/transcript processing, bounded-pool admission, primitive verification, and joins; work_units counts accepted verifications only"
local-1786752806231006000,macmini-m2-macos26.5.2-rust1.97.1-aarch64-20260814-workers1,9d3ab807a08ef4cf1077dbc23213e2314ce37c87,MEASURED,1786752808817071000,load,aegis_bounded_verification_pool,ML-DSA-65,concurrent_verify_burst,workers1_concurrency64,512,25,0,16033083,25431000,11173888,true,accepted=64;saturated=0;unexpected=0,64,64,0,0,3309,0,0,0,0,0,"controlled local burst; wall time includes scoped-thread creation, Aegis policy/transcript processing, bounded-pool admission, primitive verification, and joins; work_units counts accepted verifications only"
local-1786752806231006000,macmini-m2-macos26.5.2-rust1.97.1-aarch64-20260814-workers1,9d3ab807a08ef4cf1077dbc23213e2314ce37c87,MEASURED,1786752808853592000,load,aegis_bounded_verification_pool,ML-DSA-65,concurrent_verify_burst,workers1_concurrency64,512,26,0,16016041,25726000,11173888,true,accepted=64;saturated=0;unexpected=0,64,64,0,0,3309,0,0,0,0,0,"controlled local burst; wall time includes scoped-thread creation, Aegis policy/transcript processing, bounded-pool admission, primitive verification, and joins; work_units counts accepted verifications only"
local-1786752806231006000,macmini-m2-macos26.5.2-rust1.97.1-aarch64-20260814-workers1,9d3ab807a08ef4cf1077dbc23213e2314ce37c87,MEASURED,1786752808891856000,load,aegis_bounded_verification_pool,ML-DSA-65,concurrent_verify_burst,workers1_concurrency64,512,27,0,16067083,25998000,11173888,true,accepted=64;saturated=0;unexpected=0,64,64,0,0,3309,0,0,0,0,0,"controlled local burst; wall time includes scoped-thread creation, Aegis policy/transcript processing, bounded-pool admission, primitive verification, and joins; work_units counts accepted verifications only"
local-1786752806231006000,macmini-m2-macos26.5.2-rust1.97.1-aarch64-20260814-workers1,9d3ab807a08ef4cf1077dbc23213e2314ce37c87,MEASURED,1786752808933118000,load,aegis_bounded_verification_pool,ML-DSA-65,concurrent_verify_burst,workers1_concurrency64,512,28,0,16361750,26451000,11173888,true,accepted=64;saturated=0;unexpected=0,64,64,0,0,3309,0,0,0,0,0,"controlled local burst; wall time includes scoped-thread creation, Aegis policy/transcript processing, bounded-pool admission, primitive verification, and joins; work_units counts accepted verifications only"
local-1786752806231006000,macmini-m2-macos26.5.2-rust1.97.1-aarch64-20260814-workers1,9d3ab807a08ef4cf1077dbc23213e2314ce37c87,MEASURED,1786752808971548000,load,aegis_bounded_verification_pool,ML-DSA-65,concurrent_verify_burst,workers1_concurrency64,512,29,0,15982042,25760000,11173888,true,accepted=64;saturated=0;unexpected=0,64,64,0,0,3309,0,0,0,0,0,"controlled local burst; wall time includes scoped-thread creation, Aegis policy/transcript processing, bounded-pool admission, primitive verification, and joins; work_units counts accepted verifications only"
local-1786752806231006000,macmini-m2-macos26.5.2-rust1.97.1-aarch64-20260814-workers1,9d3ab807a08ef4cf1077dbc23213e2314ce37c87,MEASURED,1786752809007058000,load,aegis_bounded_verification_pool,ML-DSA-65,concurrent_verify_burst,workers1_concurrency64,512,30,0,16192375,26010000,11173888,true,accepted=64;saturated=0;unexpected=0,64,64,0,0,3309,0,0,0,0,0,"controlled local burst; wall time includes scoped-thread creation, Aegis policy/transcript processing, bounded-pool admission, primitive verification, and joins; work_units counts accepted verifications only"
local-1786752806231006000,macmini-m2-macos26.5.2-rust1.97.1-aarch64-20260814-workers1,9d3ab807a08ef4cf1077dbc23213e2314ce37c87,MEASURED,1786752809046251000,load,aegis_bounded_verification_pool,ML-DSA-65,concurrent_verify_burst,workers1_concurrency64,512,31,0,16725250,26452000,11206656,true,accepted=64;saturated=0;unexpected=0,64,64,0,0,3309,0,0,0,0,0,"controlled local burst; wall time includes scoped-thread creation, Aegis policy/transcript processing, bounded-pool admission, primitive verification, and joins; work_units counts accepted verifications only"
local-1786752806231006000,macmini-m2-macos26.5.2-rust1.97.1-aarch64-20260814-workers1,9d3ab807a08ef4cf1077dbc23213e2314ce37c87,MEASURED,1786752809085787000,load,aegis_bounded_verification_pool,ML-DSA-65,concurrent_verify_burst,workers1_concurrency64,512,32,0,16566667,25863000,11206656,true,accepted=64;saturated=0;unexpected=0,64,64,0,0,3309,0,0,0,0,0,"controlled local burst; wall time includes scoped-thread creation, Aegis policy/transcript processing, bounded-pool admission, primitive verification, and joins; work_units counts accepted verifications only"
local-1786752806231006000,macmini-m2-macos26.5.2-rust1.97.1-aarch64-20260814-workers1,9d3ab807a08ef4cf1077dbc23213e2314ce37c87,MEASURED,1786752809128810000,load,aegis_bounded_verification_pool,ML-DSA-65,concurrent_verify_burst,workers1_concurrency64,512,33,0,16408208,26952000,11206656,true,accepted=64;saturated=0;unexpected=0,64,64,0,0,3309,0,0,0,0,0,"controlled local burst; wall time includes scoped-thread creation, Aegis policy/transcript processing, bounded-pool admission, primitive verification, and joins; work_units counts accepted verifications only"
local-1786752806231006000,macmini-m2-macos26.5.2-rust1.97.1-aarch64-20260814-workers1,9d3ab807a08ef4cf1077dbc23213e2314ce37c87,MEASURED,1786752809170432000,load,aegis_bounded_verification_pool,ML-DSA-65,concurrent_verify_burst,workers1_concurrency64,512,34,0,16726625,26907000,11206656,true,accepted=64;saturated=0;unexpected=0,64,64,0,0,3309,0,0,0,0,0,"controlled local burst; wall time includes scoped-thread creation, Aegis policy/transcript processing, bounded-pool admission, primitive verification, and joins; work_units counts accepted verifications only"
local-1786752806231006000,macmini-m2-macos26.5.2-rust1.97.1-aarch64-20260814-workers1,9d3ab807a08ef4cf1077dbc23213e2314ce37c87,MEASURED,1786752809209025000,load,aegis_bounded_verification_pool,ML-DSA-65,concurrent_verify_burst,workers1_concurrency64,512,35,0,16299792,26160000,11206656,true,accepted=64;saturated=0;unexpected=0,64,64,0,0,3309,0,0,0,0,0,"controlled local burst; wall time includes scoped-thread creation, Aegis policy/transcript processing, bounded-pool admission, primitive verification, and joins; work_units counts accepted verifications only"
local-1786752806231006000,macmini-m2-macos26.5.2-rust1.97.1-aarch64-20260814-workers1,9d3ab807a08ef4cf1077dbc23213e2314ce37c87,MEASURED,1786752809245850000,load,aegis_bounded_verification_pool,ML-DSA-65,concurrent_verify_burst,workers1_concurrency64,512,36,0,16173209,26073000,11206656,true,accepted=64;saturated=0;unexpected=0,64,64,0,0,3309,0,0,0,0,0,"controlled local burst; wall time includes scoped-thread creation, Aegis policy/transcript processing, bounded-pool admission, primitive verification, and joins; work_units counts accepted verifications only"
local-1786752806231006000,macmini-m2-macos26.5.2-rust1.97.1-aarch64-20260814-workers1,9d3ab807a08ef4cf1077dbc23213e2314ce37c87,MEASURED,1786752809284894000,load,aegis_bounded_verification_pool,ML-DSA-65,concurrent_verify_burst,workers1_concurrency64,512,37,0,16359750,25955000,11206656,true,accepted=64;saturated=0;unexpected=0,64,64,0,0,3309,0,0,0,0,0,"controlled local burst; wall time includes scoped-thread creation, Aegis policy/transcript processing, bounded-pool admission, primitive verification, and joins; work_units counts accepted verifications only"
local-1786752806231006000,macmini-m2-macos26.5.2-rust1.97.1-aarch64-20260814-workers1,9d3ab807a08ef4cf1077dbc23213e2314ce37c87,MEASURED,1786752809327805000,load,aegis_bounded_verification_pool,ML-DSA-65,concurrent_verify_burst,workers1_concurrency64,512,38,0,16277625,26395000,11206656,true,accepted=64;saturated=0;unexpected=0,64,64,0,0,3309,0,0,0,0,0,"controlled local burst; wall time includes scoped-thread creation, Aegis policy/transcript processing, bounded-pool admission, primitive verification, and joins; work_units counts accepted verifications only"
local-1786752806231006000,macmini-m2-macos26.5.2-rust1.97.1-aarch64-20260814-workers1,9d3ab807a08ef4cf1077dbc23213e2314ce37c87,MEASURED,1786752809367221000,load,aegis_bounded_verification_pool,ML-DSA-65,concurrent_verify_burst,workers1_concurrency64,512,39,0,16253750,26064000,11223040,true,accepted=64;saturated=0;unexpected=0,64,64,0,0,3309,0,0,0,0,0,"controlled local burst; wall time includes scoped-thread creation, Aegis policy/transcript processing, bounded-pool admission, primitive verification, and joins; work_units counts accepted verifications only"
local-1786752806231006000,macmini-m2-macos26.5.2-rust1.97.1-aarch64-20260814-workers1,9d3ab807a08ef4cf1077dbc23213e2314ce37c87,MEASURED,1786752809404321000,load,aegis_bounded_verification_pool,ML-DSA-65,concurrent_verify_burst,workers1_concurrency64,512,40,0,16235708,25871000,11223040,true,accepted=64;saturated=0;unexpected=0,64,64,0,0,3309,0,0,0,0,0,"controlled local burst; wall time includes scoped-thread creation, Aegis policy/transcript processing, bounded-pool admission, primitive verification, and joins; work_units counts accepted verifications only"
local-1786752806231006000,macmini-m2-macos26.5.2-rust1.97.1-aarch64-20260814-workers1,9d3ab807a08ef4cf1077dbc23213e2314ce37c87,MEASURED,1786752809444855000,load,aegis_bounded_verification_pool,ML-DSA-65,concurrent_verify_burst,workers1_concurrency64,512,41,0,16150708,25706000,11223040,true,accepted=64;saturated=0;unexpected=0,64,64,0,0,3309,0,0,0,0,0,"controlled local burst; wall time includes scoped-thread creation, Aegis policy/transcript processing, bounded-pool admission, primitive verification, and joins; work_units counts accepted verifications only"
local-1786752806231006000,macmini-m2-macos26.5.2-rust1.97.1-aarch64-20260814-workers1,9d3ab807a08ef4cf1077dbc23213e2314ce37c87,MEASURED,1786752809486349000,load,aegis_bounded_verification_pool,ML-DSA-65,concurrent_verify_burst,workers1_concurrency64,512,42,0,16196208,25950000,11223040,true,accepted=64;saturated=0;unexpected=0,64,64,0,0,3309,0,0,0,0,0,"controlled local burst; wall time includes scoped-thread creation, Aegis policy/transcript processing, bounded-pool admission, primitive verification, and joins; work_units counts accepted verifications only"
local-1786752806231006000,macmini-m2-macos26.5.2-rust1.97.1-aarch64-20260814-workers1,9d3ab807a08ef4cf1077dbc23213e2314ce37c87,MEASURED,1786752809526741000,load,aegis_bounded_verification_pool,ML-DSA-65,concurrent_verify_burst,workers1_concurrency64,512,43,0,16204125,25995000,11223040,true,accepted=64;saturated=0;unexpected=0,64,64,0,0,3309,0,0,0,0,0,"controlled local burst; wall time includes scoped-thread creation, Aegis policy/transcript processing, bounded-pool admission, primitive verification, and joins; work_units counts accepted verifications only"
local-1786752806231006000,macmini-m2-macos26.5.2-rust1.97.1-aarch64-20260814-workers1,9d3ab807a08ef4cf1077dbc23213e2314ce37c87,MEASURED,1786752809563564000,load,aegis_bounded_verification_pool,ML-DSA-65,concurrent_verify_burst,workers1_concurrency64,512,44,0,16268708,25849000,11223040,true,accepted=64;saturated=0;unexpected=0,64,64,0,0,3309,0,0,0,0,0,"controlled local burst; wall time includes scoped-thread creation, Aegis policy/transcript processing, bounded-pool admission, primitive verification, and joins; work_units counts accepted verifications only"
local-1786752806231006000,macmini-m2-macos26.5.2-rust1.97.1-aarch64-20260814-workers1,9d3ab807a08ef4cf1077dbc23213e2314ce37c87,MEASURED,1786752809602872000,load,aegis_bounded_verification_pool,ML-DSA-65,concurrent_verify_burst,workers1_concurrency64,512,45,0,16067041,25749000,11223040,true,accepted=64;saturated=0;unexpected=0,64,64,0,0,3309,0,0,0,0,0,"controlled local burst; wall time includes scoped-thread creation, Aegis policy/transcript processing, bounded-pool admission, primitive verification, and joins; work_units counts accepted verifications only"
local-1786752806231006000,macmini-m2-macos26.5.2-rust1.97.1-aarch64-20260814-workers1,9d3ab807a08ef4cf1077dbc23213e2314ce37c87,MEASURED,1786752809644834000,load,aegis_bounded_verification_pool,ML-DSA-65,concurrent_verify_burst,workers1_concurrency64,512,46,0,16000750,25683000,11223040,true,accepted=64;saturated=0;unexpected=0,64,64,0,0,3309,0,0,0,0,0,"controlled local burst; wall time includes scoped-thread creation, Aegis policy/transcript processing, bounded-pool admission, primitive verification, and joins; work_units counts accepted verifications only"
local-1786752806231006000,macmini-m2-macos26.5.2-rust1.97.1-aarch64-20260814-workers1,9d3ab807a08ef4cf1077dbc23213e2314ce37c87,MEASURED,1786752809685287000,load,aegis_bounded_verification_pool,ML-DSA-65,concurrent_verify_burst,workers1_concurrency64,512,47,0,16068125,25587000,11223040,true,accepted=64;saturated=0;unexpected=0,64,64,0,0,3309,0,0,0,0,0,"controlled local burst; wall time includes scoped-thread creation, Aegis policy/transcript processing, bounded-pool admission, primitive verification, and joins; work_units counts accepted verifications only"
local-1786752806231006000,macmini-m2-macos26.5.2-rust1.97.1-aarch64-20260814-workers1,9d3ab807a08ef4cf1077dbc23213e2314ce37c87,MEASURED,1786752809721435000,load,aegis_bounded_verification_pool,ML-DSA-65,concurrent_verify_burst,workers1_concurrency64,512,48,0,15850916,25589000,11239424,true,accepted=64;saturated=0;unexpected=0,64,64,0,0,3309,0,0,0,0,0,"controlled local burst; wall time includes scoped-thread creation, Aegis policy/transcript processing, bounded-pool admission, primitive verification, and joins; work_units counts accepted verifications only"
local-1786752806231006000,macmini-m2-macos26.5.2-rust1.97.1-aarch64-20260814-workers1,9d3ab807a08ef4cf1077dbc23213e2314ce37c87,MEASURED,1786752809759665000,load,aegis_bounded_verification_pool,ML-DSA-65,concurrent_verify_burst,workers1_concurrency64,512,49,0,15893875,25754000,11239424,true,accepted=64;saturated=0;unexpected=0,64,64,0,0,3309,0,0,0,0,0,"controlled local burst; wall time includes scoped-thread creation, Aegis policy/transcript processing, bounded-pool admission, primitive verification, and joins; work_units counts accepted verifications only"
local-1786752806231006000,macmini-m2-macos26.5.2-rust1.97.1-aarch64-20260814-workers1,9d3ab807a08ef4cf1077dbc23213e2314ce37c87,MEASURED,1786752809797854000,load,aegis_bounded_verification_pool,ML-DSA-65,concurrent_verify_burst,workers1_concurrency64,512,50,0,16216625,25492000,11239424,true,accepted=64;saturated=0;unexpected=0,64,64,0,0,3309,0,0,0,0,0,"controlled local burst; wall time includes scoped-thread creation, Aegis policy/transcript processing, bounded-pool admission, primitive verification, and joins; work_units counts accepted verifications only"
local-1786752806231006000,macmini-m2-macos26.5.2-rust1.97.1-aarch64-20260814-workers1,9d3ab807a08ef4cf1077dbc23213e2314ce37c87,MEASURED,1786752809837988000,load,aegis_bounded_verification_pool,ML-DSA-65,concurrent_verify_burst,workers1_concurrency64,512,51,0,16102209,25752000,11239424,true,accepted=64;saturated=0;unexpected=0,64,64,0,0,3309,0,0,0,0,0,"controlled local burst; wall time includes scoped-thread creation, Aegis policy/transcript processing, bounded-pool admission, primitive verification, and joins; work_units counts accepted verifications only"
local-1786752806231006000,macmini-m2-macos26.5.2-rust1.97.1-aarch64-20260814-workers1,9d3ab807a08ef4cf1077dbc23213e2314ce37c87,MEASURED,1786752809879150000,load,aegis_bounded_verification_pool,ML-DSA-65,concurrent_verify_burst,workers1_concurrency64,512,52,0,16187166,26043000,11239424,true,accepted=64;saturated=0;unexpected=0,64,64,0,0,3309,0,0,0,0,0,"controlled local burst; wall time includes scoped-thread creation, Aegis policy/transcript processing, bounded-pool admission, primitive verification, and joins; work_units counts accepted verifications only"
local-1786752806231006000,macmini-m2-macos26.5.2-rust1.97.1-aarch64-20260814-workers1,9d3ab807a08ef4cf1077dbc23213e2314ce37c87,MEASURED,1786752809920099000,load,aegis_bounded_verification_pool,ML-DSA-65,concurrent_verify_burst,workers1_concurrency64,512,53,0,16226333,26615000,11239424,true,accepted=64;saturated=0;unexpected=0,64,64,0,0,3309,0,0,0,0,0,"controlled local burst; wall time includes scoped-thread creation, Aegis policy/transcript processing, bounded-pool admission, primitive verification, and joins; work_units counts accepted verifications only"
local-1786752806231006000,macmini-m2-macos26.5.2-rust1.97.1-aarch64-20260814-workers1,9d3ab807a08ef4cf1077dbc23213e2314ce37c87,MEASURED,1786752809958605000,load,aegis_bounded_verification_pool,ML-DSA-65,concurrent_verify_burst,workers1_concurrency64,512,54,0,16190084,26042000,11239424,true,accepted=64;saturated=0;unexpected=0,64,64,0,0,3309,0,0,0,0,0,"controlled local burst; wall time includes scoped-thread creation, Aegis policy/transcript processing, bounded-pool admission, primitive verification, and joins; work_units counts accepted verifications only"
local-1786752806231006000,macmini-m2-macos26.5.2-rust1.97.1-aarch64-20260814-workers1,9d3ab807a08ef4cf1077dbc23213e2314ce37c87,MEASURED,1786752809996013000,load,aegis_bounded_verification_pool,ML-DSA-65,concurrent_verify_burst,workers1_concurrency64,512,55,0,16191625,26439000,11255808,true,accepted=64;saturated=0;unexpected=0,64,64,0,0,3309,0,0,0,0,0,"controlled local burst; wall time includes scoped-thread creation, Aegis policy/transcript processing, bounded-pool admission, primitive verification, and joins; work_units counts accepted verifications only"
local-1786752806231006000,macmini-m2-macos26.5.2-rust1.97.1-aarch64-20260814-workers1,9d3ab807a08ef4cf1077dbc23213e2314ce37c87,MEASURED,1786752810036966000,load,aegis_bounded_verification_pool,ML-DSA-65,concurrent_verify_burst,workers1_concurrency64,512,56,0,16599583,25870000,11255808,true,accepted=64;saturated=0;unexpected=0,64,64,0,0,3309,0,0,0,0,0,"controlled local burst; wall time includes scoped-thread creation, Aegis policy/transcript processing, bounded-pool admission, primitive verification, and joins; work_units counts accepted verifications only"
local-1786752806231006000,macmini-m2-macos26.5.2-rust1.97.1-aarch64-20260814-workers1,9d3ab807a08ef4cf1077dbc23213e2314ce37c87,MEASURED,1786752810075994000,load,aegis_bounded_verification_pool,ML-DSA-65,concurrent_verify_burst,workers1_concurrency64,512,57,0,16272292,26257000,11255808,true,accepted=64;saturated=0;unexpected=0,64,64,0,0,3309,0,0,0,0,0,"controlled local burst; wall time includes scoped-thread creation, Aegis policy/transcript processing, bounded-pool admission, primitive verification, and joins; work_units counts accepted verifications only"
local-1786752806231006000,macmini-m2-macos26.5.2-rust1.97.1-aarch64-20260814-workers1,9d3ab807a08ef4cf1077dbc23213e2314ce37c87,MEASURED,1786752810119378000,load,aegis_bounded_verification_pool,ML-DSA-65,concurrent_verify_burst,workers1_concurrency64,512,58,0,16242291,25953000,11255808,true,accepted=64;saturated=0;unexpected=0,64,64,0,0,3309,0,0,0,0,0,"controlled local burst; wall time includes scoped-thread creation, Aegis policy/transcript processing, bounded-pool admission, primitive verification, and joins; work_units counts accepted verifications only"
local-1786752806231006000,macmini-m2-macos26.5.2-rust1.97.1-aarch64-20260814-workers1,9d3ab807a08ef4cf1077dbc23213e2314ce37c87,MEASURED,1786752810154905000,load,aegis_bounded_verification_pool,ML-DSA-65,concurrent_verify_burst,workers1_concurrency64,512,59,0,16577000,26381000,11272192,true,accepted=64;saturated=0;unexpected=0,64,64,0,0,3309,0,0,0,0,0,"controlled local burst; wall time includes scoped-thread creation, Aegis policy/transcript processing, bounded-pool admission, primitive verification, and joins; work_units counts accepted verifications only"
local-1786752806231006000,macmini-m2-macos26.5.2-rust1.97.1-aarch64-20260814-workers1,9d3ab807a08ef4cf1077dbc23213e2314ce37c87,MEASURED,1786752810194399000,load,aegis_bounded_verification_pool,ML-DSA-65,concurrent_verify_burst,workers1_concurrency64,512,60,0,16179875,25852000,11272192,true,accepted=64;saturated=0;unexpected=0,64,64,0,0,3309,0,0,0,0,0,"controlled local burst; wall time includes scoped-thread creation, Aegis policy/transcript processing, bounded-pool admission, primitive verification, and joins; work_units counts accepted verifications only"
local-1786752806231006000,macmini-m2-macos26.5.2-rust1.97.1-aarch64-20260814-workers1,9d3ab807a08ef4cf1077dbc23213e2314ce37c87,MEASURED,1786752810231355000,load,aegis_bounded_verification_pool,ML-DSA-65,concurrent_verify_burst,workers1_concurrency64,512,61,0,16126166,26170000,11272192,true,accepted=64;saturated=0;unexpected=0,64,64,0,0,3309,0,0,0,0,0,"controlled local burst; wall time includes scoped-thread creation, Aegis policy/transcript processing, bounded-pool admission, primitive verification, and joins; work_units counts accepted verifications only"
local-1786752806231006000,macmini-m2-macos26.5.2-rust1.97.1-aarch64-20260814-workers1,9d3ab807a08ef4cf1077dbc23213e2314ce37c87,MEASURED,1786752810270231000,load,aegis_bounded_verification_pool,ML-DSA-65,concurrent_verify_burst,workers1_concurrency64,512,62,0,16105125,25480000,11272192,true,accepted=64;saturated=0;unexpected=0,64,64,0,0,3309,0,0,0,0,0,"controlled local burst; wall time includes scoped-thread creation, Aegis policy/transcript processing, bounded-pool admission, primitive verification, and joins; work_units counts accepted verifications only"
local-1786752806231006000,macmini-m2-macos26.5.2-rust1.97.1-aarch64-20260814-workers1,9d3ab807a08ef4cf1077dbc23213e2314ce37c87,MEASURED,1786752810314484000,load,aegis_bounded_verification_pool,ML-DSA-65,concurrent_verify_burst,workers1_concurrency64,512,63,0,16268333,26205000,11272192,true,accepted=64;saturated=0;unexpected=0,64,64,0,0,3309,0,0,0,0,0,"controlled local burst; wall time includes scoped-thread creation, Aegis policy/transcript processing, bounded-pool admission, primitive verification, and joins; work_units counts accepted verifications only"
local-1786752806231006000,macmini-m2-macos26.5.2-rust1.97.1-aarch64-20260814-workers1,9d3ab807a08ef4cf1077dbc23213e2314ce37c87,MEASURED,1786752810353163000,load,aegis_bounded_verification_pool,ML-DSA-65,concurrent_verify_burst,workers1_concurrency64,512,64,0,16532000,26321000,11288576,true,accepted=64;saturated=0;unexpected=0,64,64,0,0,3309,0,0,0,0,0,"controlled local burst; wall time includes scoped-thread creation, Aegis policy/transcript processing, bounded-pool admission, primitive verification, and joins; work_units counts accepted verifications only"
local-1786752806231006000,macmini-m2-macos26.5.2-rust1.97.1-aarch64-20260814-workers1,9d3ab807a08ef4cf1077dbc23213e2314ce37c87,MEASURED,1786752810390331000,load,aegis_bounded_verification_pool,ML-DSA-65,concurrent_verify_burst,workers1_concurrency64,512,65,0,16316333,25651000,11288576,true,accepted=64;saturated=0;unexpected=0,64,64,0,0,3309,0,0,0,0,0,"controlled local burst; wall time includes scoped-thread creation, Aegis policy/transcript processing, bounded-pool admission, primitive verification, and joins; work_units counts accepted verifications only"
local-1786752806231006000,macmini-m2-macos26.5.2-rust1.97.1-aarch64-20260814-workers1,9d3ab807a08ef4cf1077dbc23213e2314ce37c87,MEASURED,1786752810428013000,load,aegis_bounded_verification_pool,ML-DSA-65,concurrent_verify_burst,workers1_concurrency64,512,66,0,16197041,26467000,11288576,true,accepted=64;saturated=0;unexpected=0,64,64,0,0,3309,0,0,0,0,0,"controlled local burst; wall time includes scoped-thread creation, Aegis policy/transcript processing, bounded-pool admission, primitive verification, and joins; work_units counts accepted verifications only"
local-1786752806231006000,macmini-m2-macos26.5.2-rust1.97.1-aarch64-20260814-workers1,9d3ab807a08ef4cf1077dbc23213e2314ce37c87,MEASURED,1786752810469860000,load,aegis_bounded_verification_pool,ML-DSA-65,concurrent_verify_burst,workers1_concurrency64,512,67,0,16065750,25578000,11288576,true,accepted=64;saturated=0;unexpected=0,64,64,0,0,3309,0,0,0,0,0,"controlled local burst; wall time includes scoped-thread creation, Aegis policy/transcript processing, bounded-pool admission, primitive verification, and joins; work_units counts accepted verifications only"
local-1786752806231006000,macmini-m2-macos26.5.2-rust1.97.1-aarch64-20260814-workers1,9d3ab807a08ef4cf1077dbc23213e2314ce37c87,MEASURED,1786752810512116000,load,aegis_bounded_verification_pool,ML-DSA-65,concurrent_verify_burst,workers1_concurrency64,512,68,0,16037125,25302000,11288576,true,accepted=64;saturated=0;unexpected=0,64,64,0,0,3309,0,0,0,0,0,"controlled local burst; wall time includes scoped-thread creation, Aegis policy/transcript processing, bounded-pool admission, primitive verification, and joins; work_units counts accepted verifications only"
local-1786752806231006000,macmini-m2-macos26.5.2-rust1.97.1-aarch64-20260814-workers1,9d3ab807a08ef4cf1077dbc23213e2314ce37c87,MEASURED,1786752810550935000,load,aegis_bounded_verification_pool,ML-DSA-65,concurrent_verify_burst,workers1_concurrency64,512,69,0,16420916,26104000,11288576,true,accepted=64;saturated=0;unexpected=0,64,64,0,0,3309,0,0,0,0,0,"controlled local burst; wall time includes scoped-thread creation, Aegis policy/transcript processing, bounded-pool admission, primitive verification, and joins; work_units counts accepted verifications only"
local-1786752806231006000,macmini-m2-macos26.5.2-rust1.97.1-aarch64-20260814-workers1,9d3ab807a08ef4cf1077dbc23213e2314ce37c87,MEASURED,1786752810590367000,load,aegis_bounded_verification_pool,ML-DSA-65,concurrent_verify_burst,workers1_concurrency64,512,70,0,16223417,25104000,11288576,true,accepted=64;saturated=0;unexpected=0,64,64,0,0,3309,0,0,0,0,0,"controlled local burst; wall time includes scoped-thread creation, Aegis policy/transcript processing, bounded-pool admission, primitive verification, and joins; work_units counts accepted verifications only"
local-1786752806231006000,macmini-m2-macos26.5.2-rust1.97.1-aarch64-20260814-workers1,9d3ab807a08ef4cf1077dbc23213e2314ce37c87,MEASURED,1786752810630321000,load,aegis_bounded_verification_pool,ML-DSA-65,concurrent_verify_burst,workers1_concurrency64,512,71,0,16131584,25186000,11288576,true,accepted=64;saturated=0;unexpected=0,64,64,0,0,3309,0,0,0,0,0,"controlled local burst; wall time includes scoped-thread creation, Aegis policy/transcript processing, bounded-pool admission, primitive verification, and joins; work_units counts accepted verifications only"
local-1786752806231006000,macmini-m2-macos26.5.2-rust1.97.1-aarch64-20260814-workers1,9d3ab807a08ef4cf1077dbc23213e2314ce37c87,MEASURED,1786752810670027000,load,aegis_bounded_verification_pool,ML-DSA-65,concurrent_verify_burst,workers1_concurrency64,512,72,0,16031500,25824000,11304960,true,accepted=64;saturated=0;unexpected=0,64,64,0,0,3309,0,0,0,0,0,"controlled local burst; wall time includes scoped-thread creation, Aegis policy/transcript processing, bounded-pool admission, primitive verification, and joins; work_units counts accepted verifications only"
local-1786752806231006000,macmini-m2-macos26.5.2-rust1.97.1-aarch64-20260814-workers1,9d3ab807a08ef4cf1077dbc23213e2314ce37c87,MEASURED,1786752810711286000,load,aegis_bounded_verification_pool,ML-DSA-65,concurrent_verify_burst,workers1_concurrency64,512,73,0,16132916,25900000,11304960,true,accepted=64;saturated=0;unexpected=0,64,64,0,0,3309,0,0,0,0,0,"controlled local burst; wall time includes scoped-thread creation, Aegis policy/transcript processing, bounded-pool admission, primitive verification, and joins; work_units counts accepted verifications only"
local-1786752806231006000,macmini-m2-macos26.5.2-rust1.97.1-aarch64-20260814-workers1,9d3ab807a08ef4cf1077dbc23213e2314ce37c87,MEASURED,1786752810754718000,load,aegis_bounded_verification_pool,ML-DSA-65,concurrent_verify_burst,workers1_concurrency64,512,74,0,16003334,25623000,11304960,true,accepted=64;saturated=0;unexpected=0,64,64,0,0,3309,0,0,0,0,0,"controlled local burst; wall time includes scoped-thread creation, Aegis policy/transcript processing, bounded-pool admission, primitive verification, and joins; work_units counts accepted verifications only"
local-1786752806231006000,macmini-m2-macos26.5.2-rust1.97.1-aarch64-20260814-workers1,9d3ab807a08ef4cf1077dbc23213e2314ce37c87,MEASURED,1786752810791370000,load,aegis_bounded_verification_pool,ML-DSA-65,concurrent_verify_burst,workers1_concurrency64,512,75,0,16125792,25616000,11304960,true,accepted=64;saturated=0;unexpected=0,64,64,0,0,3309,0,0,0,0,0,"controlled local burst; wall time includes scoped-thread creation, Aegis policy/transcript processing, bounded-pool admission, primitive verification, and joins; work_units counts accepted verifications only"
local-1786752806231006000,macmini-m2-macos26.5.2-rust1.97.1-aarch64-20260814-workers1,9d3ab807a08ef4cf1077dbc23213e2314ce37c87,MEASURED,1786752810829556000,load,aegis_bounded_verification_pool,ML-DSA-65,concurrent_verify_burst,workers1_concurrency64,512,76,0,16069208,25604000,11304960,true,accepted=64;saturated=0;unexpected=0,64,64,0,0,3309,0,0,0,0,0,"controlled local burst; wall time includes scoped-thread creation, Aegis policy/transcript processing, bounded-pool admission, primitive verification, and joins; work_units counts accepted verifications only"
local-1786752806231006000,macmini-m2-macos26.5.2-rust1.97.1-aarch64-20260814-workers1,9d3ab807a08ef4cf1077dbc23213e2314ce37c87,MEASURED,1786752810867763000,load,aegis_bounded_verification_pool,ML-DSA-65,concurrent_verify_burst,workers1_concurrency64,512,77,0,16285875,25784000,11304960,true,accepted=64;saturated=0;unexpected=0,64,64,0,0,3309,0,0,0,0,0,"controlled local burst; wall time includes scoped-thread creation, Aegis policy/transcript processing, bounded-pool admission, primitive verification, and joins; work_units counts accepted verifications only"
local-1786752806231006000,macmini-m2-macos26.5.2-rust1.97.1-aarch64-20260814-workers1,9d3ab807a08ef4cf1077dbc23213e2314ce37c87,MEASURED,1786752810906699000,load,aegis_bounded_verification_pool,ML-DSA-65,concurrent_verify_burst,workers1_concurrency64,512,78,0,16008083,25982000,11304960,true,accepted=64;saturated=0;unexpected=0,64,64,0,0,3309,0,0,0,0,0,"controlled local burst; wall time includes scoped-thread creation, Aegis policy/transcript processing, bounded-pool admission, primitive verification, and joins; work_units counts accepted verifications only"
local-1786752806231006000,macmini-m2-macos26.5.2-rust1.97.1-aarch64-20260814-workers1,9d3ab807a08ef4cf1077dbc23213e2314ce37c87,MEASURED,1786752810945476000,load,aegis_bounded_verification_pool,ML-DSA-65,concurrent_verify_burst,workers1_concurrency64,512,79,0,16264084,26006000,11304960,true,accepted=64;saturated=0;unexpected=0,64,64,0,0,3309,0,0,0,0,0,"controlled local burst; wall time includes scoped-thread creation, Aegis policy/transcript processing, bounded-pool admission, primitive verification, and joins; work_units counts accepted verifications only"
local-1786752806231006000,macmini-m2-macos26.5.2-rust1.97.1-aarch64-20260814-workers1,9d3ab807a08ef4cf1077dbc23213e2314ce37c87,MEASURED,1786752810986375000,load,aegis_bounded_verification_pool,ML-DSA-65,concurrent_verify_burst,workers1_concurrency64,512,80,0,16126041,25697000,11304960,true,accepted=64;saturated=0;unexpected=0,64,64,0,0,3309,0,0,0,0,0,"controlled local burst; wall time includes scoped-thread creation, Aegis policy/transcript processing, bounded-pool admission, primitive verification, and joins; work_units counts accepted verifications only"
local-1786752806231006000,macmini-m2-macos26.5.2-rust1.97.1-aarch64-20260814-workers1,9d3ab807a08ef4cf1077dbc23213e2314ce37c87,MEASURED,1786752811022216000,load,aegis_bounded_verification_pool,ML-DSA-65,concurrent_verify_burst,workers1_concurrency64,512,81,0,15826000,25186000,11304960,true,accepted=64;saturated=0;unexpected=0,64,64,0,0,3309,0,0,0,0,0,"controlled local burst; wall time includes scoped-thread creation, Aegis policy/transcript processing, bounded-pool admission, primitive verification, and joins; work_units counts accepted verifications only"
local-1786752806231006000,macmini-m2-macos26.5.2-rust1.97.1-aarch64-20260814-workers1,9d3ab807a08ef4cf1077dbc23213e2314ce37c87,MEASURED,1786752811063008000,load,aegis_bounded_verification_pool,ML-DSA-65,concurrent_verify_burst,workers1_concurrency64,512,82,0,16333334,25756000,11304960,true,accepted=64;saturated=0;unexpected=0,64,64,0,0,3309,0,0,0,0,0,"controlled local burst; wall time includes scoped-thread creation, Aegis policy/transcript processing, bounded-pool admission, primitive verification, and joins; work_units counts accepted verifications only"
local-1786752806231006000,macmini-m2-macos26.5.2-rust1.97.1-aarch64-20260814-workers1,9d3ab807a08ef4cf1077dbc23213e2314ce37c87,MEASURED,1786752811103056000,load,aegis_bounded_verification_pool,ML-DSA-65,concurrent_verify_burst,workers1_concurrency64,512,83,0,16230500,25960000,11304960,true,accepted=64;saturated=0;unexpected=0,64,64,0,0,3309,0,0,0,0,0,"controlled local burst; wall time includes scoped-thread creation, Aegis policy/transcript processing, bounded-pool admission, primitive verification, and joins; work_units counts accepted verifications only"
local-1786752806231006000,macmini-m2-macos26.5.2-rust1.97.1-aarch64-20260814-workers1,9d3ab807a08ef4cf1077dbc23213e2314ce37c87,MEASURED,1786752811142156000,load,aegis_bounded_verification_pool,ML-DSA-65,concurrent_verify_burst,workers1_concurrency64,512,84,0,16163833,26059000,11304960,true,accepted=64;saturated=0;unexpected=0,64,64,0,0,3309,0,0,0,0,0,"controlled local burst; wall time includes scoped-thread creation, Aegis policy/transcript processing, bounded-pool admission, primitive verification, and joins; work_units counts accepted verifications only"
local-1786752806231006000,macmini-m2-macos26.5.2-rust1.97.1-aarch64-20260814-workers1,9d3ab807a08ef4cf1077dbc23213e2314ce37c87,MEASURED,1786752811182899000,load,aegis_bounded_verification_pool,ML-DSA-65,concurrent_verify_burst,workers1_concurrency64,512,85,0,16401833,25905000,11304960,true,accepted=64;saturated=0;unexpected=0,64,64,0,0,3309,0,0,0,0,0,"controlled local burst; wall time includes scoped-thread creation, Aegis policy/transcript processing, bounded-pool admission, primitive verification, and joins; work_units counts accepted verifications only"
local-1786752806231006000,macmini-m2-macos26.5.2-rust1.97.1-aarch64-20260814-workers1,9d3ab807a08ef4cf1077dbc23213e2314ce37c87,MEASURED,1786752811220557000,load,aegis_bounded_verification_pool,ML-DSA-65,concurrent_verify_burst,workers1_concurrency64,512,86,0,16119416,25583000,11304960,true,accepted=64;saturated=0;unexpected=0,64,64,0,0,3309,0,0,0,0,0,"controlled local burst; wall time includes scoped-thread creation, Aegis policy/transcript processing, bounded-pool admission, primitive verification, and joins; work_units counts accepted verifications only"
local-1786752806231006000,macmini-m2-macos26.5.2-rust1.97.1-aarch64-20260814-workers1,9d3ab807a08ef4cf1077dbc23213e2314ce37c87,MEASURED,1786752811258441000,load,aegis_bounded_verification_pool,ML-DSA-65,concurrent_verify_burst,workers1_concurrency64,512,87,0,16124791,25419000,11304960,true,accepted=64;saturated=0;unexpected=0,64,64,0,0,3309,0,0,0,0,0,"controlled local burst; wall time includes scoped-thread creation, Aegis policy/transcript processing, bounded-pool admission, primitive verification, and joins; work_units counts accepted verifications only"
local-1786752806231006000,macmini-m2-macos26.5.2-rust1.97.1-aarch64-20260814-workers1,9d3ab807a08ef4cf1077dbc23213e2314ce37c87,MEASURED,1786752811296520000,load,aegis_bounded_verification_pool,ML-DSA-65,concurrent_verify_burst,workers1_concurrency64,512,88,0,16126875,25981000,11304960,true,accepted=64;saturated=0;unexpected=0,64,64,0,0,3309,0,0,0,0,0,"controlled local burst; wall time includes scoped-thread creation, Aegis policy/transcript processing, bounded-pool admission, primitive verification, and joins; work_units counts accepted verifications only"
local-1786752806231006000,macmini-m2-macos26.5.2-rust1.97.1-aarch64-20260814-workers1,9d3ab807a08ef4cf1077dbc23213e2314ce37c87,MEASURED,1786752811337693000,load,aegis_bounded_verification_pool,ML-DSA-65,concurrent_verify_burst,workers1_concurrency64,512,89,0,16399583,26522000,11304960,true,accepted=64;saturated=0;unexpected=0,64,64,0,0,3309,0,0,0,0,0,"controlled local burst; wall time includes scoped-thread creation, Aegis policy/transcript processing, bounded-pool admission, primitive verification, and joins; work_units counts accepted verifications only"
local-1786752806231006000,macmini-m2-macos26.5.2-rust1.97.1-aarch64-20260814-workers1,9d3ab807a08ef4cf1077dbc23213e2314ce37c87,MEASURED,1786752811381213000,load,aegis_bounded_verification_pool,ML-DSA-65,concurrent_verify_burst,workers1_concurrency64,512,90,0,16021417,25863000,11304960,true,accepted=64;saturated=0;unexpected=0,64,64,0,0,3309,0,0,0,0,0,"controlled local burst; wall time includes scoped-thread creation, Aegis policy/transcript processing, bounded-pool admission, primitive verification, and joins; work_units counts accepted verifications only"
local-1786752806231006000,macmini-m2-macos26.5.2-rust1.97.1-aarch64-20260814-workers1,9d3ab807a08ef4cf1077dbc23213e2314ce37c87,MEASURED,1786752811425281000,load,aegis_bounded_verification_pool,ML-DSA-65,concurrent_verify_burst,workers1_concurrency64,512,91,0,16222166,25911000,11304960,true,accepted=64;saturated=0;unexpected=0,64,64,0,0,3309,0,0,0,0,0,"controlled local burst; wall time includes scoped-thread creation, Aegis policy/transcript processing, bounded-pool admission, primitive verification, and joins; work_units counts accepted verifications only"
local-1786752806231006000,macmini-m2-macos26.5.2-rust1.97.1-aarch64-20260814-workers1,9d3ab807a08ef4cf1077dbc23213e2314ce37c87,MEASURED,1786752811463447000,load,aegis_bounded_verification_pool,ML-DSA-65,concurrent_verify_burst,workers1_concurrency64,512,92,0,16178334,25938000,11304960,true,accepted=64;saturated=0;unexpected=0,64,64,0,0,3309,0,0,0,0,0,"controlled local burst; wall time includes scoped-thread creation, Aegis policy/transcript processing, bounded-pool admission, primitive verification, and joins; work_units counts accepted verifications only"
local-1786752806231006000,macmini-m2-macos26.5.2-rust1.97.1-aarch64-20260814-workers1,9d3ab807a08ef4cf1077dbc23213e2314ce37c87,MEASURED,1786752811500605000,load,aegis_bounded_verification_pool,ML-DSA-65,concurrent_verify_burst,workers1_concurrency64,512,93,0,16113542,25848000,11304960,true,accepted=64;saturated=0;unexpected=0,64,64,0,0,3309,0,0,0,0,0,"controlled local burst; wall time includes scoped-thread creation, Aegis policy/transcript processing, bounded-pool admission, primitive verification, and joins; work_units counts accepted verifications only"
local-1786752806231006000,macmini-m2-macos26.5.2-rust1.97.1-aarch64-20260814-workers1,9d3ab807a08ef4cf1077dbc23213e2314ce37c87,MEASURED,1786752811535799000,load,aegis_bounded_verification_pool,ML-DSA-65,concurrent_verify_burst,workers1_concurrency64,512,94,0,16334125,25992000,11304960,true,accepted=64;saturated=0;unexpected=0,64,64,0,0,3309,0,0,0,0,0,"controlled local burst; wall time includes scoped-thread creation, Aegis policy/transcript processing, bounded-pool admission, primitive verification, and joins; work_units counts accepted verifications only"
local-1786752806231006000,macmini-m2-macos26.5.2-rust1.97.1-aarch64-20260814-workers1,9d3ab807a08ef4cf1077dbc23213e2314ce37c87,MEASURED,1786752811576999000,load,aegis_bounded_verification_pool,ML-DSA-65,concurrent_verify_burst,workers1_concurrency64,512,95,0,16182958,25493000,11304960,true,accepted=64;saturated=0;unexpected=0,64,64,0,0,3309,0,0,0,0,0,"controlled local burst; wall time includes scoped-thread creation, Aegis policy/transcript processing, bounded-pool admission, primitive verification, and joins; work_units counts accepted verifications only"
local-1786752806231006000,macmini-m2-macos26.5.2-rust1.97.1-aarch64-20260814-workers1,9d3ab807a08ef4cf1077dbc23213e2314ce37c87,MEASURED,1786752811615862000,load,aegis_bounded_verification_pool,ML-DSA-65,concurrent_verify_burst,workers1_concurrency64,512,96,0,16173792,26105000,11304960,true,accepted=64;saturated=0;unexpected=0,64,64,0,0,3309,0,0,0,0,0,"controlled local burst; wall time includes scoped-thread creation, Aegis policy/transcript processing, bounded-pool admission, primitive verification, and joins; work_units counts accepted verifications only"
local-1786752806231006000,macmini-m2-macos26.5.2-rust1.97.1-aarch64-20260814-workers1,9d3ab807a08ef4cf1077dbc23213e2314ce37c87,MEASURED,1786752811654903000,load,aegis_bounded_verification_pool,ML-DSA-65,concurrent_verify_burst,workers1_concurrency64,512,97,0,16372000,26158000,11304960,true,accepted=64;saturated=0;unexpected=0,64,64,0,0,3309,0,0,0,0,0,"controlled local burst; wall time includes scoped-thread creation, Aegis policy/transcript processing, bounded-pool admission, primitive verification, and joins; work_units counts accepted verifications only"
local-1786752806231006000,macmini-m2-macos26.5.2-rust1.97.1-aarch64-20260814-workers1,9d3ab807a08ef4cf1077dbc23213e2314ce37c87,MEASURED,1786752811691699000,load,aegis_bounded_verification_pool,ML-DSA-65,concurrent_verify_burst,workers1_concurrency64,512,98,0,16259125,26123000,11304960,true,accepted=64;saturated=0;unexpected=0,64,64,0,0,3309,0,0,0,0,0,"controlled local burst; wall time includes scoped-thread creation, Aegis policy/transcript processing, bounded-pool admission, primitive verification, and joins; work_units counts accepted verifications only"
local-1786752806231006000,macmini-m2-macos26.5.2-rust1.97.1-aarch64-20260814-workers1,9d3ab807a08ef4cf1077dbc23213e2314ce37c87,MEASURED,1786752811731543000,load,aegis_bounded_verification_pool,ML-DSA-65,concurrent_verify_burst,workers1_concurrency64,512,99,0,16329625,25904000,11304960,true,accepted=64;saturated=0;unexpected=0,64,64,0,0,3309,0,0,0,0,0,"controlled local burst; wall time includes scoped-thread creation, Aegis policy/transcript processing, bounded-pool admission, primitive verification, and joins; work_units counts accepted verifications only"
local-1786752806231006000,macmini-m2-macos26.5.2-rust1.97.1-aarch64-20260814-workers1,9d3ab807a08ef4cf1077dbc23213e2314ce37c87,MEASURED,1786752811767725000,load,aegis_bounded_verification_pool,ML-DSA-65,concurrent_verify_burst,workers1_concurrency65,512,0,0,16460708,26941000,11436032,true,accepted=65;saturated=0;unexpected=0,65,65,0,0,3309,0,0,0,0,0,"controlled local burst; wall time includes scoped-thread creation, Aegis policy/transcript processing, bounded-pool admission, primitive verification, and joins; work_units counts accepted verifications only"
local-1786752806231006000,macmini-m2-macos26.5.2-rust1.97.1-aarch64-20260814-workers1,9d3ab807a08ef4cf1077dbc23213e2314ce37c87,MEASURED,1786752811810131000,load,aegis_bounded_verification_pool,ML-DSA-65,concurrent_verify_burst,workers1_concurrency65,512,1,0,16342292,26637000,11436032,true,accepted=65;saturated=0;unexpected=0,65,65,0,0,3309,0,0,0,0,0,"controlled local burst; wall time includes scoped-thread creation, Aegis policy/transcript processing, bounded-pool admission, primitive verification, and joins; work_units counts accepted verifications only"
local-1786752806231006000,macmini-m2-macos26.5.2-rust1.97.1-aarch64-20260814-workers1,9d3ab807a08ef4cf1077dbc23213e2314ce37c87,MEASURED,1786752811848299000,load,aegis_bounded_verification_pool,ML-DSA-65,concurrent_verify_burst,workers1_concurrency65,512,2,0,16347458,26129000,11436032,true,accepted=65;saturated=0;unexpected=0,65,65,0,0,3309,0,0,0,0,0,"controlled local burst; wall time includes scoped-thread creation, Aegis policy/transcript processing, bounded-pool admission, primitive verification, and joins; work_units counts accepted verifications only"
local-1786752806231006000,macmini-m2-macos26.5.2-rust1.97.1-aarch64-20260814-workers1,9d3ab807a08ef4cf1077dbc23213e2314ce37c87,MEASURED,1786752811888465000,load,aegis_bounded_verification_pool,ML-DSA-65,concurrent_verify_burst,workers1_concurrency65,512,3,0,16332750,25862000,11436032,true,accepted=65;saturated=0;unexpected=0,65,65,0,0,3309,0,0,0,0,0,"controlled local burst; wall time includes scoped-thread creation, Aegis policy/transcript processing, bounded-pool admission, primitive verification, and joins; work_units counts accepted verifications only"
local-1786752806231006000,macmini-m2-macos26.5.2-rust1.97.1-aarch64-20260814-workers1,9d3ab807a08ef4cf1077dbc23213e2314ce37c87,MEASURED,1786752811931769000,load,aegis_bounded_verification_pool,ML-DSA-65,concurrent_verify_burst,workers1_concurrency65,512,4,0,16675625,26411000,11452416,true,accepted=65;saturated=0;unexpected=0,65,65,0,0,3309,0,0,0,0,0,"controlled local burst; wall time includes scoped-thread creation, Aegis policy/transcript processing, bounded-pool admission, primitive verification, and joins; work_units counts accepted verifications only"
local-1786752806231006000,macmini-m2-macos26.5.2-rust1.97.1-aarch64-20260814-workers1,9d3ab807a08ef4cf1077dbc23213e2314ce37c87,MEASURED,1786752811975218000,load,aegis_bounded_verification_pool,ML-DSA-65,concurrent_verify_burst,workers1_concurrency65,512,5,0,16470167,26278000,11452416,true,accepted=65;saturated=0;unexpected=0,65,65,0,0,3309,0,0,0,0,0,"controlled local burst; wall time includes scoped-thread creation, Aegis policy/transcript processing, bounded-pool admission, primitive verification, and joins; work_units counts accepted verifications only"
local-1786752806231006000,macmini-m2-macos26.5.2-rust1.97.1-aarch64-20260814-workers1,9d3ab807a08ef4cf1077dbc23213e2314ce37c87,MEASURED,1786752812013210000,load,aegis_bounded_verification_pool,ML-DSA-65,concurrent_verify_burst,workers1_concurrency65,512,6,0,16282791,25919000,11452416,true,accepted=65;saturated=0;unexpected=0,65,65,0,0,3309,0,0,0,0,0,"controlled local burst; wall time includes scoped-thread creation, Aegis policy/transcript processing, bounded-pool admission, primitive verification, and joins; work_units counts accepted verifications only"
local-1786752806231006000,macmini-m2-macos26.5.2-rust1.97.1-aarch64-20260814-workers1,9d3ab807a08ef4cf1077dbc23213e2314ce37c87,MEASURED,1786752812058386000,load,aegis_bounded_verification_pool,ML-DSA-65,concurrent_verify_burst,workers1_concurrency65,512,7,0,16843959,26530000,11468800,true,accepted=65;saturated=0;unexpected=0,65,65,0,0,3309,0,0,0,0,0,"controlled local burst; wall time includes scoped-thread creation, Aegis policy/transcript processing, bounded-pool admission, primitive verification, and joins; work_units counts accepted verifications only"
local-1786752806231006000,macmini-m2-macos26.5.2-rust1.97.1-aarch64-20260814-workers1,9d3ab807a08ef4cf1077dbc23213e2314ce37c87,MEASURED,1786752812100118000,load,aegis_bounded_verification_pool,ML-DSA-65,concurrent_verify_burst,workers1_concurrency65,512,8,0,16774958,26845000,11468800,true,accepted=65;saturated=0;unexpected=0,65,65,0,0,3309,0,0,0,0,0,"controlled local burst; wall time includes scoped-thread creation, Aegis policy/transcript processing, bounded-pool admission, primitive verification, and joins; work_units counts accepted verifications only"
local-1786752806231006000,macmini-m2-macos26.5.2-rust1.97.1-aarch64-20260814-workers1,9d3ab807a08ef4cf1077dbc23213e2314ce37c87,MEASURED,1786752812140726000,load,aegis_bounded_verification_pool,ML-DSA-65,concurrent_verify_burst,workers1_concurrency65,512,9,0,16533083,26576000,11468800,true,accepted=65;saturated=0;unexpected=0,65,65,0,0,3309,0,0,0,0,0,"controlled local burst; wall time includes scoped-thread creation, Aegis policy/transcript processing, bounded-pool admission, primitive verification, and joins; work_units counts accepted verifications only"
local-1786752806231006000,macmini-m2-macos26.5.2-rust1.97.1-aarch64-20260814-workers1,9d3ab807a08ef4cf1077dbc23213e2314ce37c87,MEASURED,1786752812183184000,load,aegis_bounded_verification_pool,ML-DSA-65,concurrent_verify_burst,workers1_concurrency65,512,10,0,16591417,26722000,11468800,true,accepted=65;saturated=0;unexpected=0,65,65,0,0,3309,0,0,0,0,0,"controlled local burst; wall time includes scoped-thread creation, Aegis policy/transcript processing, bounded-pool admission, primitive verification, and joins; work_units counts accepted verifications only"
local-1786752806231006000,macmini-m2-macos26.5.2-rust1.97.1-aarch64-20260814-workers1,9d3ab807a08ef4cf1077dbc23213e2314ce37c87,MEASURED,1786752812225757000,load,aegis_bounded_verification_pool,ML-DSA-65,concurrent_verify_burst,workers1_concurrency65,512,11,0,16355458,26486000,11468800,true,accepted=65;saturated=0;unexpected=0,65,65,0,0,3309,0,0,0,0,0,"controlled local burst; wall time includes scoped-thread creation, Aegis policy/transcript processing, bounded-pool admission, primitive verification, and joins; work_units counts accepted verifications only"
local-1786752806231006000,macmini-m2-macos26.5.2-rust1.97.1-aarch64-20260814-workers1,9d3ab807a08ef4cf1077dbc23213e2314ce37c87,MEASURED,1786752812263792000,load,aegis_bounded_verification_pool,ML-DSA-65,concurrent_verify_burst,workers1_concurrency65,512,12,0,16416375,25910000,11468800,true,accepted=65;saturated=0;unexpected=0,65,65,0,0,3309,0,0,0,0,0,"controlled local burst; wall time includes scoped-thread creation, Aegis policy/transcript processing, bounded-pool admission, primitive verification, and joins; work_units counts accepted verifications only"
local-1786752806231006000,macmini-m2-macos26.5.2-rust1.97.1-aarch64-20260814-workers1,9d3ab807a08ef4cf1077dbc23213e2314ce37c87,MEASURED,1786752812302400000,load,aegis_bounded_verification_pool,ML-DSA-65,concurrent_verify_burst,workers1_concurrency65,512,13,0,16488666,26319000,11468800,true,accepted=65;saturated=0;unexpected=0,65,65,0,0,3309,0,0,0,0,0,"controlled local burst; wall time includes scoped-thread creation, Aegis policy/transcript processing, bounded-pool admission, primitive verification, and joins; work_units counts accepted verifications only"
local-1786752806231006000,macmini-m2-macos26.5.2-rust1.97.1-aarch64-20260814-workers1,9d3ab807a08ef4cf1077dbc23213e2314ce37c87,MEASURED,1786752812342011000,load,aegis_bounded_verification_pool,ML-DSA-65,concurrent_verify_burst,workers1_concurrency65,512,14,0,16594000,26258000,11485184,true,accepted=65;saturated=0;unexpected=0,65,65,0,0,3309,0,0,0,0,0,"controlled local burst; wall time includes scoped-thread creation, Aegis policy/transcript processing, bounded-pool admission, primitive verification, and joins; work_units counts accepted verifications only"
local-1786752806231006000,macmini-m2-macos26.5.2-rust1.97.1-aarch64-20260814-workers1,9d3ab807a08ef4cf1077dbc23213e2314ce37c87,MEASURED,1786752812383417000,load,aegis_bounded_verification_pool,ML-DSA-65,concurrent_verify_burst,workers1_concurrency65,512,15,0,16480292,26257000,11485184,true,accepted=65;saturated=0;unexpected=0,65,65,0,0,3309,0,0,0,0,0,"controlled local burst; wall time includes scoped-thread creation, Aegis policy/transcript processing, bounded-pool admission, primitive verification, and joins; work_units counts accepted verifications only"
local-1786752806231006000,macmini-m2-macos26.5.2-rust1.97.1-aarch64-20260814-workers1,9d3ab807a08ef4cf1077dbc23213e2314ce37c87,MEASURED,1786752812422094000,load,aegis_bounded_verification_pool,ML-DSA-65,concurrent_verify_burst,workers1_concurrency65,512,16,0,16492584,26861000,11485184,true,accepted=65;saturated=0;unexpected=0,65,65,0,0,3309,0,0,0,0,0,"controlled local burst; wall time includes scoped-thread creation, Aegis policy/transcript processing, bounded-pool admission, primitive verification, and joins; work_units counts accepted verifications only"
local-1786752806231006000,macmini-m2-macos26.5.2-rust1.97.1-aarch64-20260814-workers1,9d3ab807a08ef4cf1077dbc23213e2314ce37c87,MEASURED,1786752812462012000,load,aegis_bounded_verification_pool,ML-DSA-65,concurrent_verify_burst,workers1_concurrency65,512,17,0,16180000,26065000,11485184,true,accepted=65;saturated=0;unexpected=0,65,65,0,0,3309,0,0,0,0,0,"controlled local burst; wall time includes scoped-thread creation, Aegis policy/transcript processing, bounded-pool admission, primitive verification, and joins; work_units counts accepted verifications only"
local-1786752806231006000,macmini-m2-macos26.5.2-rust1.97.1-aarch64-20260814-workers1,9d3ab807a08ef4cf1077dbc23213e2314ce37c87,MEASURED,1786752812501270000,load,aegis_bounded_verification_pool,ML-DSA-65,concurrent_verify_burst,workers1_concurrency65,512,18,0,16449375,26304000,11485184,true,accepted=65;saturated=0;unexpected=0,65,65,0,0,3309,0,0,0,0,0,"controlled local burst; wall time includes scoped-thread creation, Aegis policy/transcript processing, bounded-pool admission, primitive verification, and joins; work_units counts accepted verifications only"
local-1786752806231006000,macmini-m2-macos26.5.2-rust1.97.1-aarch64-20260814-workers1,9d3ab807a08ef4cf1077dbc23213e2314ce37c87,MEASURED,1786752812543458000,load,aegis_bounded_verification_pool,ML-DSA-65,concurrent_verify_burst,workers1_concurrency65,512,19,0,16478000,26304000,11485184,true,accepted=65;saturated=0;unexpected=0,65,65,0,0,3309,0,0,0,0,0,"controlled local burst; wall time includes scoped-thread creation, Aegis policy/transcript processing, bounded-pool admission, primitive verification, and joins; work_units counts accepted verifications only"
local-1786752806231006000,macmini-m2-macos26.5.2-rust1.97.1-aarch64-20260814-workers1,9d3ab807a08ef4cf1077dbc23213e2314ce37c87,MEASURED,1786752812584123000,load,aegis_bounded_verification_pool,ML-DSA-65,concurrent_verify_burst,workers1_concurrency65,512,20,0,16414875,26324000,11485184,true,accepted=65;saturated=0;unexpected=0,65,65,0,0,3309,0,0,0,0,0,"controlled local burst; wall time includes scoped-thread creation, Aegis policy/transcript processing, bounded-pool admission, primitive verification, and joins; work_units counts accepted verifications only"
local-1786752806231006000,macmini-m2-macos26.5.2-rust1.97.1-aarch64-20260814-workers1,9d3ab807a08ef4cf1077dbc23213e2314ce37c87,MEASURED,1786752812622574000,load,aegis_bounded_verification_pool,ML-DSA-65,concurrent_verify_burst,workers1_concurrency65,512,21,0,16371292,26446000,11485184,true,accepted=65;saturated=0;unexpected=0,65,65,0,0,3309,0,0,0,0,0,"controlled local burst; wall time includes scoped-thread creation, Aegis policy/transcript processing, bounded-pool admission, primitive verification, and joins; work_units counts accepted verifications only"
local-1786752806231006000,macmini-m2-macos26.5.2-rust1.97.1-aarch64-20260814-workers1,9d3ab807a08ef4cf1077dbc23213e2314ce37c87,MEASURED,1786752812664251000,load,aegis_bounded_verification_pool,ML-DSA-65,concurrent_verify_burst,workers1_concurrency65,512,22,0,16373292,26631000,11485184,true,accepted=65;saturated=0;unexpected=0,65,65,0,0,3309,0,0,0,0,0,"controlled local burst; wall time includes scoped-thread creation, Aegis policy/transcript processing, bounded-pool admission, primitive verification, and joins; work_units counts accepted verifications only"
local-1786752806231006000,macmini-m2-macos26.5.2-rust1.97.1-aarch64-20260814-workers1,9d3ab807a08ef4cf1077dbc23213e2314ce37c87,MEASURED,1786752812704539000,load,aegis_bounded_verification_pool,ML-DSA-65,concurrent_verify_burst,workers1_concurrency65,512,23,0,16219417,26472000,11485184,true,accepted=65;saturated=0;unexpected=0,65,65,0,0,3309,0,0,0,0,0,"controlled local burst; wall time includes scoped-thread creation, Aegis policy/transcript processing, bounded-pool admission, primitive verification, and joins; work_units counts accepted verifications only"
local-1786752806231006000,macmini-m2-macos26.5.2-rust1.97.1-aarch64-20260814-workers1,9d3ab807a08ef4cf1077dbc23213e2314ce37c87,MEASURED,1786752812742487000,load,aegis_bounded_verification_pool,ML-DSA-65,concurrent_verify_burst,workers1_concurrency65,512,24,0,16047625,25693000,11485184,true,accepted=65;saturated=0;unexpected=0,65,65,0,0,3309,0,0,0,0,0,"controlled local burst; wall time includes scoped-thread creation, Aegis policy/transcript processing, bounded-pool admission, primitive verification, and joins; work_units counts accepted verifications only"
local-1786752806231006000,macmini-m2-macos26.5.2-rust1.97.1-aarch64-20260814-workers1,9d3ab807a08ef4cf1077dbc23213e2314ce37c87,MEASURED,1786752812779437000,load,aegis_bounded_verification_pool,ML-DSA-65,concurrent_verify_burst,workers1_concurrency65,512,25,0,16524083,26248000,11485184,true,accepted=65;saturated=0;unexpected=0,65,65,0,0,3309,0,0,0,0,0,"controlled local burst; wall time includes scoped-thread creation, Aegis policy/transcript processing, bounded-pool admission, primitive verification, and joins; work_units counts accepted verifications only"
local-1786752806231006000,macmini-m2-macos26.5.2-rust1.97.1-aarch64-20260814-workers1,9d3ab807a08ef4cf1077dbc23213e2314ce37c87,MEASURED,1786752812818511000,load,aegis_bounded_verification_pool,ML-DSA-65,concurrent_verify_burst,workers1_concurrency65,512,26,0,16454250,26471000,11485184,true,accepted=65;saturated=0;unexpected=0,65,65,0,0,3309,0,0,0,0,0,"controlled local burst; wall time includes scoped-thread creation, Aegis policy/transcript processing, bounded-pool admission, primitive verification, and joins; work_units counts accepted verifications only"
local-1786752806231006000,macmini-m2-macos26.5.2-rust1.97.1-aarch64-20260814-workers1,9d3ab807a08ef4cf1077dbc23213e2314ce37c87,MEASURED,1786752812859760000,load,aegis_bounded_verification_pool,ML-DSA-65,concurrent_verify_burst,workers1_concurrency65,512,27,0,16454792,26518000,11517952,true,accepted=65;saturated=0;unexpected=0,65,65,0,0,3309,0,0,0,0,0,"controlled local burst; wall time includes scoped-thread creation, Aegis policy/transcript processing, bounded-pool admission, primitive verification, and joins; work_units counts accepted verifications only"
local-1786752806231006000,macmini-m2-macos26.5.2-rust1.97.1-aarch64-20260814-workers1,9d3ab807a08ef4cf1077dbc23213e2314ce37c87,MEASURED,1786752812898112000,load,aegis_bounded_verification_pool,ML-DSA-65,concurrent_verify_burst,workers1_concurrency65,512,28,0,16679000,26488000,11517952,true,accepted=65;saturated=0;unexpected=0,65,65,0,0,3309,0,0,0,0,0,"controlled local burst; wall time includes scoped-thread creation, Aegis policy/transcript processing, bounded-pool admission, primitive verification, and joins; work_units counts accepted verifications only"
local-1786752806231006000,macmini-m2-macos26.5.2-rust1.97.1-aarch64-20260814-workers1,9d3ab807a08ef4cf1077dbc23213e2314ce37c87,MEASURED,1786752812935774000,load,aegis_bounded_verification_pool,ML-DSA-65,concurrent_verify_burst,workers1_concurrency65,512,29,0,16319958,26394000,11517952,true,accepted=65;saturated=0;unexpected=0,65,65,0,0,3309,0,0,0,0,0,"controlled local burst; wall time includes scoped-thread creation, Aegis policy/transcript processing, bounded-pool admission, primitive verification, and joins; work_units counts accepted verifications only"
local-1786752806231006000,macmini-m2-macos26.5.2-rust1.97.1-aarch64-20260814-workers1,9d3ab807a08ef4cf1077dbc23213e2314ce37c87,MEASURED,1786752812973902000,load,aegis_bounded_verification_pool,ML-DSA-65,concurrent_verify_burst,workers1_concurrency65,512,30,0,16434250,26395000,11517952,true,accepted=65;saturated=0;unexpected=0,65,65,0,0,3309,0,0,0,0,0,"controlled local burst; wall time includes scoped-thread creation, Aegis policy/transcript processing, bounded-pool admission, primitive verification, and joins; work_units counts accepted verifications only"
local-1786752806231006000,macmini-m2-macos26.5.2-rust1.97.1-aarch64-20260814-workers1,9d3ab807a08ef4cf1077dbc23213e2314ce37c87,MEASURED,1786752813013410000,load,aegis_bounded_verification_pool,ML-DSA-65,concurrent_verify_burst,workers1_concurrency65,512,31,0,16373458,26145000,11517952,true,accepted=65;saturated=0;unexpected=0,65,65,0,0,3309,0,0,0,0,0,"controlled local burst; wall time includes scoped-thread creation, Aegis policy/transcript processing, bounded-pool admission, primitive verification, and joins; work_units counts accepted verifications only"
local-1786752806231006000,macmini-m2-macos26.5.2-rust1.97.1-aarch64-20260814-workers1,9d3ab807a08ef4cf1077dbc23213e2314ce37c87,MEASURED,1786752813053520000,load,aegis_bounded_verification_pool,ML-DSA-65,concurrent_verify_burst,workers1_concurrency65,512,32,0,16401000,26162000,11517952,true,accepted=65;saturated=0;unexpected=0,65,65,0,0,3309,0,0,0,0,0,"controlled local burst; wall time includes scoped-thread creation, Aegis policy/transcript processing, bounded-pool admission, primitive verification, and joins; work_units counts accepted verifications only"
local-1786752806231006000,macmini-m2-macos26.5.2-rust1.97.1-aarch64-20260814-workers1,9d3ab807a08ef4cf1077dbc23213e2314ce37c87,MEASURED,1786752813089219000,load,aegis_bounded_verification_pool,ML-DSA-65,concurrent_verify_burst,workers1_concurrency65,512,33,0,16616500,26935000,11517952,true,accepted=65;saturated=0;unexpected=0,65,65,0,0,3309,0,0,0,0,0,"controlled local burst; wall time includes scoped-thread creation, Aegis policy/transcript processing, bounded-pool admission, primitive verification, and joins; work_units counts accepted verifications only"
local-1786752806231006000,macmini-m2-macos26.5.2-rust1.97.1-aarch64-20260814-workers1,9d3ab807a08ef4cf1077dbc23213e2314ce37c87,MEASURED,1786752813130497000,load,aegis_bounded_verification_pool,ML-DSA-65,concurrent_verify_burst,workers1_concurrency65,512,34,0,16358541,26407000,11517952,true,accepted=65;saturated=0;unexpected=0,65,65,0,0,3309,0,0,0,0,0,"controlled local burst; wall time includes scoped-thread creation, Aegis policy/transcript processing, bounded-pool admission, primitive verification, and joins; work_units counts accepted verifications only"
local-1786752806231006000,macmini-m2-macos26.5.2-rust1.97.1-aarch64-20260814-workers1,9d3ab807a08ef4cf1077dbc23213e2314ce37c87,MEASURED,1786752813171981000,load,aegis_bounded_verification_pool,ML-DSA-65,concurrent_verify_burst,workers1_concurrency65,512,35,0,16515375,26794000,11517952,true,accepted=65;saturated=0;unexpected=0,65,65,0,0,3309,0,0,0,0,0,"controlled local burst; wall time includes scoped-thread creation, Aegis policy/transcript processing, bounded-pool admission, primitive verification, and joins; work_units counts accepted verifications only"
local-1786752806231006000,macmini-m2-macos26.5.2-rust1.97.1-aarch64-20260814-workers1,9d3ab807a08ef4cf1077dbc23213e2314ce37c87,MEASURED,1786752813210427000,load,aegis_bounded_verification_pool,ML-DSA-65,concurrent_verify_burst,workers1_concurrency65,512,36,0,16420417,26298000,11517952,true,accepted=65;saturated=0;unexpected=0,65,65,0,0,3309,0,0,0,0,0,"controlled local burst; wall time includes scoped-thread creation, Aegis policy/transcript processing, bounded-pool admission, primitive verification, and joins; work_units counts accepted verifications only"
local-1786752806231006000,macmini-m2-macos26.5.2-rust1.97.1-aarch64-20260814-workers1,9d3ab807a08ef4cf1077dbc23213e2314ce37c87,MEASURED,1786752813248825000,load,aegis_bounded_verification_pool,ML-DSA-65,concurrent_verify_burst,workers1_concurrency65,512,37,0,16397292,26183000,11517952,true,accepted=65;saturated=0;unexpected=0,65,65,0,0,3309,0,0,0,0,0,"controlled local burst; wall time includes scoped-thread creation, Aegis policy/transcript processing, bounded-pool admission, primitive verification, and joins; work_units counts accepted verifications only"
local-1786752806231006000,macmini-m2-macos26.5.2-rust1.97.1-aarch64-20260814-workers1,9d3ab807a08ef4cf1077dbc23213e2314ce37c87,MEASURED,1786752813288749000,load,aegis_bounded_verification_pool,ML-DSA-65,concurrent_verify_burst,workers1_concurrency65,512,38,0,16367959,25961000,11517952,true,accepted=65;saturated=0;unexpected=0,65,65,0,0,3309,0,0,0,0,0,"controlled local burst; wall time includes scoped-thread creation, Aegis policy/transcript processing, bounded-pool admission, primitive verification, and joins; work_units counts accepted verifications only"
local-1786752806231006000,macmini-m2-macos26.5.2-rust1.97.1-aarch64-20260814-workers1,9d3ab807a08ef4cf1077dbc23213e2314ce37c87,MEASURED,1786752813330231000,load,aegis_bounded_verification_pool,ML-DSA-65,concurrent_verify_burst,workers1_concurrency65,512,39,0,16548875,26779000,11517952,true,accepted=65;saturated=0;unexpected=0,65,65,0,0,3309,0,0,0,0,0,"controlled local burst; wall time includes scoped-thread creation, Aegis policy/transcript processing, bounded-pool admission, primitive verification, and joins; work_units counts accepted verifications only"
local-1786752806231006000,macmini-m2-macos26.5.2-rust1.97.1-aarch64-20260814-workers1,9d3ab807a08ef4cf1077dbc23213e2314ce37c87,MEASURED,1786752813370449000,load,aegis_bounded_verification_pool,ML-DSA-65,concurrent_verify_burst,workers1_concurrency65,512,40,0,16680125,26694000,11517952,true,accepted=65;saturated=0;unexpected=0,65,65,0,0,3309,0,0,0,0,0,"controlled local burst; wall time includes scoped-thread creation, Aegis policy/transcript processing, bounded-pool admission, primitive verification, and joins; work_units counts accepted verifications only"
local-1786752806231006000,macmini-m2-macos26.5.2-rust1.97.1-aarch64-20260814-workers1,9d3ab807a08ef4cf1077dbc23213e2314ce37c87,MEASURED,1786752813409362000,load,aegis_bounded_verification_pool,ML-DSA-65,concurrent_verify_burst,workers1_concurrency65,512,41,0,16376334,26018000,11517952,true,accepted=65;saturated=0;unexpected=0,65,65,0,0,3309,0,0,0,0,0,"controlled local burst; wall time includes scoped-thread creation, Aegis policy/transcript processing, bounded-pool admission, primitive verification, and joins; work_units counts accepted verifications only"
local-1786752806231006000,macmini-m2-macos26.5.2-rust1.97.1-aarch64-20260814-workers1,9d3ab807a08ef4cf1077dbc23213e2314ce37c87,MEASURED,1786752813450160000,load,aegis_bounded_verification_pool,ML-DSA-65,concurrent_verify_burst,workers1_concurrency65,512,42,0,16566584,26471000,11517952,true,accepted=65;saturated=0;unexpected=0,65,65,0,0,3309,0,0,0,0,0,"controlled local burst; wall time includes scoped-thread creation, Aegis policy/transcript processing, bounded-pool admission, primitive verification, and joins; work_units counts accepted verifications only"
local-1786752806231006000,macmini-m2-macos26.5.2-rust1.97.1-aarch64-20260814-workers1,9d3ab807a08ef4cf1077dbc23213e2314ce37c87,MEASURED,1786752813490434000,load,aegis_bounded_verification_pool,ML-DSA-65,concurrent_verify_burst,workers1_concurrency65,512,43,0,16202541,26163000,11517952,true,accepted=65;saturated=0;unexpected=0,65,65,0,0,3309,0,0,0,0,0,"controlled local burst; wall time includes scoped-thread creation, Aegis policy/transcript processing, bounded-pool admission, primitive verification, and joins; work_units counts accepted verifications only"
local-1786752806231006000,macmini-m2-macos26.5.2-rust1.97.1-aarch64-20260814-workers1,9d3ab807a08ef4cf1077dbc23213e2314ce37c87,MEASURED,1786752813528640000,load,aegis_bounded_verification_pool,ML-DSA-65,concurrent_verify_burst,workers1_concurrency65,512,44,0,16194083,25525000,11517952,true,accepted=65;saturated=0;unexpected=0,65,65,0,0,3309,0,0,0,0,0,"controlled local burst; wall time includes scoped-thread creation, Aegis policy/transcript processing, bounded-pool admission, primitive verification, and joins; work_units counts accepted verifications only"
local-1786752806231006000,macmini-m2-macos26.5.2-rust1.97.1-aarch64-20260814-workers1,9d3ab807a08ef4cf1077dbc23213e2314ce37c87,MEASURED,1786752813569178000,load,aegis_bounded_verification_pool,ML-DSA-65,concurrent_verify_burst,workers1_concurrency65,512,45,0,16174667,26031000,11517952,true,accepted=65;saturated=0;unexpected=0,65,65,0,0,3309,0,0,0,0,0,"controlled local burst; wall time includes scoped-thread creation, Aegis policy/transcript processing, bounded-pool admission, primitive verification, and joins; work_units counts accepted verifications only"
local-1786752806231006000,macmini-m2-macos26.5.2-rust1.97.1-aarch64-20260814-workers1,9d3ab807a08ef4cf1077dbc23213e2314ce37c87,MEASURED,1786752813607273000,load,aegis_bounded_verification_pool,ML-DSA-65,concurrent_verify_burst,workers1_concurrency65,512,46,0,16531875,26767000,11517952,true,accepted=65;saturated=0;unexpected=0,65,65,0,0,3309,0,0,0,0,0,"controlled local burst; wall time includes scoped-thread creation, Aegis policy/transcript processing, bounded-pool admission, primitive verification, and joins; work_units counts accepted verifications only"
local-1786752806231006000,macmini-m2-macos26.5.2-rust1.97.1-aarch64-20260814-workers1,9d3ab807a08ef4cf1077dbc23213e2314ce37c87,MEASURED,1786752813643774000,load,aegis_bounded_verification_pool,ML-DSA-65,concurrent_verify_burst,workers1_concurrency65,512,47,0,16360125,26249000,11517952,true,accepted=65;saturated=0;unexpected=0,65,65,0,0,3309,0,0,0,0,0,"controlled local burst; wall time includes scoped-thread creation, Aegis policy/transcript processing, bounded-pool admission, primitive verification, and joins; work_units counts accepted verifications only"
local-1786752806231006000,macmini-m2-macos26.5.2-rust1.97.1-aarch64-20260814-workers1,9d3ab807a08ef4cf1077dbc23213e2314ce37c87,MEASURED,1786752813681466000,load,aegis_bounded_verification_pool,ML-DSA-65,concurrent_verify_burst,workers1_concurrency65,512,48,0,16530958,26193000,11517952,true,accepted=65;saturated=0;unexpected=0,65,65,0,0,3309,0,0,0,0,0,"controlled local burst; wall time includes scoped-thread creation, Aegis policy/transcript processing, bounded-pool admission, primitive verification, and joins; work_units counts accepted verifications only"
local-1786752806231006000,macmini-m2-macos26.5.2-rust1.97.1-aarch64-20260814-workers1,9d3ab807a08ef4cf1077dbc23213e2314ce37c87,MEASURED,1786752813720461000,load,aegis_bounded_verification_pool,ML-DSA-65,concurrent_verify_burst,workers1_concurrency65,512,49,0,16452292,26414000,11517952,true,accepted=65;saturated=0;unexpected=0,65,65,0,0,3309,0,0,0,0,0,"controlled local burst; wall time includes scoped-thread creation, Aegis policy/transcript processing, bounded-pool admission, primitive verification, and joins; work_units counts accepted verifications only"
local-1786752806231006000,macmini-m2-macos26.5.2-rust1.97.1-aarch64-20260814-workers1,9d3ab807a08ef4cf1077dbc23213e2314ce37c87,MEASURED,1786752813763198000,load,aegis_bounded_verification_pool,ML-DSA-65,concurrent_verify_burst,workers1_concurrency65,512,50,0,16258167,26173000,11517952,true,accepted=65;saturated=0;unexpected=0,65,65,0,0,3309,0,0,0,0,0,"controlled local burst; wall time includes scoped-thread creation, Aegis policy/transcript processing, bounded-pool admission, primitive verification, and joins; work_units counts accepted verifications only"
local-1786752806231006000,macmini-m2-macos26.5.2-rust1.97.1-aarch64-20260814-workers1,9d3ab807a08ef4cf1077dbc23213e2314ce37c87,MEASURED,1786752813803361000,load,aegis_bounded_verification_pool,ML-DSA-65,concurrent_verify_burst,workers1_concurrency65,512,51,0,16521500,26513000,11517952,true,accepted=65;saturated=0;unexpected=0,65,65,0,0,3309,0,0,0,0,0,"controlled local burst; wall time includes scoped-thread creation, Aegis policy/transcript processing, bounded-pool admission, primitive verification, and joins; work_units counts accepted verifications only"
local-1786752806231006000,macmini-m2-macos26.5.2-rust1.97.1-aarch64-20260814-workers1,9d3ab807a08ef4cf1077dbc23213e2314ce37c87,MEASURED,1786752813840534000,load,aegis_bounded_verification_pool,ML-DSA-65,concurrent_verify_burst,workers1_concurrency65,512,52,0,16495791,26156000,11517952,true,accepted=65;saturated=0;unexpected=0,65,65,0,0,3309,0,0,0,0,0,"controlled local burst; wall time includes scoped-thread creation, Aegis policy/transcript processing, bounded-pool admission, primitive verification, and joins; work_units counts accepted verifications only"
local-1786752806231006000,macmini-m2-macos26.5.2-rust1.97.1-aarch64-20260814-workers1,9d3ab807a08ef4cf1077dbc23213e2314ce37c87,MEASURED,1786752813881552000,load,aegis_bounded_verification_pool,ML-DSA-65,concurrent_verify_burst,workers1_concurrency65,512,53,0,16372000,26243000,11517952,true,accepted=65;saturated=0;unexpected=0,65,65,0,0,3309,0,0,0,0,0,"controlled local burst; wall time includes scoped-thread creation, Aegis policy/transcript processing, bounded-pool admission, primitive verification, and joins; work_units counts accepted verifications only"
local-1786752806231006000,macmini-m2-macos26.5.2-rust1.97.1-aarch64-20260814-workers1,9d3ab807a08ef4cf1077dbc23213e2314ce37c87,MEASURED,1786752813920977000,load,aegis_bounded_verification_pool,ML-DSA-65,concurrent_verify_burst,workers1_concurrency65,512,54,0,16449375,26572000,11517952,true,accepted=65;saturated=0;unexpected=0,65,65,0,0,3309,0,0,0,0,0,"controlled local burst; wall time includes scoped-thread creation, Aegis policy/transcript processing, bounded-pool admission, primitive verification, and joins; work_units counts accepted verifications only"
local-1786752806231006000,macmini-m2-macos26.5.2-rust1.97.1-aarch64-20260814-workers1,9d3ab807a08ef4cf1077dbc23213e2314ce37c87,MEASURED,1786752813958364000,load,aegis_bounded_verification_pool,ML-DSA-65,concurrent_verify_burst,workers1_concurrency65,512,55,0,16040250,25786000,11517952,true,accepted=65;saturated=0;unexpected=0,65,65,0,0,3309,0,0,0,0,0,"controlled local burst; wall time includes scoped-thread creation, Aegis policy/transcript processing, bounded-pool admission, primitive verification, and joins; work_units counts accepted verifications only"
local-1786752806231006000,macmini-m2-macos26.5.2-rust1.97.1-aarch64-20260814-workers1,9d3ab807a08ef4cf1077dbc23213e2314ce37c87,MEASURED,1786752813999092000,load,aegis_bounded_verification_pool,ML-DSA-65,concurrent_verify_burst,workers1_concurrency65,512,56,0,16414666,26439000,11517952,true,accepted=65;saturated=0;unexpected=0,65,65,0,0,3309,0,0,0,0,0,"controlled local burst; wall time includes scoped-thread creation, Aegis policy/transcript processing, bounded-pool admission, primitive verification, and joins; work_units counts accepted verifications only"
local-1786752806231006000,macmini-m2-macos26.5.2-rust1.97.1-aarch64-20260814-workers1,9d3ab807a08ef4cf1077dbc23213e2314ce37c87,MEASURED,1786752814035779000,load,aegis_bounded_verification_pool,ML-DSA-65,concurrent_verify_burst,workers1_concurrency65,512,57,0,16589750,26289000,11517952,true,accepted=65;saturated=0;unexpected=0,65,65,0,0,3309,0,0,0,0,0,"controlled local burst; wall time includes scoped-thread creation, Aegis policy/transcript processing, bounded-pool admission, primitive verification, and joins; work_units counts accepted verifications only"
local-1786752806231006000,macmini-m2-macos26.5.2-rust1.97.1-aarch64-20260814-workers1,9d3ab807a08ef4cf1077dbc23213e2314ce37c87,MEASURED,1786752814078144000,load,aegis_bounded_verification_pool,ML-DSA-65,concurrent_verify_burst,workers1_concurrency65,512,58,0,16753166,26607000,11517952,true,accepted=65;saturated=0;unexpected=0,65,65,0,0,3309,0,0,0,0,0,"controlled local burst; wall time includes scoped-thread creation, Aegis policy/transcript processing, bounded-pool admission, primitive verification, and joins; work_units counts accepted verifications only"
local-1786752806231006000,macmini-m2-macos26.5.2-rust1.97.1-aarch64-20260814-workers1,9d3ab807a08ef4cf1077dbc23213e2314ce37c87,MEASURED,1786752814116528000,load,aegis_bounded_verification_pool,ML-DSA-65,concurrent_verify_burst,workers1_concurrency65,512,59,0,16488375,26509000,11517952,true,accepted=65;saturated=0;unexpected=0,65,65,0,0,3309,0,0,0,0,0,"controlled local burst; wall time includes scoped-thread creation, Aegis policy/transcript processing, bounded-pool admission, primitive verification, and joins; work_units counts accepted verifications only"
local-1786752806231006000,macmini-m2-macos26.5.2-rust1.97.1-aarch64-20260814-workers1,9d3ab807a08ef4cf1077dbc23213e2314ce37c87,MEASURED,1786752814154657000,load,aegis_bounded_verification_pool,ML-DSA-65,concurrent_verify_burst,workers1_concurrency65,512,60,0,16544167,26114000,11517952,true,accepted=65;saturated=0;unexpected=0,65,65,0,0,3309,0,0,0,0,0,"controlled local burst; wall time includes scoped-thread creation, Aegis policy/transcript processing, bounded-pool admission, primitive verification, and joins; work_units counts accepted verifications only"
local-1786752806231006000,macmini-m2-macos26.5.2-rust1.97.1-aarch64-20260814-workers1,9d3ab807a08ef4cf1077dbc23213e2314ce37c87,MEASURED,1786752814193664000,load,aegis_bounded_verification_pool,ML-DSA-65,concurrent_verify_burst,workers1_concurrency65,512,61,0,16150917,25660000,11517952,true,accepted=65;saturated=0;unexpected=0,65,65,0,0,3309,0,0,0,0,0,"controlled local burst; wall time includes scoped-thread creation, Aegis policy/transcript processing, bounded-pool admission, primitive verification, and joins; work_units counts accepted verifications only"
local-1786752806231006000,macmini-m2-macos26.5.2-rust1.97.1-aarch64-20260814-workers1,9d3ab807a08ef4cf1077dbc23213e2314ce37c87,MEASURED,1786752814233496000,load,aegis_bounded_verification_pool,ML-DSA-65,concurrent_verify_burst,workers1_concurrency65,512,62,0,16391667,26456000,11517952,true,accepted=65;saturated=0;unexpected=0,65,65,0,0,3309,0,0,0,0,0,"controlled local burst; wall time includes scoped-thread creation, Aegis policy/transcript processing, bounded-pool admission, primitive verification, and joins; work_units counts accepted verifications only"
local-1786752806231006000,macmini-m2-macos26.5.2-rust1.97.1-aarch64-20260814-workers1,9d3ab807a08ef4cf1077dbc23213e2314ce37c87,MEASURED,1786752814274522000,load,aegis_bounded_verification_pool,ML-DSA-65,concurrent_verify_burst,workers1_concurrency65,512,63,0,16603375,26292000,11517952,true,accepted=65;saturated=0;unexpected=0,65,65,0,0,3309,0,0,0,0,0,"controlled local burst; wall time includes scoped-thread creation, Aegis policy/transcript processing, bounded-pool admission, primitive verification, and joins; work_units counts accepted verifications only"
local-1786752806231006000,macmini-m2-macos26.5.2-rust1.97.1-aarch64-20260814-workers1,9d3ab807a08ef4cf1077dbc23213e2314ce37c87,MEASURED,1786752814319570000,load,aegis_bounded_verification_pool,ML-DSA-65,concurrent_verify_burst,workers1_concurrency65,512,64,0,16424209,26302000,11517952,true,accepted=65;saturated=0;unexpected=0,65,65,0,0,3309,0,0,0,0,0,"controlled local burst; wall time includes scoped-thread creation, Aegis policy/transcript processing, bounded-pool admission, primitive verification, and joins; work_units counts accepted verifications only"
local-1786752806231006000,macmini-m2-macos26.5.2-rust1.97.1-aarch64-20260814-workers1,9d3ab807a08ef4cf1077dbc23213e2314ce37c87,MEASURED,1786752814360051000,load,aegis_bounded_verification_pool,ML-DSA-65,concurrent_verify_burst,workers1_concurrency65,512,65,0,16670584,26685000,11517952,true,accepted=65;saturated=0;unexpected=0,65,65,0,0,3309,0,0,0,0,0,"controlled local burst; wall time includes scoped-thread creation, Aegis policy/transcript processing, bounded-pool admission, primitive verification, and joins; work_units counts accepted verifications only"
local-1786752806231006000,macmini-m2-macos26.5.2-rust1.97.1-aarch64-20260814-workers1,9d3ab807a08ef4cf1077dbc23213e2314ce37c87,MEASURED,1786752814402703000,load,aegis_bounded_verification_pool,ML-DSA-65,concurrent_verify_burst,workers1_concurrency65,512,66,0,16314041,26089000,11517952,true,accepted=65;saturated=0;unexpected=0,65,65,0,0,3309,0,0,0,0,0,"controlled local burst; wall time includes scoped-thread creation, Aegis policy/transcript processing, bounded-pool admission, primitive verification, and joins; work_units counts accepted verifications only"
local-1786752806231006000,macmini-m2-macos26.5.2-rust1.97.1-aarch64-20260814-workers1,9d3ab807a08ef4cf1077dbc23213e2314ce37c87,MEASURED,1786752814441453000,load,aegis_bounded_verification_pool,ML-DSA-65,concurrent_verify_burst,workers1_concurrency65,512,67,0,16443916,26581000,11517952,true,accepted=65;saturated=0;unexpected=0,65,65,0,0,3309,0,0,0,0,0,"controlled local burst; wall time includes scoped-thread creation, Aegis policy/transcript processing, bounded-pool admission, primitive verification, and joins; work_units counts accepted verifications only"
local-1786752806231006000,macmini-m2-macos26.5.2-rust1.97.1-aarch64-20260814-workers1,9d3ab807a08ef4cf1077dbc23213e2314ce37c87,MEASURED,1786752814481776000,load,aegis_bounded_verification_pool,ML-DSA-65,concurrent_verify_burst,workers1_concurrency65,512,68,0,16537875,26395000,11517952,true,accepted=65;saturated=0;unexpected=0,65,65,0,0,3309,0,0,0,0,0,"controlled local burst; wall time includes scoped-thread creation, Aegis policy/transcript processing, bounded-pool admission, primitive verification, and joins; work_units counts accepted verifications only"
local-1786752806231006000,macmini-m2-macos26.5.2-rust1.97.1-aarch64-20260814-workers1,9d3ab807a08ef4cf1077dbc23213e2314ce37c87,MEASURED,1786752814522100000,load,aegis_bounded_verification_pool,ML-DSA-65,concurrent_verify_burst,workers1_concurrency65,512,69,0,16374500,25847000,11517952,true,accepted=65;saturated=0;unexpected=0,65,65,0,0,3309,0,0,0,0,0,"controlled local burst; wall time includes scoped-thread creation, Aegis policy/transcript processing, bounded-pool admission, primitive verification, and joins; work_units counts accepted verifications only"
local-1786752806231006000,macmini-m2-macos26.5.2-rust1.97.1-aarch64-20260814-workers1,9d3ab807a08ef4cf1077dbc23213e2314ce37c87,MEASURED,1786752814562707000,load,aegis_bounded_verification_pool,ML-DSA-65,concurrent_verify_burst,workers1_concurrency65,512,70,0,16379583,26180000,11517952,true,accepted=65;saturated=0;unexpected=0,65,65,0,0,3309,0,0,0,0,0,"controlled local burst; wall time includes scoped-thread creation, Aegis policy/transcript processing, bounded-pool admission, primitive verification, and joins; work_units counts accepted verifications only"
local-1786752806231006000,macmini-m2-macos26.5.2-rust1.97.1-aarch64-20260814-workers1,9d3ab807a08ef4cf1077dbc23213e2314ce37c87,MEASURED,1786752814605362000,load,aegis_bounded_verification_pool,ML-DSA-65,concurrent_verify_burst,workers1_concurrency65,512,71,0,16568166,26330000,11517952,true,accepted=65;saturated=0;unexpected=0,65,65,0,0,3309,0,0,0,0,0,"controlled local burst; wall time includes scoped-thread creation, Aegis policy/transcript processing, bounded-pool admission, primitive verification, and joins; work_units counts accepted verifications only"
local-1786752806231006000,macmini-m2-macos26.5.2-rust1.97.1-aarch64-20260814-workers1,9d3ab807a08ef4cf1077dbc23213e2314ce37c87,MEASURED,1786752814643726000,load,aegis_bounded_verification_pool,ML-DSA-65,concurrent_verify_burst,workers1_concurrency65,512,72,0,16205542,26130000,11517952,true,accepted=65;saturated=0;unexpected=0,65,65,0,0,3309,0,0,0,0,0,"controlled local burst; wall time includes scoped-thread creation, Aegis policy/transcript processing, bounded-pool admission, primitive verification, and joins; work_units counts accepted verifications only"
local-1786752806231006000,macmini-m2-macos26.5.2-rust1.97.1-aarch64-20260814-workers1,9d3ab807a08ef4cf1077dbc23213e2314ce37c87,MEASURED,1786752814682487000,load,aegis_bounded_verification_pool,ML-DSA-65,concurrent_verify_burst,workers1_concurrency65,512,73,0,16456125,26081000,11517952,true,accepted=65;saturated=0;unexpected=0,65,65,0,0,3309,0,0,0,0,0,"controlled local burst; wall time includes scoped-thread creation, Aegis policy/transcript processing, bounded-pool admission, primitive verification, and joins; work_units counts accepted verifications only"
local-1786752806231006000,macmini-m2-macos26.5.2-rust1.97.1-aarch64-20260814-workers1,9d3ab807a08ef4cf1077dbc23213e2314ce37c87,MEASURED,1786752814721335000,load,aegis_bounded_verification_pool,ML-DSA-65,concurrent_verify_burst,workers1_concurrency65,512,74,0,16547959,26944000,11517952,true,accepted=65;saturated=0;unexpected=0,65,65,0,0,3309,0,0,0,0,0,"controlled local burst; wall time includes scoped-thread creation, Aegis policy/transcript processing, bounded-pool admission, primitive verification, and joins; work_units counts accepted verifications only"
local-1786752806231006000,macmini-m2-macos26.5.2-rust1.97.1-aarch64-20260814-workers1,9d3ab807a08ef4cf1077dbc23213e2314ce37c87,MEASURED,1786752814760583000,load,aegis_bounded_verification_pool,ML-DSA-65,concurrent_verify_burst,workers1_concurrency65,512,75,0,16462250,26695000,11517952,true,accepted=65;saturated=0;unexpected=0,65,65,0,0,3309,0,0,0,0,0,"controlled local burst; wall time includes scoped-thread creation, Aegis policy/transcript processing, bounded-pool admission, primitive verification, and joins; work_units counts accepted verifications only"
local-1786752806231006000,macmini-m2-macos26.5.2-rust1.97.1-aarch64-20260814-workers1,9d3ab807a08ef4cf1077dbc23213e2314ce37c87,MEASURED,1786752814802441000,load,aegis_bounded_verification_pool,ML-DSA-65,concurrent_verify_burst,workers1_concurrency65,512,76,0,16680792,26670000,11517952,true,accepted=65;saturated=0;unexpected=0,65,65,0,0,3309,0,0,0,0,0,"controlled local burst; wall time includes scoped-thread creation, Aegis policy/transcript processing, bounded-pool admission, primitive verification, and joins; work_units counts accepted verifications only"
local-1786752806231006000,macmini-m2-macos26.5.2-rust1.97.1-aarch64-20260814-workers1,9d3ab807a08ef4cf1077dbc23213e2314ce37c87,MEASURED,1786752814844141000,load,aegis_bounded_verification_pool,ML-DSA-65,concurrent_verify_burst,workers1_concurrency65,512,77,0,16558834,26161000,11517952,true,accepted=65;saturated=0;unexpected=0,65,65,0,0,3309,0,0,0,0,0,"controlled local burst; wall time includes scoped-thread creation, Aegis policy/transcript processing, bounded-pool admission, primitive verification, and joins; work_units counts accepted verifications only"
local-1786752806231006000,macmini-m2-macos26.5.2-rust1.97.1-aarch64-20260814-workers1,9d3ab807a08ef4cf1077dbc23213e2314ce37c87,MEASURED,1786752814881883000,load,aegis_bounded_verification_pool,ML-DSA-65,concurrent_verify_burst,workers1_concurrency65,512,78,0,16347250,26252000,11517952,true,accepted=65;saturated=0;unexpected=0,65,65,0,0,3309,0,0,0,0,0,"controlled local burst; wall time includes scoped-thread creation, Aegis policy/transcript processing, bounded-pool admission, primitive verification, and joins; work_units counts accepted verifications only"
local-1786752806231006000,macmini-m2-macos26.5.2-rust1.97.1-aarch64-20260814-workers1,9d3ab807a08ef4cf1077dbc23213e2314ce37c87,MEASURED,1786752814923515000,load,aegis_bounded_verification_pool,ML-DSA-65,concurrent_verify_burst,workers1_concurrency65,512,79,0,16553708,26273000,11517952,true,accepted=65;saturated=0;unexpected=0,65,65,0,0,3309,0,0,0,0,0,"controlled local burst; wall time includes scoped-thread creation, Aegis policy/transcript processing, bounded-pool admission, primitive verification, and joins; work_units counts accepted verifications only"
local-1786752806231006000,macmini-m2-macos26.5.2-rust1.97.1-aarch64-20260814-workers1,9d3ab807a08ef4cf1077dbc23213e2314ce37c87,MEASURED,1786752814963406000,load,aegis_bounded_verification_pool,ML-DSA-65,concurrent_verify_burst,workers1_concurrency65,512,80,0,16462042,26525000,11517952,true,accepted=65;saturated=0;unexpected=0,65,65,0,0,3309,0,0,0,0,0,"controlled local burst; wall time includes scoped-thread creation, Aegis policy/transcript processing, bounded-pool admission, primitive verification, and joins; work_units counts accepted verifications only"
local-1786752806231006000,macmini-m2-macos26.5.2-rust1.97.1-aarch64-20260814-workers1,9d3ab807a08ef4cf1077dbc23213e2314ce37c87,MEASURED,1786752815000229000,load,aegis_bounded_verification_pool,ML-DSA-65,concurrent_verify_burst,workers1_concurrency65,512,81,0,16391209,26255000,11517952,true,accepted=65;saturated=0;unexpected=0,65,65,0,0,3309,0,0,0,0,0,"controlled local burst; wall time includes scoped-thread creation, Aegis policy/transcript processing, bounded-pool admission, primitive verification, and joins; work_units counts accepted verifications only"
local-1786752806231006000,macmini-m2-macos26.5.2-rust1.97.1-aarch64-20260814-workers1,9d3ab807a08ef4cf1077dbc23213e2314ce37c87,MEASURED,1786752815039995000,load,aegis_bounded_verification_pool,ML-DSA-65,concurrent_verify_burst,workers1_concurrency65,512,82,0,16697959,26455000,11517952,true,accepted=65;saturated=0;unexpected=0,65,65,0,0,3309,0,0,0,0,0,"controlled local burst; wall time includes scoped-thread creation, Aegis policy/transcript processing, bounded-pool admission, primitive verification, and joins; work_units counts accepted verifications only"
local-1786752806231006000,macmini-m2-macos26.5.2-rust1.97.1-aarch64-20260814-workers1,9d3ab807a08ef4cf1077dbc23213e2314ce37c87,MEASURED,1786752815081870000,load,aegis_bounded_verification_pool,ML-DSA-65,concurrent_verify_burst,workers1_concurrency65,512,83,0,16599750,26248000,11517952,true,accepted=65;saturated=0;unexpected=0,65,65,0,0,3309,0,0,0,0,0,"controlled local burst; wall time includes scoped-thread creation, Aegis policy/transcript processing, bounded-pool admission, primitive verification, and joins; work_units counts accepted verifications only"
local-1786752806231006000,macmini-m2-macos26.5.2-rust1.97.1-aarch64-20260814-workers1,9d3ab807a08ef4cf1077dbc23213e2314ce37c87,MEASURED,1786752815124531000,load,aegis_bounded_verification_pool,ML-DSA-65,concurrent_verify_burst,workers1_concurrency65,512,84,0,16426167,26724000,11517952,true,accepted=65;saturated=0;unexpected=0,65,65,0,0,3309,0,0,0,0,0,"controlled local burst; wall time includes scoped-thread creation, Aegis policy/transcript processing, bounded-pool admission, primitive verification, and joins; work_units counts accepted verifications only"
local-1786752806231006000,macmini-m2-macos26.5.2-rust1.97.1-aarch64-20260814-workers1,9d3ab807a08ef4cf1077dbc23213e2314ce37c87,MEASURED,1786752815169445000,load,aegis_bounded_verification_pool,ML-DSA-65,concurrent_verify_burst,workers1_concurrency65,512,85,0,16647042,26329000,11517952,true,accepted=65;saturated=0;unexpected=0,65,65,0,0,3309,0,0,0,0,0,"controlled local burst; wall time includes scoped-thread creation, Aegis policy/transcript processing, bounded-pool admission, primitive verification, and joins; work_units counts accepted verifications only"
local-1786752806231006000,macmini-m2-macos26.5.2-rust1.97.1-aarch64-20260814-workers1,9d3ab807a08ef4cf1077dbc23213e2314ce37c87,MEASURED,1786752815205487000,load,aegis_bounded_verification_pool,ML-DSA-65,concurrent_verify_burst,workers1_concurrency65,512,86,0,16532041,26593000,11517952,true,accepted=65;saturated=0;unexpected=0,65,65,0,0,3309,0,0,0,0,0,"controlled local burst; wall time includes scoped-thread creation, Aegis policy/transcript processing, bounded-pool admission, primitive verification, and joins; work_units counts accepted verifications only"
local-1786752806231006000,macmini-m2-macos26.5.2-rust1.97.1-aarch64-20260814-workers1,9d3ab807a08ef4cf1077dbc23213e2314ce37c87,MEASURED,1786752815246120000,load,aegis_bounded_verification_pool,ML-DSA-65,concurrent_verify_burst,workers1_concurrency65,512,87,0,16289792,25705000,11517952,true,accepted=65;saturated=0;unexpected=0,65,65,0,0,3309,0,0,0,0,0,"controlled local burst; wall time includes scoped-thread creation, Aegis policy/transcript processing, bounded-pool admission, primitive verification, and joins; work_units counts accepted verifications only"
local-1786752806231006000,macmini-m2-macos26.5.2-rust1.97.1-aarch64-20260814-workers1,9d3ab807a08ef4cf1077dbc23213e2314ce37c87,MEASURED,1786752815290274000,load,aegis_bounded_verification_pool,ML-DSA-65,concurrent_verify_burst,workers1_concurrency65,512,88,0,16467500,27041000,11517952,true,accepted=65;saturated=0;unexpected=0,65,65,0,0,3309,0,0,0,0,0,"controlled local burst; wall time includes scoped-thread creation, Aegis policy/transcript processing, bounded-pool admission, primitive verification, and joins; work_units counts accepted verifications only"
local-1786752806231006000,macmini-m2-macos26.5.2-rust1.97.1-aarch64-20260814-workers1,9d3ab807a08ef4cf1077dbc23213e2314ce37c87,MEASURED,1786752815328024000,load,aegis_bounded_verification_pool,ML-DSA-65,concurrent_verify_burst,workers1_concurrency65,512,89,0,16471667,26299000,11517952,true,accepted=65;saturated=0;unexpected=0,65,65,0,0,3309,0,0,0,0,0,"controlled local burst; wall time includes scoped-thread creation, Aegis policy/transcript processing, bounded-pool admission, primitive verification, and joins; work_units counts accepted verifications only"
local-1786752806231006000,macmini-m2-macos26.5.2-rust1.97.1-aarch64-20260814-workers1,9d3ab807a08ef4cf1077dbc23213e2314ce37c87,MEASURED,1786752815370738000,load,aegis_bounded_verification_pool,ML-DSA-65,concurrent_verify_burst,workers1_concurrency65,512,90,0,16624750,26606000,11517952,true,accepted=65;saturated=0;unexpected=0,65,65,0,0,3309,0,0,0,0,0,"controlled local burst; wall time includes scoped-thread creation, Aegis policy/transcript processing, bounded-pool admission, primitive verification, and joins; work_units counts accepted verifications only"
local-1786752806231006000,macmini-m2-macos26.5.2-rust1.97.1-aarch64-20260814-workers1,9d3ab807a08ef4cf1077dbc23213e2314ce37c87,MEASURED,1786752815409310000,load,aegis_bounded_verification_pool,ML-DSA-65,concurrent_verify_burst,workers1_concurrency65,512,91,0,16570875,26842000,11517952,true,accepted=65;saturated=0;unexpected=0,65,65,0,0,3309,0,0,0,0,0,"controlled local burst; wall time includes scoped-thread creation, Aegis policy/transcript processing, bounded-pool admission, primitive verification, and joins; work_units counts accepted verifications only"
local-1786752806231006000,macmini-m2-macos26.5.2-rust1.97.1-aarch64-20260814-workers1,9d3ab807a08ef4cf1077dbc23213e2314ce37c87,MEASURED,1786752815447883000,load,aegis_bounded_verification_pool,ML-DSA-65,concurrent_verify_burst,workers1_concurrency65,512,92,0,16411584,26305000,11517952,true,accepted=65;saturated=0;unexpected=0,65,65,0,0,3309,0,0,0,0,0,"controlled local burst; wall time includes scoped-thread creation, Aegis policy/transcript processing, bounded-pool admission, primitive verification, and joins; work_units counts accepted verifications only"
local-1786752806231006000,macmini-m2-macos26.5.2-rust1.97.1-aarch64-20260814-workers1,9d3ab807a08ef4cf1077dbc23213e2314ce37c87,MEASURED,1786752815485856000,load,aegis_bounded_verification_pool,ML-DSA-65,concurrent_verify_burst,workers1_concurrency65,512,93,0,16319750,26403000,11517952,true,accepted=65;saturated=0;unexpected=0,65,65,0,0,3309,0,0,0,0,0,"controlled local burst; wall time includes scoped-thread creation, Aegis policy/transcript processing, bounded-pool admission, primitive verification, and joins; work_units counts accepted verifications only"
local-1786752806231006000,macmini-m2-macos26.5.2-rust1.97.1-aarch64-20260814-workers1,9d3ab807a08ef4cf1077dbc23213e2314ce37c87,MEASURED,1786752815529220000,load,aegis_bounded_verification_pool,ML-DSA-65,concurrent_verify_burst,workers1_concurrency65,512,94,0,16357125,26334000,11517952,true,accepted=65;saturated=0;unexpected=0,65,65,0,0,3309,0,0,0,0,0,"controlled local burst; wall time includes scoped-thread creation, Aegis policy/transcript processing, bounded-pool admission, primitive verification, and joins; work_units counts accepted verifications only"
local-1786752806231006000,macmini-m2-macos26.5.2-rust1.97.1-aarch64-20260814-workers1,9d3ab807a08ef4cf1077dbc23213e2314ce37c87,MEASURED,1786752815563910000,load,aegis_bounded_verification_pool,ML-DSA-65,concurrent_verify_burst,workers1_concurrency65,512,95,0,16356417,25743000,11517952,true,accepted=65;saturated=0;unexpected=0,65,65,0,0,3309,0,0,0,0,0,"controlled local burst; wall time includes scoped-thread creation, Aegis policy/transcript processing, bounded-pool admission, primitive verification, and joins; work_units counts accepted verifications only"
local-1786752806231006000,macmini-m2-macos26.5.2-rust1.97.1-aarch64-20260814-workers1,9d3ab807a08ef4cf1077dbc23213e2314ce37c87,MEASURED,1786752815600664000,load,aegis_bounded_verification_pool,ML-DSA-65,concurrent_verify_burst,workers1_concurrency65,512,96,0,16571625,26145000,11517952,true,accepted=65;saturated=0;unexpected=0,65,65,0,0,3309,0,0,0,0,0,"controlled local burst; wall time includes scoped-thread creation, Aegis policy/transcript processing, bounded-pool admission, primitive verification, and joins; work_units counts accepted verifications only"
local-1786752806231006000,macmini-m2-macos26.5.2-rust1.97.1-aarch64-20260814-workers1,9d3ab807a08ef4cf1077dbc23213e2314ce37c87,MEASURED,1786752815639639000,load,aegis_bounded_verification_pool,ML-DSA-65,concurrent_verify_burst,workers1_concurrency65,512,97,0,16394792,26173000,11517952,true,accepted=65;saturated=0;unexpected=0,65,65,0,0,3309,0,0,0,0,0,"controlled local burst; wall time includes scoped-thread creation, Aegis policy/transcript processing, bounded-pool admission, primitive verification, and joins; work_units counts accepted verifications only"
local-1786752806231006000,macmini-m2-macos26.5.2-rust1.97.1-aarch64-20260814-workers1,9d3ab807a08ef4cf1077dbc23213e2314ce37c87,MEASURED,1786752815677675000,load,aegis_bounded_verification_pool,ML-DSA-65,concurrent_verify_burst,workers1_concurrency65,512,98,0,16454500,26007000,11517952,true,accepted=65;saturated=0;unexpected=0,65,65,0,0,3309,0,0,0,0,0,"controlled local burst; wall time includes scoped-thread creation, Aegis policy/transcript processing, bounded-pool admission, primitive verification, and joins; work_units counts accepted verifications only"
local-1786752806231006000,macmini-m2-macos26.5.2-rust1.97.1-aarch64-20260814-workers1,9d3ab807a08ef4cf1077dbc23213e2314ce37c87,MEASURED,1786752815719258000,load,aegis_bounded_verification_pool,ML-DSA-65,concurrent_verify_burst,workers1_concurrency65,512,99,0,16395000,26092000,11517952,true,accepted=65;saturated=0;unexpected=0,65,65,0,0,3309,0,0,0,0,0,"controlled local burst; wall time includes scoped-thread creation, Aegis policy/transcript processing, bounded-pool admission, primitive verification, and joins; work_units counts accepted verifications only"
local-1786752806231006000,macmini-m2-macos26.5.2-rust1.97.1-aarch64-20260814-workers1,9d3ab807a08ef4cf1077dbc23213e2314ce37c87,MEASURED,1786752815780833000,load,aegis_bounded_verification_pool,ML-DSA-65,concurrent_verify_burst,workers1_concurrency128,512,0,0,17315041,29178000,13467648,true,accepted=65;saturated=63;unexpected=0,65,128,0,0,3309,0,0,0,0,0,"controlled local burst; wall time includes scoped-thread creation, Aegis policy/transcript processing, bounded-pool admission, primitive verification, and joins; work_units counts accepted verifications only"
local-1786752806231006000,macmini-m2-macos26.5.2-rust1.97.1-aarch64-20260814-workers1,9d3ab807a08ef4cf1077dbc23213e2314ce37c87,MEASURED,1786752815843190000,load,aegis_bounded_verification_pool,ML-DSA-65,concurrent_verify_burst,workers1_concurrency128,512,1,0,17413792,29862000,13500416,true,accepted=65;saturated=63;unexpected=0,65,128,0,0,3309,0,0,0,0,0,"controlled local burst; wall time includes scoped-thread creation, Aegis policy/transcript processing, bounded-pool admission, primitive verification, and joins; work_units counts accepted verifications only"
local-1786752806231006000,macmini-m2-macos26.5.2-rust1.97.1-aarch64-20260814-workers1,9d3ab807a08ef4cf1077dbc23213e2314ce37c87,MEASURED,1786752815910721000,load,aegis_bounded_verification_pool,ML-DSA-65,concurrent_verify_burst,workers1_concurrency128,512,2,0,17029375,29381000,13500416,true,accepted=65;saturated=63;unexpected=0,65,128,0,0,3309,0,0,0,0,0,"controlled local burst; wall time includes scoped-thread creation, Aegis policy/transcript processing, bounded-pool admission, primitive verification, and joins; work_units counts accepted verifications only"
local-1786752806231006000,macmini-m2-macos26.5.2-rust1.97.1-aarch64-20260814-workers1,9d3ab807a08ef4cf1077dbc23213e2314ce37c87,MEASURED,1786752815974804000,load,aegis_bounded_verification_pool,ML-DSA-65,concurrent_verify_burst,workers1_concurrency128,512,3,0,17481917,29379000,13516800,true,accepted=65;saturated=63;unexpected=0,65,128,0,0,3309,0,0,0,0,0,"controlled local burst; wall time includes scoped-thread creation, Aegis policy/transcript processing, bounded-pool admission, primitive verification, and joins; work_units counts accepted verifications only"
local-1786752806231006000,macmini-m2-macos26.5.2-rust1.97.1-aarch64-20260814-workers1,9d3ab807a08ef4cf1077dbc23213e2314ce37c87,MEASURED,1786752816035332000,load,aegis_bounded_verification_pool,ML-DSA-65,concurrent_verify_burst,workers1_concurrency128,512,4,0,17414500,30330000,13516800,true,accepted=65;saturated=63;unexpected=0,65,128,0,0,3309,0,0,0,0,0,"controlled local burst; wall time includes scoped-thread creation, Aegis policy/transcript processing, bounded-pool admission, primitive verification, and joins; work_units counts accepted verifications only"
local-1786752806231006000,macmini-m2-macos26.5.2-rust1.97.1-aarch64-20260814-workers1,9d3ab807a08ef4cf1077dbc23213e2314ce37c87,MEASURED,1786752816096980000,load,aegis_bounded_verification_pool,ML-DSA-65,concurrent_verify_burst,workers1_concurrency128,512,5,0,17678083,30804000,13533184,true,accepted=65;saturated=63;unexpected=0,65,128,0,0,3309,0,0,0,0,0,"controlled local burst; wall time includes scoped-thread creation, Aegis policy/transcript processing, bounded-pool admission, primitive verification, and joins; work_units counts accepted verifications only"
local-1786752806231006000,macmini-m2-macos26.5.2-rust1.97.1-aarch64-20260814-workers1,9d3ab807a08ef4cf1077dbc23213e2314ce37c87,MEASURED,1786752816163731000,load,aegis_bounded_verification_pool,ML-DSA-65,concurrent_verify_burst,workers1_concurrency128,512,6,0,17575083,29613000,13533184,true,accepted=65;saturated=63;unexpected=0,65,128,0,0,3309,0,0,0,0,0,"controlled local burst; wall time includes scoped-thread creation, Aegis policy/transcript processing, bounded-pool admission, primitive verification, and joins; work_units counts accepted verifications only"
local-1786752806231006000,macmini-m2-macos26.5.2-rust1.97.1-aarch64-20260814-workers1,9d3ab807a08ef4cf1077dbc23213e2314ce37c87,MEASURED,1786752816228650000,load,aegis_bounded_verification_pool,ML-DSA-65,concurrent_verify_burst,workers1_concurrency128,512,7,0,17490917,29709000,13533184,true,accepted=65;saturated=63;unexpected=0,65,128,0,0,3309,0,0,0,0,0,"controlled local burst; wall time includes scoped-thread creation, Aegis policy/transcript processing, bounded-pool admission, primitive verification, and joins; work_units counts accepted verifications only"
local-1786752806231006000,macmini-m2-macos26.5.2-rust1.97.1-aarch64-20260814-workers1,9d3ab807a08ef4cf1077dbc23213e2314ce37c87,MEASURED,1786752816293117000,load,aegis_bounded_verification_pool,ML-DSA-65,concurrent_verify_burst,workers1_concurrency128,512,8,0,17388084,28743000,13533184,true,accepted=65;saturated=63;unexpected=0,65,128,0,0,3309,0,0,0,0,0,"controlled local burst; wall time includes scoped-thread creation, Aegis policy/transcript processing, bounded-pool admission, primitive verification, and joins; work_units counts accepted verifications only"
local-1786752806231006000,macmini-m2-macos26.5.2-rust1.97.1-aarch64-20260814-workers1,9d3ab807a08ef4cf1077dbc23213e2314ce37c87,MEASURED,1786752816357139000,load,aegis_bounded_verification_pool,ML-DSA-65,concurrent_verify_burst,workers1_concurrency128,512,9,0,17427375,29218000,13533184,true,accepted=65;saturated=63;unexpected=0,65,128,0,0,3309,0,0,0,0,0,"controlled local burst; wall time includes scoped-thread creation, Aegis policy/transcript processing, bounded-pool admission, primitive verification, and joins; work_units counts accepted verifications only"
local-1786752806231006000,macmini-m2-macos26.5.2-rust1.97.1-aarch64-20260814-workers1,9d3ab807a08ef4cf1077dbc23213e2314ce37c87,MEASURED,1786752816416252000,load,aegis_bounded_verification_pool,ML-DSA-65,concurrent_verify_burst,workers1_concurrency128,512,10,0,17457792,30481000,13533184,true,accepted=65;saturated=63;unexpected=0,65,128,0,0,3309,0,0,0,0,0,"controlled local burst; wall time includes scoped-thread creation, Aegis policy/transcript processing, bounded-pool admission, primitive verification, and joins; work_units counts accepted verifications only"
local-1786752806231006000,macmini-m2-macos26.5.2-rust1.97.1-aarch64-20260814-workers1,9d3ab807a08ef4cf1077dbc23213e2314ce37c87,MEASURED,1786752816478049000,load,aegis_bounded_verification_pool,ML-DSA-65,concurrent_verify_burst,workers1_concurrency128,512,11,0,17126416,30492000,13533184,true,accepted=65;saturated=63;unexpected=0,65,128,0,0,3309,0,0,0,0,0,"controlled local burst; wall time includes scoped-thread creation, Aegis policy/transcript processing, bounded-pool admission, primitive verification, and joins; work_units counts accepted verifications only"
local-1786752806231006000,macmini-m2-macos26.5.2-rust1.97.1-aarch64-20260814-workers1,9d3ab807a08ef4cf1077dbc23213e2314ce37c87,MEASURED,1786752816540959000,load,aegis_bounded_verification_pool,ML-DSA-65,concurrent_verify_burst,workers1_concurrency128,512,12,0,17331250,30450000,13533184,true,accepted=65;saturated=63;unexpected=0,65,128,0,0,3309,0,0,0,0,0,"controlled local burst; wall time includes scoped-thread creation, Aegis policy/transcript processing, bounded-pool admission, primitive verification, and joins; work_units counts accepted verifications only"
local-1786752806231006000,macmini-m2-macos26.5.2-rust1.97.1-aarch64-20260814-workers1,9d3ab807a08ef4cf1077dbc23213e2314ce37c87,MEASURED,1786752816604274000,load,aegis_bounded_verification_pool,ML-DSA-65,concurrent_verify_burst,workers1_concurrency128,512,13,0,17213084,30129000,13533184,true,accepted=65;saturated=63;unexpected=0,65,128,0,0,3309,0,0,0,0,0,"controlled local burst; wall time includes scoped-thread creation, Aegis policy/transcript processing, bounded-pool admission, primitive verification, and joins; work_units counts accepted verifications only"
local-1786752806231006000,macmini-m2-macos26.5.2-rust1.97.1-aarch64-20260814-workers1,9d3ab807a08ef4cf1077dbc23213e2314ce37c87,MEASURED,1786752816666016000,load,aegis_bounded_verification_pool,ML-DSA-65,concurrent_verify_burst,workers1_concurrency128,512,14,0,17114375,30856000,13533184,true,accepted=65;saturated=63;unexpected=0,65,128,0,0,3309,0,0,0,0,0,"controlled local burst; wall time includes scoped-thread creation, Aegis policy/transcript processing, bounded-pool admission, primitive verification, and joins; work_units counts accepted verifications only"
local-1786752806231006000,macmini-m2-macos26.5.2-rust1.97.1-aarch64-20260814-workers1,9d3ab807a08ef4cf1077dbc23213e2314ce37c87,MEASURED,1786752816727905000,load,aegis_bounded_verification_pool,ML-DSA-65,concurrent_verify_burst,workers1_concurrency128,512,15,0,17533959,30704000,13533184,true,accepted=65;saturated=63;unexpected=0,65,128,0,0,3309,0,0,0,0,0,"controlled local burst; wall time includes scoped-thread creation, Aegis policy/transcript processing, bounded-pool admission, primitive verification, and joins; work_units counts accepted verifications only"
local-1786752806231006000,macmini-m2-macos26.5.2-rust1.97.1-aarch64-20260814-workers1,9d3ab807a08ef4cf1077dbc23213e2314ce37c87,MEASURED,1786752816794226000,load,aegis_bounded_verification_pool,ML-DSA-65,concurrent_verify_burst,workers1_concurrency128,512,16,0,17332083,29715000,13533184,true,accepted=65;saturated=63;unexpected=0,65,128,0,0,3309,0,0,0,0,0,"controlled local burst; wall time includes scoped-thread creation, Aegis policy/transcript processing, bounded-pool admission, primitive verification, and joins; work_units counts accepted verifications only"
local-1786752806231006000,macmini-m2-macos26.5.2-rust1.97.1-aarch64-20260814-workers1,9d3ab807a08ef4cf1077dbc23213e2314ce37c87,MEASURED,1786752816860448000,load,aegis_bounded_verification_pool,ML-DSA-65,concurrent_verify_burst,workers1_concurrency128,512,17,0,17509000,30580000,13549568,true,accepted=65;saturated=63;unexpected=0,65,128,0,0,3309,0,0,0,0,0,"controlled local burst; wall time includes scoped-thread creation, Aegis policy/transcript processing, bounded-pool admission, primitive verification, and joins; work_units counts accepted verifications only"
local-1786752806231006000,macmini-m2-macos26.5.2-rust1.97.1-aarch64-20260814-workers1,9d3ab807a08ef4cf1077dbc23213e2314ce37c87,MEASURED,1786752816921782000,load,aegis_bounded_verification_pool,ML-DSA-65,concurrent_verify_burst,workers1_concurrency128,512,18,0,17275417,30537000,13549568,true,accepted=65;saturated=63;unexpected=0,65,128,0,0,3309,0,0,0,0,0,"controlled local burst; wall time includes scoped-thread creation, Aegis policy/transcript processing, bounded-pool admission, primitive verification, and joins; work_units counts accepted verifications only"
local-1786752806231006000,macmini-m2-macos26.5.2-rust1.97.1-aarch64-20260814-workers1,9d3ab807a08ef4cf1077dbc23213e2314ce37c87,MEASURED,1786752816989433000,load,aegis_bounded_verification_pool,ML-DSA-65,concurrent_verify_burst,workers1_concurrency128,512,19,0,17634750,30056000,13549568,true,accepted=65;saturated=63;unexpected=0,65,128,0,0,3309,0,0,0,0,0,"controlled local burst; wall time includes scoped-thread creation, Aegis policy/transcript processing, bounded-pool admission, primitive verification, and joins; work_units counts accepted verifications only"
local-1786752806231006000,macmini-m2-macos26.5.2-rust1.97.1-aarch64-20260814-workers1,9d3ab807a08ef4cf1077dbc23213e2314ce37c87,MEASURED,1786752817054979000,load,aegis_bounded_verification_pool,ML-DSA-65,concurrent_verify_burst,workers1_concurrency128,512,20,0,17842916,30141000,13549568,true,accepted=65;saturated=63;unexpected=0,65,128,0,0,3309,0,0,0,0,0,"controlled local burst; wall time includes scoped-thread creation, Aegis policy/transcript processing, bounded-pool admission, primitive verification, and joins; work_units counts accepted verifications only"
local-1786752806231006000,macmini-m2-macos26.5.2-rust1.97.1-aarch64-20260814-workers1,9d3ab807a08ef4cf1077dbc23213e2314ce37c87,MEASURED,1786752817121474000,load,aegis_bounded_verification_pool,ML-DSA-65,concurrent_verify_burst,workers1_concurrency128,512,21,0,17276333,30110000,13549568,true,accepted=65;saturated=63;unexpected=0,65,128,0,0,3309,0,0,0,0,0,"controlled local burst; wall time includes scoped-thread creation, Aegis policy/transcript processing, bounded-pool admission, primitive verification, and joins; work_units counts accepted verifications only"
local-1786752806231006000,macmini-m2-macos26.5.2-rust1.97.1-aarch64-20260814-workers1,9d3ab807a08ef4cf1077dbc23213e2314ce37c87,MEASURED,1786752817184024000,load,aegis_bounded_verification_pool,ML-DSA-65,concurrent_verify_burst,workers1_concurrency128,512,22,0,17359666,29453000,13549568,true,accepted=65;saturated=63;unexpected=0,65,128,0,0,3309,0,0,0,0,0,"controlled local burst; wall time includes scoped-thread creation, Aegis policy/transcript processing, bounded-pool admission, primitive verification, and joins; work_units counts accepted verifications only"
local-1786752806231006000,macmini-m2-macos26.5.2-rust1.97.1-aarch64-20260814-workers1,9d3ab807a08ef4cf1077dbc23213e2314ce37c87,MEASURED,1786752817250930000,load,aegis_bounded_verification_pool,ML-DSA-65,concurrent_verify_burst,workers1_concurrency128,512,23,0,17371750,30220000,13549568,true,accepted=65;saturated=63;unexpected=0,65,128,0,0,3309,0,0,0,0,0,"controlled local burst; wall time includes scoped-thread creation, Aegis policy/transcript processing, bounded-pool admission, primitive verification, and joins; work_units counts accepted verifications only"
local-1786752806231006000,macmini-m2-macos26.5.2-rust1.97.1-aarch64-20260814-workers1,9d3ab807a08ef4cf1077dbc23213e2314ce37c87,MEASURED,1786752817310437000,load,aegis_bounded_verification_pool,ML-DSA-65,concurrent_verify_burst,workers1_concurrency128,512,24,0,17801458,30220000,13549568,true,accepted=65;saturated=63;unexpected=0,65,128,0,0,3309,0,0,0,0,0,"controlled local burst; wall time includes scoped-thread creation, Aegis policy/transcript processing, bounded-pool admission, primitive verification, and joins; work_units counts accepted verifications only"
local-1786752806231006000,macmini-m2-macos26.5.2-rust1.97.1-aarch64-20260814-workers1,9d3ab807a08ef4cf1077dbc23213e2314ce37c87,MEASURED,1786752817380127000,load,aegis_bounded_verification_pool,ML-DSA-65,concurrent_verify_burst,workers1_concurrency128,512,25,0,17571583,31267000,13565952,true,accepted=65;saturated=63;unexpected=0,65,128,0,0,3309,0,0,0,0,0,"controlled local burst; wall time includes scoped-thread creation, Aegis policy/transcript processing, bounded-pool admission, primitive verification, and joins; work_units counts accepted verifications only"
local-1786752806231006000,macmini-m2-macos26.5.2-rust1.97.1-aarch64-20260814-workers1,9d3ab807a08ef4cf1077dbc23213e2314ce37c87,MEASURED,1786752817439828000,load,aegis_bounded_verification_pool,ML-DSA-65,concurrent_verify_burst,workers1_concurrency128,512,26,0,17405750,29314000,13565952,true,accepted=65;saturated=63;unexpected=0,65,128,0,0,3309,0,0,0,0,0,"controlled local burst; wall time includes scoped-thread creation, Aegis policy/transcript processing, bounded-pool admission, primitive verification, and joins; work_units counts accepted verifications only"
local-1786752806231006000,macmini-m2-macos26.5.2-rust1.97.1-aarch64-20260814-workers1,9d3ab807a08ef4cf1077dbc23213e2314ce37c87,MEASURED,1786752817504556000,load,aegis_bounded_verification_pool,ML-DSA-65,concurrent_verify_burst,workers1_concurrency128,512,27,0,17614875,30556000,13565952,true,accepted=65;saturated=63;unexpected=0,65,128,0,0,3309,0,0,0,0,0,"controlled local burst; wall time includes scoped-thread creation, Aegis policy/transcript processing, bounded-pool admission, primitive verification, and joins; work_units counts accepted verifications only"
local-1786752806231006000,macmini-m2-macos26.5.2-rust1.97.1-aarch64-20260814-workers1,9d3ab807a08ef4cf1077dbc23213e2314ce37c87,MEASURED,1786752817568385000,load,aegis_bounded_verification_pool,ML-DSA-65,concurrent_verify_burst,workers1_concurrency128,512,28,0,17724291,30836000,13565952,true,accepted=65;saturated=63;unexpected=0,65,128,0,0,3309,0,0,0,0,0,"controlled local burst; wall time includes scoped-thread creation, Aegis policy/transcript processing, bounded-pool admission, primitive verification, and joins; work_units counts accepted verifications only"
local-1786752806231006000,macmini-m2-macos26.5.2-rust1.97.1-aarch64-20260814-workers1,9d3ab807a08ef4cf1077dbc23213e2314ce37c87,MEASURED,1786752817636600000,load,aegis_bounded_verification_pool,ML-DSA-65,concurrent_verify_burst,workers1_concurrency128,512,29,0,17462917,29845000,13565952,true,accepted=65;saturated=63;unexpected=0,65,128,0,0,3309,0,0,0,0,0,"controlled local burst; wall time includes scoped-thread creation, Aegis policy/transcript processing, bounded-pool admission, primitive verification, and joins; work_units counts accepted verifications only"
local-1786752806231006000,macmini-m2-macos26.5.2-rust1.97.1-aarch64-20260814-workers1,9d3ab807a08ef4cf1077dbc23213e2314ce37c87,MEASURED,1786752817696273000,load,aegis_bounded_verification_pool,ML-DSA-65,concurrent_verify_burst,workers1_concurrency128,512,30,0,17187209,29718000,13565952,true,accepted=65;saturated=63;unexpected=0,65,128,0,0,3309,0,0,0,0,0,"controlled local burst; wall time includes scoped-thread creation, Aegis policy/transcript processing, bounded-pool admission, primitive verification, and joins; work_units counts accepted verifications only"
local-1786752806231006000,macmini-m2-macos26.5.2-rust1.97.1-aarch64-20260814-workers1,9d3ab807a08ef4cf1077dbc23213e2314ce37c87,MEASURED,1786752817760811000,load,aegis_bounded_verification_pool,ML-DSA-65,concurrent_verify_burst,workers1_concurrency128,512,31,0,17308291,29386000,13565952,true,accepted=65;saturated=63;unexpected=0,65,128,0,0,3309,0,0,0,0,0,"controlled local burst; wall time includes scoped-thread creation, Aegis policy/transcript processing, bounded-pool admission, primitive verification, and joins; work_units counts accepted verifications only"
local-1786752806231006000,macmini-m2-macos26.5.2-rust1.97.1-aarch64-20260814-workers1,9d3ab807a08ef4cf1077dbc23213e2314ce37c87,MEASURED,1786752817827733000,load,aegis_bounded_verification_pool,ML-DSA-65,concurrent_verify_burst,workers1_concurrency128,512,32,0,17357208,29815000,13565952,true,accepted=65;saturated=63;unexpected=0,65,128,0,0,3309,0,0,0,0,0,"controlled local burst; wall time includes scoped-thread creation, Aegis policy/transcript processing, bounded-pool admission, primitive verification, and joins; work_units counts accepted verifications only"
local-1786752806231006000,macmini-m2-macos26.5.2-rust1.97.1-aarch64-20260814-workers1,9d3ab807a08ef4cf1077dbc23213e2314ce37c87,MEASURED,1786752817889122000,load,aegis_bounded_verification_pool,ML-DSA-65,concurrent_verify_burst,workers1_concurrency128,512,33,0,17475750,30642000,13565952,true,accepted=65;saturated=63;unexpected=0,65,128,0,0,3309,0,0,0,0,0,"controlled local burst; wall time includes scoped-thread creation, Aegis policy/transcript processing, bounded-pool admission, primitive verification, and joins; work_units counts accepted verifications only"
local-1786752806231006000,macmini-m2-macos26.5.2-rust1.97.1-aarch64-20260814-workers1,9d3ab807a08ef4cf1077dbc23213e2314ce37c87,MEASURED,1786752817957820000,load,aegis_bounded_verification_pool,ML-DSA-65,concurrent_verify_burst,workers1_concurrency128,512,34,0,17092417,30112000,13565952,true,accepted=65;saturated=63;unexpected=0,65,128,0,0,3309,0,0,0,0,0,"controlled local burst; wall time includes scoped-thread creation, Aegis policy/transcript processing, bounded-pool admission, primitive verification, and joins; work_units counts accepted verifications only"
local-1786752806231006000,macmini-m2-macos26.5.2-rust1.97.1-aarch64-20260814-workers1,9d3ab807a08ef4cf1077dbc23213e2314ce37c87,MEASURED,1786752818022529000,load,aegis_bounded_verification_pool,ML-DSA-65,concurrent_verify_burst,workers1_concurrency128,512,35,0,17005084,29105000,13565952,true,accepted=65;saturated=63;unexpected=0,65,128,0,0,3309,0,0,0,0,0,"controlled local burst; wall time includes scoped-thread creation, Aegis policy/transcript processing, bounded-pool admission, primitive verification, and joins; work_units counts accepted verifications only"
local-1786752806231006000,macmini-m2-macos26.5.2-rust1.97.1-aarch64-20260814-workers1,9d3ab807a08ef4cf1077dbc23213e2314ce37c87,MEASURED,1786752818085208000,load,aegis_bounded_verification_pool,ML-DSA-65,concurrent_verify_burst,workers1_concurrency128,512,36,0,17544500,30019000,13565952,true,accepted=65;saturated=63;unexpected=0,65,128,0,0,3309,0,0,0,0,0,"controlled local burst; wall time includes scoped-thread creation, Aegis policy/transcript processing, bounded-pool admission, primitive verification, and joins; work_units counts accepted verifications only"
local-1786752806231006000,macmini-m2-macos26.5.2-rust1.97.1-aarch64-20260814-workers1,9d3ab807a08ef4cf1077dbc23213e2314ce37c87,MEASURED,1786752818155369000,load,aegis_bounded_verification_pool,ML-DSA-65,concurrent_verify_burst,workers1_concurrency128,512,37,0,17412209,29995000,13565952,true,accepted=65;saturated=63;unexpected=0,65,128,0,0,3309,0,0,0,0,0,"controlled local burst; wall time includes scoped-thread creation, Aegis policy/transcript processing, bounded-pool admission, primitive verification, and joins; work_units counts accepted verifications only"
local-1786752806231006000,macmini-m2-macos26.5.2-rust1.97.1-aarch64-20260814-workers1,9d3ab807a08ef4cf1077dbc23213e2314ce37c87,MEASURED,1786752818220432000,load,aegis_bounded_verification_pool,ML-DSA-65,concurrent_verify_burst,workers1_concurrency128,512,38,0,17349083,30272000,13598720,true,accepted=65;saturated=63;unexpected=0,65,128,0,0,3309,0,0,0,0,0,"controlled local burst; wall time includes scoped-thread creation, Aegis policy/transcript processing, bounded-pool admission, primitive verification, and joins; work_units counts accepted verifications only"
local-1786752806231006000,macmini-m2-macos26.5.2-rust1.97.1-aarch64-20260814-workers1,9d3ab807a08ef4cf1077dbc23213e2314ce37c87,MEASURED,1786752818282426000,load,aegis_bounded_verification_pool,ML-DSA-65,concurrent_verify_burst,workers1_concurrency128,512,39,0,17217208,29450000,13598720,true,accepted=65;saturated=63;unexpected=0,65,128,0,0,3309,0,0,0,0,0,"controlled local burst; wall time includes scoped-thread creation, Aegis policy/transcript processing, bounded-pool admission, primitive verification, and joins; work_units counts accepted verifications only"
local-1786752806231006000,macmini-m2-macos26.5.2-rust1.97.1-aarch64-20260814-workers1,9d3ab807a08ef4cf1077dbc23213e2314ce37c87,MEASURED,1786752818345113000,load,aegis_bounded_verification_pool,ML-DSA-65,concurrent_verify_burst,workers1_concurrency128,512,40,0,17486292,29570000,13598720,true,accepted=65;saturated=63;unexpected=0,65,128,0,0,3309,0,0,0,0,0,"controlled local burst; wall time includes scoped-thread creation, Aegis policy/transcript processing, bounded-pool admission, primitive verification, and joins; work_units counts accepted verifications only"
local-1786752806231006000,macmini-m2-macos26.5.2-rust1.97.1-aarch64-20260814-workers1,9d3ab807a08ef4cf1077dbc23213e2314ce37c87,MEASURED,1786752818407725000,load,aegis_bounded_verification_pool,ML-DSA-65,concurrent_verify_burst,workers1_concurrency128,512,41,0,17464625,29440000,13598720,true,accepted=65;saturated=63;unexpected=0,65,128,0,0,3309,0,0,0,0,0,"controlled local burst; wall time includes scoped-thread creation, Aegis policy/transcript processing, bounded-pool admission, primitive verification, and joins; work_units counts accepted verifications only"
local-1786752806231006000,macmini-m2-macos26.5.2-rust1.97.1-aarch64-20260814-workers1,9d3ab807a08ef4cf1077dbc23213e2314ce37c87,MEASURED,1786752818467855000,load,aegis_bounded_verification_pool,ML-DSA-65,concurrent_verify_burst,workers1_concurrency128,512,42,0,17148708,29368000,13598720,true,accepted=65;saturated=63;unexpected=0,65,128,0,0,3309,0,0,0,0,0,"controlled local burst; wall time includes scoped-thread creation, Aegis policy/transcript processing, bounded-pool admission, primitive verification, and joins; work_units counts accepted verifications only"
local-1786752806231006000,macmini-m2-macos26.5.2-rust1.97.1-aarch64-20260814-workers1,9d3ab807a08ef4cf1077dbc23213e2314ce37c87,MEASURED,1786752818528436000,load,aegis_bounded_verification_pool,ML-DSA-65,concurrent_verify_burst,workers1_concurrency128,512,43,0,17264792,30674000,13598720,true,accepted=65;saturated=63;unexpected=0,65,128,0,0,3309,0,0,0,0,0,"controlled local burst; wall time includes scoped-thread creation, Aegis policy/transcript processing, bounded-pool admission, primitive verification, and joins; work_units counts accepted verifications only"
local-1786752806231006000,macmini-m2-macos26.5.2-rust1.97.1-aarch64-20260814-workers1,9d3ab807a08ef4cf1077dbc23213e2314ce37c87,MEASURED,1786752818593810000,load,aegis_bounded_verification_pool,ML-DSA-65,concurrent_verify_burst,workers1_concurrency128,512,44,0,17403375,29948000,13598720,true,accepted=65;saturated=63;unexpected=0,65,128,0,0,3309,0,0,0,0,0,"controlled local burst; wall time includes scoped-thread creation, Aegis policy/transcript processing, bounded-pool admission, primitive verification, and joins; work_units counts accepted verifications only"
local-1786752806231006000,macmini-m2-macos26.5.2-rust1.97.1-aarch64-20260814-workers1,9d3ab807a08ef4cf1077dbc23213e2314ce37c87,MEASURED,1786752818657396000,load,aegis_bounded_verification_pool,ML-DSA-65,concurrent_verify_burst,workers1_concurrency128,512,45,0,18348834,30461000,13598720,true,accepted=65;saturated=63;unexpected=0,65,128,0,0,3309,0,0,0,0,0,"controlled local burst; wall time includes scoped-thread creation, Aegis policy/transcript processing, bounded-pool admission, primitive verification, and joins; work_units counts accepted verifications only"
local-1786752806231006000,macmini-m2-macos26.5.2-rust1.97.1-aarch64-20260814-workers1,9d3ab807a08ef4cf1077dbc23213e2314ce37c87,MEASURED,1786752818726690000,load,aegis_bounded_verification_pool,ML-DSA-65,concurrent_verify_burst,workers1_concurrency128,512,46,0,17973667,30252000,13598720,true,accepted=65;saturated=63;unexpected=0,65,128,0,0,3309,0,0,0,0,0,"controlled local burst; wall time includes scoped-thread creation, Aegis policy/transcript processing, bounded-pool admission, primitive verification, and joins; work_units counts accepted verifications only"
local-1786752806231006000,macmini-m2-macos26.5.2-rust1.97.1-aarch64-20260814-workers1,9d3ab807a08ef4cf1077dbc23213e2314ce37c87,MEASURED,1786752818794867000,load,aegis_bounded_verification_pool,ML-DSA-65,concurrent_verify_burst,workers1_concurrency128,512,47,0,17420958,30359000,13598720,true,accepted=65;saturated=63;unexpected=0,65,128,0,0,3309,0,0,0,0,0,"controlled local burst; wall time includes scoped-thread creation, Aegis policy/transcript processing, bounded-pool admission, primitive verification, and joins; work_units counts accepted verifications only"
local-1786752806231006000,macmini-m2-macos26.5.2-rust1.97.1-aarch64-20260814-workers1,9d3ab807a08ef4cf1077dbc23213e2314ce37c87,MEASURED,1786752818856919000,load,aegis_bounded_verification_pool,ML-DSA-65,concurrent_verify_burst,workers1_concurrency128,512,48,0,17304292,28060000,13598720,true,accepted=65;saturated=63;unexpected=0,65,128,0,0,3309,0,0,0,0,0,"controlled local burst; wall time includes scoped-thread creation, Aegis policy/transcript processing, bounded-pool admission, primitive verification, and joins; work_units counts accepted verifications only"
local-1786752806231006000,macmini-m2-macos26.5.2-rust1.97.1-aarch64-20260814-workers1,9d3ab807a08ef4cf1077dbc23213e2314ce37c87,MEASURED,1786752818922303000,load,aegis_bounded_verification_pool,ML-DSA-65,concurrent_verify_burst,workers1_concurrency128,512,49,0,17784666,31073000,13598720,true,accepted=65;saturated=63;unexpected=0,65,128,0,0,3309,0,0,0,0,0,"controlled local burst; wall time includes scoped-thread creation, Aegis policy/transcript processing, bounded-pool admission, primitive verification, and joins; work_units counts accepted verifications only"
local-1786752806231006000,macmini-m2-macos26.5.2-rust1.97.1-aarch64-20260814-workers1,9d3ab807a08ef4cf1077dbc23213e2314ce37c87,MEASURED,1786752818985073000,load,aegis_bounded_verification_pool,ML-DSA-65,concurrent_verify_burst,workers1_concurrency128,512,50,0,17359541,30441000,13598720,true,accepted=65;saturated=63;unexpected=0,65,128,0,0,3309,0,0,0,0,0,"controlled local burst; wall time includes scoped-thread creation, Aegis policy/transcript processing, bounded-pool admission, primitive verification, and joins; work_units counts accepted verifications only"
local-1786752806231006000,macmini-m2-macos26.5.2-rust1.97.1-aarch64-20260814-workers1,9d3ab807a08ef4cf1077dbc23213e2314ce37c87,MEASURED,1786752819050667000,load,aegis_bounded_verification_pool,ML-DSA-65,concurrent_verify_burst,workers1_concurrency128,512,51,0,17452125,29096000,13598720,true,accepted=65;saturated=63;unexpected=0,65,128,0,0,3309,0,0,0,0,0,"controlled local burst; wall time includes scoped-thread creation, Aegis policy/transcript processing, bounded-pool admission, primitive verification, and joins; work_units counts accepted verifications only"
local-1786752806231006000,macmini-m2-macos26.5.2-rust1.97.1-aarch64-20260814-workers1,9d3ab807a08ef4cf1077dbc23213e2314ce37c87,MEASURED,1786752819117928000,load,aegis_bounded_verification_pool,ML-DSA-65,concurrent_verify_burst,workers1_concurrency128,512,52,0,17355875,31137000,13598720,true,accepted=65;saturated=63;unexpected=0,65,128,0,0,3309,0,0,0,0,0,"controlled local burst; wall time includes scoped-thread creation, Aegis policy/transcript processing, bounded-pool admission, primitive verification, and joins; work_units counts accepted verifications only"
local-1786752806231006000,macmini-m2-macos26.5.2-rust1.97.1-aarch64-20260814-workers1,9d3ab807a08ef4cf1077dbc23213e2314ce37c87,MEASURED,1786752819175543000,load,aegis_bounded_verification_pool,ML-DSA-65,concurrent_verify_burst,workers1_concurrency128,512,53,0,17035125,28681000,13598720,true,accepted=65;saturated=63;unexpected=0,65,128,0,0,3309,0,0,0,0,0,"controlled local burst; wall time includes scoped-thread creation, Aegis policy/transcript processing, bounded-pool admission, primitive verification, and joins; work_units counts accepted verifications only"
local-1786752806231006000,macmini-m2-macos26.5.2-rust1.97.1-aarch64-20260814-workers1,9d3ab807a08ef4cf1077dbc23213e2314ce37c87,MEASURED,1786752819238299000,load,aegis_bounded_verification_pool,ML-DSA-65,concurrent_verify_burst,workers1_concurrency128,512,54,0,17613750,29874000,13598720,true,accepted=65;saturated=63;unexpected=0,65,128,0,0,3309,0,0,0,0,0,"controlled local burst; wall time includes scoped-thread creation, Aegis policy/transcript processing, bounded-pool admission, primitive verification, and joins; work_units counts accepted verifications only"
local-1786752806231006000,macmini-m2-macos26.5.2-rust1.97.1-aarch64-20260814-workers1,9d3ab807a08ef4cf1077dbc23213e2314ce37c87,MEASURED,1786752819299668000,load,aegis_bounded_verification_pool,ML-DSA-65,concurrent_verify_burst,workers1_concurrency128,512,55,0,17179458,30441000,13598720,true,accepted=65;saturated=63;unexpected=0,65,128,0,0,3309,0,0,0,0,0,"controlled local burst; wall time includes scoped-thread creation, Aegis policy/transcript processing, bounded-pool admission, primitive verification, and joins; work_units counts accepted verifications only"
local-1786752806231006000,macmini-m2-macos26.5.2-rust1.97.1-aarch64-20260814-workers1,9d3ab807a08ef4cf1077dbc23213e2314ce37c87,MEASURED,1786752819373460000,load,aegis_bounded_verification_pool,ML-DSA-65,concurrent_verify_burst,workers1_concurrency128,512,56,0,19513375,32310000,13598720,true,accepted=65;saturated=63;unexpected=0,65,128,0,0,3309,0,0,0,0,0,"controlled local burst; wall time includes scoped-thread creation, Aegis policy/transcript processing, bounded-pool admission, primitive verification, and joins; work_units counts accepted verifications only"
local-1786752806231006000,macmini-m2-macos26.5.2-rust1.97.1-aarch64-20260814-workers1,9d3ab807a08ef4cf1077dbc23213e2314ce37c87,MEASURED,1786752819445000000,load,aegis_bounded_verification_pool,ML-DSA-65,concurrent_verify_burst,workers1_concurrency128,512,57,0,17917250,30864000,13598720,true,accepted=65;saturated=63;unexpected=0,65,128,0,0,3309,0,0,0,0,0,"controlled local burst; wall time includes scoped-thread creation, Aegis policy/transcript processing, bounded-pool admission, primitive verification, and joins; work_units counts accepted verifications only"
local-1786752806231006000,macmini-m2-macos26.5.2-rust1.97.1-aarch64-20260814-workers1,9d3ab807a08ef4cf1077dbc23213e2314ce37c87,MEASURED,1786752819508261000,load,aegis_bounded_verification_pool,ML-DSA-65,concurrent_verify_burst,workers1_concurrency128,512,58,0,16953959,28289000,13598720,true,accepted=65;saturated=63;unexpected=0,65,128,0,0,3309,0,0,0,0,0,"controlled local burst; wall time includes scoped-thread creation, Aegis policy/transcript processing, bounded-pool admission, primitive verification, and joins; work_units counts accepted verifications only"
local-1786752806231006000,macmini-m2-macos26.5.2-rust1.97.1-aarch64-20260814-workers1,9d3ab807a08ef4cf1077dbc23213e2314ce37c87,MEASURED,1786752819575005000,load,aegis_bounded_verification_pool,ML-DSA-65,concurrent_verify_burst,workers1_concurrency128,512,59,0,16855250,28385000,13598720,true,accepted=65;saturated=63;unexpected=0,65,128,0,0,3309,0,0,0,0,0,"controlled local burst; wall time includes scoped-thread creation, Aegis policy/transcript processing, bounded-pool admission, primitive verification, and joins; work_units counts accepted verifications only"
local-1786752806231006000,macmini-m2-macos26.5.2-rust1.97.1-aarch64-20260814-workers1,9d3ab807a08ef4cf1077dbc23213e2314ce37c87,MEASURED,1786752819636356000,load,aegis_bounded_verification_pool,ML-DSA-65,concurrent_verify_burst,workers1_concurrency128,512,60,0,17435792,30402000,13598720,true,accepted=65;saturated=63;unexpected=0,65,128,0,0,3309,0,0,0,0,0,"controlled local burst; wall time includes scoped-thread creation, Aegis policy/transcript processing, bounded-pool admission, primitive verification, and joins; work_units counts accepted verifications only"
local-1786752806231006000,macmini-m2-macos26.5.2-rust1.97.1-aarch64-20260814-workers1,9d3ab807a08ef4cf1077dbc23213e2314ce37c87,MEASURED,1786752819701879000,load,aegis_bounded_verification_pool,ML-DSA-65,concurrent_verify_burst,workers1_concurrency128,512,61,0,17161250,30859000,13598720,true,accepted=65;saturated=63;unexpected=0,65,128,0,0,3309,0,0,0,0,0,"controlled local burst; wall time includes scoped-thread creation, Aegis policy/transcript processing, bounded-pool admission, primitive verification, and joins; work_units counts accepted verifications only"
local-1786752806231006000,macmini-m2-macos26.5.2-rust1.97.1-aarch64-20260814-workers1,9d3ab807a08ef4cf1077dbc23213e2314ce37c87,MEASURED,1786752819762367000,load,aegis_bounded_verification_pool,ML-DSA-65,concurrent_verify_burst,workers1_concurrency128,512,62,0,17294500,29338000,13598720,true,accepted=65;saturated=63;unexpected=0,65,128,0,0,3309,0,0,0,0,0,"controlled local burst; wall time includes scoped-thread creation, Aegis policy/transcript processing, bounded-pool admission, primitive verification, and joins; work_units counts accepted verifications only"
local-1786752806231006000,macmini-m2-macos26.5.2-rust1.97.1-aarch64-20260814-workers1,9d3ab807a08ef4cf1077dbc23213e2314ce37c87,MEASURED,1786752819825809000,load,aegis_bounded_verification_pool,ML-DSA-65,concurrent_verify_burst,workers1_concurrency128,512,63,0,17806000,30473000,13598720,true,accepted=65;saturated=63;unexpected=0,65,128,0,0,3309,0,0,0,0,0,"controlled local burst; wall time includes scoped-thread creation, Aegis policy/transcript processing, bounded-pool admission, primitive verification, and joins; work_units counts accepted verifications only"
local-1786752806231006000,macmini-m2-macos26.5.2-rust1.97.1-aarch64-20260814-workers1,9d3ab807a08ef4cf1077dbc23213e2314ce37c87,MEASURED,1786752819887891000,load,aegis_bounded_verification_pool,ML-DSA-65,concurrent_verify_burst,workers1_concurrency128,512,64,0,17489042,29643000,13598720,true,accepted=65;saturated=63;unexpected=0,65,128,0,0,3309,0,0,0,0,0,"controlled local burst; wall time includes scoped-thread creation, Aegis policy/transcript processing, bounded-pool admission, primitive verification, and joins; work_units counts accepted verifications only"
local-1786752806231006000,macmini-m2-macos26.5.2-rust1.97.1-aarch64-20260814-workers1,9d3ab807a08ef4cf1077dbc23213e2314ce37c87,MEASURED,1786752819950916000,load,aegis_bounded_verification_pool,ML-DSA-65,concurrent_verify_burst,workers1_concurrency128,512,65,0,17501167,30639000,13598720,true,accepted=65;saturated=63;unexpected=0,65,128,0,0,3309,0,0,0,0,0,"controlled local burst; wall time includes scoped-thread creation, Aegis policy/transcript processing, bounded-pool admission, primitive verification, and joins; work_units counts accepted verifications only"
local-1786752806231006000,macmini-m2-macos26.5.2-rust1.97.1-aarch64-20260814-workers1,9d3ab807a08ef4cf1077dbc23213e2314ce37c87,MEASURED,1786752820015493000,load,aegis_bounded_verification_pool,ML-DSA-65,concurrent_verify_burst,workers1_concurrency128,512,66,0,17243583,29086000,13598720,true,accepted=65;saturated=63;unexpected=0,65,128,0,0,3309,0,0,0,0,0,"controlled local burst; wall time includes scoped-thread creation, Aegis policy/transcript processing, bounded-pool admission, primitive verification, and joins; work_units counts accepted verifications only"
local-1786752806231006000,macmini-m2-macos26.5.2-rust1.97.1-aarch64-20260814-workers1,9d3ab807a08ef4cf1077dbc23213e2314ce37c87,MEASURED,1786752820082112000,load,aegis_bounded_verification_pool,ML-DSA-65,concurrent_verify_burst,workers1_concurrency128,512,67,0,17634291,31190000,13598720,true,accepted=65;saturated=63;unexpected=0,65,128,0,0,3309,0,0,0,0,0,"controlled local burst; wall time includes scoped-thread creation, Aegis policy/transcript processing, bounded-pool admission, primitive verification, and joins; work_units counts accepted verifications only"
local-1786752806231006000,macmini-m2-macos26.5.2-rust1.97.1-aarch64-20260814-workers1,9d3ab807a08ef4cf1077dbc23213e2314ce37c87,MEASURED,1786752820145520000,load,aegis_bounded_verification_pool,ML-DSA-65,concurrent_verify_burst,workers1_concurrency128,512,68,0,17452875,30099000,13598720,true,accepted=65;saturated=63;unexpected=0,65,128,0,0,3309,0,0,0,0,0,"controlled local burst; wall time includes scoped-thread creation, Aegis policy/transcript processing, bounded-pool admission, primitive verification, and joins; work_units counts accepted verifications only"
local-1786752806231006000,macmini-m2-macos26.5.2-rust1.97.1-aarch64-20260814-workers1,9d3ab807a08ef4cf1077dbc23213e2314ce37c87,MEASURED,1786752820209393000,load,aegis_bounded_verification_pool,ML-DSA-65,concurrent_verify_burst,workers1_concurrency128,512,69,0,17141000,31057000,13598720,true,accepted=65;saturated=63;unexpected=0,65,128,0,0,3309,0,0,0,0,0,"controlled local burst; wall time includes scoped-thread creation, Aegis policy/transcript processing, bounded-pool admission, primitive verification, and joins; work_units counts accepted verifications only"
local-1786752806231006000,macmini-m2-macos26.5.2-rust1.97.1-aarch64-20260814-workers1,9d3ab807a08ef4cf1077dbc23213e2314ce37c87,MEASURED,1786752820266971000,load,aegis_bounded_verification_pool,ML-DSA-65,concurrent_verify_burst,workers1_concurrency128,512,70,0,17294916,29537000,13598720,true,accepted=65;saturated=63;unexpected=0,65,128,0,0,3309,0,0,0,0,0,"controlled local burst; wall time includes scoped-thread creation, Aegis policy/transcript processing, bounded-pool admission, primitive verification, and joins; work_units counts accepted verifications only"
local-1786752806231006000,macmini-m2-macos26.5.2-rust1.97.1-aarch64-20260814-workers1,9d3ab807a08ef4cf1077dbc23213e2314ce37c87,MEASURED,1786752820330712000,load,aegis_bounded_verification_pool,ML-DSA-65,concurrent_verify_burst,workers1_concurrency128,512,71,0,17548083,29889000,13598720,true,accepted=65;saturated=63;unexpected=0,65,128,0,0,3309,0,0,0,0,0,"controlled local burst; wall time includes scoped-thread creation, Aegis policy/transcript processing, bounded-pool admission, primitive verification, and joins; work_units counts accepted verifications only"
local-1786752806231006000,macmini-m2-macos26.5.2-rust1.97.1-aarch64-20260814-workers1,9d3ab807a08ef4cf1077dbc23213e2314ce37c87,MEASURED,1786752820389009000,load,aegis_bounded_verification_pool,ML-DSA-65,concurrent_verify_burst,workers1_concurrency128,512,72,0,17516166,30685000,13598720,true,accepted=65;saturated=63;unexpected=0,65,128,0,0,3309,0,0,0,0,0,"controlled local burst; wall time includes scoped-thread creation, Aegis policy/transcript processing, bounded-pool admission, primitive verification, and joins; work_units counts accepted verifications only"
local-1786752806231006000,macmini-m2-macos26.5.2-rust1.97.1-aarch64-20260814-workers1,9d3ab807a08ef4cf1077dbc23213e2314ce37c87,MEASURED,1786752820453082000,load,aegis_bounded_verification_pool,ML-DSA-65,concurrent_verify_burst,workers1_concurrency128,512,73,0,17418250,30676000,13598720,true,accepted=65;saturated=63;unexpected=0,65,128,0,0,3309,0,0,0,0,0,"controlled local burst; wall time includes scoped-thread creation, Aegis policy/transcript processing, bounded-pool admission, primitive verification, and joins; work_units counts accepted verifications only"
local-1786752806231006000,macmini-m2-macos26.5.2-rust1.97.1-aarch64-20260814-workers1,9d3ab807a08ef4cf1077dbc23213e2314ce37c87,MEASURED,1786752820518100000,load,aegis_bounded_verification_pool,ML-DSA-65,concurrent_verify_burst,workers1_concurrency128,512,74,0,17268875,29902000,13598720,true,accepted=65;saturated=63;unexpected=0,65,128,0,0,3309,0,0,0,0,0,"controlled local burst; wall time includes scoped-thread creation, Aegis policy/transcript processing, bounded-pool admission, primitive verification, and joins; work_units counts accepted verifications only"
local-1786752806231006000,macmini-m2-macos26.5.2-rust1.97.1-aarch64-20260814-workers1,9d3ab807a08ef4cf1077dbc23213e2314ce37c87,MEASURED,1786752820585638000,load,aegis_bounded_verification_pool,ML-DSA-65,concurrent_verify_burst,workers1_concurrency128,512,75,0,17272417,29645000,13598720,true,accepted=65;saturated=63;unexpected=0,65,128,0,0,3309,0,0,0,0,0,"controlled local burst; wall time includes scoped-thread creation, Aegis policy/transcript processing, bounded-pool admission, primitive verification, and joins; work_units counts accepted verifications only"
local-1786752806231006000,macmini-m2-macos26.5.2-rust1.97.1-aarch64-20260814-workers1,9d3ab807a08ef4cf1077dbc23213e2314ce37c87,MEASURED,1786752820648919000,load,aegis_bounded_verification_pool,ML-DSA-65,concurrent_verify_burst,workers1_concurrency128,512,76,0,17529625,29519000,13598720,true,accepted=65;saturated=63;unexpected=0,65,128,0,0,3309,0,0,0,0,0,"controlled local burst; wall time includes scoped-thread creation, Aegis policy/transcript processing, bounded-pool admission, primitive verification, and joins; work_units counts accepted verifications only"
local-1786752806231006000,macmini-m2-macos26.5.2-rust1.97.1-aarch64-20260814-workers1,9d3ab807a08ef4cf1077dbc23213e2314ce37c87,MEASURED,1786752820713689000,load,aegis_bounded_verification_pool,ML-DSA-65,concurrent_verify_burst,workers1_concurrency128,512,77,0,17359417,29980000,13598720,true,accepted=65;saturated=63;unexpected=0,65,128,0,0,3309,0,0,0,0,0,"controlled local burst; wall time includes scoped-thread creation, Aegis policy/transcript processing, bounded-pool admission, primitive verification, and joins; work_units counts accepted verifications only"
local-1786752806231006000,macmini-m2-macos26.5.2-rust1.97.1-aarch64-20260814-workers1,9d3ab807a08ef4cf1077dbc23213e2314ce37c87,MEASURED,1786752820774044000,load,aegis_bounded_verification_pool,ML-DSA-65,concurrent_verify_burst,workers1_concurrency128,512,78,0,17456417,29706000,13598720,true,accepted=65;saturated=63;unexpected=0,65,128,0,0,3309,0,0,0,0,0,"controlled local burst; wall time includes scoped-thread creation, Aegis policy/transcript processing, bounded-pool admission, primitive verification, and joins; work_units counts accepted verifications only"
local-1786752806231006000,macmini-m2-macos26.5.2-rust1.97.1-aarch64-20260814-workers1,9d3ab807a08ef4cf1077dbc23213e2314ce37c87,MEASURED,1786752820836063000,load,aegis_bounded_verification_pool,ML-DSA-65,concurrent_verify_burst,workers1_concurrency128,512,79,0,17451292,29941000,13598720,true,accepted=65;saturated=63;unexpected=0,65,128,0,0,3309,0,0,0,0,0,"controlled local burst; wall time includes scoped-thread creation, Aegis policy/transcript processing, bounded-pool admission, primitive verification, and joins; work_units counts accepted verifications only"
local-1786752806231006000,macmini-m2-macos26.5.2-rust1.97.1-aarch64-20260814-workers1,9d3ab807a08ef4cf1077dbc23213e2314ce37c87,MEASURED,1786752820901532000,load,aegis_bounded_verification_pool,ML-DSA-65,concurrent_verify_burst,workers1_concurrency128,512,80,0,17673875,30212000,13598720,true,accepted=65;saturated=63;unexpected=0,65,128,0,0,3309,0,0,0,0,0,"controlled local burst; wall time includes scoped-thread creation, Aegis policy/transcript processing, bounded-pool admission, primitive verification, and joins; work_units counts accepted verifications only"
local-1786752806231006000,macmini-m2-macos26.5.2-rust1.97.1-aarch64-20260814-workers1,9d3ab807a08ef4cf1077dbc23213e2314ce37c87,MEASURED,1786752820965102000,load,aegis_bounded_verification_pool,ML-DSA-65,concurrent_verify_burst,workers1_concurrency128,512,81,0,17509542,29862000,13598720,true,accepted=65;saturated=63;unexpected=0,65,128,0,0,3309,0,0,0,0,0,"controlled local burst; wall time includes scoped-thread creation, Aegis policy/transcript processing, bounded-pool admission, primitive verification, and joins; work_units counts accepted verifications only"
local-1786752806231006000,macmini-m2-macos26.5.2-rust1.97.1-aarch64-20260814-workers1,9d3ab807a08ef4cf1077dbc23213e2314ce37c87,MEASURED,1786752821029411000,load,aegis_bounded_verification_pool,ML-DSA-65,concurrent_verify_burst,workers1_concurrency128,512,82,0,17398625,30755000,13598720,true,accepted=65;saturated=63;unexpected=0,65,128,0,0,3309,0,0,0,0,0,"controlled local burst; wall time includes scoped-thread creation, Aegis policy/transcript processing, bounded-pool admission, primitive verification, and joins; work_units counts accepted verifications only"
local-1786752806231006000,macmini-m2-macos26.5.2-rust1.97.1-aarch64-20260814-workers1,9d3ab807a08ef4cf1077dbc23213e2314ce37c87,MEASURED,1786752821094069000,load,aegis_bounded_verification_pool,ML-DSA-65,concurrent_verify_burst,workers1_concurrency128,512,83,0,17589250,29660000,13598720,true,accepted=65;saturated=63;unexpected=0,65,128,0,0,3309,0,0,0,0,0,"controlled local burst; wall time includes scoped-thread creation, Aegis policy/transcript processing, bounded-pool admission, primitive verification, and joins; work_units counts accepted verifications only"
local-1786752806231006000,macmini-m2-macos26.5.2-rust1.97.1-aarch64-20260814-workers1,9d3ab807a08ef4cf1077dbc23213e2314ce37c87,MEASURED,1786752821157817000,load,aegis_bounded_verification_pool,ML-DSA-65,concurrent_verify_burst,workers1_concurrency128,512,84,0,16993875,27840000,13598720,true,accepted=64;saturated=64;unexpected=0,64,128,0,0,3309,0,0,0,0,0,"controlled local burst; wall time includes scoped-thread creation, Aegis policy/transcript processing, bounded-pool admission, primitive verification, and joins; work_units counts accepted verifications only"
local-1786752806231006000,macmini-m2-macos26.5.2-rust1.97.1-aarch64-20260814-workers1,9d3ab807a08ef4cf1077dbc23213e2314ce37c87,MEASURED,1786752821218609000,load,aegis_bounded_verification_pool,ML-DSA-65,concurrent_verify_burst,workers1_concurrency128,512,85,0,17114292,29361000,13598720,true,accepted=65;saturated=63;unexpected=0,65,128,0,0,3309,0,0,0,0,0,"controlled local burst; wall time includes scoped-thread creation, Aegis policy/transcript processing, bounded-pool admission, primitive verification, and joins; work_units counts accepted verifications only"
local-1786752806231006000,macmini-m2-macos26.5.2-rust1.97.1-aarch64-20260814-workers1,9d3ab807a08ef4cf1077dbc23213e2314ce37c87,MEASURED,1786752821283498000,load,aegis_bounded_verification_pool,ML-DSA-65,concurrent_verify_burst,workers1_concurrency128,512,86,0,17282958,28948000,13598720,true,accepted=65;saturated=63;unexpected=0,65,128,0,0,3309,0,0,0,0,0,"controlled local burst; wall time includes scoped-thread creation, Aegis policy/transcript processing, bounded-pool admission, primitive verification, and joins; work_units counts accepted verifications only"
local-1786752806231006000,macmini-m2-macos26.5.2-rust1.97.1-aarch64-20260814-workers1,9d3ab807a08ef4cf1077dbc23213e2314ce37c87,MEASURED,1786752821345405000,load,aegis_bounded_verification_pool,ML-DSA-65,concurrent_verify_burst,workers1_concurrency128,512,87,0,17498666,30193000,13615104,true,accepted=65;saturated=63;unexpected=0,65,128,0,0,3309,0,0,0,0,0,"controlled local burst; wall time includes scoped-thread creation, Aegis policy/transcript processing, bounded-pool admission, primitive verification, and joins; work_units counts accepted verifications only"
local-1786752806231006000,macmini-m2-macos26.5.2-rust1.97.1-aarch64-20260814-workers1,9d3ab807a08ef4cf1077dbc23213e2314ce37c87,MEASURED,1786752821407237000,load,aegis_bounded_verification_pool,ML-DSA-65,concurrent_verify_burst,workers1_concurrency128,512,88,0,17131333,29564000,13615104,true,accepted=65;saturated=63;unexpected=0,65,128,0,0,3309,0,0,0,0,0,"controlled local burst; wall time includes scoped-thread creation, Aegis policy/transcript processing, bounded-pool admission, primitive verification, and joins; work_units counts accepted verifications only"
local-1786752806231006000,macmini-m2-macos26.5.2-rust1.97.1-aarch64-20260814-workers1,9d3ab807a08ef4cf1077dbc23213e2314ce37c87,MEASURED,1786752821466858000,load,aegis_bounded_verification_pool,ML-DSA-65,concurrent_verify_burst,workers1_concurrency128,512,89,0,17286833,30690000,13615104,true,accepted=65;saturated=63;unexpected=0,65,128,0,0,3309,0,0,0,0,0,"controlled local burst; wall time includes scoped-thread creation, Aegis policy/transcript processing, bounded-pool admission, primitive verification, and joins; work_units counts accepted verifications only"
local-1786752806231006000,macmini-m2-macos26.5.2-rust1.97.1-aarch64-20260814-workers1,9d3ab807a08ef4cf1077dbc23213e2314ce37c87,MEASURED,1786752821529383000,load,aegis_bounded_verification_pool,ML-DSA-65,concurrent_verify_burst,workers1_concurrency128,512,90,0,17524000,30352000,13615104,true,accepted=65;saturated=63;unexpected=0,65,128,0,0,3309,0,0,0,0,0,"controlled local burst; wall time includes scoped-thread creation, Aegis policy/transcript processing, bounded-pool admission, primitive verification, and joins; work_units counts accepted verifications only"
local-1786752806231006000,macmini-m2-macos26.5.2-rust1.97.1-aarch64-20260814-workers1,9d3ab807a08ef4cf1077dbc23213e2314ce37c87,MEASURED,1786752821596720000,load,aegis_bounded_verification_pool,ML-DSA-65,concurrent_verify_burst,workers1_concurrency128,512,91,0,17414792,30140000,13615104,true,accepted=65;saturated=63;unexpected=0,65,128,0,0,3309,0,0,0,0,0,"controlled local burst; wall time includes scoped-thread creation, Aegis policy/transcript processing, bounded-pool admission, primitive verification, and joins; work_units counts accepted verifications only"
local-1786752806231006000,macmini-m2-macos26.5.2-rust1.97.1-aarch64-20260814-workers1,9d3ab807a08ef4cf1077dbc23213e2314ce37c87,MEASURED,1786752821658034000,load,aegis_bounded_verification_pool,ML-DSA-65,concurrent_verify_burst,workers1_concurrency128,512,92,0,17143375,30019000,13615104,true,accepted=65;saturated=63;unexpected=0,65,128,0,0,3309,0,0,0,0,0,"controlled local burst; wall time includes scoped-thread creation, Aegis policy/transcript processing, bounded-pool admission, primitive verification, and joins; work_units counts accepted verifications only"
local-1786752806231006000,macmini-m2-macos26.5.2-rust1.97.1-aarch64-20260814-workers1,9d3ab807a08ef4cf1077dbc23213e2314ce37c87,MEASURED,1786752821717615000,load,aegis_bounded_verification_pool,ML-DSA-65,concurrent_verify_burst,workers1_concurrency128,512,93,0,17298666,28979000,13615104,true,accepted=65;saturated=63;unexpected=0,65,128,0,0,3309,0,0,0,0,0,"controlled local burst; wall time includes scoped-thread creation, Aegis policy/transcript processing, bounded-pool admission, primitive verification, and joins; work_units counts accepted verifications only"
local-1786752806231006000,macmini-m2-macos26.5.2-rust1.97.1-aarch64-20260814-workers1,9d3ab807a08ef4cf1077dbc23213e2314ce37c87,MEASURED,1786752821783538000,load,aegis_bounded_verification_pool,ML-DSA-65,concurrent_verify_burst,workers1_concurrency128,512,94,0,17324125,28700000,13615104,true,accepted=65;saturated=63;unexpected=0,65,128,0,0,3309,0,0,0,0,0,"controlled local burst; wall time includes scoped-thread creation, Aegis policy/transcript processing, bounded-pool admission, primitive verification, and joins; work_units counts accepted verifications only"
local-1786752806231006000,macmini-m2-macos26.5.2-rust1.97.1-aarch64-20260814-workers1,9d3ab807a08ef4cf1077dbc23213e2314ce37c87,MEASURED,1786752821847851000,load,aegis_bounded_verification_pool,ML-DSA-65,concurrent_verify_burst,workers1_concurrency128,512,95,0,17614292,30762000,13647872,true,accepted=65;saturated=63;unexpected=0,65,128,0,0,3309,0,0,0,0,0,"controlled local burst; wall time includes scoped-thread creation, Aegis policy/transcript processing, bounded-pool admission, primitive verification, and joins; work_units counts accepted verifications only"
local-1786752806231006000,macmini-m2-macos26.5.2-rust1.97.1-aarch64-20260814-workers1,9d3ab807a08ef4cf1077dbc23213e2314ce37c87,MEASURED,1786752821909751000,load,aegis_bounded_verification_pool,ML-DSA-65,concurrent_verify_burst,workers1_concurrency128,512,96,0,17319667,30777000,13647872,true,accepted=65;saturated=63;unexpected=0,65,128,0,0,3309,0,0,0,0,0,"controlled local burst; wall time includes scoped-thread creation, Aegis policy/transcript processing, bounded-pool admission, primitive verification, and joins; work_units counts accepted verifications only"
local-1786752806231006000,macmini-m2-macos26.5.2-rust1.97.1-aarch64-20260814-workers1,9d3ab807a08ef4cf1077dbc23213e2314ce37c87,MEASURED,1786752821972289000,load,aegis_bounded_verification_pool,ML-DSA-65,concurrent_verify_burst,workers1_concurrency128,512,97,0,17429834,30883000,13647872,true,accepted=65;saturated=63;unexpected=0,65,128,0,0,3309,0,0,0,0,0,"controlled local burst; wall time includes scoped-thread creation, Aegis policy/transcript processing, bounded-pool admission, primitive verification, and joins; work_units counts accepted verifications only"
local-1786752806231006000,macmini-m2-macos26.5.2-rust1.97.1-aarch64-20260814-workers1,9d3ab807a08ef4cf1077dbc23213e2314ce37c87,MEASURED,1786752822036030000,load,aegis_bounded_verification_pool,ML-DSA-65,concurrent_verify_burst,workers1_concurrency128,512,98,0,17543750,30023000,13647872,true,accepted=65;saturated=63;unexpected=0,65,128,0,0,3309,0,0,0,0,0,"controlled local burst; wall time includes scoped-thread creation, Aegis policy/transcript processing, bounded-pool admission, primitive verification, and joins; work_units counts accepted verifications only"
local-1786752806231006000,macmini-m2-macos26.5.2-rust1.97.1-aarch64-20260814-workers1,9d3ab807a08ef4cf1077dbc23213e2314ce37c87,MEASURED,1786752822103128000,load,aegis_bounded_verification_pool,ML-DSA-65,concurrent_verify_burst,workers1_concurrency128,512,99,0,17833084,30837000,13647872,true,accepted=65;saturated=63;unexpected=0,65,128,0,0,3309,0,0,0,0,0,"controlled local burst; wall time includes scoped-thread creation, Aegis policy/transcript processing, bounded-pool admission, primitive verification, and joins; work_units counts accepted verifications only"
