run_id,environment_id,source_commit,classification,sample_recorded_unix_ns,suite,layer,algorithm,operation,payload_profile,message_bytes,iteration,warmup_iterations,wall_ns,cpu_ns,max_rss_bytes,valid,result,work_units,item_count,public_key_bytes,private_key_bytes,signature_bytes,ciphertext_bytes,shared_secret_bytes,unsigned_serialized_bytes,serialized_bytes,authentication_bytes,notes
local-1786752837727815000,macmini-m2-macos26.5.2-rust1.97.1-aarch64-20260814-workers4,9d3ab807a08ef4cf1077dbc23213e2314ce37c87,MEASURED,1786752837729587000,load,aegis_bounded_verification_pool,ML-DSA-65,concurrent_verify_burst,workers4_concurrency1,512,0,0,232042,242000,7307264,true,accepted=1;saturated=0;unexpected=0,1,1,0,0,3309,0,0,0,0,0,"controlled local burst; wall time includes scoped-thread creation, Aegis policy/transcript processing, bounded-pool admission, primitive verification, and joins; work_units counts accepted verifications only"
local-1786752837727815000,macmini-m2-macos26.5.2-rust1.97.1-aarch64-20260814-workers4,9d3ab807a08ef4cf1077dbc23213e2314ce37c87,MEASURED,1786752837730075000,load,aegis_bounded_verification_pool,ML-DSA-65,concurrent_verify_burst,workers4_concurrency1,512,1,0,210875,228000,7520256,true,accepted=1;saturated=0;unexpected=0,1,1,0,0,3309,0,0,0,0,0,"controlled local burst; wall time includes scoped-thread creation, Aegis policy/transcript processing, bounded-pool admission, primitive verification, and joins; work_units counts accepted verifications only"
local-1786752837727815000,macmini-m2-macos26.5.2-rust1.97.1-aarch64-20260814-workers4,9d3ab807a08ef4cf1077dbc23213e2314ce37c87,MEASURED,1786752837731372000,load,aegis_bounded_verification_pool,ML-DSA-65,concurrent_verify_burst,workers4_concurrency1,512,2,0,209084,221000,7618560,true,accepted=1;saturated=0;unexpected=0,1,1,0,0,3309,0,0,0,0,0,"controlled local burst; wall time includes scoped-thread creation, Aegis policy/transcript processing, bounded-pool admission, primitive verification, and joins; work_units counts accepted verifications only"
local-1786752837727815000,macmini-m2-macos26.5.2-rust1.97.1-aarch64-20260814-workers4,9d3ab807a08ef4cf1077dbc23213e2314ce37c87,MEASURED,1786752837732023000,load,aegis_bounded_verification_pool,ML-DSA-65,concurrent_verify_burst,workers4_concurrency1,512,3,0,318833,331000,7782400,true,accepted=1;saturated=0;unexpected=0,1,1,0,0,3309,0,0,0,0,0,"controlled local burst; wall time includes scoped-thread creation, Aegis policy/transcript processing, bounded-pool admission, primitive verification, and joins; work_units counts accepted verifications only"
local-1786752837727815000,macmini-m2-macos26.5.2-rust1.97.1-aarch64-20260814-workers4,9d3ab807a08ef4cf1077dbc23213e2314ce37c87,MEASURED,1786752837732448000,load,aegis_bounded_verification_pool,ML-DSA-65,concurrent_verify_burst,workers4_concurrency1,512,4,0,257666,263000,7798784,true,accepted=1;saturated=0;unexpected=0,1,1,0,0,3309,0,0,0,0,0,"controlled local burst; wall time includes scoped-thread creation, Aegis policy/transcript processing, bounded-pool admission, primitive verification, and joins; work_units counts accepted verifications only"
local-1786752837727815000,macmini-m2-macos26.5.2-rust1.97.1-aarch64-20260814-workers4,9d3ab807a08ef4cf1077dbc23213e2314ce37c87,MEASURED,1786752837733065000,load,aegis_bounded_verification_pool,ML-DSA-65,concurrent_verify_burst,workers4_concurrency1,512,5,0,317000,308000,7831552,true,accepted=1;saturated=0;unexpected=0,1,1,0,0,3309,0,0,0,0,0,"controlled local burst; wall time includes scoped-thread creation, Aegis policy/transcript processing, bounded-pool admission, primitive verification, and joins; work_units counts accepted verifications only"
local-1786752837727815000,macmini-m2-macos26.5.2-rust1.97.1-aarch64-20260814-workers4,9d3ab807a08ef4cf1077dbc23213e2314ce37c87,MEASURED,1786752837734150000,load,aegis_bounded_verification_pool,ML-DSA-65,concurrent_verify_burst,workers4_concurrency1,512,6,0,194333,209000,7831552,true,accepted=1;saturated=0;unexpected=0,1,1,0,0,3309,0,0,0,0,0,"controlled local burst; wall time includes scoped-thread creation, Aegis policy/transcript processing, bounded-pool admission, primitive verification, and joins; work_units counts accepted verifications only"
local-1786752837727815000,macmini-m2-macos26.5.2-rust1.97.1-aarch64-20260814-workers4,9d3ab807a08ef4cf1077dbc23213e2314ce37c87,MEASURED,1786752837734584000,load,aegis_bounded_verification_pool,ML-DSA-65,concurrent_verify_burst,workers4_concurrency1,512,7,0,163333,175000,7864320,true,accepted=1;saturated=0;unexpected=0,1,1,0,0,3309,0,0,0,0,0,"controlled local burst; wall time includes scoped-thread creation, Aegis policy/transcript processing, bounded-pool admission, primitive verification, and joins; work_units counts accepted verifications only"
local-1786752837727815000,macmini-m2-macos26.5.2-rust1.97.1-aarch64-20260814-workers4,9d3ab807a08ef4cf1077dbc23213e2314ce37c87,MEASURED,1786752837735154000,load,aegis_bounded_verification_pool,ML-DSA-65,concurrent_verify_burst,workers4_concurrency1,512,8,0,158667,165000,7864320,true,accepted=1;saturated=0;unexpected=0,1,1,0,0,3309,0,0,0,0,0,"controlled local burst; wall time includes scoped-thread creation, Aegis policy/transcript processing, bounded-pool admission, primitive verification, and joins; work_units counts accepted verifications only"
local-1786752837727815000,macmini-m2-macos26.5.2-rust1.97.1-aarch64-20260814-workers4,9d3ab807a08ef4cf1077dbc23213e2314ce37c87,MEASURED,1786752837735673000,load,aegis_bounded_verification_pool,ML-DSA-65,concurrent_verify_burst,workers4_concurrency1,512,9,0,181167,192000,7913472,true,accepted=1;saturated=0;unexpected=0,1,1,0,0,3309,0,0,0,0,0,"controlled local burst; wall time includes scoped-thread creation, Aegis policy/transcript processing, bounded-pool admission, primitive verification, and joins; work_units counts accepted verifications only"
local-1786752837727815000,macmini-m2-macos26.5.2-rust1.97.1-aarch64-20260814-workers4,9d3ab807a08ef4cf1077dbc23213e2314ce37c87,MEASURED,1786752837736375000,load,aegis_bounded_verification_pool,ML-DSA-65,concurrent_verify_burst,workers4_concurrency1,512,10,0,183459,193000,7962624,true,accepted=1;saturated=0;unexpected=0,1,1,0,0,3309,0,0,0,0,0,"controlled local burst; wall time includes scoped-thread creation, Aegis policy/transcript processing, bounded-pool admission, primitive verification, and joins; work_units counts accepted verifications only"
local-1786752837727815000,macmini-m2-macos26.5.2-rust1.97.1-aarch64-20260814-workers4,9d3ab807a08ef4cf1077dbc23213e2314ce37c87,MEASURED,1786752837737524000,load,aegis_bounded_verification_pool,ML-DSA-65,concurrent_verify_burst,workers4_concurrency1,512,11,0,153833,160000,7979008,true,accepted=1;saturated=0;unexpected=0,1,1,0,0,3309,0,0,0,0,0,"controlled local burst; wall time includes scoped-thread creation, Aegis policy/transcript processing, bounded-pool admission, primitive verification, and joins; work_units counts accepted verifications only"
local-1786752837727815000,macmini-m2-macos26.5.2-rust1.97.1-aarch64-20260814-workers4,9d3ab807a08ef4cf1077dbc23213e2314ce37c87,MEASURED,1786752837737876000,load,aegis_bounded_verification_pool,ML-DSA-65,concurrent_verify_burst,workers4_concurrency1,512,12,0,149333,155000,7979008,true,accepted=1;saturated=0;unexpected=0,1,1,0,0,3309,0,0,0,0,0,"controlled local burst; wall time includes scoped-thread creation, Aegis policy/transcript processing, bounded-pool admission, primitive verification, and joins; work_units counts accepted verifications only"
local-1786752837727815000,macmini-m2-macos26.5.2-rust1.97.1-aarch64-20260814-workers4,9d3ab807a08ef4cf1077dbc23213e2314ce37c87,MEASURED,1786752837738813000,load,aegis_bounded_verification_pool,ML-DSA-65,concurrent_verify_burst,workers4_concurrency1,512,13,0,155500,161000,7979008,true,accepted=1;saturated=0;unexpected=0,1,1,0,0,3309,0,0,0,0,0,"controlled local burst; wall time includes scoped-thread creation, Aegis policy/transcript processing, bounded-pool admission, primitive verification, and joins; work_units counts accepted verifications only"
local-1786752837727815000,macmini-m2-macos26.5.2-rust1.97.1-aarch64-20260814-workers4,9d3ab807a08ef4cf1077dbc23213e2314ce37c87,MEASURED,1786752837740170000,load,aegis_bounded_verification_pool,ML-DSA-65,concurrent_verify_burst,workers4_concurrency1,512,14,0,356875,366000,7995392,true,accepted=1;saturated=0;unexpected=0,1,1,0,0,3309,0,0,0,0,0,"controlled local burst; wall time includes scoped-thread creation, Aegis policy/transcript processing, bounded-pool admission, primitive verification, and joins; work_units counts accepted verifications only"
local-1786752837727815000,macmini-m2-macos26.5.2-rust1.97.1-aarch64-20260814-workers4,9d3ab807a08ef4cf1077dbc23213e2314ce37c87,MEASURED,1786752837740655000,load,aegis_bounded_verification_pool,ML-DSA-65,concurrent_verify_burst,workers4_concurrency1,512,15,0,170875,183000,7995392,true,accepted=1;saturated=0;unexpected=0,1,1,0,0,3309,0,0,0,0,0,"controlled local burst; wall time includes scoped-thread creation, Aegis policy/transcript processing, bounded-pool admission, primitive verification, and joins; work_units counts accepted verifications only"
local-1786752837727815000,macmini-m2-macos26.5.2-rust1.97.1-aarch64-20260814-workers4,9d3ab807a08ef4cf1077dbc23213e2314ce37c87,MEASURED,1786752837740981000,load,aegis_bounded_verification_pool,ML-DSA-65,concurrent_verify_burst,workers4_concurrency1,512,16,0,162709,170000,8028160,true,accepted=1;saturated=0;unexpected=0,1,1,0,0,3309,0,0,0,0,0,"controlled local burst; wall time includes scoped-thread creation, Aegis policy/transcript processing, bounded-pool admission, primitive verification, and joins; work_units counts accepted verifications only"
local-1786752837727815000,macmini-m2-macos26.5.2-rust1.97.1-aarch64-20260814-workers4,9d3ab807a08ef4cf1077dbc23213e2314ce37c87,MEASURED,1786752837742355000,load,aegis_bounded_verification_pool,ML-DSA-65,concurrent_verify_burst,workers4_concurrency1,512,17,0,159458,166000,8044544,true,accepted=1;saturated=0;unexpected=0,1,1,0,0,3309,0,0,0,0,0,"controlled local burst; wall time includes scoped-thread creation, Aegis policy/transcript processing, bounded-pool admission, primitive verification, and joins; work_units counts accepted verifications only"
local-1786752837727815000,macmini-m2-macos26.5.2-rust1.97.1-aarch64-20260814-workers4,9d3ab807a08ef4cf1077dbc23213e2314ce37c87,MEASURED,1786752837742655000,load,aegis_bounded_verification_pool,ML-DSA-65,concurrent_verify_burst,workers4_concurrency1,512,18,0,149709,156000,8077312,true,accepted=1;saturated=0;unexpected=0,1,1,0,0,3309,0,0,0,0,0,"controlled local burst; wall time includes scoped-thread creation, Aegis policy/transcript processing, bounded-pool admission, primitive verification, and joins; work_units counts accepted verifications only"
local-1786752837727815000,macmini-m2-macos26.5.2-rust1.97.1-aarch64-20260814-workers4,9d3ab807a08ef4cf1077dbc23213e2314ce37c87,MEASURED,1786752837742959000,load,aegis_bounded_verification_pool,ML-DSA-65,concurrent_verify_burst,workers4_concurrency1,512,19,0,153875,160000,8077312,true,accepted=1;saturated=0;unexpected=0,1,1,0,0,3309,0,0,0,0,0,"controlled local burst; wall time includes scoped-thread creation, Aegis policy/transcript processing, bounded-pool admission, primitive verification, and joins; work_units counts accepted verifications only"
local-1786752837727815000,macmini-m2-macos26.5.2-rust1.97.1-aarch64-20260814-workers4,9d3ab807a08ef4cf1077dbc23213e2314ce37c87,MEASURED,1786752837743352000,load,aegis_bounded_verification_pool,ML-DSA-65,concurrent_verify_burst,workers4_concurrency1,512,20,0,152750,159000,8110080,true,accepted=1;saturated=0;unexpected=0,1,1,0,0,3309,0,0,0,0,0,"controlled local burst; wall time includes scoped-thread creation, Aegis policy/transcript processing, bounded-pool admission, primitive verification, and joins; work_units counts accepted verifications only"
local-1786752837727815000,macmini-m2-macos26.5.2-rust1.97.1-aarch64-20260814-workers4,9d3ab807a08ef4cf1077dbc23213e2314ce37c87,MEASURED,1786752837743763000,load,aegis_bounded_verification_pool,ML-DSA-65,concurrent_verify_burst,workers4_concurrency1,512,21,0,150125,156000,8110080,true,accepted=1;saturated=0;unexpected=0,1,1,0,0,3309,0,0,0,0,0,"controlled local burst; wall time includes scoped-thread creation, Aegis policy/transcript processing, bounded-pool admission, primitive verification, and joins; work_units counts accepted verifications only"
local-1786752837727815000,macmini-m2-macos26.5.2-rust1.97.1-aarch64-20260814-workers4,9d3ab807a08ef4cf1077dbc23213e2314ce37c87,MEASURED,1786752837744219000,load,aegis_bounded_verification_pool,ML-DSA-65,concurrent_verify_burst,workers4_concurrency1,512,22,0,148834,155000,8110080,true,accepted=1;saturated=0;unexpected=0,1,1,0,0,3309,0,0,0,0,0,"controlled local burst; wall time includes scoped-thread creation, Aegis policy/transcript processing, bounded-pool admission, primitive verification, and joins; work_units counts accepted verifications only"
local-1786752837727815000,macmini-m2-macos26.5.2-rust1.97.1-aarch64-20260814-workers4,9d3ab807a08ef4cf1077dbc23213e2314ce37c87,MEASURED,1786752837744662000,load,aegis_bounded_verification_pool,ML-DSA-65,concurrent_verify_burst,workers4_concurrency1,512,23,0,148833,155000,8110080,true,accepted=1;saturated=0;unexpected=0,1,1,0,0,3309,0,0,0,0,0,"controlled local burst; wall time includes scoped-thread creation, Aegis policy/transcript processing, bounded-pool admission, primitive verification, and joins; work_units counts accepted verifications only"
local-1786752837727815000,macmini-m2-macos26.5.2-rust1.97.1-aarch64-20260814-workers4,9d3ab807a08ef4cf1077dbc23213e2314ce37c87,MEASURED,1786752837746029000,load,aegis_bounded_verification_pool,ML-DSA-65,concurrent_verify_burst,workers4_concurrency1,512,24,0,164167,171000,8110080,true,accepted=1;saturated=0;unexpected=0,1,1,0,0,3309,0,0,0,0,0,"controlled local burst; wall time includes scoped-thread creation, Aegis policy/transcript processing, bounded-pool admission, primitive verification, and joins; work_units counts accepted verifications only"
local-1786752837727815000,macmini-m2-macos26.5.2-rust1.97.1-aarch64-20260814-workers4,9d3ab807a08ef4cf1077dbc23213e2314ce37c87,MEASURED,1786752837746605000,load,aegis_bounded_verification_pool,ML-DSA-65,concurrent_verify_burst,workers4_concurrency1,512,25,0,287834,291000,8126464,true,accepted=1;saturated=0;unexpected=0,1,1,0,0,3309,0,0,0,0,0,"controlled local burst; wall time includes scoped-thread creation, Aegis policy/transcript processing, bounded-pool admission, primitive verification, and joins; work_units counts accepted verifications only"
local-1786752837727815000,macmini-m2-macos26.5.2-rust1.97.1-aarch64-20260814-workers4,9d3ab807a08ef4cf1077dbc23213e2314ce37c87,MEASURED,1786752837747052000,load,aegis_bounded_verification_pool,ML-DSA-65,concurrent_verify_burst,workers4_concurrency1,512,26,0,158291,172000,8126464,true,accepted=1;saturated=0;unexpected=0,1,1,0,0,3309,0,0,0,0,0,"controlled local burst; wall time includes scoped-thread creation, Aegis policy/transcript processing, bounded-pool admission, primitive verification, and joins; work_units counts accepted verifications only"
local-1786752837727815000,macmini-m2-macos26.5.2-rust1.97.1-aarch64-20260814-workers4,9d3ab807a08ef4cf1077dbc23213e2314ce37c87,MEASURED,1786752837747586000,load,aegis_bounded_verification_pool,ML-DSA-65,concurrent_verify_burst,workers4_concurrency1,512,27,0,158791,167000,8126464,true,accepted=1;saturated=0;unexpected=0,1,1,0,0,3309,0,0,0,0,0,"controlled local burst; wall time includes scoped-thread creation, Aegis policy/transcript processing, bounded-pool admission, primitive verification, and joins; work_units counts accepted verifications only"
local-1786752837727815000,macmini-m2-macos26.5.2-rust1.97.1-aarch64-20260814-workers4,9d3ab807a08ef4cf1077dbc23213e2314ce37c87,MEASURED,1786752837748809000,load,aegis_bounded_verification_pool,ML-DSA-65,concurrent_verify_burst,workers4_concurrency1,512,28,0,149916,157000,8126464,true,accepted=1;saturated=0;unexpected=0,1,1,0,0,3309,0,0,0,0,0,"controlled local burst; wall time includes scoped-thread creation, Aegis policy/transcript processing, bounded-pool admission, primitive verification, and joins; work_units counts accepted verifications only"
local-1786752837727815000,macmini-m2-macos26.5.2-rust1.97.1-aarch64-20260814-workers4,9d3ab807a08ef4cf1077dbc23213e2314ce37c87,MEASURED,1786752837749988000,load,aegis_bounded_verification_pool,ML-DSA-65,concurrent_verify_burst,workers4_concurrency1,512,29,0,153458,160000,8126464,true,accepted=1;saturated=0;unexpected=0,1,1,0,0,3309,0,0,0,0,0,"controlled local burst; wall time includes scoped-thread creation, Aegis policy/transcript processing, bounded-pool admission, primitive verification, and joins; work_units counts accepted verifications only"
local-1786752837727815000,macmini-m2-macos26.5.2-rust1.97.1-aarch64-20260814-workers4,9d3ab807a08ef4cf1077dbc23213e2314ce37c87,MEASURED,1786752837750492000,load,aegis_bounded_verification_pool,ML-DSA-65,concurrent_verify_burst,workers4_concurrency1,512,30,0,152000,158000,8126464,true,accepted=1;saturated=0;unexpected=0,1,1,0,0,3309,0,0,0,0,0,"controlled local burst; wall time includes scoped-thread creation, Aegis policy/transcript processing, bounded-pool admission, primitive verification, and joins; work_units counts accepted verifications only"
local-1786752837727815000,macmini-m2-macos26.5.2-rust1.97.1-aarch64-20260814-workers4,9d3ab807a08ef4cf1077dbc23213e2314ce37c87,MEASURED,1786752837750996000,load,aegis_bounded_verification_pool,ML-DSA-65,concurrent_verify_burst,workers4_concurrency1,512,31,0,152333,158000,8142848,true,accepted=1;saturated=0;unexpected=0,1,1,0,0,3309,0,0,0,0,0,"controlled local burst; wall time includes scoped-thread creation, Aegis policy/transcript processing, bounded-pool admission, primitive verification, and joins; work_units counts accepted verifications only"
local-1786752837727815000,macmini-m2-macos26.5.2-rust1.97.1-aarch64-20260814-workers4,9d3ab807a08ef4cf1077dbc23213e2314ce37c87,MEASURED,1786752837751397000,load,aegis_bounded_verification_pool,ML-DSA-65,concurrent_verify_burst,workers4_concurrency1,512,32,0,149958,156000,8142848,true,accepted=1;saturated=0;unexpected=0,1,1,0,0,3309,0,0,0,0,0,"controlled local burst; wall time includes scoped-thread creation, Aegis policy/transcript processing, bounded-pool admission, primitive verification, and joins; work_units counts accepted verifications only"
local-1786752837727815000,macmini-m2-macos26.5.2-rust1.97.1-aarch64-20260814-workers4,9d3ab807a08ef4cf1077dbc23213e2314ce37c87,MEASURED,1786752837751747000,load,aegis_bounded_verification_pool,ML-DSA-65,concurrent_verify_burst,workers4_concurrency1,512,33,0,145792,152000,8142848,true,accepted=1;saturated=0;unexpected=0,1,1,0,0,3309,0,0,0,0,0,"controlled local burst; wall time includes scoped-thread creation, Aegis policy/transcript processing, bounded-pool admission, primitive verification, and joins; work_units counts accepted verifications only"
local-1786752837727815000,macmini-m2-macos26.5.2-rust1.97.1-aarch64-20260814-workers4,9d3ab807a08ef4cf1077dbc23213e2314ce37c87,MEASURED,1786752837752208000,load,aegis_bounded_verification_pool,ML-DSA-65,concurrent_verify_burst,workers4_concurrency1,512,34,0,161417,171000,8142848,true,accepted=1;saturated=0;unexpected=0,1,1,0,0,3309,0,0,0,0,0,"controlled local burst; wall time includes scoped-thread creation, Aegis policy/transcript processing, bounded-pool admission, primitive verification, and joins; work_units counts accepted verifications only"
local-1786752837727815000,macmini-m2-macos26.5.2-rust1.97.1-aarch64-20260814-workers4,9d3ab807a08ef4cf1077dbc23213e2314ce37c87,MEASURED,1786752837752693000,load,aegis_bounded_verification_pool,ML-DSA-65,concurrent_verify_burst,workers4_concurrency1,512,35,0,157625,164000,8142848,true,accepted=1;saturated=0;unexpected=0,1,1,0,0,3309,0,0,0,0,0,"controlled local burst; wall time includes scoped-thread creation, Aegis policy/transcript processing, bounded-pool admission, primitive verification, and joins; work_units counts accepted verifications only"
local-1786752837727815000,macmini-m2-macos26.5.2-rust1.97.1-aarch64-20260814-workers4,9d3ab807a08ef4cf1077dbc23213e2314ce37c87,MEASURED,1786752837753181000,load,aegis_bounded_verification_pool,ML-DSA-65,concurrent_verify_burst,workers4_concurrency1,512,36,0,174208,178000,8142848,true,accepted=1;saturated=0;unexpected=0,1,1,0,0,3309,0,0,0,0,0,"controlled local burst; wall time includes scoped-thread creation, Aegis policy/transcript processing, bounded-pool admission, primitive verification, and joins; work_units counts accepted verifications only"
local-1786752837727815000,macmini-m2-macos26.5.2-rust1.97.1-aarch64-20260814-workers4,9d3ab807a08ef4cf1077dbc23213e2314ce37c87,MEASURED,1786752837753691000,load,aegis_bounded_verification_pool,ML-DSA-65,concurrent_verify_burst,workers4_concurrency1,512,37,0,264500,242000,8142848,true,accepted=1;saturated=0;unexpected=0,1,1,0,0,3309,0,0,0,0,0,"controlled local burst; wall time includes scoped-thread creation, Aegis policy/transcript processing, bounded-pool admission, primitive verification, and joins; work_units counts accepted verifications only"
local-1786752837727815000,macmini-m2-macos26.5.2-rust1.97.1-aarch64-20260814-workers4,9d3ab807a08ef4cf1077dbc23213e2314ce37c87,MEASURED,1786752837754390000,load,aegis_bounded_verification_pool,ML-DSA-65,concurrent_verify_burst,workers4_concurrency1,512,38,0,173584,182000,8142848,true,accepted=1;saturated=0;unexpected=0,1,1,0,0,3309,0,0,0,0,0,"controlled local burst; wall time includes scoped-thread creation, Aegis policy/transcript processing, bounded-pool admission, primitive verification, and joins; work_units counts accepted verifications only"
local-1786752837727815000,macmini-m2-macos26.5.2-rust1.97.1-aarch64-20260814-workers4,9d3ab807a08ef4cf1077dbc23213e2314ce37c87,MEASURED,1786752837755085000,load,aegis_bounded_verification_pool,ML-DSA-65,concurrent_verify_burst,workers4_concurrency1,512,39,0,159667,167000,8142848,true,accepted=1;saturated=0;unexpected=0,1,1,0,0,3309,0,0,0,0,0,"controlled local burst; wall time includes scoped-thread creation, Aegis policy/transcript processing, bounded-pool admission, primitive verification, and joins; work_units counts accepted verifications only"
local-1786752837727815000,macmini-m2-macos26.5.2-rust1.97.1-aarch64-20260814-workers4,9d3ab807a08ef4cf1077dbc23213e2314ce37c87,MEASURED,1786752837755962000,load,aegis_bounded_verification_pool,ML-DSA-65,concurrent_verify_burst,workers4_concurrency1,512,40,0,156500,162000,8142848,true,accepted=1;saturated=0;unexpected=0,1,1,0,0,3309,0,0,0,0,0,"controlled local burst; wall time includes scoped-thread creation, Aegis policy/transcript processing, bounded-pool admission, primitive verification, and joins; work_units counts accepted verifications only"
local-1786752837727815000,macmini-m2-macos26.5.2-rust1.97.1-aarch64-20260814-workers4,9d3ab807a08ef4cf1077dbc23213e2314ce37c87,MEASURED,1786752837756415000,load,aegis_bounded_verification_pool,ML-DSA-65,concurrent_verify_burst,workers4_concurrency1,512,41,0,153000,159000,8159232,true,accepted=1;saturated=0;unexpected=0,1,1,0,0,3309,0,0,0,0,0,"controlled local burst; wall time includes scoped-thread creation, Aegis policy/transcript processing, bounded-pool admission, primitive verification, and joins; work_units counts accepted verifications only"
local-1786752837727815000,macmini-m2-macos26.5.2-rust1.97.1-aarch64-20260814-workers4,9d3ab807a08ef4cf1077dbc23213e2314ce37c87,MEASURED,1786752837756884000,load,aegis_bounded_verification_pool,ML-DSA-65,concurrent_verify_burst,workers4_concurrency1,512,42,0,140916,147000,8159232,true,accepted=1;saturated=0;unexpected=0,1,1,0,0,3309,0,0,0,0,0,"controlled local burst; wall time includes scoped-thread creation, Aegis policy/transcript processing, bounded-pool admission, primitive verification, and joins; work_units counts accepted verifications only"
local-1786752837727815000,macmini-m2-macos26.5.2-rust1.97.1-aarch64-20260814-workers4,9d3ab807a08ef4cf1077dbc23213e2314ce37c87,MEASURED,1786752837757367000,load,aegis_bounded_verification_pool,ML-DSA-65,concurrent_verify_burst,workers4_concurrency1,512,43,0,150000,156000,8159232,true,accepted=1;saturated=0;unexpected=0,1,1,0,0,3309,0,0,0,0,0,"controlled local burst; wall time includes scoped-thread creation, Aegis policy/transcript processing, bounded-pool admission, primitive verification, and joins; work_units counts accepted verifications only"
local-1786752837727815000,macmini-m2-macos26.5.2-rust1.97.1-aarch64-20260814-workers4,9d3ab807a08ef4cf1077dbc23213e2314ce37c87,MEASURED,1786752837757916000,load,aegis_bounded_verification_pool,ML-DSA-65,concurrent_verify_burst,workers4_concurrency1,512,44,0,151167,158000,8159232,true,accepted=1;saturated=0;unexpected=0,1,1,0,0,3309,0,0,0,0,0,"controlled local burst; wall time includes scoped-thread creation, Aegis policy/transcript processing, bounded-pool admission, primitive verification, and joins; work_units counts accepted verifications only"
local-1786752837727815000,macmini-m2-macos26.5.2-rust1.97.1-aarch64-20260814-workers4,9d3ab807a08ef4cf1077dbc23213e2314ce37c87,MEASURED,1786752837759112000,load,aegis_bounded_verification_pool,ML-DSA-65,concurrent_verify_burst,workers4_concurrency1,512,45,0,154750,161000,8159232,true,accepted=1;saturated=0;unexpected=0,1,1,0,0,3309,0,0,0,0,0,"controlled local burst; wall time includes scoped-thread creation, Aegis policy/transcript processing, bounded-pool admission, primitive verification, and joins; work_units counts accepted verifications only"
local-1786752837727815000,macmini-m2-macos26.5.2-rust1.97.1-aarch64-20260814-workers4,9d3ab807a08ef4cf1077dbc23213e2314ce37c87,MEASURED,1786752837759638000,load,aegis_bounded_verification_pool,ML-DSA-65,concurrent_verify_burst,workers4_concurrency1,512,46,0,154833,160000,8159232,true,accepted=1;saturated=0;unexpected=0,1,1,0,0,3309,0,0,0,0,0,"controlled local burst; wall time includes scoped-thread creation, Aegis policy/transcript processing, bounded-pool admission, primitive verification, and joins; work_units counts accepted verifications only"
local-1786752837727815000,macmini-m2-macos26.5.2-rust1.97.1-aarch64-20260814-workers4,9d3ab807a08ef4cf1077dbc23213e2314ce37c87,MEASURED,1786752837760192000,load,aegis_bounded_verification_pool,ML-DSA-65,concurrent_verify_burst,workers4_concurrency1,512,47,0,212875,219000,8159232,true,accepted=1;saturated=0;unexpected=0,1,1,0,0,3309,0,0,0,0,0,"controlled local burst; wall time includes scoped-thread creation, Aegis policy/transcript processing, bounded-pool admission, primitive verification, and joins; work_units counts accepted verifications only"
local-1786752837727815000,macmini-m2-macos26.5.2-rust1.97.1-aarch64-20260814-workers4,9d3ab807a08ef4cf1077dbc23213e2314ce37c87,MEASURED,1786752837761139000,load,aegis_bounded_verification_pool,ML-DSA-65,concurrent_verify_burst,workers4_concurrency1,512,48,0,197750,198000,8159232,true,accepted=1;saturated=0;unexpected=0,1,1,0,0,3309,0,0,0,0,0,"controlled local burst; wall time includes scoped-thread creation, Aegis policy/transcript processing, bounded-pool admission, primitive verification, and joins; work_units counts accepted verifications only"
local-1786752837727815000,macmini-m2-macos26.5.2-rust1.97.1-aarch64-20260814-workers4,9d3ab807a08ef4cf1077dbc23213e2314ce37c87,MEASURED,1786752837761463000,load,aegis_bounded_verification_pool,ML-DSA-65,concurrent_verify_burst,workers4_concurrency1,512,49,0,162875,172000,8159232,true,accepted=1;saturated=0;unexpected=0,1,1,0,0,3309,0,0,0,0,0,"controlled local burst; wall time includes scoped-thread creation, Aegis policy/transcript processing, bounded-pool admission, primitive verification, and joins; work_units counts accepted verifications only"
local-1786752837727815000,macmini-m2-macos26.5.2-rust1.97.1-aarch64-20260814-workers4,9d3ab807a08ef4cf1077dbc23213e2314ce37c87,MEASURED,1786752837761825000,load,aegis_bounded_verification_pool,ML-DSA-65,concurrent_verify_burst,workers4_concurrency1,512,50,0,153458,159000,8159232,true,accepted=1;saturated=0;unexpected=0,1,1,0,0,3309,0,0,0,0,0,"controlled local burst; wall time includes scoped-thread creation, Aegis policy/transcript processing, bounded-pool admission, primitive verification, and joins; work_units counts accepted verifications only"
local-1786752837727815000,macmini-m2-macos26.5.2-rust1.97.1-aarch64-20260814-workers4,9d3ab807a08ef4cf1077dbc23213e2314ce37c87,MEASURED,1786752837762128000,load,aegis_bounded_verification_pool,ML-DSA-65,concurrent_verify_burst,workers4_concurrency1,512,51,0,145125,150000,8159232,true,accepted=1;saturated=0;unexpected=0,1,1,0,0,3309,0,0,0,0,0,"controlled local burst; wall time includes scoped-thread creation, Aegis policy/transcript processing, bounded-pool admission, primitive verification, and joins; work_units counts accepted verifications only"
local-1786752837727815000,macmini-m2-macos26.5.2-rust1.97.1-aarch64-20260814-workers4,9d3ab807a08ef4cf1077dbc23213e2314ce37c87,MEASURED,1786752837762904000,load,aegis_bounded_verification_pool,ML-DSA-65,concurrent_verify_burst,workers4_concurrency1,512,52,0,155916,162000,8159232,true,accepted=1;saturated=0;unexpected=0,1,1,0,0,3309,0,0,0,0,0,"controlled local burst; wall time includes scoped-thread creation, Aegis policy/transcript processing, bounded-pool admission, primitive verification, and joins; work_units counts accepted verifications only"
local-1786752837727815000,macmini-m2-macos26.5.2-rust1.97.1-aarch64-20260814-workers4,9d3ab807a08ef4cf1077dbc23213e2314ce37c87,MEASURED,1786752837763314000,load,aegis_bounded_verification_pool,ML-DSA-65,concurrent_verify_burst,workers4_concurrency1,512,53,0,150833,158000,8159232,true,accepted=1;saturated=0;unexpected=0,1,1,0,0,3309,0,0,0,0,0,"controlled local burst; wall time includes scoped-thread creation, Aegis policy/transcript processing, bounded-pool admission, primitive verification, and joins; work_units counts accepted verifications only"
local-1786752837727815000,macmini-m2-macos26.5.2-rust1.97.1-aarch64-20260814-workers4,9d3ab807a08ef4cf1077dbc23213e2314ce37c87,MEASURED,1786752837763779000,load,aegis_bounded_verification_pool,ML-DSA-65,concurrent_verify_burst,workers4_concurrency1,512,54,0,148875,155000,8159232,true,accepted=1;saturated=0;unexpected=0,1,1,0,0,3309,0,0,0,0,0,"controlled local burst; wall time includes scoped-thread creation, Aegis policy/transcript processing, bounded-pool admission, primitive verification, and joins; work_units counts accepted verifications only"
local-1786752837727815000,macmini-m2-macos26.5.2-rust1.97.1-aarch64-20260814-workers4,9d3ab807a08ef4cf1077dbc23213e2314ce37c87,MEASURED,1786752837764083000,load,aegis_bounded_verification_pool,ML-DSA-65,concurrent_verify_burst,workers4_concurrency1,512,55,0,142208,147000,8159232,true,accepted=1;saturated=0;unexpected=0,1,1,0,0,3309,0,0,0,0,0,"controlled local burst; wall time includes scoped-thread creation, Aegis policy/transcript processing, bounded-pool admission, primitive verification, and joins; work_units counts accepted verifications only"
local-1786752837727815000,macmini-m2-macos26.5.2-rust1.97.1-aarch64-20260814-workers4,9d3ab807a08ef4cf1077dbc23213e2314ce37c87,MEASURED,1786752837764756000,load,aegis_bounded_verification_pool,ML-DSA-65,concurrent_verify_burst,workers4_concurrency1,512,56,0,153416,159000,8159232,true,accepted=1;saturated=0;unexpected=0,1,1,0,0,3309,0,0,0,0,0,"controlled local burst; wall time includes scoped-thread creation, Aegis policy/transcript processing, bounded-pool admission, primitive verification, and joins; work_units counts accepted verifications only"
local-1786752837727815000,macmini-m2-macos26.5.2-rust1.97.1-aarch64-20260814-workers4,9d3ab807a08ef4cf1077dbc23213e2314ce37c87,MEASURED,1786752837765074000,load,aegis_bounded_verification_pool,ML-DSA-65,concurrent_verify_burst,workers4_concurrency1,512,57,0,149166,155000,8159232,true,accepted=1;saturated=0;unexpected=0,1,1,0,0,3309,0,0,0,0,0,"controlled local burst; wall time includes scoped-thread creation, Aegis policy/transcript processing, bounded-pool admission, primitive verification, and joins; work_units counts accepted verifications only"
local-1786752837727815000,macmini-m2-macos26.5.2-rust1.97.1-aarch64-20260814-workers4,9d3ab807a08ef4cf1077dbc23213e2314ce37c87,MEASURED,1786752837765472000,load,aegis_bounded_verification_pool,ML-DSA-65,concurrent_verify_burst,workers4_concurrency1,512,58,0,148750,153000,8159232,true,accepted=1;saturated=0;unexpected=0,1,1,0,0,3309,0,0,0,0,0,"controlled local burst; wall time includes scoped-thread creation, Aegis policy/transcript processing, bounded-pool admission, primitive verification, and joins; work_units counts accepted verifications only"
local-1786752837727815000,macmini-m2-macos26.5.2-rust1.97.1-aarch64-20260814-workers4,9d3ab807a08ef4cf1077dbc23213e2314ce37c87,MEASURED,1786752837766090000,load,aegis_bounded_verification_pool,ML-DSA-65,concurrent_verify_burst,workers4_concurrency1,512,59,0,152084,159000,8159232,true,accepted=1;saturated=0;unexpected=0,1,1,0,0,3309,0,0,0,0,0,"controlled local burst; wall time includes scoped-thread creation, Aegis policy/transcript processing, bounded-pool admission, primitive verification, and joins; work_units counts accepted verifications only"
local-1786752837727815000,macmini-m2-macos26.5.2-rust1.97.1-aarch64-20260814-workers4,9d3ab807a08ef4cf1077dbc23213e2314ce37c87,MEASURED,1786752837766702000,load,aegis_bounded_verification_pool,ML-DSA-65,concurrent_verify_burst,workers4_concurrency1,512,60,0,154375,161000,8159232,true,accepted=1;saturated=0;unexpected=0,1,1,0,0,3309,0,0,0,0,0,"controlled local burst; wall time includes scoped-thread creation, Aegis policy/transcript processing, bounded-pool admission, primitive verification, and joins; work_units counts accepted verifications only"
local-1786752837727815000,macmini-m2-macos26.5.2-rust1.97.1-aarch64-20260814-workers4,9d3ab807a08ef4cf1077dbc23213e2314ce37c87,MEASURED,1786752837767298000,load,aegis_bounded_verification_pool,ML-DSA-65,concurrent_verify_burst,workers4_concurrency1,512,61,0,250250,255000,8159232,true,accepted=1;saturated=0;unexpected=0,1,1,0,0,3309,0,0,0,0,0,"controlled local burst; wall time includes scoped-thread creation, Aegis policy/transcript processing, bounded-pool admission, primitive verification, and joins; work_units counts accepted verifications only"
local-1786752837727815000,macmini-m2-macos26.5.2-rust1.97.1-aarch64-20260814-workers4,9d3ab807a08ef4cf1077dbc23213e2314ce37c87,MEASURED,1786752837768259000,load,aegis_bounded_verification_pool,ML-DSA-65,concurrent_verify_burst,workers4_concurrency1,512,62,0,166583,176000,8159232,true,accepted=1;saturated=0;unexpected=0,1,1,0,0,3309,0,0,0,0,0,"controlled local burst; wall time includes scoped-thread creation, Aegis policy/transcript processing, bounded-pool admission, primitive verification, and joins; work_units counts accepted verifications only"
local-1786752837727815000,macmini-m2-macos26.5.2-rust1.97.1-aarch64-20260814-workers4,9d3ab807a08ef4cf1077dbc23213e2314ce37c87,MEASURED,1786752837769406000,load,aegis_bounded_verification_pool,ML-DSA-65,concurrent_verify_burst,workers4_concurrency1,512,63,0,170834,177000,8159232,true,accepted=1;saturated=0;unexpected=0,1,1,0,0,3309,0,0,0,0,0,"controlled local burst; wall time includes scoped-thread creation, Aegis policy/transcript processing, bounded-pool admission, primitive verification, and joins; work_units counts accepted verifications only"
local-1786752837727815000,macmini-m2-macos26.5.2-rust1.97.1-aarch64-20260814-workers4,9d3ab807a08ef4cf1077dbc23213e2314ce37c87,MEASURED,1786752837770594000,load,aegis_bounded_verification_pool,ML-DSA-65,concurrent_verify_burst,workers4_concurrency1,512,64,0,146167,153000,8159232,true,accepted=1;saturated=0;unexpected=0,1,1,0,0,3309,0,0,0,0,0,"controlled local burst; wall time includes scoped-thread creation, Aegis policy/transcript processing, bounded-pool admission, primitive verification, and joins; work_units counts accepted verifications only"
local-1786752837727815000,macmini-m2-macos26.5.2-rust1.97.1-aarch64-20260814-workers4,9d3ab807a08ef4cf1077dbc23213e2314ce37c87,MEASURED,1786752837771043000,load,aegis_bounded_verification_pool,ML-DSA-65,concurrent_verify_burst,workers4_concurrency1,512,65,0,152750,158000,8159232,true,accepted=1;saturated=0;unexpected=0,1,1,0,0,3309,0,0,0,0,0,"controlled local burst; wall time includes scoped-thread creation, Aegis policy/transcript processing, bounded-pool admission, primitive verification, and joins; work_units counts accepted verifications only"
local-1786752837727815000,macmini-m2-macos26.5.2-rust1.97.1-aarch64-20260814-workers4,9d3ab807a08ef4cf1077dbc23213e2314ce37c87,MEASURED,1786752837771455000,load,aegis_bounded_verification_pool,ML-DSA-65,concurrent_verify_burst,workers4_concurrency1,512,66,0,151458,157000,8159232,true,accepted=1;saturated=0;unexpected=0,1,1,0,0,3309,0,0,0,0,0,"controlled local burst; wall time includes scoped-thread creation, Aegis policy/transcript processing, bounded-pool admission, primitive verification, and joins; work_units counts accepted verifications only"
local-1786752837727815000,macmini-m2-macos26.5.2-rust1.97.1-aarch64-20260814-workers4,9d3ab807a08ef4cf1077dbc23213e2314ce37c87,MEASURED,1786752837771800000,load,aegis_bounded_verification_pool,ML-DSA-65,concurrent_verify_burst,workers4_concurrency1,512,67,0,151166,158000,8159232,true,accepted=1;saturated=0;unexpected=0,1,1,0,0,3309,0,0,0,0,0,"controlled local burst; wall time includes scoped-thread creation, Aegis policy/transcript processing, bounded-pool admission, primitive verification, and joins; work_units counts accepted verifications only"
local-1786752837727815000,macmini-m2-macos26.5.2-rust1.97.1-aarch64-20260814-workers4,9d3ab807a08ef4cf1077dbc23213e2314ce37c87,MEASURED,1786752837772244000,load,aegis_bounded_verification_pool,ML-DSA-65,concurrent_verify_burst,workers4_concurrency1,512,68,0,149708,156000,8159232,true,accepted=1;saturated=0;unexpected=0,1,1,0,0,3309,0,0,0,0,0,"controlled local burst; wall time includes scoped-thread creation, Aegis policy/transcript processing, bounded-pool admission, primitive verification, and joins; work_units counts accepted verifications only"
local-1786752837727815000,macmini-m2-macos26.5.2-rust1.97.1-aarch64-20260814-workers4,9d3ab807a08ef4cf1077dbc23213e2314ce37c87,MEASURED,1786752837772866000,load,aegis_bounded_verification_pool,ML-DSA-65,concurrent_verify_burst,workers4_concurrency1,512,69,0,169292,174000,8159232,true,accepted=1;saturated=0;unexpected=0,1,1,0,0,3309,0,0,0,0,0,"controlled local burst; wall time includes scoped-thread creation, Aegis policy/transcript processing, bounded-pool admission, primitive verification, and joins; work_units counts accepted verifications only"
local-1786752837727815000,macmini-m2-macos26.5.2-rust1.97.1-aarch64-20260814-workers4,9d3ab807a08ef4cf1077dbc23213e2314ce37c87,MEASURED,1786752837773243000,load,aegis_bounded_verification_pool,ML-DSA-65,concurrent_verify_burst,workers4_concurrency1,512,70,0,162625,169000,8159232,true,accepted=1;saturated=0;unexpected=0,1,1,0,0,3309,0,0,0,0,0,"controlled local burst; wall time includes scoped-thread creation, Aegis policy/transcript processing, bounded-pool admission, primitive verification, and joins; work_units counts accepted verifications only"
local-1786752837727815000,macmini-m2-macos26.5.2-rust1.97.1-aarch64-20260814-workers4,9d3ab807a08ef4cf1077dbc23213e2314ce37c87,MEASURED,1786752837774024000,load,aegis_bounded_verification_pool,ML-DSA-65,concurrent_verify_burst,workers4_concurrency1,512,71,0,269875,293000,8159232,true,accepted=1;saturated=0;unexpected=0,1,1,0,0,3309,0,0,0,0,0,"controlled local burst; wall time includes scoped-thread creation, Aegis policy/transcript processing, bounded-pool admission, primitive verification, and joins; work_units counts accepted verifications only"
local-1786752837727815000,macmini-m2-macos26.5.2-rust1.97.1-aarch64-20260814-workers4,9d3ab807a08ef4cf1077dbc23213e2314ce37c87,MEASURED,1786752837774353000,load,aegis_bounded_verification_pool,ML-DSA-65,concurrent_verify_burst,workers4_concurrency1,512,72,0,162167,174000,8159232,true,accepted=1;saturated=0;unexpected=0,1,1,0,0,3309,0,0,0,0,0,"controlled local burst; wall time includes scoped-thread creation, Aegis policy/transcript processing, bounded-pool admission, primitive verification, and joins; work_units counts accepted verifications only"
local-1786752837727815000,macmini-m2-macos26.5.2-rust1.97.1-aarch64-20260814-workers4,9d3ab807a08ef4cf1077dbc23213e2314ce37c87,MEASURED,1786752837776021000,load,aegis_bounded_verification_pool,ML-DSA-65,concurrent_verify_burst,workers4_concurrency1,512,73,0,161125,169000,8159232,true,accepted=1;saturated=0;unexpected=0,1,1,0,0,3309,0,0,0,0,0,"controlled local burst; wall time includes scoped-thread creation, Aegis policy/transcript processing, bounded-pool admission, primitive verification, and joins; work_units counts accepted verifications only"
local-1786752837727815000,macmini-m2-macos26.5.2-rust1.97.1-aarch64-20260814-workers4,9d3ab807a08ef4cf1077dbc23213e2314ce37c87,MEASURED,1786752837776396000,load,aegis_bounded_verification_pool,ML-DSA-65,concurrent_verify_burst,workers4_concurrency1,512,74,0,155208,165000,8159232,true,accepted=1;saturated=0;unexpected=0,1,1,0,0,3309,0,0,0,0,0,"controlled local burst; wall time includes scoped-thread creation, Aegis policy/transcript processing, bounded-pool admission, primitive verification, and joins; work_units counts accepted verifications only"
local-1786752837727815000,macmini-m2-macos26.5.2-rust1.97.1-aarch64-20260814-workers4,9d3ab807a08ef4cf1077dbc23213e2314ce37c87,MEASURED,1786752837776764000,load,aegis_bounded_verification_pool,ML-DSA-65,concurrent_verify_burst,workers4_concurrency1,512,75,0,152250,162000,8159232,true,accepted=1;saturated=0;unexpected=0,1,1,0,0,3309,0,0,0,0,0,"controlled local burst; wall time includes scoped-thread creation, Aegis policy/transcript processing, bounded-pool admission, primitive verification, and joins; work_units counts accepted verifications only"
local-1786752837727815000,macmini-m2-macos26.5.2-rust1.97.1-aarch64-20260814-workers4,9d3ab807a08ef4cf1077dbc23213e2314ce37c87,MEASURED,1786752837777556000,load,aegis_bounded_verification_pool,ML-DSA-65,concurrent_verify_burst,workers4_concurrency1,512,76,0,153459,160000,8159232,true,accepted=1;saturated=0;unexpected=0,1,1,0,0,3309,0,0,0,0,0,"controlled local burst; wall time includes scoped-thread creation, Aegis policy/transcript processing, bounded-pool admission, primitive verification, and joins; work_units counts accepted verifications only"
local-1786752837727815000,macmini-m2-macos26.5.2-rust1.97.1-aarch64-20260814-workers4,9d3ab807a08ef4cf1077dbc23213e2314ce37c87,MEASURED,1786752837778115000,load,aegis_bounded_verification_pool,ML-DSA-65,concurrent_verify_burst,workers4_concurrency1,512,77,0,151708,157000,8159232,true,accepted=1;saturated=0;unexpected=0,1,1,0,0,3309,0,0,0,0,0,"controlled local burst; wall time includes scoped-thread creation, Aegis policy/transcript processing, bounded-pool admission, primitive verification, and joins; work_units counts accepted verifications only"
local-1786752837727815000,macmini-m2-macos26.5.2-rust1.97.1-aarch64-20260814-workers4,9d3ab807a08ef4cf1077dbc23213e2314ce37c87,MEASURED,1786752837778693000,load,aegis_bounded_verification_pool,ML-DSA-65,concurrent_verify_burst,workers4_concurrency1,512,78,0,151250,157000,8159232,true,accepted=1;saturated=0;unexpected=0,1,1,0,0,3309,0,0,0,0,0,"controlled local burst; wall time includes scoped-thread creation, Aegis policy/transcript processing, bounded-pool admission, primitive verification, and joins; work_units counts accepted verifications only"
local-1786752837727815000,macmini-m2-macos26.5.2-rust1.97.1-aarch64-20260814-workers4,9d3ab807a08ef4cf1077dbc23213e2314ce37c87,MEASURED,1786752837779251000,load,aegis_bounded_verification_pool,ML-DSA-65,concurrent_verify_burst,workers4_concurrency1,512,79,0,150625,156000,8159232,true,accepted=1;saturated=0;unexpected=0,1,1,0,0,3309,0,0,0,0,0,"controlled local burst; wall time includes scoped-thread creation, Aegis policy/transcript processing, bounded-pool admission, primitive verification, and joins; work_units counts accepted verifications only"
local-1786752837727815000,macmini-m2-macos26.5.2-rust1.97.1-aarch64-20260814-workers4,9d3ab807a08ef4cf1077dbc23213e2314ce37c87,MEASURED,1786752837779784000,load,aegis_bounded_verification_pool,ML-DSA-65,concurrent_verify_burst,workers4_concurrency1,512,80,0,171666,176000,8159232,true,accepted=1;saturated=0;unexpected=0,1,1,0,0,3309,0,0,0,0,0,"controlled local burst; wall time includes scoped-thread creation, Aegis policy/transcript processing, bounded-pool admission, primitive verification, and joins; work_units counts accepted verifications only"
local-1786752837727815000,macmini-m2-macos26.5.2-rust1.97.1-aarch64-20260814-workers4,9d3ab807a08ef4cf1077dbc23213e2314ce37c87,MEASURED,1786752837780146000,load,aegis_bounded_verification_pool,ML-DSA-65,concurrent_verify_burst,workers4_concurrency1,512,81,0,157208,164000,8159232,true,accepted=1;saturated=0;unexpected=0,1,1,0,0,3309,0,0,0,0,0,"controlled local burst; wall time includes scoped-thread creation, Aegis policy/transcript processing, bounded-pool admission, primitive verification, and joins; work_units counts accepted verifications only"
local-1786752837727815000,macmini-m2-macos26.5.2-rust1.97.1-aarch64-20260814-workers4,9d3ab807a08ef4cf1077dbc23213e2314ce37c87,MEASURED,1786752837780667000,load,aegis_bounded_verification_pool,ML-DSA-65,concurrent_verify_burst,workers4_concurrency1,512,82,0,154334,160000,8159232,true,accepted=1;saturated=0;unexpected=0,1,1,0,0,3309,0,0,0,0,0,"controlled local burst; wall time includes scoped-thread creation, Aegis policy/transcript processing, bounded-pool admission, primitive verification, and joins; work_units counts accepted verifications only"
local-1786752837727815000,macmini-m2-macos26.5.2-rust1.97.1-aarch64-20260814-workers4,9d3ab807a08ef4cf1077dbc23213e2314ce37c87,MEASURED,1786752837781347000,load,aegis_bounded_verification_pool,ML-DSA-65,concurrent_verify_burst,workers4_concurrency1,512,83,0,286541,286000,8159232,true,accepted=1;saturated=0;unexpected=0,1,1,0,0,3309,0,0,0,0,0,"controlled local burst; wall time includes scoped-thread creation, Aegis policy/transcript processing, bounded-pool admission, primitive verification, and joins; work_units counts accepted verifications only"
local-1786752837727815000,macmini-m2-macos26.5.2-rust1.97.1-aarch64-20260814-workers4,9d3ab807a08ef4cf1077dbc23213e2314ce37c87,MEASURED,1786752837781862000,load,aegis_bounded_verification_pool,ML-DSA-65,concurrent_verify_burst,workers4_concurrency1,512,84,0,270625,271000,8159232,true,accepted=1;saturated=0;unexpected=0,1,1,0,0,3309,0,0,0,0,0,"controlled local burst; wall time includes scoped-thread creation, Aegis policy/transcript processing, bounded-pool admission, primitive verification, and joins; work_units counts accepted verifications only"
local-1786752837727815000,macmini-m2-macos26.5.2-rust1.97.1-aarch64-20260814-workers4,9d3ab807a08ef4cf1077dbc23213e2314ce37c87,MEASURED,1786752837782621000,load,aegis_bounded_verification_pool,ML-DSA-65,concurrent_verify_burst,workers4_concurrency1,512,85,0,156208,169000,8159232,true,accepted=1;saturated=0;unexpected=0,1,1,0,0,3309,0,0,0,0,0,"controlled local burst; wall time includes scoped-thread creation, Aegis policy/transcript processing, bounded-pool admission, primitive verification, and joins; work_units counts accepted verifications only"
local-1786752837727815000,macmini-m2-macos26.5.2-rust1.97.1-aarch64-20260814-workers4,9d3ab807a08ef4cf1077dbc23213e2314ce37c87,MEASURED,1786752837783260000,load,aegis_bounded_verification_pool,ML-DSA-65,concurrent_verify_burst,workers4_concurrency1,512,86,0,159334,167000,8159232,true,accepted=1;saturated=0;unexpected=0,1,1,0,0,3309,0,0,0,0,0,"controlled local burst; wall time includes scoped-thread creation, Aegis policy/transcript processing, bounded-pool admission, primitive verification, and joins; work_units counts accepted verifications only"
local-1786752837727815000,macmini-m2-macos26.5.2-rust1.97.1-aarch64-20260814-workers4,9d3ab807a08ef4cf1077dbc23213e2314ce37c87,MEASURED,1786752837784049000,load,aegis_bounded_verification_pool,ML-DSA-65,concurrent_verify_burst,workers4_concurrency1,512,87,0,153333,159000,8159232,true,accepted=1;saturated=0;unexpected=0,1,1,0,0,3309,0,0,0,0,0,"controlled local burst; wall time includes scoped-thread creation, Aegis policy/transcript processing, bounded-pool admission, primitive verification, and joins; work_units counts accepted verifications only"
local-1786752837727815000,macmini-m2-macos26.5.2-rust1.97.1-aarch64-20260814-workers4,9d3ab807a08ef4cf1077dbc23213e2314ce37c87,MEASURED,1786752837784551000,load,aegis_bounded_verification_pool,ML-DSA-65,concurrent_verify_burst,workers4_concurrency1,512,88,0,151500,157000,8159232,true,accepted=1;saturated=0;unexpected=0,1,1,0,0,3309,0,0,0,0,0,"controlled local burst; wall time includes scoped-thread creation, Aegis policy/transcript processing, bounded-pool admission, primitive verification, and joins; work_units counts accepted verifications only"
local-1786752837727815000,macmini-m2-macos26.5.2-rust1.97.1-aarch64-20260814-workers4,9d3ab807a08ef4cf1077dbc23213e2314ce37c87,MEASURED,1786752837784849000,load,aegis_bounded_verification_pool,ML-DSA-65,concurrent_verify_burst,workers4_concurrency1,512,89,0,149708,155000,8159232,true,accepted=1;saturated=0;unexpected=0,1,1,0,0,3309,0,0,0,0,0,"controlled local burst; wall time includes scoped-thread creation, Aegis policy/transcript processing, bounded-pool admission, primitive verification, and joins; work_units counts accepted verifications only"
local-1786752837727815000,macmini-m2-macos26.5.2-rust1.97.1-aarch64-20260814-workers4,9d3ab807a08ef4cf1077dbc23213e2314ce37c87,MEASURED,1786752837785350000,load,aegis_bounded_verification_pool,ML-DSA-65,concurrent_verify_burst,workers4_concurrency1,512,90,0,149958,156000,8159232,true,accepted=1;saturated=0;unexpected=0,1,1,0,0,3309,0,0,0,0,0,"controlled local burst; wall time includes scoped-thread creation, Aegis policy/transcript processing, bounded-pool admission, primitive verification, and joins; work_units counts accepted verifications only"
local-1786752837727815000,macmini-m2-macos26.5.2-rust1.97.1-aarch64-20260814-workers4,9d3ab807a08ef4cf1077dbc23213e2314ce37c87,MEASURED,1786752837785965000,load,aegis_bounded_verification_pool,ML-DSA-65,concurrent_verify_burst,workers4_concurrency1,512,91,0,150208,155000,8159232,true,accepted=1;saturated=0;unexpected=0,1,1,0,0,3309,0,0,0,0,0,"controlled local burst; wall time includes scoped-thread creation, Aegis policy/transcript processing, bounded-pool admission, primitive verification, and joins; work_units counts accepted verifications only"
local-1786752837727815000,macmini-m2-macos26.5.2-rust1.97.1-aarch64-20260814-workers4,9d3ab807a08ef4cf1077dbc23213e2314ce37c87,MEASURED,1786752837786604000,load,aegis_bounded_verification_pool,ML-DSA-65,concurrent_verify_burst,workers4_concurrency1,512,92,0,152834,158000,8159232,true,accepted=1;saturated=0;unexpected=0,1,1,0,0,3309,0,0,0,0,0,"controlled local burst; wall time includes scoped-thread creation, Aegis policy/transcript processing, bounded-pool admission, primitive verification, and joins; work_units counts accepted verifications only"
local-1786752837727815000,macmini-m2-macos26.5.2-rust1.97.1-aarch64-20260814-workers4,9d3ab807a08ef4cf1077dbc23213e2314ce37c87,MEASURED,1786752837786911000,load,aegis_bounded_verification_pool,ML-DSA-65,concurrent_verify_burst,workers4_concurrency1,512,93,0,157917,164000,8159232,true,accepted=1;saturated=0;unexpected=0,1,1,0,0,3309,0,0,0,0,0,"controlled local burst; wall time includes scoped-thread creation, Aegis policy/transcript processing, bounded-pool admission, primitive verification, and joins; work_units counts accepted verifications only"
local-1786752837727815000,macmini-m2-macos26.5.2-rust1.97.1-aarch64-20260814-workers4,9d3ab807a08ef4cf1077dbc23213e2314ce37c87,MEASURED,1786752837787264000,load,aegis_bounded_verification_pool,ML-DSA-65,concurrent_verify_burst,workers4_concurrency1,512,94,0,151959,159000,8159232,true,accepted=1;saturated=0;unexpected=0,1,1,0,0,3309,0,0,0,0,0,"controlled local burst; wall time includes scoped-thread creation, Aegis policy/transcript processing, bounded-pool admission, primitive verification, and joins; work_units counts accepted verifications only"
local-1786752837727815000,macmini-m2-macos26.5.2-rust1.97.1-aarch64-20260814-workers4,9d3ab807a08ef4cf1077dbc23213e2314ce37c87,MEASURED,1786752837787618000,load,aegis_bounded_verification_pool,ML-DSA-65,concurrent_verify_burst,workers4_concurrency1,512,95,0,155708,162000,8159232,true,accepted=1;saturated=0;unexpected=0,1,1,0,0,3309,0,0,0,0,0,"controlled local burst; wall time includes scoped-thread creation, Aegis policy/transcript processing, bounded-pool admission, primitive verification, and joins; work_units counts accepted verifications only"
local-1786752837727815000,macmini-m2-macos26.5.2-rust1.97.1-aarch64-20260814-workers4,9d3ab807a08ef4cf1077dbc23213e2314ce37c87,MEASURED,1786752837787975000,load,aegis_bounded_verification_pool,ML-DSA-65,concurrent_verify_burst,workers4_concurrency1,512,96,0,202333,204000,8159232,true,accepted=1;saturated=0;unexpected=0,1,1,0,0,3309,0,0,0,0,0,"controlled local burst; wall time includes scoped-thread creation, Aegis policy/transcript processing, bounded-pool admission, primitive verification, and joins; work_units counts accepted verifications only"
local-1786752837727815000,macmini-m2-macos26.5.2-rust1.97.1-aarch64-20260814-workers4,9d3ab807a08ef4cf1077dbc23213e2314ce37c87,MEASURED,1786752837788684000,load,aegis_bounded_verification_pool,ML-DSA-65,concurrent_verify_burst,workers4_concurrency1,512,97,0,203500,212000,8159232,true,accepted=1;saturated=0;unexpected=0,1,1,0,0,3309,0,0,0,0,0,"controlled local burst; wall time includes scoped-thread creation, Aegis policy/transcript processing, bounded-pool admission, primitive verification, and joins; work_units counts accepted verifications only"
local-1786752837727815000,macmini-m2-macos26.5.2-rust1.97.1-aarch64-20260814-workers4,9d3ab807a08ef4cf1077dbc23213e2314ce37c87,MEASURED,1786752837789110000,load,aegis_bounded_verification_pool,ML-DSA-65,concurrent_verify_burst,workers4_concurrency1,512,98,0,151458,159000,8159232,true,accepted=1;saturated=0;unexpected=0,1,1,0,0,3309,0,0,0,0,0,"controlled local burst; wall time includes scoped-thread creation, Aegis policy/transcript processing, bounded-pool admission, primitive verification, and joins; work_units counts accepted verifications only"
local-1786752837727815000,macmini-m2-macos26.5.2-rust1.97.1-aarch64-20260814-workers4,9d3ab807a08ef4cf1077dbc23213e2314ce37c87,MEASURED,1786752837789670000,load,aegis_bounded_verification_pool,ML-DSA-65,concurrent_verify_burst,workers4_concurrency1,512,99,0,151083,156000,8159232,true,accepted=1;saturated=0;unexpected=0,1,1,0,0,3309,0,0,0,0,0,"controlled local burst; wall time includes scoped-thread creation, Aegis policy/transcript processing, bounded-pool admission, primitive verification, and joins; work_units counts accepted verifications only"
local-1786752837727815000,macmini-m2-macos26.5.2-rust1.97.1-aarch64-20260814-workers4,9d3ab807a08ef4cf1077dbc23213e2314ce37c87,MEASURED,1786752837790272000,load,aegis_bounded_verification_pool,ML-DSA-65,concurrent_verify_burst,workers4_concurrency2,512,0,0,201209,362000,8192000,true,accepted=2;saturated=0;unexpected=0,2,2,0,0,3309,0,0,0,0,0,"controlled local burst; wall time includes scoped-thread creation, Aegis policy/transcript processing, bounded-pool admission, primitive verification, and joins; work_units counts accepted verifications only"
local-1786752837727815000,macmini-m2-macos26.5.2-rust1.97.1-aarch64-20260814-workers4,9d3ab807a08ef4cf1077dbc23213e2314ce37c87,MEASURED,1786752837791332000,load,aegis_bounded_verification_pool,ML-DSA-65,concurrent_verify_burst,workers4_concurrency2,512,1,0,182417,336000,8192000,true,accepted=2;saturated=0;unexpected=0,2,2,0,0,3309,0,0,0,0,0,"controlled local burst; wall time includes scoped-thread creation, Aegis policy/transcript processing, bounded-pool admission, primitive verification, and joins; work_units counts accepted verifications only"
local-1786752837727815000,macmini-m2-macos26.5.2-rust1.97.1-aarch64-20260814-workers4,9d3ab807a08ef4cf1077dbc23213e2314ce37c87,MEASURED,1786752837792489000,load,aegis_bounded_verification_pool,ML-DSA-65,concurrent_verify_burst,workers4_concurrency2,512,2,0,178166,327000,8192000,true,accepted=2;saturated=0;unexpected=0,2,2,0,0,3309,0,0,0,0,0,"controlled local burst; wall time includes scoped-thread creation, Aegis policy/transcript processing, bounded-pool admission, primitive verification, and joins; work_units counts accepted verifications only"
local-1786752837727815000,macmini-m2-macos26.5.2-rust1.97.1-aarch64-20260814-workers4,9d3ab807a08ef4cf1077dbc23213e2314ce37c87,MEASURED,1786752837793016000,load,aegis_bounded_verification_pool,ML-DSA-65,concurrent_verify_burst,workers4_concurrency2,512,3,0,179416,325000,8192000,true,accepted=2;saturated=0;unexpected=0,2,2,0,0,3309,0,0,0,0,0,"controlled local burst; wall time includes scoped-thread creation, Aegis policy/transcript processing, bounded-pool admission, primitive verification, and joins; work_units counts accepted verifications only"
local-1786752837727815000,macmini-m2-macos26.5.2-rust1.97.1-aarch64-20260814-workers4,9d3ab807a08ef4cf1077dbc23213e2314ce37c87,MEASURED,1786752837793583000,load,aegis_bounded_verification_pool,ML-DSA-65,concurrent_verify_burst,workers4_concurrency2,512,4,0,177291,324000,8192000,true,accepted=2;saturated=0;unexpected=0,2,2,0,0,3309,0,0,0,0,0,"controlled local burst; wall time includes scoped-thread creation, Aegis policy/transcript processing, bounded-pool admission, primitive verification, and joins; work_units counts accepted verifications only"
local-1786752837727815000,macmini-m2-macos26.5.2-rust1.97.1-aarch64-20260814-workers4,9d3ab807a08ef4cf1077dbc23213e2314ce37c87,MEASURED,1786752837794269000,load,aegis_bounded_verification_pool,ML-DSA-65,concurrent_verify_burst,workers4_concurrency2,512,5,0,180791,331000,8192000,true,accepted=2;saturated=0;unexpected=0,2,2,0,0,3309,0,0,0,0,0,"controlled local burst; wall time includes scoped-thread creation, Aegis policy/transcript processing, bounded-pool admission, primitive verification, and joins; work_units counts accepted verifications only"
local-1786752837727815000,macmini-m2-macos26.5.2-rust1.97.1-aarch64-20260814-workers4,9d3ab807a08ef4cf1077dbc23213e2314ce37c87,MEASURED,1786752837795611000,load,aegis_bounded_verification_pool,ML-DSA-65,concurrent_verify_burst,workers4_concurrency2,512,6,0,311125,519000,8192000,true,accepted=2;saturated=0;unexpected=0,2,2,0,0,3309,0,0,0,0,0,"controlled local burst; wall time includes scoped-thread creation, Aegis policy/transcript processing, bounded-pool admission, primitive verification, and joins; work_units counts accepted verifications only"
local-1786752837727815000,macmini-m2-macos26.5.2-rust1.97.1-aarch64-20260814-workers4,9d3ab807a08ef4cf1077dbc23213e2314ce37c87,MEASURED,1786752837797278000,load,aegis_bounded_verification_pool,ML-DSA-65,concurrent_verify_burst,workers4_concurrency2,512,7,0,205583,362000,8192000,true,accepted=2;saturated=0;unexpected=0,2,2,0,0,3309,0,0,0,0,0,"controlled local burst; wall time includes scoped-thread creation, Aegis policy/transcript processing, bounded-pool admission, primitive verification, and joins; work_units counts accepted verifications only"
local-1786752837727815000,macmini-m2-macos26.5.2-rust1.97.1-aarch64-20260814-workers4,9d3ab807a08ef4cf1077dbc23213e2314ce37c87,MEASURED,1786752837798565000,load,aegis_bounded_verification_pool,ML-DSA-65,concurrent_verify_burst,workers4_concurrency2,512,8,0,178750,330000,8192000,true,accepted=2;saturated=0;unexpected=0,2,2,0,0,3309,0,0,0,0,0,"controlled local burst; wall time includes scoped-thread creation, Aegis policy/transcript processing, bounded-pool admission, primitive verification, and joins; work_units counts accepted verifications only"
local-1786752837727815000,macmini-m2-macos26.5.2-rust1.97.1-aarch64-20260814-workers4,9d3ab807a08ef4cf1077dbc23213e2314ce37c87,MEASURED,1786752837799378000,load,aegis_bounded_verification_pool,ML-DSA-65,concurrent_verify_burst,workers4_concurrency2,512,9,0,173917,320000,8192000,true,accepted=2;saturated=0;unexpected=0,2,2,0,0,3309,0,0,0,0,0,"controlled local burst; wall time includes scoped-thread creation, Aegis policy/transcript processing, bounded-pool admission, primitive verification, and joins; work_units counts accepted verifications only"
local-1786752837727815000,macmini-m2-macos26.5.2-rust1.97.1-aarch64-20260814-workers4,9d3ab807a08ef4cf1077dbc23213e2314ce37c87,MEASURED,1786752837799895000,load,aegis_bounded_verification_pool,ML-DSA-65,concurrent_verify_burst,workers4_concurrency2,512,10,0,174458,320000,8208384,true,accepted=2;saturated=0;unexpected=0,2,2,0,0,3309,0,0,0,0,0,"controlled local burst; wall time includes scoped-thread creation, Aegis policy/transcript processing, bounded-pool admission, primitive verification, and joins; work_units counts accepted verifications only"
local-1786752837727815000,macmini-m2-macos26.5.2-rust1.97.1-aarch64-20260814-workers4,9d3ab807a08ef4cf1077dbc23213e2314ce37c87,MEASURED,1786752837800661000,load,aegis_bounded_verification_pool,ML-DSA-65,concurrent_verify_burst,workers4_concurrency2,512,11,0,181542,332000,8208384,true,accepted=2;saturated=0;unexpected=0,2,2,0,0,3309,0,0,0,0,0,"controlled local burst; wall time includes scoped-thread creation, Aegis policy/transcript processing, bounded-pool admission, primitive verification, and joins; work_units counts accepted verifications only"
local-1786752837727815000,macmini-m2-macos26.5.2-rust1.97.1-aarch64-20260814-workers4,9d3ab807a08ef4cf1077dbc23213e2314ce37c87,MEASURED,1786752837802050000,load,aegis_bounded_verification_pool,ML-DSA-65,concurrent_verify_burst,workers4_concurrency2,512,12,0,313167,562000,8208384,true,accepted=2;saturated=0;unexpected=0,2,2,0,0,3309,0,0,0,0,0,"controlled local burst; wall time includes scoped-thread creation, Aegis policy/transcript processing, bounded-pool admission, primitive verification, and joins; work_units counts accepted verifications only"
local-1786752837727815000,macmini-m2-macos26.5.2-rust1.97.1-aarch64-20260814-workers4,9d3ab807a08ef4cf1077dbc23213e2314ce37c87,MEASURED,1786752837802736000,load,aegis_bounded_verification_pool,ML-DSA-65,concurrent_verify_burst,workers4_concurrency2,512,13,0,184292,332000,8208384,true,accepted=2;saturated=0;unexpected=0,2,2,0,0,3309,0,0,0,0,0,"controlled local burst; wall time includes scoped-thread creation, Aegis policy/transcript processing, bounded-pool admission, primitive verification, and joins; work_units counts accepted verifications only"
local-1786752837727815000,macmini-m2-macos26.5.2-rust1.97.1-aarch64-20260814-workers4,9d3ab807a08ef4cf1077dbc23213e2314ce37c87,MEASURED,1786752837803244000,load,aegis_bounded_verification_pool,ML-DSA-65,concurrent_verify_burst,workers4_concurrency2,512,14,0,189333,347000,8208384,true,accepted=2;saturated=0;unexpected=0,2,2,0,0,3309,0,0,0,0,0,"controlled local burst; wall time includes scoped-thread creation, Aegis policy/transcript processing, bounded-pool admission, primitive verification, and joins; work_units counts accepted verifications only"
local-1786752837727815000,macmini-m2-macos26.5.2-rust1.97.1-aarch64-20260814-workers4,9d3ab807a08ef4cf1077dbc23213e2314ce37c87,MEASURED,1786752837803761000,load,aegis_bounded_verification_pool,ML-DSA-65,concurrent_verify_burst,workers4_concurrency2,512,15,0,220375,372000,8208384,true,accepted=2;saturated=0;unexpected=0,2,2,0,0,3309,0,0,0,0,0,"controlled local burst; wall time includes scoped-thread creation, Aegis policy/transcript processing, bounded-pool admission, primitive verification, and joins; work_units counts accepted verifications only"
local-1786752837727815000,macmini-m2-macos26.5.2-rust1.97.1-aarch64-20260814-workers4,9d3ab807a08ef4cf1077dbc23213e2314ce37c87,MEASURED,1786752837804434000,load,aegis_bounded_verification_pool,ML-DSA-65,concurrent_verify_burst,workers4_concurrency2,512,16,0,179542,344000,8224768,true,accepted=2;saturated=0;unexpected=0,2,2,0,0,3309,0,0,0,0,0,"controlled local burst; wall time includes scoped-thread creation, Aegis policy/transcript processing, bounded-pool admission, primitive verification, and joins; work_units counts accepted verifications only"
local-1786752837727815000,macmini-m2-macos26.5.2-rust1.97.1-aarch64-20260814-workers4,9d3ab807a08ef4cf1077dbc23213e2314ce37c87,MEASURED,1786752837805005000,load,aegis_bounded_verification_pool,ML-DSA-65,concurrent_verify_burst,workers4_concurrency2,512,17,0,170917,317000,8224768,true,accepted=2;saturated=0;unexpected=0,2,2,0,0,3309,0,0,0,0,0,"controlled local burst; wall time includes scoped-thread creation, Aegis policy/transcript processing, bounded-pool admission, primitive verification, and joins; work_units counts accepted verifications only"
local-1786752837727815000,macmini-m2-macos26.5.2-rust1.97.1-aarch64-20260814-workers4,9d3ab807a08ef4cf1077dbc23213e2314ce37c87,MEASURED,1786752837806186000,load,aegis_bounded_verification_pool,ML-DSA-65,concurrent_verify_burst,workers4_concurrency2,512,18,0,174958,324000,8224768,true,accepted=2;saturated=0;unexpected=0,2,2,0,0,3309,0,0,0,0,0,"controlled local burst; wall time includes scoped-thread creation, Aegis policy/transcript processing, bounded-pool admission, primitive verification, and joins; work_units counts accepted verifications only"
local-1786752837727815000,macmini-m2-macos26.5.2-rust1.97.1-aarch64-20260814-workers4,9d3ab807a08ef4cf1077dbc23213e2314ce37c87,MEASURED,1786752837806706000,load,aegis_bounded_verification_pool,ML-DSA-65,concurrent_verify_burst,workers4_concurrency2,512,19,0,174542,322000,8224768,true,accepted=2;saturated=0;unexpected=0,2,2,0,0,3309,0,0,0,0,0,"controlled local burst; wall time includes scoped-thread creation, Aegis policy/transcript processing, bounded-pool admission, primitive verification, and joins; work_units counts accepted verifications only"
local-1786752837727815000,macmini-m2-macos26.5.2-rust1.97.1-aarch64-20260814-workers4,9d3ab807a08ef4cf1077dbc23213e2314ce37c87,MEASURED,1786752837807852000,load,aegis_bounded_verification_pool,ML-DSA-65,concurrent_verify_burst,workers4_concurrency2,512,20,0,176791,325000,8224768,true,accepted=2;saturated=0;unexpected=0,2,2,0,0,3309,0,0,0,0,0,"controlled local burst; wall time includes scoped-thread creation, Aegis policy/transcript processing, bounded-pool admission, primitive verification, and joins; work_units counts accepted verifications only"
local-1786752837727815000,macmini-m2-macos26.5.2-rust1.97.1-aarch64-20260814-workers4,9d3ab807a08ef4cf1077dbc23213e2314ce37c87,MEASURED,1786752837808869000,load,aegis_bounded_verification_pool,ML-DSA-65,concurrent_verify_burst,workers4_concurrency2,512,21,0,239500,425000,8224768,true,accepted=2;saturated=0;unexpected=0,2,2,0,0,3309,0,0,0,0,0,"controlled local burst; wall time includes scoped-thread creation, Aegis policy/transcript processing, bounded-pool admission, primitive verification, and joins; work_units counts accepted verifications only"
local-1786752837727815000,macmini-m2-macos26.5.2-rust1.97.1-aarch64-20260814-workers4,9d3ab807a08ef4cf1077dbc23213e2314ce37c87,MEASURED,1786752837809423000,load,aegis_bounded_verification_pool,ML-DSA-65,concurrent_verify_burst,workers4_concurrency2,512,22,0,168750,313000,8224768,true,accepted=2;saturated=0;unexpected=0,2,2,0,0,3309,0,0,0,0,0,"controlled local burst; wall time includes scoped-thread creation, Aegis policy/transcript processing, bounded-pool admission, primitive verification, and joins; work_units counts accepted verifications only"
local-1786752837727815000,macmini-m2-macos26.5.2-rust1.97.1-aarch64-20260814-workers4,9d3ab807a08ef4cf1077dbc23213e2314ce37c87,MEASURED,1786752837810058000,load,aegis_bounded_verification_pool,ML-DSA-65,concurrent_verify_burst,workers4_concurrency2,512,23,0,179000,333000,8224768,true,accepted=2;saturated=0;unexpected=0,2,2,0,0,3309,0,0,0,0,0,"controlled local burst; wall time includes scoped-thread creation, Aegis policy/transcript processing, bounded-pool admission, primitive verification, and joins; work_units counts accepted verifications only"
local-1786752837727815000,macmini-m2-macos26.5.2-rust1.97.1-aarch64-20260814-workers4,9d3ab807a08ef4cf1077dbc23213e2314ce37c87,MEASURED,1786752837810754000,load,aegis_bounded_verification_pool,ML-DSA-65,concurrent_verify_burst,workers4_concurrency2,512,24,0,174583,320000,8224768,true,accepted=2;saturated=0;unexpected=0,2,2,0,0,3309,0,0,0,0,0,"controlled local burst; wall time includes scoped-thread creation, Aegis policy/transcript processing, bounded-pool admission, primitive verification, and joins; work_units counts accepted verifications only"
local-1786752837727815000,macmini-m2-macos26.5.2-rust1.97.1-aarch64-20260814-workers4,9d3ab807a08ef4cf1077dbc23213e2314ce37c87,MEASURED,1786752837812010000,load,aegis_bounded_verification_pool,ML-DSA-65,concurrent_verify_burst,workers4_concurrency2,512,25,0,173334,320000,8224768,true,accepted=2;saturated=0;unexpected=0,2,2,0,0,3309,0,0,0,0,0,"controlled local burst; wall time includes scoped-thread creation, Aegis policy/transcript processing, bounded-pool admission, primitive verification, and joins; work_units counts accepted verifications only"
local-1786752837727815000,macmini-m2-macos26.5.2-rust1.97.1-aarch64-20260814-workers4,9d3ab807a08ef4cf1077dbc23213e2314ce37c87,MEASURED,1786752837812629000,load,aegis_bounded_verification_pool,ML-DSA-65,concurrent_verify_burst,workers4_concurrency2,512,26,0,171791,316000,8224768,true,accepted=2;saturated=0;unexpected=0,2,2,0,0,3309,0,0,0,0,0,"controlled local burst; wall time includes scoped-thread creation, Aegis policy/transcript processing, bounded-pool admission, primitive verification, and joins; work_units counts accepted verifications only"
local-1786752837727815000,macmini-m2-macos26.5.2-rust1.97.1-aarch64-20260814-workers4,9d3ab807a08ef4cf1077dbc23213e2314ce37c87,MEASURED,1786752837814050000,load,aegis_bounded_verification_pool,ML-DSA-65,concurrent_verify_burst,workers4_concurrency2,512,27,0,178083,328000,8224768,true,accepted=2;saturated=0;unexpected=0,2,2,0,0,3309,0,0,0,0,0,"controlled local burst; wall time includes scoped-thread creation, Aegis policy/transcript processing, bounded-pool admission, primitive verification, and joins; work_units counts accepted verifications only"
local-1786752837727815000,macmini-m2-macos26.5.2-rust1.97.1-aarch64-20260814-workers4,9d3ab807a08ef4cf1077dbc23213e2314ce37c87,MEASURED,1786752837814582000,load,aegis_bounded_verification_pool,ML-DSA-65,concurrent_verify_burst,workers4_concurrency2,512,28,0,186542,338000,8224768,true,accepted=2;saturated=0;unexpected=0,2,2,0,0,3309,0,0,0,0,0,"controlled local burst; wall time includes scoped-thread creation, Aegis policy/transcript processing, bounded-pool admission, primitive verification, and joins; work_units counts accepted verifications only"
local-1786752837727815000,macmini-m2-macos26.5.2-rust1.97.1-aarch64-20260814-workers4,9d3ab807a08ef4cf1077dbc23213e2314ce37c87,MEASURED,1786752837815519000,load,aegis_bounded_verification_pool,ML-DSA-65,concurrent_verify_burst,workers4_concurrency2,512,29,0,182375,332000,8224768,true,accepted=2;saturated=0;unexpected=0,2,2,0,0,3309,0,0,0,0,0,"controlled local burst; wall time includes scoped-thread creation, Aegis policy/transcript processing, bounded-pool admission, primitive verification, and joins; work_units counts accepted verifications only"
local-1786752837727815000,macmini-m2-macos26.5.2-rust1.97.1-aarch64-20260814-workers4,9d3ab807a08ef4cf1077dbc23213e2314ce37c87,MEASURED,1786752837816380000,load,aegis_bounded_verification_pool,ML-DSA-65,concurrent_verify_burst,workers4_concurrency2,512,30,0,180167,329000,8224768,true,accepted=2;saturated=0;unexpected=0,2,2,0,0,3309,0,0,0,0,0,"controlled local burst; wall time includes scoped-thread creation, Aegis policy/transcript processing, bounded-pool admission, primitive verification, and joins; work_units counts accepted verifications only"
local-1786752837727815000,macmini-m2-macos26.5.2-rust1.97.1-aarch64-20260814-workers4,9d3ab807a08ef4cf1077dbc23213e2314ce37c87,MEASURED,1786752837816985000,load,aegis_bounded_verification_pool,ML-DSA-65,concurrent_verify_burst,workers4_concurrency2,512,31,0,184750,331000,8224768,true,accepted=2;saturated=0;unexpected=0,2,2,0,0,3309,0,0,0,0,0,"controlled local burst; wall time includes scoped-thread creation, Aegis policy/transcript processing, bounded-pool admission, primitive verification, and joins; work_units counts accepted verifications only"
local-1786752837727815000,macmini-m2-macos26.5.2-rust1.97.1-aarch64-20260814-workers4,9d3ab807a08ef4cf1077dbc23213e2314ce37c87,MEASURED,1786752837819063000,load,aegis_bounded_verification_pool,ML-DSA-65,concurrent_verify_burst,workers4_concurrency2,512,32,0,173917,323000,8224768,true,accepted=2;saturated=0;unexpected=0,2,2,0,0,3309,0,0,0,0,0,"controlled local burst; wall time includes scoped-thread creation, Aegis policy/transcript processing, bounded-pool admission, primitive verification, and joins; work_units counts accepted verifications only"
local-1786752837727815000,macmini-m2-macos26.5.2-rust1.97.1-aarch64-20260814-workers4,9d3ab807a08ef4cf1077dbc23213e2314ce37c87,MEASURED,1786752837819812000,load,aegis_bounded_verification_pool,ML-DSA-65,concurrent_verify_burst,workers4_concurrency2,512,33,0,175625,328000,8224768,true,accepted=2;saturated=0;unexpected=0,2,2,0,0,3309,0,0,0,0,0,"controlled local burst; wall time includes scoped-thread creation, Aegis policy/transcript processing, bounded-pool admission, primitive verification, and joins; work_units counts accepted verifications only"
local-1786752837727815000,macmini-m2-macos26.5.2-rust1.97.1-aarch64-20260814-workers4,9d3ab807a08ef4cf1077dbc23213e2314ce37c87,MEASURED,1786752837820580000,load,aegis_bounded_verification_pool,ML-DSA-65,concurrent_verify_burst,workers4_concurrency2,512,34,0,173750,323000,8224768,true,accepted=2;saturated=0;unexpected=0,2,2,0,0,3309,0,0,0,0,0,"controlled local burst; wall time includes scoped-thread creation, Aegis policy/transcript processing, bounded-pool admission, primitive verification, and joins; work_units counts accepted verifications only"
local-1786752837727815000,macmini-m2-macos26.5.2-rust1.97.1-aarch64-20260814-workers4,9d3ab807a08ef4cf1077dbc23213e2314ce37c87,MEASURED,1786752837821442000,load,aegis_bounded_verification_pool,ML-DSA-65,concurrent_verify_burst,workers4_concurrency2,512,35,0,175416,322000,8224768,true,accepted=2;saturated=0;unexpected=0,2,2,0,0,3309,0,0,0,0,0,"controlled local burst; wall time includes scoped-thread creation, Aegis policy/transcript processing, bounded-pool admission, primitive verification, and joins; work_units counts accepted verifications only"
local-1786752837727815000,macmini-m2-macos26.5.2-rust1.97.1-aarch64-20260814-workers4,9d3ab807a08ef4cf1077dbc23213e2314ce37c87,MEASURED,1786752837822039000,load,aegis_bounded_verification_pool,ML-DSA-65,concurrent_verify_burst,workers4_concurrency2,512,36,0,184667,326000,8224768,true,accepted=2;saturated=0;unexpected=0,2,2,0,0,3309,0,0,0,0,0,"controlled local burst; wall time includes scoped-thread creation, Aegis policy/transcript processing, bounded-pool admission, primitive verification, and joins; work_units counts accepted verifications only"
local-1786752837727815000,macmini-m2-macos26.5.2-rust1.97.1-aarch64-20260814-workers4,9d3ab807a08ef4cf1077dbc23213e2314ce37c87,MEASURED,1786752837822953000,load,aegis_bounded_verification_pool,ML-DSA-65,concurrent_verify_burst,workers4_concurrency2,512,37,0,210250,366000,8224768,true,accepted=2;saturated=0;unexpected=0,2,2,0,0,3309,0,0,0,0,0,"controlled local burst; wall time includes scoped-thread creation, Aegis policy/transcript processing, bounded-pool admission, primitive verification, and joins; work_units counts accepted verifications only"
local-1786752837727815000,macmini-m2-macos26.5.2-rust1.97.1-aarch64-20260814-workers4,9d3ab807a08ef4cf1077dbc23213e2314ce37c87,MEASURED,1786752837824248000,load,aegis_bounded_verification_pool,ML-DSA-65,concurrent_verify_burst,workers4_concurrency2,512,38,0,181000,357000,8224768,true,accepted=2;saturated=0;unexpected=0,2,2,0,0,3309,0,0,0,0,0,"controlled local burst; wall time includes scoped-thread creation, Aegis policy/transcript processing, bounded-pool admission, primitive verification, and joins; work_units counts accepted verifications only"
local-1786752837727815000,macmini-m2-macos26.5.2-rust1.97.1-aarch64-20260814-workers4,9d3ab807a08ef4cf1077dbc23213e2314ce37c87,MEASURED,1786752837824937000,load,aegis_bounded_verification_pool,ML-DSA-65,concurrent_verify_burst,workers4_concurrency2,512,39,0,181458,337000,8224768,true,accepted=2;saturated=0;unexpected=0,2,2,0,0,3309,0,0,0,0,0,"controlled local burst; wall time includes scoped-thread creation, Aegis policy/transcript processing, bounded-pool admission, primitive verification, and joins; work_units counts accepted verifications only"
local-1786752837727815000,macmini-m2-macos26.5.2-rust1.97.1-aarch64-20260814-workers4,9d3ab807a08ef4cf1077dbc23213e2314ce37c87,MEASURED,1786752837825643000,load,aegis_bounded_verification_pool,ML-DSA-65,concurrent_verify_burst,workers4_concurrency2,512,40,0,188292,342000,8224768,true,accepted=2;saturated=0;unexpected=0,2,2,0,0,3309,0,0,0,0,0,"controlled local burst; wall time includes scoped-thread creation, Aegis policy/transcript processing, bounded-pool admission, primitive verification, and joins; work_units counts accepted verifications only"
local-1786752837727815000,macmini-m2-macos26.5.2-rust1.97.1-aarch64-20260814-workers4,9d3ab807a08ef4cf1077dbc23213e2314ce37c87,MEASURED,1786752837826571000,load,aegis_bounded_verification_pool,ML-DSA-65,concurrent_verify_burst,workers4_concurrency2,512,41,0,181208,327000,8224768,true,accepted=2;saturated=0;unexpected=0,2,2,0,0,3309,0,0,0,0,0,"controlled local burst; wall time includes scoped-thread creation, Aegis policy/transcript processing, bounded-pool admission, primitive verification, and joins; work_units counts accepted verifications only"
local-1786752837727815000,macmini-m2-macos26.5.2-rust1.97.1-aarch64-20260814-workers4,9d3ab807a08ef4cf1077dbc23213e2314ce37c87,MEASURED,1786752837827082000,load,aegis_bounded_verification_pool,ML-DSA-65,concurrent_verify_burst,workers4_concurrency2,512,42,0,175875,327000,8224768,true,accepted=2;saturated=0;unexpected=0,2,2,0,0,3309,0,0,0,0,0,"controlled local burst; wall time includes scoped-thread creation, Aegis policy/transcript processing, bounded-pool admission, primitive verification, and joins; work_units counts accepted verifications only"
local-1786752837727815000,macmini-m2-macos26.5.2-rust1.97.1-aarch64-20260814-workers4,9d3ab807a08ef4cf1077dbc23213e2314ce37c87,MEASURED,1786752837828682000,load,aegis_bounded_verification_pool,ML-DSA-65,concurrent_verify_burst,workers4_concurrency2,512,43,0,183958,341000,8224768,true,accepted=2;saturated=0;unexpected=0,2,2,0,0,3309,0,0,0,0,0,"controlled local burst; wall time includes scoped-thread creation, Aegis policy/transcript processing, bounded-pool admission, primitive verification, and joins; work_units counts accepted verifications only"
local-1786752837727815000,macmini-m2-macos26.5.2-rust1.97.1-aarch64-20260814-workers4,9d3ab807a08ef4cf1077dbc23213e2314ce37c87,MEASURED,1786752837829363000,load,aegis_bounded_verification_pool,ML-DSA-65,concurrent_verify_burst,workers4_concurrency2,512,44,0,180667,334000,8224768,true,accepted=2;saturated=0;unexpected=0,2,2,0,0,3309,0,0,0,0,0,"controlled local burst; wall time includes scoped-thread creation, Aegis policy/transcript processing, bounded-pool admission, primitive verification, and joins; work_units counts accepted verifications only"
local-1786752837727815000,macmini-m2-macos26.5.2-rust1.97.1-aarch64-20260814-workers4,9d3ab807a08ef4cf1077dbc23213e2314ce37c87,MEASURED,1786752837829973000,load,aegis_bounded_verification_pool,ML-DSA-65,concurrent_verify_burst,workers4_concurrency2,512,45,0,215250,347000,8224768,true,accepted=2;saturated=0;unexpected=0,2,2,0,0,3309,0,0,0,0,0,"controlled local burst; wall time includes scoped-thread creation, Aegis policy/transcript processing, bounded-pool admission, primitive verification, and joins; work_units counts accepted verifications only"
local-1786752837727815000,macmini-m2-macos26.5.2-rust1.97.1-aarch64-20260814-workers4,9d3ab807a08ef4cf1077dbc23213e2314ce37c87,MEASURED,1786752837830706000,load,aegis_bounded_verification_pool,ML-DSA-65,concurrent_verify_burst,workers4_concurrency2,512,46,0,194208,355000,8224768,true,accepted=2;saturated=0;unexpected=0,2,2,0,0,3309,0,0,0,0,0,"controlled local burst; wall time includes scoped-thread creation, Aegis policy/transcript processing, bounded-pool admission, primitive verification, and joins; work_units counts accepted verifications only"
local-1786752837727815000,macmini-m2-macos26.5.2-rust1.97.1-aarch64-20260814-workers4,9d3ab807a08ef4cf1077dbc23213e2314ce37c87,MEASURED,1786752837831535000,load,aegis_bounded_verification_pool,ML-DSA-65,concurrent_verify_burst,workers4_concurrency2,512,47,0,179792,327000,8224768,true,accepted=2;saturated=0;unexpected=0,2,2,0,0,3309,0,0,0,0,0,"controlled local burst; wall time includes scoped-thread creation, Aegis policy/transcript processing, bounded-pool admission, primitive verification, and joins; work_units counts accepted verifications only"
local-1786752837727815000,macmini-m2-macos26.5.2-rust1.97.1-aarch64-20260814-workers4,9d3ab807a08ef4cf1077dbc23213e2314ce37c87,MEASURED,1786752837832778000,load,aegis_bounded_verification_pool,ML-DSA-65,concurrent_verify_burst,workers4_concurrency2,512,48,0,177000,324000,8224768,true,accepted=2;saturated=0;unexpected=0,2,2,0,0,3309,0,0,0,0,0,"controlled local burst; wall time includes scoped-thread creation, Aegis policy/transcript processing, bounded-pool admission, primitive verification, and joins; work_units counts accepted verifications only"
local-1786752837727815000,macmini-m2-macos26.5.2-rust1.97.1-aarch64-20260814-workers4,9d3ab807a08ef4cf1077dbc23213e2314ce37c87,MEASURED,1786752837833996000,load,aegis_bounded_verification_pool,ML-DSA-65,concurrent_verify_burst,workers4_concurrency2,512,49,0,184334,330000,8224768,true,accepted=2;saturated=0;unexpected=0,2,2,0,0,3309,0,0,0,0,0,"controlled local burst; wall time includes scoped-thread creation, Aegis policy/transcript processing, bounded-pool admission, primitive verification, and joins; work_units counts accepted verifications only"
local-1786752837727815000,macmini-m2-macos26.5.2-rust1.97.1-aarch64-20260814-workers4,9d3ab807a08ef4cf1077dbc23213e2314ce37c87,MEASURED,1786752837835285000,load,aegis_bounded_verification_pool,ML-DSA-65,concurrent_verify_burst,workers4_concurrency2,512,50,0,176166,325000,8224768,true,accepted=2;saturated=0;unexpected=0,2,2,0,0,3309,0,0,0,0,0,"controlled local burst; wall time includes scoped-thread creation, Aegis policy/transcript processing, bounded-pool admission, primitive verification, and joins; work_units counts accepted verifications only"
local-1786752837727815000,macmini-m2-macos26.5.2-rust1.97.1-aarch64-20260814-workers4,9d3ab807a08ef4cf1077dbc23213e2314ce37c87,MEASURED,1786752837836315000,load,aegis_bounded_verification_pool,ML-DSA-65,concurrent_verify_burst,workers4_concurrency2,512,51,0,187958,332000,8224768,true,accepted=2;saturated=0;unexpected=0,2,2,0,0,3309,0,0,0,0,0,"controlled local burst; wall time includes scoped-thread creation, Aegis policy/transcript processing, bounded-pool admission, primitive verification, and joins; work_units counts accepted verifications only"
local-1786752837727815000,macmini-m2-macos26.5.2-rust1.97.1-aarch64-20260814-workers4,9d3ab807a08ef4cf1077dbc23213e2314ce37c87,MEASURED,1786752837837506000,load,aegis_bounded_verification_pool,ML-DSA-65,concurrent_verify_burst,workers4_concurrency2,512,52,0,191000,336000,8224768,true,accepted=2;saturated=0;unexpected=0,2,2,0,0,3309,0,0,0,0,0,"controlled local burst; wall time includes scoped-thread creation, Aegis policy/transcript processing, bounded-pool admission, primitive verification, and joins; work_units counts accepted verifications only"
local-1786752837727815000,macmini-m2-macos26.5.2-rust1.97.1-aarch64-20260814-workers4,9d3ab807a08ef4cf1077dbc23213e2314ce37c87,MEASURED,1786752837838072000,load,aegis_bounded_verification_pool,ML-DSA-65,concurrent_verify_burst,workers4_concurrency2,512,53,0,185583,340000,8224768,true,accepted=2;saturated=0;unexpected=0,2,2,0,0,3309,0,0,0,0,0,"controlled local burst; wall time includes scoped-thread creation, Aegis policy/transcript processing, bounded-pool admission, primitive verification, and joins; work_units counts accepted verifications only"
local-1786752837727815000,macmini-m2-macos26.5.2-rust1.97.1-aarch64-20260814-workers4,9d3ab807a08ef4cf1077dbc23213e2314ce37c87,MEASURED,1786752837838758000,load,aegis_bounded_verification_pool,ML-DSA-65,concurrent_verify_burst,workers4_concurrency2,512,54,0,188083,338000,8224768,true,accepted=2;saturated=0;unexpected=0,2,2,0,0,3309,0,0,0,0,0,"controlled local burst; wall time includes scoped-thread creation, Aegis policy/transcript processing, bounded-pool admission, primitive verification, and joins; work_units counts accepted verifications only"
local-1786752837727815000,macmini-m2-macos26.5.2-rust1.97.1-aarch64-20260814-workers4,9d3ab807a08ef4cf1077dbc23213e2314ce37c87,MEASURED,1786752837840212000,load,aegis_bounded_verification_pool,ML-DSA-65,concurrent_verify_burst,workers4_concurrency2,512,55,0,179500,328000,8224768,true,accepted=2;saturated=0;unexpected=0,2,2,0,0,3309,0,0,0,0,0,"controlled local burst; wall time includes scoped-thread creation, Aegis policy/transcript processing, bounded-pool admission, primitive verification, and joins; work_units counts accepted verifications only"
local-1786752837727815000,macmini-m2-macos26.5.2-rust1.97.1-aarch64-20260814-workers4,9d3ab807a08ef4cf1077dbc23213e2314ce37c87,MEASURED,1786752837840733000,load,aegis_bounded_verification_pool,ML-DSA-65,concurrent_verify_burst,workers4_concurrency2,512,56,0,187792,332000,8224768,true,accepted=2;saturated=0;unexpected=0,2,2,0,0,3309,0,0,0,0,0,"controlled local burst; wall time includes scoped-thread creation, Aegis policy/transcript processing, bounded-pool admission, primitive verification, and joins; work_units counts accepted verifications only"
local-1786752837727815000,macmini-m2-macos26.5.2-rust1.97.1-aarch64-20260814-workers4,9d3ab807a08ef4cf1077dbc23213e2314ce37c87,MEASURED,1786752837841294000,load,aegis_bounded_verification_pool,ML-DSA-65,concurrent_verify_burst,workers4_concurrency2,512,57,0,186042,331000,8224768,true,accepted=2;saturated=0;unexpected=0,2,2,0,0,3309,0,0,0,0,0,"controlled local burst; wall time includes scoped-thread creation, Aegis policy/transcript processing, bounded-pool admission, primitive verification, and joins; work_units counts accepted verifications only"
local-1786752837727815000,macmini-m2-macos26.5.2-rust1.97.1-aarch64-20260814-workers4,9d3ab807a08ef4cf1077dbc23213e2314ce37c87,MEASURED,1786752837843085000,load,aegis_bounded_verification_pool,ML-DSA-65,concurrent_verify_burst,workers4_concurrency2,512,58,0,189917,338000,8224768,true,accepted=2;saturated=0;unexpected=0,2,2,0,0,3309,0,0,0,0,0,"controlled local burst; wall time includes scoped-thread creation, Aegis policy/transcript processing, bounded-pool admission, primitive verification, and joins; work_units counts accepted verifications only"
local-1786752837727815000,macmini-m2-macos26.5.2-rust1.97.1-aarch64-20260814-workers4,9d3ab807a08ef4cf1077dbc23213e2314ce37c87,MEASURED,1786752837843948000,load,aegis_bounded_verification_pool,ML-DSA-65,concurrent_verify_burst,workers4_concurrency2,512,59,0,224125,354000,8224768,true,accepted=2;saturated=0;unexpected=0,2,2,0,0,3309,0,0,0,0,0,"controlled local burst; wall time includes scoped-thread creation, Aegis policy/transcript processing, bounded-pool admission, primitive verification, and joins; work_units counts accepted verifications only"
local-1786752837727815000,macmini-m2-macos26.5.2-rust1.97.1-aarch64-20260814-workers4,9d3ab807a08ef4cf1077dbc23213e2314ce37c87,MEASURED,1786752837844870000,load,aegis_bounded_verification_pool,ML-DSA-65,concurrent_verify_burst,workers4_concurrency2,512,60,0,190750,339000,8224768,true,accepted=2;saturated=0;unexpected=0,2,2,0,0,3309,0,0,0,0,0,"controlled local burst; wall time includes scoped-thread creation, Aegis policy/transcript processing, bounded-pool admission, primitive verification, and joins; work_units counts accepted verifications only"
local-1786752837727815000,macmini-m2-macos26.5.2-rust1.97.1-aarch64-20260814-workers4,9d3ab807a08ef4cf1077dbc23213e2314ce37c87,MEASURED,1786752837845538000,load,aegis_bounded_verification_pool,ML-DSA-65,concurrent_verify_burst,workers4_concurrency2,512,61,0,184833,335000,8224768,true,accepted=2;saturated=0;unexpected=0,2,2,0,0,3309,0,0,0,0,0,"controlled local burst; wall time includes scoped-thread creation, Aegis policy/transcript processing, bounded-pool admission, primitive verification, and joins; work_units counts accepted verifications only"
local-1786752837727815000,macmini-m2-macos26.5.2-rust1.97.1-aarch64-20260814-workers4,9d3ab807a08ef4cf1077dbc23213e2314ce37c87,MEASURED,1786752837846443000,load,aegis_bounded_verification_pool,ML-DSA-65,concurrent_verify_burst,workers4_concurrency2,512,62,0,194125,341000,8224768,true,accepted=2;saturated=0;unexpected=0,2,2,0,0,3309,0,0,0,0,0,"controlled local burst; wall time includes scoped-thread creation, Aegis policy/transcript processing, bounded-pool admission, primitive verification, and joins; work_units counts accepted verifications only"
local-1786752837727815000,macmini-m2-macos26.5.2-rust1.97.1-aarch64-20260814-workers4,9d3ab807a08ef4cf1077dbc23213e2314ce37c87,MEASURED,1786752837847169000,load,aegis_bounded_verification_pool,ML-DSA-65,concurrent_verify_burst,workers4_concurrency2,512,63,0,181958,331000,8224768,true,accepted=2;saturated=0;unexpected=0,2,2,0,0,3309,0,0,0,0,0,"controlled local burst; wall time includes scoped-thread creation, Aegis policy/transcript processing, bounded-pool admission, primitive verification, and joins; work_units counts accepted verifications only"
local-1786752837727815000,macmini-m2-macos26.5.2-rust1.97.1-aarch64-20260814-workers4,9d3ab807a08ef4cf1077dbc23213e2314ce37c87,MEASURED,1786752837848036000,load,aegis_bounded_verification_pool,ML-DSA-65,concurrent_verify_burst,workers4_concurrency2,512,64,0,186542,332000,8224768,true,accepted=2;saturated=0;unexpected=0,2,2,0,0,3309,0,0,0,0,0,"controlled local burst; wall time includes scoped-thread creation, Aegis policy/transcript processing, bounded-pool admission, primitive verification, and joins; work_units counts accepted verifications only"
local-1786752837727815000,macmini-m2-macos26.5.2-rust1.97.1-aarch64-20260814-workers4,9d3ab807a08ef4cf1077dbc23213e2314ce37c87,MEASURED,1786752837848705000,load,aegis_bounded_verification_pool,ML-DSA-65,concurrent_verify_burst,workers4_concurrency2,512,65,0,178917,325000,8224768,true,accepted=2;saturated=0;unexpected=0,2,2,0,0,3309,0,0,0,0,0,"controlled local burst; wall time includes scoped-thread creation, Aegis policy/transcript processing, bounded-pool admission, primitive verification, and joins; work_units counts accepted verifications only"
local-1786752837727815000,macmini-m2-macos26.5.2-rust1.97.1-aarch64-20260814-workers4,9d3ab807a08ef4cf1077dbc23213e2314ce37c87,MEASURED,1786752837849540000,load,aegis_bounded_verification_pool,ML-DSA-65,concurrent_verify_burst,workers4_concurrency2,512,66,0,192875,342000,8224768,true,accepted=2;saturated=0;unexpected=0,2,2,0,0,3309,0,0,0,0,0,"controlled local burst; wall time includes scoped-thread creation, Aegis policy/transcript processing, bounded-pool admission, primitive verification, and joins; work_units counts accepted verifications only"
local-1786752837727815000,macmini-m2-macos26.5.2-rust1.97.1-aarch64-20260814-workers4,9d3ab807a08ef4cf1077dbc23213e2314ce37c87,MEASURED,1786752837850300000,load,aegis_bounded_verification_pool,ML-DSA-65,concurrent_verify_burst,workers4_concurrency2,512,67,0,181083,328000,8224768,true,accepted=2;saturated=0;unexpected=0,2,2,0,0,3309,0,0,0,0,0,"controlled local burst; wall time includes scoped-thread creation, Aegis policy/transcript processing, bounded-pool admission, primitive verification, and joins; work_units counts accepted verifications only"
local-1786752837727815000,macmini-m2-macos26.5.2-rust1.97.1-aarch64-20260814-workers4,9d3ab807a08ef4cf1077dbc23213e2314ce37c87,MEASURED,1786752837851056000,load,aegis_bounded_verification_pool,ML-DSA-65,concurrent_verify_burst,workers4_concurrency2,512,68,0,194167,349000,8224768,true,accepted=2;saturated=0;unexpected=0,2,2,0,0,3309,0,0,0,0,0,"controlled local burst; wall time includes scoped-thread creation, Aegis policy/transcript processing, bounded-pool admission, primitive verification, and joins; work_units counts accepted verifications only"
local-1786752837727815000,macmini-m2-macos26.5.2-rust1.97.1-aarch64-20260814-workers4,9d3ab807a08ef4cf1077dbc23213e2314ce37c87,MEASURED,1786752837851846000,load,aegis_bounded_verification_pool,ML-DSA-65,concurrent_verify_burst,workers4_concurrency2,512,69,0,181666,336000,8224768,true,accepted=2;saturated=0;unexpected=0,2,2,0,0,3309,0,0,0,0,0,"controlled local burst; wall time includes scoped-thread creation, Aegis policy/transcript processing, bounded-pool admission, primitive verification, and joins; work_units counts accepted verifications only"
local-1786752837727815000,macmini-m2-macos26.5.2-rust1.97.1-aarch64-20260814-workers4,9d3ab807a08ef4cf1077dbc23213e2314ce37c87,MEASURED,1786752837852439000,load,aegis_bounded_verification_pool,ML-DSA-65,concurrent_verify_burst,workers4_concurrency2,512,70,0,184708,338000,8224768,true,accepted=2;saturated=0;unexpected=0,2,2,0,0,3309,0,0,0,0,0,"controlled local burst; wall time includes scoped-thread creation, Aegis policy/transcript processing, bounded-pool admission, primitive verification, and joins; work_units counts accepted verifications only"
local-1786752837727815000,macmini-m2-macos26.5.2-rust1.97.1-aarch64-20260814-workers4,9d3ab807a08ef4cf1077dbc23213e2314ce37c87,MEASURED,1786752837853784000,load,aegis_bounded_verification_pool,ML-DSA-65,concurrent_verify_burst,workers4_concurrency2,512,71,0,187875,336000,8224768,true,accepted=2;saturated=0;unexpected=0,2,2,0,0,3309,0,0,0,0,0,"controlled local burst; wall time includes scoped-thread creation, Aegis policy/transcript processing, bounded-pool admission, primitive verification, and joins; work_units counts accepted verifications only"
local-1786752837727815000,macmini-m2-macos26.5.2-rust1.97.1-aarch64-20260814-workers4,9d3ab807a08ef4cf1077dbc23213e2314ce37c87,MEASURED,1786752837854310000,load,aegis_bounded_verification_pool,ML-DSA-65,concurrent_verify_burst,workers4_concurrency2,512,72,0,185209,329000,8224768,true,accepted=2;saturated=0;unexpected=0,2,2,0,0,3309,0,0,0,0,0,"controlled local burst; wall time includes scoped-thread creation, Aegis policy/transcript processing, bounded-pool admission, primitive verification, and joins; work_units counts accepted verifications only"
local-1786752837727815000,macmini-m2-macos26.5.2-rust1.97.1-aarch64-20260814-workers4,9d3ab807a08ef4cf1077dbc23213e2314ce37c87,MEASURED,1786752837855130000,load,aegis_bounded_verification_pool,ML-DSA-65,concurrent_verify_burst,workers4_concurrency2,512,73,0,185542,332000,8224768,true,accepted=2;saturated=0;unexpected=0,2,2,0,0,3309,0,0,0,0,0,"controlled local burst; wall time includes scoped-thread creation, Aegis policy/transcript processing, bounded-pool admission, primitive verification, and joins; work_units counts accepted verifications only"
local-1786752837727815000,macmini-m2-macos26.5.2-rust1.97.1-aarch64-20260814-workers4,9d3ab807a08ef4cf1077dbc23213e2314ce37c87,MEASURED,1786752837855801000,load,aegis_bounded_verification_pool,ML-DSA-65,concurrent_verify_burst,workers4_concurrency2,512,74,0,181167,329000,8224768,true,accepted=2;saturated=0;unexpected=0,2,2,0,0,3309,0,0,0,0,0,"controlled local burst; wall time includes scoped-thread creation, Aegis policy/transcript processing, bounded-pool admission, primitive verification, and joins; work_units counts accepted verifications only"
local-1786752837727815000,macmini-m2-macos26.5.2-rust1.97.1-aarch64-20260814-workers4,9d3ab807a08ef4cf1077dbc23213e2314ce37c87,MEASURED,1786752837856385000,load,aegis_bounded_verification_pool,ML-DSA-65,concurrent_verify_burst,workers4_concurrency2,512,75,0,183042,332000,8224768,true,accepted=2;saturated=0;unexpected=0,2,2,0,0,3309,0,0,0,0,0,"controlled local burst; wall time includes scoped-thread creation, Aegis policy/transcript processing, bounded-pool admission, primitive verification, and joins; work_units counts accepted verifications only"
local-1786752837727815000,macmini-m2-macos26.5.2-rust1.97.1-aarch64-20260814-workers4,9d3ab807a08ef4cf1077dbc23213e2314ce37c87,MEASURED,1786752837857218000,load,aegis_bounded_verification_pool,ML-DSA-65,concurrent_verify_burst,workers4_concurrency2,512,76,0,202458,364000,8224768,true,accepted=2;saturated=0;unexpected=0,2,2,0,0,3309,0,0,0,0,0,"controlled local burst; wall time includes scoped-thread creation, Aegis policy/transcript processing, bounded-pool admission, primitive verification, and joins; work_units counts accepted verifications only"
local-1786752837727815000,macmini-m2-macos26.5.2-rust1.97.1-aarch64-20260814-workers4,9d3ab807a08ef4cf1077dbc23213e2314ce37c87,MEASURED,1786752837857819000,load,aegis_bounded_verification_pool,ML-DSA-65,concurrent_verify_burst,workers4_concurrency2,512,77,0,185584,327000,8224768,true,accepted=2;saturated=0;unexpected=0,2,2,0,0,3309,0,0,0,0,0,"controlled local burst; wall time includes scoped-thread creation, Aegis policy/transcript processing, bounded-pool admission, primitive verification, and joins; work_units counts accepted verifications only"
local-1786752837727815000,macmini-m2-macos26.5.2-rust1.97.1-aarch64-20260814-workers4,9d3ab807a08ef4cf1077dbc23213e2314ce37c87,MEASURED,1786752837858697000,load,aegis_bounded_verification_pool,ML-DSA-65,concurrent_verify_burst,workers4_concurrency2,512,78,0,204250,349000,8241152,true,accepted=2;saturated=0;unexpected=0,2,2,0,0,3309,0,0,0,0,0,"controlled local burst; wall time includes scoped-thread creation, Aegis policy/transcript processing, bounded-pool admission, primitive verification, and joins; work_units counts accepted verifications only"
local-1786752837727815000,macmini-m2-macos26.5.2-rust1.97.1-aarch64-20260814-workers4,9d3ab807a08ef4cf1077dbc23213e2314ce37c87,MEASURED,1786752837860137000,load,aegis_bounded_verification_pool,ML-DSA-65,concurrent_verify_burst,workers4_concurrency2,512,79,0,203667,366000,8241152,true,accepted=2;saturated=0;unexpected=0,2,2,0,0,3309,0,0,0,0,0,"controlled local burst; wall time includes scoped-thread creation, Aegis policy/transcript processing, bounded-pool admission, primitive verification, and joins; work_units counts accepted verifications only"
local-1786752837727815000,macmini-m2-macos26.5.2-rust1.97.1-aarch64-20260814-workers4,9d3ab807a08ef4cf1077dbc23213e2314ce37c87,MEASURED,1786752837860613000,load,aegis_bounded_verification_pool,ML-DSA-65,concurrent_verify_burst,workers4_concurrency2,512,80,0,191625,339000,8241152,true,accepted=2;saturated=0;unexpected=0,2,2,0,0,3309,0,0,0,0,0,"controlled local burst; wall time includes scoped-thread creation, Aegis policy/transcript processing, bounded-pool admission, primitive verification, and joins; work_units counts accepted verifications only"
local-1786752837727815000,macmini-m2-macos26.5.2-rust1.97.1-aarch64-20260814-workers4,9d3ab807a08ef4cf1077dbc23213e2314ce37c87,MEASURED,1786752837861965000,load,aegis_bounded_verification_pool,ML-DSA-65,concurrent_verify_burst,workers4_concurrency2,512,81,0,192166,339000,8241152,true,accepted=2;saturated=0;unexpected=0,2,2,0,0,3309,0,0,0,0,0,"controlled local burst; wall time includes scoped-thread creation, Aegis policy/transcript processing, bounded-pool admission, primitive verification, and joins; work_units counts accepted verifications only"
local-1786752837727815000,macmini-m2-macos26.5.2-rust1.97.1-aarch64-20260814-workers4,9d3ab807a08ef4cf1077dbc23213e2314ce37c87,MEASURED,1786752837862706000,load,aegis_bounded_verification_pool,ML-DSA-65,concurrent_verify_burst,workers4_concurrency2,512,82,0,186833,332000,8241152,true,accepted=2;saturated=0;unexpected=0,2,2,0,0,3309,0,0,0,0,0,"controlled local burst; wall time includes scoped-thread creation, Aegis policy/transcript processing, bounded-pool admission, primitive verification, and joins; work_units counts accepted verifications only"
local-1786752837727815000,macmini-m2-macos26.5.2-rust1.97.1-aarch64-20260814-workers4,9d3ab807a08ef4cf1077dbc23213e2314ce37c87,MEASURED,1786752837864839000,load,aegis_bounded_verification_pool,ML-DSA-65,concurrent_verify_burst,workers4_concurrency2,512,83,0,469958,668000,8241152,true,accepted=2;saturated=0;unexpected=0,2,2,0,0,3309,0,0,0,0,0,"controlled local burst; wall time includes scoped-thread creation, Aegis policy/transcript processing, bounded-pool admission, primitive verification, and joins; work_units counts accepted verifications only"
local-1786752837727815000,macmini-m2-macos26.5.2-rust1.97.1-aarch64-20260814-workers4,9d3ab807a08ef4cf1077dbc23213e2314ce37c87,MEASURED,1786752837866248000,load,aegis_bounded_verification_pool,ML-DSA-65,concurrent_verify_burst,workers4_concurrency2,512,84,0,198625,344000,8241152,true,accepted=2;saturated=0;unexpected=0,2,2,0,0,3309,0,0,0,0,0,"controlled local burst; wall time includes scoped-thread creation, Aegis policy/transcript processing, bounded-pool admission, primitive verification, and joins; work_units counts accepted verifications only"
local-1786752837727815000,macmini-m2-macos26.5.2-rust1.97.1-aarch64-20260814-workers4,9d3ab807a08ef4cf1077dbc23213e2314ce37c87,MEASURED,1786752837867131000,load,aegis_bounded_verification_pool,ML-DSA-65,concurrent_verify_burst,workers4_concurrency2,512,85,0,189292,333000,8241152,true,accepted=2;saturated=0;unexpected=0,2,2,0,0,3309,0,0,0,0,0,"controlled local burst; wall time includes scoped-thread creation, Aegis policy/transcript processing, bounded-pool admission, primitive verification, and joins; work_units counts accepted verifications only"
local-1786752837727815000,macmini-m2-macos26.5.2-rust1.97.1-aarch64-20260814-workers4,9d3ab807a08ef4cf1077dbc23213e2314ce37c87,MEASURED,1786752837867828000,load,aegis_bounded_verification_pool,ML-DSA-65,concurrent_verify_burst,workers4_concurrency2,512,86,0,181292,330000,8241152,true,accepted=2;saturated=0;unexpected=0,2,2,0,0,3309,0,0,0,0,0,"controlled local burst; wall time includes scoped-thread creation, Aegis policy/transcript processing, bounded-pool admission, primitive verification, and joins; work_units counts accepted verifications only"
local-1786752837727815000,macmini-m2-macos26.5.2-rust1.97.1-aarch64-20260814-workers4,9d3ab807a08ef4cf1077dbc23213e2314ce37c87,MEASURED,1786752837868426000,load,aegis_bounded_verification_pool,ML-DSA-65,concurrent_verify_burst,workers4_concurrency2,512,87,0,185500,332000,8241152,true,accepted=2;saturated=0;unexpected=0,2,2,0,0,3309,0,0,0,0,0,"controlled local burst; wall time includes scoped-thread creation, Aegis policy/transcript processing, bounded-pool admission, primitive verification, and joins; work_units counts accepted verifications only"
local-1786752837727815000,macmini-m2-macos26.5.2-rust1.97.1-aarch64-20260814-workers4,9d3ab807a08ef4cf1077dbc23213e2314ce37c87,MEASURED,1786752837869260000,load,aegis_bounded_verification_pool,ML-DSA-65,concurrent_verify_burst,workers4_concurrency2,512,88,0,177541,326000,8241152,true,accepted=2;saturated=0;unexpected=0,2,2,0,0,3309,0,0,0,0,0,"controlled local burst; wall time includes scoped-thread creation, Aegis policy/transcript processing, bounded-pool admission, primitive verification, and joins; work_units counts accepted verifications only"
local-1786752837727815000,macmini-m2-macos26.5.2-rust1.97.1-aarch64-20260814-workers4,9d3ab807a08ef4cf1077dbc23213e2314ce37c87,MEASURED,1786752837869787000,load,aegis_bounded_verification_pool,ML-DSA-65,concurrent_verify_burst,workers4_concurrency2,512,89,0,181958,330000,8241152,true,accepted=2;saturated=0;unexpected=0,2,2,0,0,3309,0,0,0,0,0,"controlled local burst; wall time includes scoped-thread creation, Aegis policy/transcript processing, bounded-pool admission, primitive verification, and joins; work_units counts accepted verifications only"
local-1786752837727815000,macmini-m2-macos26.5.2-rust1.97.1-aarch64-20260814-workers4,9d3ab807a08ef4cf1077dbc23213e2314ce37c87,MEASURED,1786752837870576000,load,aegis_bounded_verification_pool,ML-DSA-65,concurrent_verify_burst,workers4_concurrency2,512,90,0,196500,336000,8241152,true,accepted=2;saturated=0;unexpected=0,2,2,0,0,3309,0,0,0,0,0,"controlled local burst; wall time includes scoped-thread creation, Aegis policy/transcript processing, bounded-pool admission, primitive verification, and joins; work_units counts accepted verifications only"
local-1786752837727815000,macmini-m2-macos26.5.2-rust1.97.1-aarch64-20260814-workers4,9d3ab807a08ef4cf1077dbc23213e2314ce37c87,MEASURED,1786752837871920000,load,aegis_bounded_verification_pool,ML-DSA-65,concurrent_verify_burst,workers4_concurrency2,512,91,0,202541,344000,8241152,true,accepted=2;saturated=0;unexpected=0,2,2,0,0,3309,0,0,0,0,0,"controlled local burst; wall time includes scoped-thread creation, Aegis policy/transcript processing, bounded-pool admission, primitive verification, and joins; work_units counts accepted verifications only"
local-1786752837727815000,macmini-m2-macos26.5.2-rust1.97.1-aarch64-20260814-workers4,9d3ab807a08ef4cf1077dbc23213e2314ce37c87,MEASURED,1786752837872602000,load,aegis_bounded_verification_pool,ML-DSA-65,concurrent_verify_burst,workers4_concurrency2,512,92,0,196042,343000,8241152,true,accepted=2;saturated=0;unexpected=0,2,2,0,0,3309,0,0,0,0,0,"controlled local burst; wall time includes scoped-thread creation, Aegis policy/transcript processing, bounded-pool admission, primitive verification, and joins; work_units counts accepted verifications only"
local-1786752837727815000,macmini-m2-macos26.5.2-rust1.97.1-aarch64-20260814-workers4,9d3ab807a08ef4cf1077dbc23213e2314ce37c87,MEASURED,1786752837873637000,load,aegis_bounded_verification_pool,ML-DSA-65,concurrent_verify_burst,workers4_concurrency2,512,93,0,196625,349000,8241152,true,accepted=2;saturated=0;unexpected=0,2,2,0,0,3309,0,0,0,0,0,"controlled local burst; wall time includes scoped-thread creation, Aegis policy/transcript processing, bounded-pool admission, primitive verification, and joins; work_units counts accepted verifications only"
local-1786752837727815000,macmini-m2-macos26.5.2-rust1.97.1-aarch64-20260814-workers4,9d3ab807a08ef4cf1077dbc23213e2314ce37c87,MEASURED,1786752837874411000,load,aegis_bounded_verification_pool,ML-DSA-65,concurrent_verify_burst,workers4_concurrency2,512,94,0,189875,331000,8241152,true,accepted=2;saturated=0;unexpected=0,2,2,0,0,3309,0,0,0,0,0,"controlled local burst; wall time includes scoped-thread creation, Aegis policy/transcript processing, bounded-pool admission, primitive verification, and joins; work_units counts accepted verifications only"
local-1786752837727815000,macmini-m2-macos26.5.2-rust1.97.1-aarch64-20260814-workers4,9d3ab807a08ef4cf1077dbc23213e2314ce37c87,MEASURED,1786752837875140000,load,aegis_bounded_verification_pool,ML-DSA-65,concurrent_verify_burst,workers4_concurrency2,512,95,0,185459,330000,8241152,true,accepted=2;saturated=0;unexpected=0,2,2,0,0,3309,0,0,0,0,0,"controlled local burst; wall time includes scoped-thread creation, Aegis policy/transcript processing, bounded-pool admission, primitive verification, and joins; work_units counts accepted verifications only"
local-1786752837727815000,macmini-m2-macos26.5.2-rust1.97.1-aarch64-20260814-workers4,9d3ab807a08ef4cf1077dbc23213e2314ce37c87,MEASURED,1786752837875871000,load,aegis_bounded_verification_pool,ML-DSA-65,concurrent_verify_burst,workers4_concurrency2,512,96,0,188041,333000,8241152,true,accepted=2;saturated=0;unexpected=0,2,2,0,0,3309,0,0,0,0,0,"controlled local burst; wall time includes scoped-thread creation, Aegis policy/transcript processing, bounded-pool admission, primitive verification, and joins; work_units counts accepted verifications only"
local-1786752837727815000,macmini-m2-macos26.5.2-rust1.97.1-aarch64-20260814-workers4,9d3ab807a08ef4cf1077dbc23213e2314ce37c87,MEASURED,1786752837876634000,load,aegis_bounded_verification_pool,ML-DSA-65,concurrent_verify_burst,workers4_concurrency2,512,97,0,187333,333000,8241152,true,accepted=2;saturated=0;unexpected=0,2,2,0,0,3309,0,0,0,0,0,"controlled local burst; wall time includes scoped-thread creation, Aegis policy/transcript processing, bounded-pool admission, primitive verification, and joins; work_units counts accepted verifications only"
local-1786752837727815000,macmini-m2-macos26.5.2-rust1.97.1-aarch64-20260814-workers4,9d3ab807a08ef4cf1077dbc23213e2314ce37c87,MEASURED,1786752837877722000,load,aegis_bounded_verification_pool,ML-DSA-65,concurrent_verify_burst,workers4_concurrency2,512,98,0,187000,335000,8241152,true,accepted=2;saturated=0;unexpected=0,2,2,0,0,3309,0,0,0,0,0,"controlled local burst; wall time includes scoped-thread creation, Aegis policy/transcript processing, bounded-pool admission, primitive verification, and joins; work_units counts accepted verifications only"
local-1786752837727815000,macmini-m2-macos26.5.2-rust1.97.1-aarch64-20260814-workers4,9d3ab807a08ef4cf1077dbc23213e2314ce37c87,MEASURED,1786752837879625000,load,aegis_bounded_verification_pool,ML-DSA-65,concurrent_verify_burst,workers4_concurrency2,512,99,0,195542,348000,8241152,true,accepted=2;saturated=0;unexpected=0,2,2,0,0,3309,0,0,0,0,0,"controlled local burst; wall time includes scoped-thread creation, Aegis policy/transcript processing, bounded-pool admission, primitive verification, and joins; work_units counts accepted verifications only"
local-1786752837727815000,macmini-m2-macos26.5.2-rust1.97.1-aarch64-20260814-workers4,9d3ab807a08ef4cf1077dbc23213e2314ce37c87,MEASURED,1786752837882292000,load,aegis_bounded_verification_pool,ML-DSA-65,concurrent_verify_burst,workers4_concurrency4,512,0,0,239250,690000,8273920,true,accepted=4;saturated=0;unexpected=0,4,4,0,0,3309,0,0,0,0,0,"controlled local burst; wall time includes scoped-thread creation, Aegis policy/transcript processing, bounded-pool admission, primitive verification, and joins; work_units counts accepted verifications only"
local-1786752837727815000,macmini-m2-macos26.5.2-rust1.97.1-aarch64-20260814-workers4,9d3ab807a08ef4cf1077dbc23213e2314ce37c87,MEASURED,1786752837883938000,load,aegis_bounded_verification_pool,ML-DSA-65,concurrent_verify_burst,workers4_concurrency4,512,1,0,250709,717000,8290304,true,accepted=4;saturated=0;unexpected=0,4,4,0,0,3309,0,0,0,0,0,"controlled local burst; wall time includes scoped-thread creation, Aegis policy/transcript processing, bounded-pool admission, primitive verification, and joins; work_units counts accepted verifications only"
local-1786752837727815000,macmini-m2-macos26.5.2-rust1.97.1-aarch64-20260814-workers4,9d3ab807a08ef4cf1077dbc23213e2314ce37c87,MEASURED,1786752837885089000,load,aegis_bounded_verification_pool,ML-DSA-65,concurrent_verify_burst,workers4_concurrency4,512,2,0,264708,736000,8290304,true,accepted=4;saturated=0;unexpected=0,4,4,0,0,3309,0,0,0,0,0,"controlled local burst; wall time includes scoped-thread creation, Aegis policy/transcript processing, bounded-pool admission, primitive verification, and joins; work_units counts accepted verifications only"
local-1786752837727815000,macmini-m2-macos26.5.2-rust1.97.1-aarch64-20260814-workers4,9d3ab807a08ef4cf1077dbc23213e2314ce37c87,MEASURED,1786752837887145000,load,aegis_bounded_verification_pool,ML-DSA-65,concurrent_verify_burst,workers4_concurrency4,512,3,0,274833,710000,8290304,true,accepted=4;saturated=0;unexpected=0,4,4,0,0,3309,0,0,0,0,0,"controlled local burst; wall time includes scoped-thread creation, Aegis policy/transcript processing, bounded-pool admission, primitive verification, and joins; work_units counts accepted verifications only"
local-1786752837727815000,macmini-m2-macos26.5.2-rust1.97.1-aarch64-20260814-workers4,9d3ab807a08ef4cf1077dbc23213e2314ce37c87,MEASURED,1786752837889112000,load,aegis_bounded_verification_pool,ML-DSA-65,concurrent_verify_burst,workers4_concurrency4,512,4,0,250500,697000,8290304,true,accepted=4;saturated=0;unexpected=0,4,4,0,0,3309,0,0,0,0,0,"controlled local burst; wall time includes scoped-thread creation, Aegis policy/transcript processing, bounded-pool admission, primitive verification, and joins; work_units counts accepted verifications only"
local-1786752837727815000,macmini-m2-macos26.5.2-rust1.97.1-aarch64-20260814-workers4,9d3ab807a08ef4cf1077dbc23213e2314ce37c87,MEASURED,1786752837891051000,load,aegis_bounded_verification_pool,ML-DSA-65,concurrent_verify_burst,workers4_concurrency4,512,5,0,271417,789000,8306688,true,accepted=4;saturated=0;unexpected=0,4,4,0,0,3309,0,0,0,0,0,"controlled local burst; wall time includes scoped-thread creation, Aegis policy/transcript processing, bounded-pool admission, primitive verification, and joins; work_units counts accepted verifications only"
local-1786752837727815000,macmini-m2-macos26.5.2-rust1.97.1-aarch64-20260814-workers4,9d3ab807a08ef4cf1077dbc23213e2314ce37c87,MEASURED,1786752837892678000,load,aegis_bounded_verification_pool,ML-DSA-65,concurrent_verify_burst,workers4_concurrency4,512,6,0,290417,799000,8323072,true,accepted=4;saturated=0;unexpected=0,4,4,0,0,3309,0,0,0,0,0,"controlled local burst; wall time includes scoped-thread creation, Aegis policy/transcript processing, bounded-pool admission, primitive verification, and joins; work_units counts accepted verifications only"
local-1786752837727815000,macmini-m2-macos26.5.2-rust1.97.1-aarch64-20260814-workers4,9d3ab807a08ef4cf1077dbc23213e2314ce37c87,MEASURED,1786752837894927000,load,aegis_bounded_verification_pool,ML-DSA-65,concurrent_verify_burst,workers4_concurrency4,512,7,0,282625,728000,8323072,true,accepted=4;saturated=0;unexpected=0,4,4,0,0,3309,0,0,0,0,0,"controlled local burst; wall time includes scoped-thread creation, Aegis policy/transcript processing, bounded-pool admission, primitive verification, and joins; work_units counts accepted verifications only"
local-1786752837727815000,macmini-m2-macos26.5.2-rust1.97.1-aarch64-20260814-workers4,9d3ab807a08ef4cf1077dbc23213e2314ce37c87,MEASURED,1786752837896646000,load,aegis_bounded_verification_pool,ML-DSA-65,concurrent_verify_burst,workers4_concurrency4,512,8,0,262667,723000,8323072,true,accepted=4;saturated=0;unexpected=0,4,4,0,0,3309,0,0,0,0,0,"controlled local burst; wall time includes scoped-thread creation, Aegis policy/transcript processing, bounded-pool admission, primitive verification, and joins; work_units counts accepted verifications only"
local-1786752837727815000,macmini-m2-macos26.5.2-rust1.97.1-aarch64-20260814-workers4,9d3ab807a08ef4cf1077dbc23213e2314ce37c87,MEASURED,1786752837899048000,load,aegis_bounded_verification_pool,ML-DSA-65,concurrent_verify_burst,workers4_concurrency4,512,9,0,278333,750000,8323072,true,accepted=4;saturated=0;unexpected=0,4,4,0,0,3309,0,0,0,0,0,"controlled local burst; wall time includes scoped-thread creation, Aegis policy/transcript processing, bounded-pool admission, primitive verification, and joins; work_units counts accepted verifications only"
local-1786752837727815000,macmini-m2-macos26.5.2-rust1.97.1-aarch64-20260814-workers4,9d3ab807a08ef4cf1077dbc23213e2314ce37c87,MEASURED,1786752837900886000,load,aegis_bounded_verification_pool,ML-DSA-65,concurrent_verify_burst,workers4_concurrency4,512,10,0,273333,802000,8323072,true,accepted=4;saturated=0;unexpected=0,4,4,0,0,3309,0,0,0,0,0,"controlled local burst; wall time includes scoped-thread creation, Aegis policy/transcript processing, bounded-pool admission, primitive verification, and joins; work_units counts accepted verifications only"
local-1786752837727815000,macmini-m2-macos26.5.2-rust1.97.1-aarch64-20260814-workers4,9d3ab807a08ef4cf1077dbc23213e2314ce37c87,MEASURED,1786752837903353000,load,aegis_bounded_verification_pool,ML-DSA-65,concurrent_verify_burst,workers4_concurrency4,512,11,0,254042,688000,8323072,true,accepted=4;saturated=0;unexpected=0,4,4,0,0,3309,0,0,0,0,0,"controlled local burst; wall time includes scoped-thread creation, Aegis policy/transcript processing, bounded-pool admission, primitive verification, and joins; work_units counts accepted verifications only"
local-1786752837727815000,macmini-m2-macos26.5.2-rust1.97.1-aarch64-20260814-workers4,9d3ab807a08ef4cf1077dbc23213e2314ce37c87,MEASURED,1786752837905326000,load,aegis_bounded_verification_pool,ML-DSA-65,concurrent_verify_burst,workers4_concurrency4,512,12,0,265125,757000,8323072,true,accepted=4;saturated=0;unexpected=0,4,4,0,0,3309,0,0,0,0,0,"controlled local burst; wall time includes scoped-thread creation, Aegis policy/transcript processing, bounded-pool admission, primitive verification, and joins; work_units counts accepted verifications only"
local-1786752837727815000,macmini-m2-macos26.5.2-rust1.97.1-aarch64-20260814-workers4,9d3ab807a08ef4cf1077dbc23213e2314ce37c87,MEASURED,1786752837907359000,load,aegis_bounded_verification_pool,ML-DSA-65,concurrent_verify_burst,workers4_concurrency4,512,13,0,267750,721000,8323072,true,accepted=4;saturated=0;unexpected=0,4,4,0,0,3309,0,0,0,0,0,"controlled local burst; wall time includes scoped-thread creation, Aegis policy/transcript processing, bounded-pool admission, primitive verification, and joins; work_units counts accepted verifications only"
local-1786752837727815000,macmini-m2-macos26.5.2-rust1.97.1-aarch64-20260814-workers4,9d3ab807a08ef4cf1077dbc23213e2314ce37c87,MEASURED,1786752837908796000,load,aegis_bounded_verification_pool,ML-DSA-65,concurrent_verify_burst,workers4_concurrency4,512,14,0,238417,676000,8323072,true,accepted=4;saturated=0;unexpected=0,4,4,0,0,3309,0,0,0,0,0,"controlled local burst; wall time includes scoped-thread creation, Aegis policy/transcript processing, bounded-pool admission, primitive verification, and joins; work_units counts accepted verifications only"
local-1786752837727815000,macmini-m2-macos26.5.2-rust1.97.1-aarch64-20260814-workers4,9d3ab807a08ef4cf1077dbc23213e2314ce37c87,MEASURED,1786752837910565000,load,aegis_bounded_verification_pool,ML-DSA-65,concurrent_verify_burst,workers4_concurrency4,512,15,0,249542,683000,8323072,true,accepted=4;saturated=0;unexpected=0,4,4,0,0,3309,0,0,0,0,0,"controlled local burst; wall time includes scoped-thread creation, Aegis policy/transcript processing, bounded-pool admission, primitive verification, and joins; work_units counts accepted verifications only"
local-1786752837727815000,macmini-m2-macos26.5.2-rust1.97.1-aarch64-20260814-workers4,9d3ab807a08ef4cf1077dbc23213e2314ce37c87,MEASURED,1786752837911853000,load,aegis_bounded_verification_pool,ML-DSA-65,concurrent_verify_burst,workers4_concurrency4,512,16,0,252542,689000,8339456,true,accepted=4;saturated=0;unexpected=0,4,4,0,0,3309,0,0,0,0,0,"controlled local burst; wall time includes scoped-thread creation, Aegis policy/transcript processing, bounded-pool admission, primitive verification, and joins; work_units counts accepted verifications only"
local-1786752837727815000,macmini-m2-macos26.5.2-rust1.97.1-aarch64-20260814-workers4,9d3ab807a08ef4cf1077dbc23213e2314ce37c87,MEASURED,1786752837913470000,load,aegis_bounded_verification_pool,ML-DSA-65,concurrent_verify_burst,workers4_concurrency4,512,17,0,231209,686000,8339456,true,accepted=4;saturated=0;unexpected=0,4,4,0,0,3309,0,0,0,0,0,"controlled local burst; wall time includes scoped-thread creation, Aegis policy/transcript processing, bounded-pool admission, primitive verification, and joins; work_units counts accepted verifications only"
local-1786752837727815000,macmini-m2-macos26.5.2-rust1.97.1-aarch64-20260814-workers4,9d3ab807a08ef4cf1077dbc23213e2314ce37c87,MEASURED,1786752837915190000,load,aegis_bounded_verification_pool,ML-DSA-65,concurrent_verify_burst,workers4_concurrency4,512,18,0,255667,668000,8339456,true,accepted=4;saturated=0;unexpected=0,4,4,0,0,3309,0,0,0,0,0,"controlled local burst; wall time includes scoped-thread creation, Aegis policy/transcript processing, bounded-pool admission, primitive verification, and joins; work_units counts accepted verifications only"
local-1786752837727815000,macmini-m2-macos26.5.2-rust1.97.1-aarch64-20260814-workers4,9d3ab807a08ef4cf1077dbc23213e2314ce37c87,MEASURED,1786752837916854000,load,aegis_bounded_verification_pool,ML-DSA-65,concurrent_verify_burst,workers4_concurrency4,512,19,0,242542,649000,8339456,true,accepted=4;saturated=0;unexpected=0,4,4,0,0,3309,0,0,0,0,0,"controlled local burst; wall time includes scoped-thread creation, Aegis policy/transcript processing, bounded-pool admission, primitive verification, and joins; work_units counts accepted verifications only"
local-1786752837727815000,macmini-m2-macos26.5.2-rust1.97.1-aarch64-20260814-workers4,9d3ab807a08ef4cf1077dbc23213e2314ce37c87,MEASURED,1786752837919409000,load,aegis_bounded_verification_pool,ML-DSA-65,concurrent_verify_burst,workers4_concurrency4,512,20,0,241083,705000,8339456,true,accepted=4;saturated=0;unexpected=0,4,4,0,0,3309,0,0,0,0,0,"controlled local burst; wall time includes scoped-thread creation, Aegis policy/transcript processing, bounded-pool admission, primitive verification, and joins; work_units counts accepted verifications only"
local-1786752837727815000,macmini-m2-macos26.5.2-rust1.97.1-aarch64-20260814-workers4,9d3ab807a08ef4cf1077dbc23213e2314ce37c87,MEASURED,1786752837921883000,load,aegis_bounded_verification_pool,ML-DSA-65,concurrent_verify_burst,workers4_concurrency4,512,21,0,255250,667000,8339456,true,accepted=4;saturated=0;unexpected=0,4,4,0,0,3309,0,0,0,0,0,"controlled local burst; wall time includes scoped-thread creation, Aegis policy/transcript processing, bounded-pool admission, primitive verification, and joins; work_units counts accepted verifications only"
local-1786752837727815000,macmini-m2-macos26.5.2-rust1.97.1-aarch64-20260814-workers4,9d3ab807a08ef4cf1077dbc23213e2314ce37c87,MEASURED,1786752837924643000,load,aegis_bounded_verification_pool,ML-DSA-65,concurrent_verify_burst,workers4_concurrency4,512,22,0,243667,643000,8339456,true,accepted=4;saturated=0;unexpected=0,4,4,0,0,3309,0,0,0,0,0,"controlled local burst; wall time includes scoped-thread creation, Aegis policy/transcript processing, bounded-pool admission, primitive verification, and joins; work_units counts accepted verifications only"
local-1786752837727815000,macmini-m2-macos26.5.2-rust1.97.1-aarch64-20260814-workers4,9d3ab807a08ef4cf1077dbc23213e2314ce37c87,MEASURED,1786752837925784000,load,aegis_bounded_verification_pool,ML-DSA-65,concurrent_verify_burst,workers4_concurrency4,512,23,0,238625,645000,8339456,true,accepted=4;saturated=0;unexpected=0,4,4,0,0,3309,0,0,0,0,0,"controlled local burst; wall time includes scoped-thread creation, Aegis policy/transcript processing, bounded-pool admission, primitive verification, and joins; work_units counts accepted verifications only"
local-1786752837727815000,macmini-m2-macos26.5.2-rust1.97.1-aarch64-20260814-workers4,9d3ab807a08ef4cf1077dbc23213e2314ce37c87,MEASURED,1786752837928917000,load,aegis_bounded_verification_pool,ML-DSA-65,concurrent_verify_burst,workers4_concurrency4,512,24,0,293542,699000,8339456,true,accepted=4;saturated=0;unexpected=0,4,4,0,0,3309,0,0,0,0,0,"controlled local burst; wall time includes scoped-thread creation, Aegis policy/transcript processing, bounded-pool admission, primitive verification, and joins; work_units counts accepted verifications only"
local-1786752837727815000,macmini-m2-macos26.5.2-rust1.97.1-aarch64-20260814-workers4,9d3ab807a08ef4cf1077dbc23213e2314ce37c87,MEASURED,1786752837931297000,load,aegis_bounded_verification_pool,ML-DSA-65,concurrent_verify_burst,workers4_concurrency4,512,25,0,258541,655000,8339456,true,accepted=4;saturated=0;unexpected=0,4,4,0,0,3309,0,0,0,0,0,"controlled local burst; wall time includes scoped-thread creation, Aegis policy/transcript processing, bounded-pool admission, primitive verification, and joins; work_units counts accepted verifications only"
local-1786752837727815000,macmini-m2-macos26.5.2-rust1.97.1-aarch64-20260814-workers4,9d3ab807a08ef4cf1077dbc23213e2314ce37c87,MEASURED,1786752837935087000,load,aegis_bounded_verification_pool,ML-DSA-65,concurrent_verify_burst,workers4_concurrency4,512,26,0,268167,698000,8339456,true,accepted=4;saturated=0;unexpected=0,4,4,0,0,3309,0,0,0,0,0,"controlled local burst; wall time includes scoped-thread creation, Aegis policy/transcript processing, bounded-pool admission, primitive verification, and joins; work_units counts accepted verifications only"
local-1786752837727815000,macmini-m2-macos26.5.2-rust1.97.1-aarch64-20260814-workers4,9d3ab807a08ef4cf1077dbc23213e2314ce37c87,MEASURED,1786752837936612000,load,aegis_bounded_verification_pool,ML-DSA-65,concurrent_verify_burst,workers4_concurrency4,512,27,0,265708,751000,8339456,true,accepted=4;saturated=0;unexpected=0,4,4,0,0,3309,0,0,0,0,0,"controlled local burst; wall time includes scoped-thread creation, Aegis policy/transcript processing, bounded-pool admission, primitive verification, and joins; work_units counts accepted verifications only"
local-1786752837727815000,macmini-m2-macos26.5.2-rust1.97.1-aarch64-20260814-workers4,9d3ab807a08ef4cf1077dbc23213e2314ce37c87,MEASURED,1786752837938916000,load,aegis_bounded_verification_pool,ML-DSA-65,concurrent_verify_burst,workers4_concurrency4,512,28,0,259750,723000,8339456,true,accepted=4;saturated=0;unexpected=0,4,4,0,0,3309,0,0,0,0,0,"controlled local burst; wall time includes scoped-thread creation, Aegis policy/transcript processing, bounded-pool admission, primitive verification, and joins; work_units counts accepted verifications only"
local-1786752837727815000,macmini-m2-macos26.5.2-rust1.97.1-aarch64-20260814-workers4,9d3ab807a08ef4cf1077dbc23213e2314ce37c87,MEASURED,1786752837940977000,load,aegis_bounded_verification_pool,ML-DSA-65,concurrent_verify_burst,workers4_concurrency4,512,29,0,378625,1002000,8339456,true,accepted=4;saturated=0;unexpected=0,4,4,0,0,3309,0,0,0,0,0,"controlled local burst; wall time includes scoped-thread creation, Aegis policy/transcript processing, bounded-pool admission, primitive verification, and joins; work_units counts accepted verifications only"
local-1786752837727815000,macmini-m2-macos26.5.2-rust1.97.1-aarch64-20260814-workers4,9d3ab807a08ef4cf1077dbc23213e2314ce37c87,MEASURED,1786752837942387000,load,aegis_bounded_verification_pool,ML-DSA-65,concurrent_verify_burst,workers4_concurrency4,512,30,0,261292,700000,8339456,true,accepted=4;saturated=0;unexpected=0,4,4,0,0,3309,0,0,0,0,0,"controlled local burst; wall time includes scoped-thread creation, Aegis policy/transcript processing, bounded-pool admission, primitive verification, and joins; work_units counts accepted verifications only"
local-1786752837727815000,macmini-m2-macos26.5.2-rust1.97.1-aarch64-20260814-workers4,9d3ab807a08ef4cf1077dbc23213e2314ce37c87,MEASURED,1786752837944564000,load,aegis_bounded_verification_pool,ML-DSA-65,concurrent_verify_burst,workers4_concurrency4,512,31,0,248166,702000,8339456,true,accepted=4;saturated=0;unexpected=0,4,4,0,0,3309,0,0,0,0,0,"controlled local burst; wall time includes scoped-thread creation, Aegis policy/transcript processing, bounded-pool admission, primitive verification, and joins; work_units counts accepted verifications only"
local-1786752837727815000,macmini-m2-macos26.5.2-rust1.97.1-aarch64-20260814-workers4,9d3ab807a08ef4cf1077dbc23213e2314ce37c87,MEASURED,1786752837945787000,load,aegis_bounded_verification_pool,ML-DSA-65,concurrent_verify_burst,workers4_concurrency4,512,32,0,242459,694000,8339456,true,accepted=4;saturated=0;unexpected=0,4,4,0,0,3309,0,0,0,0,0,"controlled local burst; wall time includes scoped-thread creation, Aegis policy/transcript processing, bounded-pool admission, primitive verification, and joins; work_units counts accepted verifications only"
local-1786752837727815000,macmini-m2-macos26.5.2-rust1.97.1-aarch64-20260814-workers4,9d3ab807a08ef4cf1077dbc23213e2314ce37c87,MEASURED,1786752837947357000,load,aegis_bounded_verification_pool,ML-DSA-65,concurrent_verify_burst,workers4_concurrency4,512,33,0,261500,768000,8339456,true,accepted=4;saturated=0;unexpected=0,4,4,0,0,3309,0,0,0,0,0,"controlled local burst; wall time includes scoped-thread creation, Aegis policy/transcript processing, bounded-pool admission, primitive verification, and joins; work_units counts accepted verifications only"
local-1786752837727815000,macmini-m2-macos26.5.2-rust1.97.1-aarch64-20260814-workers4,9d3ab807a08ef4cf1077dbc23213e2314ce37c87,MEASURED,1786752837949013000,load,aegis_bounded_verification_pool,ML-DSA-65,concurrent_verify_burst,workers4_concurrency4,512,34,0,330917,837000,8339456,true,accepted=4;saturated=0;unexpected=0,4,4,0,0,3309,0,0,0,0,0,"controlled local burst; wall time includes scoped-thread creation, Aegis policy/transcript processing, bounded-pool admission, primitive verification, and joins; work_units counts accepted verifications only"
local-1786752837727815000,macmini-m2-macos26.5.2-rust1.97.1-aarch64-20260814-workers4,9d3ab807a08ef4cf1077dbc23213e2314ce37c87,MEASURED,1786752837950617000,load,aegis_bounded_verification_pool,ML-DSA-65,concurrent_verify_burst,workers4_concurrency4,512,35,0,349083,807000,8339456,true,accepted=4;saturated=0;unexpected=0,4,4,0,0,3309,0,0,0,0,0,"controlled local burst; wall time includes scoped-thread creation, Aegis policy/transcript processing, bounded-pool admission, primitive verification, and joins; work_units counts accepted verifications only"
local-1786752837727815000,macmini-m2-macos26.5.2-rust1.97.1-aarch64-20260814-workers4,9d3ab807a08ef4cf1077dbc23213e2314ce37c87,MEASURED,1786752837952008000,load,aegis_bounded_verification_pool,ML-DSA-65,concurrent_verify_burst,workers4_concurrency4,512,36,0,251083,666000,8339456,true,accepted=4;saturated=0;unexpected=0,4,4,0,0,3309,0,0,0,0,0,"controlled local burst; wall time includes scoped-thread creation, Aegis policy/transcript processing, bounded-pool admission, primitive verification, and joins; work_units counts accepted verifications only"
local-1786752837727815000,macmini-m2-macos26.5.2-rust1.97.1-aarch64-20260814-workers4,9d3ab807a08ef4cf1077dbc23213e2314ce37c87,MEASURED,1786752837954364000,load,aegis_bounded_verification_pool,ML-DSA-65,concurrent_verify_burst,workers4_concurrency4,512,37,0,282750,745000,8339456,true,accepted=4;saturated=0;unexpected=0,4,4,0,0,3309,0,0,0,0,0,"controlled local burst; wall time includes scoped-thread creation, Aegis policy/transcript processing, bounded-pool admission, primitive verification, and joins; work_units counts accepted verifications only"
local-1786752837727815000,macmini-m2-macos26.5.2-rust1.97.1-aarch64-20260814-workers4,9d3ab807a08ef4cf1077dbc23213e2314ce37c87,MEASURED,1786752837955826000,load,aegis_bounded_verification_pool,ML-DSA-65,concurrent_verify_burst,workers4_concurrency4,512,38,0,290667,745000,8339456,true,accepted=4;saturated=0;unexpected=0,4,4,0,0,3309,0,0,0,0,0,"controlled local burst; wall time includes scoped-thread creation, Aegis policy/transcript processing, bounded-pool admission, primitive verification, and joins; work_units counts accepted verifications only"
local-1786752837727815000,macmini-m2-macos26.5.2-rust1.97.1-aarch64-20260814-workers4,9d3ab807a08ef4cf1077dbc23213e2314ce37c87,MEASURED,1786752837957188000,load,aegis_bounded_verification_pool,ML-DSA-65,concurrent_verify_burst,workers4_concurrency4,512,39,0,281875,783000,8339456,true,accepted=4;saturated=0;unexpected=0,4,4,0,0,3309,0,0,0,0,0,"controlled local burst; wall time includes scoped-thread creation, Aegis policy/transcript processing, bounded-pool admission, primitive verification, and joins; work_units counts accepted verifications only"
local-1786752837727815000,macmini-m2-macos26.5.2-rust1.97.1-aarch64-20260814-workers4,9d3ab807a08ef4cf1077dbc23213e2314ce37c87,MEASURED,1786752837958228000,load,aegis_bounded_verification_pool,ML-DSA-65,concurrent_verify_burst,workers4_concurrency4,512,40,0,249541,659000,8339456,true,accepted=4;saturated=0;unexpected=0,4,4,0,0,3309,0,0,0,0,0,"controlled local burst; wall time includes scoped-thread creation, Aegis policy/transcript processing, bounded-pool admission, primitive verification, and joins; work_units counts accepted verifications only"
local-1786752837727815000,macmini-m2-macos26.5.2-rust1.97.1-aarch64-20260814-workers4,9d3ab807a08ef4cf1077dbc23213e2314ce37c87,MEASURED,1786752837959716000,load,aegis_bounded_verification_pool,ML-DSA-65,concurrent_verify_burst,workers4_concurrency4,512,41,0,265000,672000,8339456,true,accepted=4;saturated=0;unexpected=0,4,4,0,0,3309,0,0,0,0,0,"controlled local burst; wall time includes scoped-thread creation, Aegis policy/transcript processing, bounded-pool admission, primitive verification, and joins; work_units counts accepted verifications only"
local-1786752837727815000,macmini-m2-macos26.5.2-rust1.97.1-aarch64-20260814-workers4,9d3ab807a08ef4cf1077dbc23213e2314ce37c87,MEASURED,1786752837961189000,load,aegis_bounded_verification_pool,ML-DSA-65,concurrent_verify_burst,workers4_concurrency4,512,42,0,260709,670000,8339456,true,accepted=4;saturated=0;unexpected=0,4,4,0,0,3309,0,0,0,0,0,"controlled local burst; wall time includes scoped-thread creation, Aegis policy/transcript processing, bounded-pool admission, primitive verification, and joins; work_units counts accepted verifications only"
local-1786752837727815000,macmini-m2-macos26.5.2-rust1.97.1-aarch64-20260814-workers4,9d3ab807a08ef4cf1077dbc23213e2314ce37c87,MEASURED,1786752837963004000,load,aegis_bounded_verification_pool,ML-DSA-65,concurrent_verify_burst,workers4_concurrency4,512,43,0,280958,745000,8339456,true,accepted=4;saturated=0;unexpected=0,4,4,0,0,3309,0,0,0,0,0,"controlled local burst; wall time includes scoped-thread creation, Aegis policy/transcript processing, bounded-pool admission, primitive verification, and joins; work_units counts accepted verifications only"
local-1786752837727815000,macmini-m2-macos26.5.2-rust1.97.1-aarch64-20260814-workers4,9d3ab807a08ef4cf1077dbc23213e2314ce37c87,MEASURED,1786752837966389000,load,aegis_bounded_verification_pool,ML-DSA-65,concurrent_verify_burst,workers4_concurrency4,512,44,0,257625,667000,8339456,true,accepted=4;saturated=0;unexpected=0,4,4,0,0,3309,0,0,0,0,0,"controlled local burst; wall time includes scoped-thread creation, Aegis policy/transcript processing, bounded-pool admission, primitive verification, and joins; work_units counts accepted verifications only"
local-1786752837727815000,macmini-m2-macos26.5.2-rust1.97.1-aarch64-20260814-workers4,9d3ab807a08ef4cf1077dbc23213e2314ce37c87,MEASURED,1786752837968056000,load,aegis_bounded_verification_pool,ML-DSA-65,concurrent_verify_burst,workers4_concurrency4,512,45,0,269167,726000,8339456,true,accepted=4;saturated=0;unexpected=0,4,4,0,0,3309,0,0,0,0,0,"controlled local burst; wall time includes scoped-thread creation, Aegis policy/transcript processing, bounded-pool admission, primitive verification, and joins; work_units counts accepted verifications only"
local-1786752837727815000,macmini-m2-macos26.5.2-rust1.97.1-aarch64-20260814-workers4,9d3ab807a08ef4cf1077dbc23213e2314ce37c87,MEASURED,1786752837969632000,load,aegis_bounded_verification_pool,ML-DSA-65,concurrent_verify_burst,workers4_concurrency4,512,46,0,291541,747000,8339456,true,accepted=4;saturated=0;unexpected=0,4,4,0,0,3309,0,0,0,0,0,"controlled local burst; wall time includes scoped-thread creation, Aegis policy/transcript processing, bounded-pool admission, primitive verification, and joins; work_units counts accepted verifications only"
local-1786752837727815000,macmini-m2-macos26.5.2-rust1.97.1-aarch64-20260814-workers4,9d3ab807a08ef4cf1077dbc23213e2314ce37c87,MEASURED,1786752837971331000,load,aegis_bounded_verification_pool,ML-DSA-65,concurrent_verify_burst,workers4_concurrency4,512,47,0,279625,702000,8339456,true,accepted=4;saturated=0;unexpected=0,4,4,0,0,3309,0,0,0,0,0,"controlled local burst; wall time includes scoped-thread creation, Aegis policy/transcript processing, bounded-pool admission, primitive verification, and joins; work_units counts accepted verifications only"
local-1786752837727815000,macmini-m2-macos26.5.2-rust1.97.1-aarch64-20260814-workers4,9d3ab807a08ef4cf1077dbc23213e2314ce37c87,MEASURED,1786752837973143000,load,aegis_bounded_verification_pool,ML-DSA-65,concurrent_verify_burst,workers4_concurrency4,512,48,0,264542,672000,8339456,true,accepted=4;saturated=0;unexpected=0,4,4,0,0,3309,0,0,0,0,0,"controlled local burst; wall time includes scoped-thread creation, Aegis policy/transcript processing, bounded-pool admission, primitive verification, and joins; work_units counts accepted verifications only"
local-1786752837727815000,macmini-m2-macos26.5.2-rust1.97.1-aarch64-20260814-workers4,9d3ab807a08ef4cf1077dbc23213e2314ce37c87,MEASURED,1786752837974537000,load,aegis_bounded_verification_pool,ML-DSA-65,concurrent_verify_burst,workers4_concurrency4,512,49,0,288000,705000,8339456,true,accepted=4;saturated=0;unexpected=0,4,4,0,0,3309,0,0,0,0,0,"controlled local burst; wall time includes scoped-thread creation, Aegis policy/transcript processing, bounded-pool admission, primitive verification, and joins; work_units counts accepted verifications only"
local-1786752837727815000,macmini-m2-macos26.5.2-rust1.97.1-aarch64-20260814-workers4,9d3ab807a08ef4cf1077dbc23213e2314ce37c87,MEASURED,1786752837976554000,load,aegis_bounded_verification_pool,ML-DSA-65,concurrent_verify_burst,workers4_concurrency4,512,50,0,290417,726000,8339456,true,accepted=4;saturated=0;unexpected=0,4,4,0,0,3309,0,0,0,0,0,"controlled local burst; wall time includes scoped-thread creation, Aegis policy/transcript processing, bounded-pool admission, primitive verification, and joins; work_units counts accepted verifications only"
local-1786752837727815000,macmini-m2-macos26.5.2-rust1.97.1-aarch64-20260814-workers4,9d3ab807a08ef4cf1077dbc23213e2314ce37c87,MEASURED,1786752837977908000,load,aegis_bounded_verification_pool,ML-DSA-65,concurrent_verify_burst,workers4_concurrency4,512,51,0,288375,778000,8339456,true,accepted=4;saturated=0;unexpected=0,4,4,0,0,3309,0,0,0,0,0,"controlled local burst; wall time includes scoped-thread creation, Aegis policy/transcript processing, bounded-pool admission, primitive verification, and joins; work_units counts accepted verifications only"
local-1786752837727815000,macmini-m2-macos26.5.2-rust1.97.1-aarch64-20260814-workers4,9d3ab807a08ef4cf1077dbc23213e2314ce37c87,MEASURED,1786752837981244000,load,aegis_bounded_verification_pool,ML-DSA-65,concurrent_verify_burst,workers4_concurrency4,512,52,0,274625,690000,8339456,true,accepted=4;saturated=0;unexpected=0,4,4,0,0,3309,0,0,0,0,0,"controlled local burst; wall time includes scoped-thread creation, Aegis policy/transcript processing, bounded-pool admission, primitive verification, and joins; work_units counts accepted verifications only"
local-1786752837727815000,macmini-m2-macos26.5.2-rust1.97.1-aarch64-20260814-workers4,9d3ab807a08ef4cf1077dbc23213e2314ce37c87,MEASURED,1786752837982836000,load,aegis_bounded_verification_pool,ML-DSA-65,concurrent_verify_burst,workers4_concurrency4,512,53,0,384708,963000,8372224,true,accepted=4;saturated=0;unexpected=0,4,4,0,0,3309,0,0,0,0,0,"controlled local burst; wall time includes scoped-thread creation, Aegis policy/transcript processing, bounded-pool admission, primitive verification, and joins; work_units counts accepted verifications only"
local-1786752837727815000,macmini-m2-macos26.5.2-rust1.97.1-aarch64-20260814-workers4,9d3ab807a08ef4cf1077dbc23213e2314ce37c87,MEASURED,1786752837984231000,load,aegis_bounded_verification_pool,ML-DSA-65,concurrent_verify_burst,workers4_concurrency4,512,54,0,287291,733000,8372224,true,accepted=4;saturated=0;unexpected=0,4,4,0,0,3309,0,0,0,0,0,"controlled local burst; wall time includes scoped-thread creation, Aegis policy/transcript processing, bounded-pool admission, primitive verification, and joins; work_units counts accepted verifications only"
local-1786752837727815000,macmini-m2-macos26.5.2-rust1.97.1-aarch64-20260814-workers4,9d3ab807a08ef4cf1077dbc23213e2314ce37c87,MEASURED,1786752837985252000,load,aegis_bounded_verification_pool,ML-DSA-65,concurrent_verify_burst,workers4_concurrency4,512,55,0,251167,703000,8372224,true,accepted=4;saturated=0;unexpected=0,4,4,0,0,3309,0,0,0,0,0,"controlled local burst; wall time includes scoped-thread creation, Aegis policy/transcript processing, bounded-pool admission, primitive verification, and joins; work_units counts accepted verifications only"
local-1786752837727815000,macmini-m2-macos26.5.2-rust1.97.1-aarch64-20260814-workers4,9d3ab807a08ef4cf1077dbc23213e2314ce37c87,MEASURED,1786752837986741000,load,aegis_bounded_verification_pool,ML-DSA-65,concurrent_verify_burst,workers4_concurrency4,512,56,0,255416,671000,8372224,true,accepted=4;saturated=0;unexpected=0,4,4,0,0,3309,0,0,0,0,0,"controlled local burst; wall time includes scoped-thread creation, Aegis policy/transcript processing, bounded-pool admission, primitive verification, and joins; work_units counts accepted verifications only"
local-1786752837727815000,macmini-m2-macos26.5.2-rust1.97.1-aarch64-20260814-workers4,9d3ab807a08ef4cf1077dbc23213e2314ce37c87,MEASURED,1786752837987775000,load,aegis_bounded_verification_pool,ML-DSA-65,concurrent_verify_burst,workers4_concurrency4,512,57,0,255666,664000,8372224,true,accepted=4;saturated=0;unexpected=0,4,4,0,0,3309,0,0,0,0,0,"controlled local burst; wall time includes scoped-thread creation, Aegis policy/transcript processing, bounded-pool admission, primitive verification, and joins; work_units counts accepted verifications only"
local-1786752837727815000,macmini-m2-macos26.5.2-rust1.97.1-aarch64-20260814-workers4,9d3ab807a08ef4cf1077dbc23213e2314ce37c87,MEASURED,1786752837990287000,load,aegis_bounded_verification_pool,ML-DSA-65,concurrent_verify_burst,workers4_concurrency4,512,58,0,278375,722000,8372224,true,accepted=4;saturated=0;unexpected=0,4,4,0,0,3309,0,0,0,0,0,"controlled local burst; wall time includes scoped-thread creation, Aegis policy/transcript processing, bounded-pool admission, primitive verification, and joins; work_units counts accepted verifications only"
local-1786752837727815000,macmini-m2-macos26.5.2-rust1.97.1-aarch64-20260814-workers4,9d3ab807a08ef4cf1077dbc23213e2314ce37c87,MEASURED,1786752837992579000,load,aegis_bounded_verification_pool,ML-DSA-65,concurrent_verify_burst,workers4_concurrency4,512,59,0,275834,741000,8372224,true,accepted=4;saturated=0;unexpected=0,4,4,0,0,3309,0,0,0,0,0,"controlled local burst; wall time includes scoped-thread creation, Aegis policy/transcript processing, bounded-pool admission, primitive verification, and joins; work_units counts accepted verifications only"
local-1786752837727815000,macmini-m2-macos26.5.2-rust1.97.1-aarch64-20260814-workers4,9d3ab807a08ef4cf1077dbc23213e2314ce37c87,MEASURED,1786752837994742000,load,aegis_bounded_verification_pool,ML-DSA-65,concurrent_verify_burst,workers4_concurrency4,512,60,0,262666,675000,8372224,true,accepted=4;saturated=0;unexpected=0,4,4,0,0,3309,0,0,0,0,0,"controlled local burst; wall time includes scoped-thread creation, Aegis policy/transcript processing, bounded-pool admission, primitive verification, and joins; work_units counts accepted verifications only"
local-1786752837727815000,macmini-m2-macos26.5.2-rust1.97.1-aarch64-20260814-workers4,9d3ab807a08ef4cf1077dbc23213e2314ce37c87,MEASURED,1786752837996158000,load,aegis_bounded_verification_pool,ML-DSA-65,concurrent_verify_burst,workers4_concurrency4,512,61,0,302042,734000,8372224,true,accepted=4;saturated=0;unexpected=0,4,4,0,0,3309,0,0,0,0,0,"controlled local burst; wall time includes scoped-thread creation, Aegis policy/transcript processing, bounded-pool admission, primitive verification, and joins; work_units counts accepted verifications only"
local-1786752837727815000,macmini-m2-macos26.5.2-rust1.97.1-aarch64-20260814-workers4,9d3ab807a08ef4cf1077dbc23213e2314ce37c87,MEASURED,1786752837997691000,load,aegis_bounded_verification_pool,ML-DSA-65,concurrent_verify_burst,workers4_concurrency4,512,62,0,299916,739000,8372224,true,accepted=4;saturated=0;unexpected=0,4,4,0,0,3309,0,0,0,0,0,"controlled local burst; wall time includes scoped-thread creation, Aegis policy/transcript processing, bounded-pool admission, primitive verification, and joins; work_units counts accepted verifications only"
local-1786752837727815000,macmini-m2-macos26.5.2-rust1.97.1-aarch64-20260814-workers4,9d3ab807a08ef4cf1077dbc23213e2314ce37c87,MEASURED,1786752837999077000,load,aegis_bounded_verification_pool,ML-DSA-65,concurrent_verify_burst,workers4_concurrency4,512,63,0,287417,755000,8372224,true,accepted=4;saturated=0;unexpected=0,4,4,0,0,3309,0,0,0,0,0,"controlled local burst; wall time includes scoped-thread creation, Aegis policy/transcript processing, bounded-pool admission, primitive verification, and joins; work_units counts accepted verifications only"
local-1786752837727815000,macmini-m2-macos26.5.2-rust1.97.1-aarch64-20260814-workers4,9d3ab807a08ef4cf1077dbc23213e2314ce37c87,MEASURED,1786752838000039000,load,aegis_bounded_verification_pool,ML-DSA-65,concurrent_verify_burst,workers4_concurrency4,512,64,0,286042,722000,8372224,true,accepted=4;saturated=0;unexpected=0,4,4,0,0,3309,0,0,0,0,0,"controlled local burst; wall time includes scoped-thread creation, Aegis policy/transcript processing, bounded-pool admission, primitive verification, and joins; work_units counts accepted verifications only"
local-1786752837727815000,macmini-m2-macos26.5.2-rust1.97.1-aarch64-20260814-workers4,9d3ab807a08ef4cf1077dbc23213e2314ce37c87,MEASURED,1786752838002447000,load,aegis_bounded_verification_pool,ML-DSA-65,concurrent_verify_burst,workers4_concurrency4,512,65,0,287458,711000,8372224,true,accepted=4;saturated=0;unexpected=0,4,4,0,0,3309,0,0,0,0,0,"controlled local burst; wall time includes scoped-thread creation, Aegis policy/transcript processing, bounded-pool admission, primitive verification, and joins; work_units counts accepted verifications only"
local-1786752837727815000,macmini-m2-macos26.5.2-rust1.97.1-aarch64-20260814-workers4,9d3ab807a08ef4cf1077dbc23213e2314ce37c87,MEASURED,1786752838004429000,load,aegis_bounded_verification_pool,ML-DSA-65,concurrent_verify_burst,workers4_concurrency4,512,66,0,286083,698000,8372224,true,accepted=4;saturated=0;unexpected=0,4,4,0,0,3309,0,0,0,0,0,"controlled local burst; wall time includes scoped-thread creation, Aegis policy/transcript processing, bounded-pool admission, primitive verification, and joins; work_units counts accepted verifications only"
local-1786752837727815000,macmini-m2-macos26.5.2-rust1.97.1-aarch64-20260814-workers4,9d3ab807a08ef4cf1077dbc23213e2314ce37c87,MEASURED,1786752838006259000,load,aegis_bounded_verification_pool,ML-DSA-65,concurrent_verify_burst,workers4_concurrency4,512,67,0,282792,702000,8372224,true,accepted=4;saturated=0;unexpected=0,4,4,0,0,3309,0,0,0,0,0,"controlled local burst; wall time includes scoped-thread creation, Aegis policy/transcript processing, bounded-pool admission, primitive verification, and joins; work_units counts accepted verifications only"
local-1786752837727815000,macmini-m2-macos26.5.2-rust1.97.1-aarch64-20260814-workers4,9d3ab807a08ef4cf1077dbc23213e2314ce37c87,MEASURED,1786752838007829000,load,aegis_bounded_verification_pool,ML-DSA-65,concurrent_verify_burst,workers4_concurrency4,512,68,0,274250,688000,8372224,true,accepted=4;saturated=0;unexpected=0,4,4,0,0,3309,0,0,0,0,0,"controlled local burst; wall time includes scoped-thread creation, Aegis policy/transcript processing, bounded-pool admission, primitive verification, and joins; work_units counts accepted verifications only"
local-1786752837727815000,macmini-m2-macos26.5.2-rust1.97.1-aarch64-20260814-workers4,9d3ab807a08ef4cf1077dbc23213e2314ce37c87,MEASURED,1786752838009595000,load,aegis_bounded_verification_pool,ML-DSA-65,concurrent_verify_burst,workers4_concurrency4,512,69,0,276958,692000,8372224,true,accepted=4;saturated=0;unexpected=0,4,4,0,0,3309,0,0,0,0,0,"controlled local burst; wall time includes scoped-thread creation, Aegis policy/transcript processing, bounded-pool admission, primitive verification, and joins; work_units counts accepted verifications only"
local-1786752837727815000,macmini-m2-macos26.5.2-rust1.97.1-aarch64-20260814-workers4,9d3ab807a08ef4cf1077dbc23213e2314ce37c87,MEASURED,1786752838011460000,load,aegis_bounded_verification_pool,ML-DSA-65,concurrent_verify_burst,workers4_concurrency4,512,70,0,323708,762000,8372224,true,accepted=4;saturated=0;unexpected=0,4,4,0,0,3309,0,0,0,0,0,"controlled local burst; wall time includes scoped-thread creation, Aegis policy/transcript processing, bounded-pool admission, primitive verification, and joins; work_units counts accepted verifications only"
local-1786752837727815000,macmini-m2-macos26.5.2-rust1.97.1-aarch64-20260814-workers4,9d3ab807a08ef4cf1077dbc23213e2314ce37c87,MEASURED,1786752838013087000,load,aegis_bounded_verification_pool,ML-DSA-65,concurrent_verify_burst,workers4_concurrency4,512,71,0,287333,706000,8372224,true,accepted=4;saturated=0;unexpected=0,4,4,0,0,3309,0,0,0,0,0,"controlled local burst; wall time includes scoped-thread creation, Aegis policy/transcript processing, bounded-pool admission, primitive verification, and joins; work_units counts accepted verifications only"
local-1786752837727815000,macmini-m2-macos26.5.2-rust1.97.1-aarch64-20260814-workers4,9d3ab807a08ef4cf1077dbc23213e2314ce37c87,MEASURED,1786752838014220000,load,aegis_bounded_verification_pool,ML-DSA-65,concurrent_verify_burst,workers4_concurrency4,512,72,0,270916,687000,8372224,true,accepted=4;saturated=0;unexpected=0,4,4,0,0,3309,0,0,0,0,0,"controlled local burst; wall time includes scoped-thread creation, Aegis policy/transcript processing, bounded-pool admission, primitive verification, and joins; work_units counts accepted verifications only"
local-1786752837727815000,macmini-m2-macos26.5.2-rust1.97.1-aarch64-20260814-workers4,9d3ab807a08ef4cf1077dbc23213e2314ce37c87,MEASURED,1786752838015375000,load,aegis_bounded_verification_pool,ML-DSA-65,concurrent_verify_burst,workers4_concurrency4,512,73,0,286291,690000,8372224,true,accepted=4;saturated=0;unexpected=0,4,4,0,0,3309,0,0,0,0,0,"controlled local burst; wall time includes scoped-thread creation, Aegis policy/transcript processing, bounded-pool admission, primitive verification, and joins; work_units counts accepted verifications only"
local-1786752837727815000,macmini-m2-macos26.5.2-rust1.97.1-aarch64-20260814-workers4,9d3ab807a08ef4cf1077dbc23213e2314ce37c87,MEASURED,1786752838016866000,load,aegis_bounded_verification_pool,ML-DSA-65,concurrent_verify_burst,workers4_concurrency4,512,74,0,414125,898000,8388608,true,accepted=4;saturated=0;unexpected=0,4,4,0,0,3309,0,0,0,0,0,"controlled local burst; wall time includes scoped-thread creation, Aegis policy/transcript processing, bounded-pool admission, primitive verification, and joins; work_units counts accepted verifications only"
local-1786752837727815000,macmini-m2-macos26.5.2-rust1.97.1-aarch64-20260814-workers4,9d3ab807a08ef4cf1077dbc23213e2314ce37c87,MEASURED,1786752838018319000,load,aegis_bounded_verification_pool,ML-DSA-65,concurrent_verify_burst,workers4_concurrency4,512,75,0,336792,790000,8388608,true,accepted=4;saturated=0;unexpected=0,4,4,0,0,3309,0,0,0,0,0,"controlled local burst; wall time includes scoped-thread creation, Aegis policy/transcript processing, bounded-pool admission, primitive verification, and joins; work_units counts accepted verifications only"
local-1786752837727815000,macmini-m2-macos26.5.2-rust1.97.1-aarch64-20260814-workers4,9d3ab807a08ef4cf1077dbc23213e2314ce37c87,MEASURED,1786752838020482000,load,aegis_bounded_verification_pool,ML-DSA-65,concurrent_verify_burst,workers4_concurrency4,512,76,0,291084,695000,8388608,true,accepted=4;saturated=0;unexpected=0,4,4,0,0,3309,0,0,0,0,0,"controlled local burst; wall time includes scoped-thread creation, Aegis policy/transcript processing, bounded-pool admission, primitive verification, and joins; work_units counts accepted verifications only"
local-1786752837727815000,macmini-m2-macos26.5.2-rust1.97.1-aarch64-20260814-workers4,9d3ab807a08ef4cf1077dbc23213e2314ce37c87,MEASURED,1786752838021795000,load,aegis_bounded_verification_pool,ML-DSA-65,concurrent_verify_burst,workers4_concurrency4,512,77,0,297375,702000,8388608,true,accepted=4;saturated=0;unexpected=0,4,4,0,0,3309,0,0,0,0,0,"controlled local burst; wall time includes scoped-thread creation, Aegis policy/transcript processing, bounded-pool admission, primitive verification, and joins; work_units counts accepted verifications only"
local-1786752837727815000,macmini-m2-macos26.5.2-rust1.97.1-aarch64-20260814-workers4,9d3ab807a08ef4cf1077dbc23213e2314ce37c87,MEASURED,1786752838023119000,load,aegis_bounded_verification_pool,ML-DSA-65,concurrent_verify_burst,workers4_concurrency4,512,78,0,320500,740000,8388608,true,accepted=4;saturated=0;unexpected=0,4,4,0,0,3309,0,0,0,0,0,"controlled local burst; wall time includes scoped-thread creation, Aegis policy/transcript processing, bounded-pool admission, primitive verification, and joins; work_units counts accepted verifications only"
local-1786752837727815000,macmini-m2-macos26.5.2-rust1.97.1-aarch64-20260814-workers4,9d3ab807a08ef4cf1077dbc23213e2314ce37c87,MEASURED,1786752838024684000,load,aegis_bounded_verification_pool,ML-DSA-65,concurrent_verify_burst,workers4_concurrency4,512,79,0,335625,813000,8388608,true,accepted=4;saturated=0;unexpected=0,4,4,0,0,3309,0,0,0,0,0,"controlled local burst; wall time includes scoped-thread creation, Aegis policy/transcript processing, bounded-pool admission, primitive verification, and joins; work_units counts accepted verifications only"
local-1786752837727815000,macmini-m2-macos26.5.2-rust1.97.1-aarch64-20260814-workers4,9d3ab807a08ef4cf1077dbc23213e2314ce37c87,MEASURED,1786752838027613000,load,aegis_bounded_verification_pool,ML-DSA-65,concurrent_verify_burst,workers4_concurrency4,512,80,0,327792,777000,8388608,true,accepted=4;saturated=0;unexpected=0,4,4,0,0,3309,0,0,0,0,0,"controlled local burst; wall time includes scoped-thread creation, Aegis policy/transcript processing, bounded-pool admission, primitive verification, and joins; work_units counts accepted verifications only"
local-1786752837727815000,macmini-m2-macos26.5.2-rust1.97.1-aarch64-20260814-workers4,9d3ab807a08ef4cf1077dbc23213e2314ce37c87,MEASURED,1786752838029462000,load,aegis_bounded_verification_pool,ML-DSA-65,concurrent_verify_burst,workers4_concurrency4,512,81,0,292292,744000,8388608,true,accepted=4;saturated=0;unexpected=0,4,4,0,0,3309,0,0,0,0,0,"controlled local burst; wall time includes scoped-thread creation, Aegis policy/transcript processing, bounded-pool admission, primitive verification, and joins; work_units counts accepted verifications only"
local-1786752837727815000,macmini-m2-macos26.5.2-rust1.97.1-aarch64-20260814-workers4,9d3ab807a08ef4cf1077dbc23213e2314ce37c87,MEASURED,1786752838031759000,load,aegis_bounded_verification_pool,ML-DSA-65,concurrent_verify_burst,workers4_concurrency4,512,82,0,372750,1043000,8388608,true,accepted=4;saturated=0;unexpected=0,4,4,0,0,3309,0,0,0,0,0,"controlled local burst; wall time includes scoped-thread creation, Aegis policy/transcript processing, bounded-pool admission, primitive verification, and joins; work_units counts accepted verifications only"
local-1786752837727815000,macmini-m2-macos26.5.2-rust1.97.1-aarch64-20260814-workers4,9d3ab807a08ef4cf1077dbc23213e2314ce37c87,MEASURED,1786752838033461000,load,aegis_bounded_verification_pool,ML-DSA-65,concurrent_verify_burst,workers4_concurrency4,512,83,0,326292,813000,8388608,true,accepted=4;saturated=0;unexpected=0,4,4,0,0,3309,0,0,0,0,0,"controlled local burst; wall time includes scoped-thread creation, Aegis policy/transcript processing, bounded-pool admission, primitive verification, and joins; work_units counts accepted verifications only"
local-1786752837727815000,macmini-m2-macos26.5.2-rust1.97.1-aarch64-20260814-workers4,9d3ab807a08ef4cf1077dbc23213e2314ce37c87,MEASURED,1786752838035705000,load,aegis_bounded_verification_pool,ML-DSA-65,concurrent_verify_burst,workers4_concurrency4,512,84,0,295250,751000,8388608,true,accepted=4;saturated=0;unexpected=0,4,4,0,0,3309,0,0,0,0,0,"controlled local burst; wall time includes scoped-thread creation, Aegis policy/transcript processing, bounded-pool admission, primitive verification, and joins; work_units counts accepted verifications only"
local-1786752837727815000,macmini-m2-macos26.5.2-rust1.97.1-aarch64-20260814-workers4,9d3ab807a08ef4cf1077dbc23213e2314ce37c87,MEASURED,1786752838038146000,load,aegis_bounded_verification_pool,ML-DSA-65,concurrent_verify_burst,workers4_concurrency4,512,85,0,419125,842000,8388608,true,accepted=4;saturated=0;unexpected=0,4,4,0,0,3309,0,0,0,0,0,"controlled local burst; wall time includes scoped-thread creation, Aegis policy/transcript processing, bounded-pool admission, primitive verification, and joins; work_units counts accepted verifications only"
local-1786752837727815000,macmini-m2-macos26.5.2-rust1.97.1-aarch64-20260814-workers4,9d3ab807a08ef4cf1077dbc23213e2314ce37c87,MEASURED,1786752838039757000,load,aegis_bounded_verification_pool,ML-DSA-65,concurrent_verify_burst,workers4_concurrency4,512,86,0,322042,828000,8388608,true,accepted=4;saturated=0;unexpected=0,4,4,0,0,3309,0,0,0,0,0,"controlled local burst; wall time includes scoped-thread creation, Aegis policy/transcript processing, bounded-pool admission, primitive verification, and joins; work_units counts accepted verifications only"
local-1786752837727815000,macmini-m2-macos26.5.2-rust1.97.1-aarch64-20260814-workers4,9d3ab807a08ef4cf1077dbc23213e2314ce37c87,MEASURED,1786752838042392000,load,aegis_bounded_verification_pool,ML-DSA-65,concurrent_verify_burst,workers4_concurrency4,512,87,0,331416,825000,8388608,true,accepted=4;saturated=0;unexpected=0,4,4,0,0,3309,0,0,0,0,0,"controlled local burst; wall time includes scoped-thread creation, Aegis policy/transcript processing, bounded-pool admission, primitive verification, and joins; work_units counts accepted verifications only"
local-1786752837727815000,macmini-m2-macos26.5.2-rust1.97.1-aarch64-20260814-workers4,9d3ab807a08ef4cf1077dbc23213e2314ce37c87,MEASURED,1786752838045120000,load,aegis_bounded_verification_pool,ML-DSA-65,concurrent_verify_burst,workers4_concurrency4,512,88,0,401000,1023000,8404992,true,accepted=4;saturated=0;unexpected=0,4,4,0,0,3309,0,0,0,0,0,"controlled local burst; wall time includes scoped-thread creation, Aegis policy/transcript processing, bounded-pool admission, primitive verification, and joins; work_units counts accepted verifications only"
local-1786752837727815000,macmini-m2-macos26.5.2-rust1.97.1-aarch64-20260814-workers4,9d3ab807a08ef4cf1077dbc23213e2314ce37c87,MEASURED,1786752838048272000,load,aegis_bounded_verification_pool,ML-DSA-65,concurrent_verify_burst,workers4_concurrency4,512,89,0,324875,793000,8404992,true,accepted=4;saturated=0;unexpected=0,4,4,0,0,3309,0,0,0,0,0,"controlled local burst; wall time includes scoped-thread creation, Aegis policy/transcript processing, bounded-pool admission, primitive verification, and joins; work_units counts accepted verifications only"
local-1786752837727815000,macmini-m2-macos26.5.2-rust1.97.1-aarch64-20260814-workers4,9d3ab807a08ef4cf1077dbc23213e2314ce37c87,MEASURED,1786752838050242000,load,aegis_bounded_verification_pool,ML-DSA-65,concurrent_verify_burst,workers4_concurrency4,512,90,0,287750,749000,8404992,true,accepted=4;saturated=0;unexpected=0,4,4,0,0,3309,0,0,0,0,0,"controlled local burst; wall time includes scoped-thread creation, Aegis policy/transcript processing, bounded-pool admission, primitive verification, and joins; work_units counts accepted verifications only"
local-1786752837727815000,macmini-m2-macos26.5.2-rust1.97.1-aarch64-20260814-workers4,9d3ab807a08ef4cf1077dbc23213e2314ce37c87,MEASURED,1786752838051558000,load,aegis_bounded_verification_pool,ML-DSA-65,concurrent_verify_burst,workers4_concurrency4,512,91,0,308667,780000,8404992,true,accepted=4;saturated=0;unexpected=0,4,4,0,0,3309,0,0,0,0,0,"controlled local burst; wall time includes scoped-thread creation, Aegis policy/transcript processing, bounded-pool admission, primitive verification, and joins; work_units counts accepted verifications only"
local-1786752837727815000,macmini-m2-macos26.5.2-rust1.97.1-aarch64-20260814-workers4,9d3ab807a08ef4cf1077dbc23213e2314ce37c87,MEASURED,1786752838053604000,load,aegis_bounded_verification_pool,ML-DSA-65,concurrent_verify_burst,workers4_concurrency4,512,92,0,319083,763000,8404992,true,accepted=4;saturated=0;unexpected=0,4,4,0,0,3309,0,0,0,0,0,"controlled local burst; wall time includes scoped-thread creation, Aegis policy/transcript processing, bounded-pool admission, primitive verification, and joins; work_units counts accepted verifications only"
local-1786752837727815000,macmini-m2-macos26.5.2-rust1.97.1-aarch64-20260814-workers4,9d3ab807a08ef4cf1077dbc23213e2314ce37c87,MEASURED,1786752838054852000,load,aegis_bounded_verification_pool,ML-DSA-65,concurrent_verify_burst,workers4_concurrency4,512,93,0,323750,812000,8404992,true,accepted=4;saturated=0;unexpected=0,4,4,0,0,3309,0,0,0,0,0,"controlled local burst; wall time includes scoped-thread creation, Aegis policy/transcript processing, bounded-pool admission, primitive verification, and joins; work_units counts accepted verifications only"
local-1786752837727815000,macmini-m2-macos26.5.2-rust1.97.1-aarch64-20260814-workers4,9d3ab807a08ef4cf1077dbc23213e2314ce37c87,MEASURED,1786752838056556000,load,aegis_bounded_verification_pool,ML-DSA-65,concurrent_verify_burst,workers4_concurrency4,512,94,0,304583,732000,8404992,true,accepted=4;saturated=0;unexpected=0,4,4,0,0,3309,0,0,0,0,0,"controlled local burst; wall time includes scoped-thread creation, Aegis policy/transcript processing, bounded-pool admission, primitive verification, and joins; work_units counts accepted verifications only"
local-1786752837727815000,macmini-m2-macos26.5.2-rust1.97.1-aarch64-20260814-workers4,9d3ab807a08ef4cf1077dbc23213e2314ce37c87,MEASURED,1786752838058640000,load,aegis_bounded_verification_pool,ML-DSA-65,concurrent_verify_burst,workers4_concurrency4,512,95,0,336000,812000,8404992,true,accepted=4;saturated=0;unexpected=0,4,4,0,0,3309,0,0,0,0,0,"controlled local burst; wall time includes scoped-thread creation, Aegis policy/transcript processing, bounded-pool admission, primitive verification, and joins; work_units counts accepted verifications only"
local-1786752837727815000,macmini-m2-macos26.5.2-rust1.97.1-aarch64-20260814-workers4,9d3ab807a08ef4cf1077dbc23213e2314ce37c87,MEASURED,1786752838060112000,load,aegis_bounded_verification_pool,ML-DSA-65,concurrent_verify_burst,workers4_concurrency4,512,96,0,315833,773000,8404992,true,accepted=4;saturated=0;unexpected=0,4,4,0,0,3309,0,0,0,0,0,"controlled local burst; wall time includes scoped-thread creation, Aegis policy/transcript processing, bounded-pool admission, primitive verification, and joins; work_units counts accepted verifications only"
local-1786752837727815000,macmini-m2-macos26.5.2-rust1.97.1-aarch64-20260814-workers4,9d3ab807a08ef4cf1077dbc23213e2314ce37c87,MEASURED,1786752838062021000,load,aegis_bounded_verification_pool,ML-DSA-65,concurrent_verify_burst,workers4_concurrency4,512,97,0,303708,741000,8404992,true,accepted=4;saturated=0;unexpected=0,4,4,0,0,3309,0,0,0,0,0,"controlled local burst; wall time includes scoped-thread creation, Aegis policy/transcript processing, bounded-pool admission, primitive verification, and joins; work_units counts accepted verifications only"
local-1786752837727815000,macmini-m2-macos26.5.2-rust1.97.1-aarch64-20260814-workers4,9d3ab807a08ef4cf1077dbc23213e2314ce37c87,MEASURED,1786752838064012000,load,aegis_bounded_verification_pool,ML-DSA-65,concurrent_verify_burst,workers4_concurrency4,512,98,0,306208,712000,8404992,true,accepted=4;saturated=0;unexpected=0,4,4,0,0,3309,0,0,0,0,0,"controlled local burst; wall time includes scoped-thread creation, Aegis policy/transcript processing, bounded-pool admission, primitive verification, and joins; work_units counts accepted verifications only"
local-1786752837727815000,macmini-m2-macos26.5.2-rust1.97.1-aarch64-20260814-workers4,9d3ab807a08ef4cf1077dbc23213e2314ce37c87,MEASURED,1786752838065575000,load,aegis_bounded_verification_pool,ML-DSA-65,concurrent_verify_burst,workers4_concurrency4,512,99,0,296875,704000,8404992,true,accepted=4;saturated=0;unexpected=0,4,4,0,0,3309,0,0,0,0,0,"controlled local burst; wall time includes scoped-thread creation, Aegis policy/transcript processing, bounded-pool admission, primitive verification, and joins; work_units counts accepted verifications only"
local-1786752837727815000,macmini-m2-macos26.5.2-rust1.97.1-aarch64-20260814-workers4,9d3ab807a08ef4cf1077dbc23213e2314ce37c87,MEASURED,1786752838069273000,load,aegis_bounded_verification_pool,ML-DSA-65,concurrent_verify_burst,workers4_concurrency8,512,0,0,584291,1514000,8519680,true,accepted=8;saturated=0;unexpected=0,8,8,0,0,3309,0,0,0,0,0,"controlled local burst; wall time includes scoped-thread creation, Aegis policy/transcript processing, bounded-pool admission, primitive verification, and joins; work_units counts accepted verifications only"
local-1786752837727815000,macmini-m2-macos26.5.2-rust1.97.1-aarch64-20260814-workers4,9d3ab807a08ef4cf1077dbc23213e2314ce37c87,MEASURED,1786752838072237000,load,aegis_bounded_verification_pool,ML-DSA-65,concurrent_verify_burst,workers4_concurrency8,512,1,0,533916,1636000,8536064,true,accepted=8;saturated=0;unexpected=0,8,8,0,0,3309,0,0,0,0,0,"controlled local burst; wall time includes scoped-thread creation, Aegis policy/transcript processing, bounded-pool admission, primitive verification, and joins; work_units counts accepted verifications only"
local-1786752837727815000,macmini-m2-macos26.5.2-rust1.97.1-aarch64-20260814-workers4,9d3ab807a08ef4cf1077dbc23213e2314ce37c87,MEASURED,1786752838076566000,load,aegis_bounded_verification_pool,ML-DSA-65,concurrent_verify_burst,workers4_concurrency8,512,2,0,576042,1528000,8536064,true,accepted=8;saturated=0;unexpected=0,8,8,0,0,3309,0,0,0,0,0,"controlled local burst; wall time includes scoped-thread creation, Aegis policy/transcript processing, bounded-pool admission, primitive verification, and joins; work_units counts accepted verifications only"
local-1786752837727815000,macmini-m2-macos26.5.2-rust1.97.1-aarch64-20260814-workers4,9d3ab807a08ef4cf1077dbc23213e2314ce37c87,MEASURED,1786752838081053000,load,aegis_bounded_verification_pool,ML-DSA-65,concurrent_verify_burst,workers4_concurrency8,512,3,0,548083,1713000,8536064,true,accepted=8;saturated=0;unexpected=0,8,8,0,0,3309,0,0,0,0,0,"controlled local burst; wall time includes scoped-thread creation, Aegis policy/transcript processing, bounded-pool admission, primitive verification, and joins; work_units counts accepted verifications only"
local-1786752837727815000,macmini-m2-macos26.5.2-rust1.97.1-aarch64-20260814-workers4,9d3ab807a08ef4cf1077dbc23213e2314ce37c87,MEASURED,1786752838086123000,load,aegis_bounded_verification_pool,ML-DSA-65,concurrent_verify_burst,workers4_concurrency8,512,4,0,598667,1839000,8536064,true,accepted=8;saturated=0;unexpected=0,8,8,0,0,3309,0,0,0,0,0,"controlled local burst; wall time includes scoped-thread creation, Aegis policy/transcript processing, bounded-pool admission, primitive verification, and joins; work_units counts accepted verifications only"
local-1786752837727815000,macmini-m2-macos26.5.2-rust1.97.1-aarch64-20260814-workers4,9d3ab807a08ef4cf1077dbc23213e2314ce37c87,MEASURED,1786752838089330000,load,aegis_bounded_verification_pool,ML-DSA-65,concurrent_verify_burst,workers4_concurrency8,512,5,0,626750,1895000,8536064,true,accepted=8;saturated=0;unexpected=0,8,8,0,0,3309,0,0,0,0,0,"controlled local burst; wall time includes scoped-thread creation, Aegis policy/transcript processing, bounded-pool admission, primitive verification, and joins; work_units counts accepted verifications only"
local-1786752837727815000,macmini-m2-macos26.5.2-rust1.97.1-aarch64-20260814-workers4,9d3ab807a08ef4cf1077dbc23213e2314ce37c87,MEASURED,1786752838092609000,load,aegis_bounded_verification_pool,ML-DSA-65,concurrent_verify_burst,workers4_concurrency8,512,6,0,639750,1736000,8536064,true,accepted=8;saturated=0;unexpected=0,8,8,0,0,3309,0,0,0,0,0,"controlled local burst; wall time includes scoped-thread creation, Aegis policy/transcript processing, bounded-pool admission, primitive verification, and joins; work_units counts accepted verifications only"
local-1786752837727815000,macmini-m2-macos26.5.2-rust1.97.1-aarch64-20260814-workers4,9d3ab807a08ef4cf1077dbc23213e2314ce37c87,MEASURED,1786752838097089000,load,aegis_bounded_verification_pool,ML-DSA-65,concurrent_verify_burst,workers4_concurrency8,512,7,0,627667,1737000,8536064,true,accepted=8;saturated=0;unexpected=0,8,8,0,0,3309,0,0,0,0,0,"controlled local burst; wall time includes scoped-thread creation, Aegis policy/transcript processing, bounded-pool admission, primitive verification, and joins; work_units counts accepted verifications only"
local-1786752837727815000,macmini-m2-macos26.5.2-rust1.97.1-aarch64-20260814-workers4,9d3ab807a08ef4cf1077dbc23213e2314ce37c87,MEASURED,1786752838101376000,load,aegis_bounded_verification_pool,ML-DSA-65,concurrent_verify_burst,workers4_concurrency8,512,8,0,781250,2215000,8568832,true,accepted=8;saturated=0;unexpected=0,8,8,0,0,3309,0,0,0,0,0,"controlled local burst; wall time includes scoped-thread creation, Aegis policy/transcript processing, bounded-pool admission, primitive verification, and joins; work_units counts accepted verifications only"
local-1786752837727815000,macmini-m2-macos26.5.2-rust1.97.1-aarch64-20260814-workers4,9d3ab807a08ef4cf1077dbc23213e2314ce37c87,MEASURED,1786752838106201000,load,aegis_bounded_verification_pool,ML-DSA-65,concurrent_verify_burst,workers4_concurrency8,512,9,0,603416,1695000,8568832,true,accepted=8;saturated=0;unexpected=0,8,8,0,0,3309,0,0,0,0,0,"controlled local burst; wall time includes scoped-thread creation, Aegis policy/transcript processing, bounded-pool admission, primitive verification, and joins; work_units counts accepted verifications only"
local-1786752837727815000,macmini-m2-macos26.5.2-rust1.97.1-aarch64-20260814-workers4,9d3ab807a08ef4cf1077dbc23213e2314ce37c87,MEASURED,1786752838110211000,load,aegis_bounded_verification_pool,ML-DSA-65,concurrent_verify_burst,workers4_concurrency8,512,10,0,609166,1894000,8568832,true,accepted=8;saturated=0;unexpected=0,8,8,0,0,3309,0,0,0,0,0,"controlled local burst; wall time includes scoped-thread creation, Aegis policy/transcript processing, bounded-pool admission, primitive verification, and joins; work_units counts accepted verifications only"
local-1786752837727815000,macmini-m2-macos26.5.2-rust1.97.1-aarch64-20260814-workers4,9d3ab807a08ef4cf1077dbc23213e2314ce37c87,MEASURED,1786752838114800000,load,aegis_bounded_verification_pool,ML-DSA-65,concurrent_verify_burst,workers4_concurrency8,512,11,0,642916,2087000,8568832,true,accepted=8;saturated=0;unexpected=0,8,8,0,0,3309,0,0,0,0,0,"controlled local burst; wall time includes scoped-thread creation, Aegis policy/transcript processing, bounded-pool admission, primitive verification, and joins; work_units counts accepted verifications only"
local-1786752837727815000,macmini-m2-macos26.5.2-rust1.97.1-aarch64-20260814-workers4,9d3ab807a08ef4cf1077dbc23213e2314ce37c87,MEASURED,1786752838118998000,load,aegis_bounded_verification_pool,ML-DSA-65,concurrent_verify_burst,workers4_concurrency8,512,12,0,580542,1618000,8568832,true,accepted=8;saturated=0;unexpected=0,8,8,0,0,3309,0,0,0,0,0,"controlled local burst; wall time includes scoped-thread creation, Aegis policy/transcript processing, bounded-pool admission, primitive verification, and joins; work_units counts accepted verifications only"
local-1786752837727815000,macmini-m2-macos26.5.2-rust1.97.1-aarch64-20260814-workers4,9d3ab807a08ef4cf1077dbc23213e2314ce37c87,MEASURED,1786752838123021000,load,aegis_bounded_verification_pool,ML-DSA-65,concurrent_verify_burst,workers4_concurrency8,512,13,0,632417,2007000,8568832,true,accepted=8;saturated=0;unexpected=0,8,8,0,0,3309,0,0,0,0,0,"controlled local burst; wall time includes scoped-thread creation, Aegis policy/transcript processing, bounded-pool admission, primitive verification, and joins; work_units counts accepted verifications only"
local-1786752837727815000,macmini-m2-macos26.5.2-rust1.97.1-aarch64-20260814-workers4,9d3ab807a08ef4cf1077dbc23213e2314ce37c87,MEASURED,1786752838126219000,load,aegis_bounded_verification_pool,ML-DSA-65,concurrent_verify_burst,workers4_concurrency8,512,14,0,586542,1656000,8568832,true,accepted=8;saturated=0;unexpected=0,8,8,0,0,3309,0,0,0,0,0,"controlled local burst; wall time includes scoped-thread creation, Aegis policy/transcript processing, bounded-pool admission, primitive verification, and joins; work_units counts accepted verifications only"
local-1786752837727815000,macmini-m2-macos26.5.2-rust1.97.1-aarch64-20260814-workers4,9d3ab807a08ef4cf1077dbc23213e2314ce37c87,MEASURED,1786752838129526000,load,aegis_bounded_verification_pool,ML-DSA-65,concurrent_verify_burst,workers4_concurrency8,512,15,0,613792,2060000,8568832,true,accepted=8;saturated=0;unexpected=0,8,8,0,0,3309,0,0,0,0,0,"controlled local burst; wall time includes scoped-thread creation, Aegis policy/transcript processing, bounded-pool admission, primitive verification, and joins; work_units counts accepted verifications only"
local-1786752837727815000,macmini-m2-macos26.5.2-rust1.97.1-aarch64-20260814-workers4,9d3ab807a08ef4cf1077dbc23213e2314ce37c87,MEASURED,1786752838133105000,load,aegis_bounded_verification_pool,ML-DSA-65,concurrent_verify_burst,workers4_concurrency8,512,16,0,609541,1713000,8568832,true,accepted=8;saturated=0;unexpected=0,8,8,0,0,3309,0,0,0,0,0,"controlled local burst; wall time includes scoped-thread creation, Aegis policy/transcript processing, bounded-pool admission, primitive verification, and joins; work_units counts accepted verifications only"
local-1786752837727815000,macmini-m2-macos26.5.2-rust1.97.1-aarch64-20260814-workers4,9d3ab807a08ef4cf1077dbc23213e2314ce37c87,MEASURED,1786752838136846000,load,aegis_bounded_verification_pool,ML-DSA-65,concurrent_verify_burst,workers4_concurrency8,512,17,0,642375,1814000,8585216,true,accepted=8;saturated=0;unexpected=0,8,8,0,0,3309,0,0,0,0,0,"controlled local burst; wall time includes scoped-thread creation, Aegis policy/transcript processing, bounded-pool admission, primitive verification, and joins; work_units counts accepted verifications only"
local-1786752837727815000,macmini-m2-macos26.5.2-rust1.97.1-aarch64-20260814-workers4,9d3ab807a08ef4cf1077dbc23213e2314ce37c87,MEASURED,1786752838140707000,load,aegis_bounded_verification_pool,ML-DSA-65,concurrent_verify_burst,workers4_concurrency8,512,18,0,613250,1725000,8585216,true,accepted=8;saturated=0;unexpected=0,8,8,0,0,3309,0,0,0,0,0,"controlled local burst; wall time includes scoped-thread creation, Aegis policy/transcript processing, bounded-pool admission, primitive verification, and joins; work_units counts accepted verifications only"
local-1786752837727815000,macmini-m2-macos26.5.2-rust1.97.1-aarch64-20260814-workers4,9d3ab807a08ef4cf1077dbc23213e2314ce37c87,MEASURED,1786752838144039000,load,aegis_bounded_verification_pool,ML-DSA-65,concurrent_verify_burst,workers4_concurrency8,512,19,0,698583,1754000,8601600,true,accepted=8;saturated=0;unexpected=0,8,8,0,0,3309,0,0,0,0,0,"controlled local burst; wall time includes scoped-thread creation, Aegis policy/transcript processing, bounded-pool admission, primitive verification, and joins; work_units counts accepted verifications only"
local-1786752837727815000,macmini-m2-macos26.5.2-rust1.97.1-aarch64-20260814-workers4,9d3ab807a08ef4cf1077dbc23213e2314ce37c87,MEASURED,1786752838146915000,load,aegis_bounded_verification_pool,ML-DSA-65,concurrent_verify_burst,workers4_concurrency8,512,20,0,637250,1694000,8601600,true,accepted=8;saturated=0;unexpected=0,8,8,0,0,3309,0,0,0,0,0,"controlled local burst; wall time includes scoped-thread creation, Aegis policy/transcript processing, bounded-pool admission, primitive verification, and joins; work_units counts accepted verifications only"
local-1786752837727815000,macmini-m2-macos26.5.2-rust1.97.1-aarch64-20260814-workers4,9d3ab807a08ef4cf1077dbc23213e2314ce37c87,MEASURED,1786752838150398000,load,aegis_bounded_verification_pool,ML-DSA-65,concurrent_verify_burst,workers4_concurrency8,512,21,0,698583,1880000,8601600,true,accepted=8;saturated=0;unexpected=0,8,8,0,0,3309,0,0,0,0,0,"controlled local burst; wall time includes scoped-thread creation, Aegis policy/transcript processing, bounded-pool admission, primitive verification, and joins; work_units counts accepted verifications only"
local-1786752837727815000,macmini-m2-macos26.5.2-rust1.97.1-aarch64-20260814-workers4,9d3ab807a08ef4cf1077dbc23213e2314ce37c87,MEASURED,1786752838153586000,load,aegis_bounded_verification_pool,ML-DSA-65,concurrent_verify_burst,workers4_concurrency8,512,22,0,623459,1702000,8601600,true,accepted=8;saturated=0;unexpected=0,8,8,0,0,3309,0,0,0,0,0,"controlled local burst; wall time includes scoped-thread creation, Aegis policy/transcript processing, bounded-pool admission, primitive verification, and joins; work_units counts accepted verifications only"
local-1786752837727815000,macmini-m2-macos26.5.2-rust1.97.1-aarch64-20260814-workers4,9d3ab807a08ef4cf1077dbc23213e2314ce37c87,MEASURED,1786752838156759000,load,aegis_bounded_verification_pool,ML-DSA-65,concurrent_verify_burst,workers4_concurrency8,512,23,0,740416,2138000,8617984,true,accepted=8;saturated=0;unexpected=0,8,8,0,0,3309,0,0,0,0,0,"controlled local burst; wall time includes scoped-thread creation, Aegis policy/transcript processing, bounded-pool admission, primitive verification, and joins; work_units counts accepted verifications only"
local-1786752837727815000,macmini-m2-macos26.5.2-rust1.97.1-aarch64-20260814-workers4,9d3ab807a08ef4cf1077dbc23213e2314ce37c87,MEASURED,1786752838159578000,load,aegis_bounded_verification_pool,ML-DSA-65,concurrent_verify_burst,workers4_concurrency8,512,24,0,638959,1838000,8617984,true,accepted=8;saturated=0;unexpected=0,8,8,0,0,3309,0,0,0,0,0,"controlled local burst; wall time includes scoped-thread creation, Aegis policy/transcript processing, bounded-pool admission, primitive verification, and joins; work_units counts accepted verifications only"
local-1786752837727815000,macmini-m2-macos26.5.2-rust1.97.1-aarch64-20260814-workers4,9d3ab807a08ef4cf1077dbc23213e2314ce37c87,MEASURED,1786752838162895000,load,aegis_bounded_verification_pool,ML-DSA-65,concurrent_verify_burst,workers4_concurrency8,512,25,0,626667,1737000,8617984,true,accepted=8;saturated=0;unexpected=0,8,8,0,0,3309,0,0,0,0,0,"controlled local burst; wall time includes scoped-thread creation, Aegis policy/transcript processing, bounded-pool admission, primitive verification, and joins; work_units counts accepted verifications only"
local-1786752837727815000,macmini-m2-macos26.5.2-rust1.97.1-aarch64-20260814-workers4,9d3ab807a08ef4cf1077dbc23213e2314ce37c87,MEASURED,1786752838166857000,load,aegis_bounded_verification_pool,ML-DSA-65,concurrent_verify_burst,workers4_concurrency8,512,26,0,638000,1759000,8617984,true,accepted=8;saturated=0;unexpected=0,8,8,0,0,3309,0,0,0,0,0,"controlled local burst; wall time includes scoped-thread creation, Aegis policy/transcript processing, bounded-pool admission, primitive verification, and joins; work_units counts accepted verifications only"
local-1786752837727815000,macmini-m2-macos26.5.2-rust1.97.1-aarch64-20260814-workers4,9d3ab807a08ef4cf1077dbc23213e2314ce37c87,MEASURED,1786752838169698000,load,aegis_bounded_verification_pool,ML-DSA-65,concurrent_verify_burst,workers4_concurrency8,512,27,0,630250,1860000,8617984,true,accepted=8;saturated=0;unexpected=0,8,8,0,0,3309,0,0,0,0,0,"controlled local burst; wall time includes scoped-thread creation, Aegis policy/transcript processing, bounded-pool admission, primitive verification, and joins; work_units counts accepted verifications only"
local-1786752837727815000,macmini-m2-macos26.5.2-rust1.97.1-aarch64-20260814-workers4,9d3ab807a08ef4cf1077dbc23213e2314ce37c87,MEASURED,1786752838174353000,load,aegis_bounded_verification_pool,ML-DSA-65,concurrent_verify_burst,workers4_concurrency8,512,28,0,637750,1750000,8617984,true,accepted=8;saturated=0;unexpected=0,8,8,0,0,3309,0,0,0,0,0,"controlled local burst; wall time includes scoped-thread creation, Aegis policy/transcript processing, bounded-pool admission, primitive verification, and joins; work_units counts accepted verifications only"
local-1786752837727815000,macmini-m2-macos26.5.2-rust1.97.1-aarch64-20260814-workers4,9d3ab807a08ef4cf1077dbc23213e2314ce37c87,MEASURED,1786752838177525000,load,aegis_bounded_verification_pool,ML-DSA-65,concurrent_verify_burst,workers4_concurrency8,512,29,0,767666,1987000,8634368,true,accepted=8;saturated=0;unexpected=0,8,8,0,0,3309,0,0,0,0,0,"controlled local burst; wall time includes scoped-thread creation, Aegis policy/transcript processing, bounded-pool admission, primitive verification, and joins; work_units counts accepted verifications only"
local-1786752837727815000,macmini-m2-macos26.5.2-rust1.97.1-aarch64-20260814-workers4,9d3ab807a08ef4cf1077dbc23213e2314ce37c87,MEASURED,1786752838181060000,load,aegis_bounded_verification_pool,ML-DSA-65,concurrent_verify_burst,workers4_concurrency8,512,30,0,679250,1579000,8634368,true,accepted=8;saturated=0;unexpected=0,8,8,0,0,3309,0,0,0,0,0,"controlled local burst; wall time includes scoped-thread creation, Aegis policy/transcript processing, bounded-pool admission, primitive verification, and joins; work_units counts accepted verifications only"
local-1786752837727815000,macmini-m2-macos26.5.2-rust1.97.1-aarch64-20260814-workers4,9d3ab807a08ef4cf1077dbc23213e2314ce37c87,MEASURED,1786752838185672000,load,aegis_bounded_verification_pool,ML-DSA-65,concurrent_verify_burst,workers4_concurrency8,512,31,0,731166,1917000,8634368,true,accepted=8;saturated=0;unexpected=0,8,8,0,0,3309,0,0,0,0,0,"controlled local burst; wall time includes scoped-thread creation, Aegis policy/transcript processing, bounded-pool admission, primitive verification, and joins; work_units counts accepted verifications only"
local-1786752837727815000,macmini-m2-macos26.5.2-rust1.97.1-aarch64-20260814-workers4,9d3ab807a08ef4cf1077dbc23213e2314ce37c87,MEASURED,1786752838188309000,load,aegis_bounded_verification_pool,ML-DSA-65,concurrent_verify_burst,workers4_concurrency8,512,32,0,628334,1679000,8634368,true,accepted=8;saturated=0;unexpected=0,8,8,0,0,3309,0,0,0,0,0,"controlled local burst; wall time includes scoped-thread creation, Aegis policy/transcript processing, bounded-pool admission, primitive verification, and joins; work_units counts accepted verifications only"
local-1786752837727815000,macmini-m2-macos26.5.2-rust1.97.1-aarch64-20260814-workers4,9d3ab807a08ef4cf1077dbc23213e2314ce37c87,MEASURED,1786752838190825000,load,aegis_bounded_verification_pool,ML-DSA-65,concurrent_verify_burst,workers4_concurrency8,512,33,0,674625,1745000,8634368,true,accepted=8;saturated=0;unexpected=0,8,8,0,0,3309,0,0,0,0,0,"controlled local burst; wall time includes scoped-thread creation, Aegis policy/transcript processing, bounded-pool admission, primitive verification, and joins; work_units counts accepted verifications only"
local-1786752837727815000,macmini-m2-macos26.5.2-rust1.97.1-aarch64-20260814-workers4,9d3ab807a08ef4cf1077dbc23213e2314ce37c87,MEASURED,1786752838194068000,load,aegis_bounded_verification_pool,ML-DSA-65,concurrent_verify_burst,workers4_concurrency8,512,34,0,652500,1801000,8634368,true,accepted=8;saturated=0;unexpected=0,8,8,0,0,3309,0,0,0,0,0,"controlled local burst; wall time includes scoped-thread creation, Aegis policy/transcript processing, bounded-pool admission, primitive verification, and joins; work_units counts accepted verifications only"
local-1786752837727815000,macmini-m2-macos26.5.2-rust1.97.1-aarch64-20260814-workers4,9d3ab807a08ef4cf1077dbc23213e2314ce37c87,MEASURED,1786752838197319000,load,aegis_bounded_verification_pool,ML-DSA-65,concurrent_verify_burst,workers4_concurrency8,512,35,0,681709,1910000,8634368,true,accepted=8;saturated=0;unexpected=0,8,8,0,0,3309,0,0,0,0,0,"controlled local burst; wall time includes scoped-thread creation, Aegis policy/transcript processing, bounded-pool admission, primitive verification, and joins; work_units counts accepted verifications only"
local-1786752837727815000,macmini-m2-macos26.5.2-rust1.97.1-aarch64-20260814-workers4,9d3ab807a08ef4cf1077dbc23213e2314ce37c87,MEASURED,1786752838200696000,load,aegis_bounded_verification_pool,ML-DSA-65,concurrent_verify_burst,workers4_concurrency8,512,36,0,751625,2161000,8634368,true,accepted=8;saturated=0;unexpected=0,8,8,0,0,3309,0,0,0,0,0,"controlled local burst; wall time includes scoped-thread creation, Aegis policy/transcript processing, bounded-pool admission, primitive verification, and joins; work_units counts accepted verifications only"
local-1786752837727815000,macmini-m2-macos26.5.2-rust1.97.1-aarch64-20260814-workers4,9d3ab807a08ef4cf1077dbc23213e2314ce37c87,MEASURED,1786752838203585000,load,aegis_bounded_verification_pool,ML-DSA-65,concurrent_verify_burst,workers4_concurrency8,512,37,0,696250,1724000,8634368,true,accepted=8;saturated=0;unexpected=0,8,8,0,0,3309,0,0,0,0,0,"controlled local burst; wall time includes scoped-thread creation, Aegis policy/transcript processing, bounded-pool admission, primitive verification, and joins; work_units counts accepted verifications only"
local-1786752837727815000,macmini-m2-macos26.5.2-rust1.97.1-aarch64-20260814-workers4,9d3ab807a08ef4cf1077dbc23213e2314ce37c87,MEASURED,1786752838209110000,load,aegis_bounded_verification_pool,ML-DSA-65,concurrent_verify_burst,workers4_concurrency8,512,38,0,666542,1796000,8634368,true,accepted=8;saturated=0;unexpected=0,8,8,0,0,3309,0,0,0,0,0,"controlled local burst; wall time includes scoped-thread creation, Aegis policy/transcript processing, bounded-pool admission, primitive verification, and joins; work_units counts accepted verifications only"
local-1786752837727815000,macmini-m2-macos26.5.2-rust1.97.1-aarch64-20260814-workers4,9d3ab807a08ef4cf1077dbc23213e2314ce37c87,MEASURED,1786752838212528000,load,aegis_bounded_verification_pool,ML-DSA-65,concurrent_verify_burst,workers4_concurrency8,512,39,0,775375,1980000,8634368,true,accepted=8;saturated=0;unexpected=0,8,8,0,0,3309,0,0,0,0,0,"controlled local burst; wall time includes scoped-thread creation, Aegis policy/transcript processing, bounded-pool admission, primitive verification, and joins; work_units counts accepted verifications only"
local-1786752837727815000,macmini-m2-macos26.5.2-rust1.97.1-aarch64-20260814-workers4,9d3ab807a08ef4cf1077dbc23213e2314ce37c87,MEASURED,1786752838216257000,load,aegis_bounded_verification_pool,ML-DSA-65,concurrent_verify_burst,workers4_concurrency8,512,40,0,675542,1610000,8634368,true,accepted=8;saturated=0;unexpected=0,8,8,0,0,3309,0,0,0,0,0,"controlled local burst; wall time includes scoped-thread creation, Aegis policy/transcript processing, bounded-pool admission, primitive verification, and joins; work_units counts accepted verifications only"
local-1786752837727815000,macmini-m2-macos26.5.2-rust1.97.1-aarch64-20260814-workers4,9d3ab807a08ef4cf1077dbc23213e2314ce37c87,MEASURED,1786752838219425000,load,aegis_bounded_verification_pool,ML-DSA-65,concurrent_verify_burst,workers4_concurrency8,512,41,0,759250,1987000,8667136,true,accepted=8;saturated=0;unexpected=0,8,8,0,0,3309,0,0,0,0,0,"controlled local burst; wall time includes scoped-thread creation, Aegis policy/transcript processing, bounded-pool admission, primitive verification, and joins; work_units counts accepted verifications only"
local-1786752837727815000,macmini-m2-macos26.5.2-rust1.97.1-aarch64-20260814-workers4,9d3ab807a08ef4cf1077dbc23213e2314ce37c87,MEASURED,1786752838222262000,load,aegis_bounded_verification_pool,ML-DSA-65,concurrent_verify_burst,workers4_concurrency8,512,42,0,680625,1753000,8667136,true,accepted=8;saturated=0;unexpected=0,8,8,0,0,3309,0,0,0,0,0,"controlled local burst; wall time includes scoped-thread creation, Aegis policy/transcript processing, bounded-pool admission, primitive verification, and joins; work_units counts accepted verifications only"
local-1786752837727815000,macmini-m2-macos26.5.2-rust1.97.1-aarch64-20260814-workers4,9d3ab807a08ef4cf1077dbc23213e2314ce37c87,MEASURED,1786752838226339000,load,aegis_bounded_verification_pool,ML-DSA-65,concurrent_verify_burst,workers4_concurrency8,512,43,0,743875,2036000,8667136,true,accepted=8;saturated=0;unexpected=0,8,8,0,0,3309,0,0,0,0,0,"controlled local burst; wall time includes scoped-thread creation, Aegis policy/transcript processing, bounded-pool admission, primitive verification, and joins; work_units counts accepted verifications only"
local-1786752837727815000,macmini-m2-macos26.5.2-rust1.97.1-aarch64-20260814-workers4,9d3ab807a08ef4cf1077dbc23213e2314ce37c87,MEASURED,1786752838229666000,load,aegis_bounded_verification_pool,ML-DSA-65,concurrent_verify_burst,workers4_concurrency8,512,44,0,651292,1732000,8667136,true,accepted=8;saturated=0;unexpected=0,8,8,0,0,3309,0,0,0,0,0,"controlled local burst; wall time includes scoped-thread creation, Aegis policy/transcript processing, bounded-pool admission, primitive verification, and joins; work_units counts accepted verifications only"
local-1786752837727815000,macmini-m2-macos26.5.2-rust1.97.1-aarch64-20260814-workers4,9d3ab807a08ef4cf1077dbc23213e2314ce37c87,MEASURED,1786752838234882000,load,aegis_bounded_verification_pool,ML-DSA-65,concurrent_verify_burst,workers4_concurrency8,512,45,0,658792,1852000,8683520,true,accepted=8;saturated=0;unexpected=0,8,8,0,0,3309,0,0,0,0,0,"controlled local burst; wall time includes scoped-thread creation, Aegis policy/transcript processing, bounded-pool admission, primitive verification, and joins; work_units counts accepted verifications only"
local-1786752837727815000,macmini-m2-macos26.5.2-rust1.97.1-aarch64-20260814-workers4,9d3ab807a08ef4cf1077dbc23213e2314ce37c87,MEASURED,1786752838238375000,load,aegis_bounded_verification_pool,ML-DSA-65,concurrent_verify_burst,workers4_concurrency8,512,46,0,669708,1772000,8683520,true,accepted=8;saturated=0;unexpected=0,8,8,0,0,3309,0,0,0,0,0,"controlled local burst; wall time includes scoped-thread creation, Aegis policy/transcript processing, bounded-pool admission, primitive verification, and joins; work_units counts accepted verifications only"
local-1786752837727815000,macmini-m2-macos26.5.2-rust1.97.1-aarch64-20260814-workers4,9d3ab807a08ef4cf1077dbc23213e2314ce37c87,MEASURED,1786752838242954000,load,aegis_bounded_verification_pool,ML-DSA-65,concurrent_verify_burst,workers4_concurrency8,512,47,0,762125,1843000,8683520,true,accepted=8;saturated=0;unexpected=0,8,8,0,0,3309,0,0,0,0,0,"controlled local burst; wall time includes scoped-thread creation, Aegis policy/transcript processing, bounded-pool admission, primitive verification, and joins; work_units counts accepted verifications only"
local-1786752837727815000,macmini-m2-macos26.5.2-rust1.97.1-aarch64-20260814-workers4,9d3ab807a08ef4cf1077dbc23213e2314ce37c87,MEASURED,1786752838246159000,load,aegis_bounded_verification_pool,ML-DSA-65,concurrent_verify_burst,workers4_concurrency8,512,48,0,737375,1769000,8683520,true,accepted=8;saturated=0;unexpected=0,8,8,0,0,3309,0,0,0,0,0,"controlled local burst; wall time includes scoped-thread creation, Aegis policy/transcript processing, bounded-pool admission, primitive verification, and joins; work_units counts accepted verifications only"
local-1786752837727815000,macmini-m2-macos26.5.2-rust1.97.1-aarch64-20260814-workers4,9d3ab807a08ef4cf1077dbc23213e2314ce37c87,MEASURED,1786752838250910000,load,aegis_bounded_verification_pool,ML-DSA-65,concurrent_verify_burst,workers4_concurrency8,512,49,0,719291,1724000,8683520,true,accepted=8;saturated=0;unexpected=0,8,8,0,0,3309,0,0,0,0,0,"controlled local burst; wall time includes scoped-thread creation, Aegis policy/transcript processing, bounded-pool admission, primitive verification, and joins; work_units counts accepted verifications only"
local-1786752837727815000,macmini-m2-macos26.5.2-rust1.97.1-aarch64-20260814-workers4,9d3ab807a08ef4cf1077dbc23213e2314ce37c87,MEASURED,1786752838253198000,load,aegis_bounded_verification_pool,ML-DSA-65,concurrent_verify_burst,workers4_concurrency8,512,50,0,732042,1817000,8683520,true,accepted=8;saturated=0;unexpected=0,8,8,0,0,3309,0,0,0,0,0,"controlled local burst; wall time includes scoped-thread creation, Aegis policy/transcript processing, bounded-pool admission, primitive verification, and joins; work_units counts accepted verifications only"
local-1786752837727815000,macmini-m2-macos26.5.2-rust1.97.1-aarch64-20260814-workers4,9d3ab807a08ef4cf1077dbc23213e2314ce37c87,MEASURED,1786752838256874000,load,aegis_bounded_verification_pool,ML-DSA-65,concurrent_verify_burst,workers4_concurrency8,512,51,0,692208,1782000,8683520,true,accepted=8;saturated=0;unexpected=0,8,8,0,0,3309,0,0,0,0,0,"controlled local burst; wall time includes scoped-thread creation, Aegis policy/transcript processing, bounded-pool admission, primitive verification, and joins; work_units counts accepted verifications only"
local-1786752837727815000,macmini-m2-macos26.5.2-rust1.97.1-aarch64-20260814-workers4,9d3ab807a08ef4cf1077dbc23213e2314ce37c87,MEASURED,1786752838261811000,load,aegis_bounded_verification_pool,ML-DSA-65,concurrent_verify_burst,workers4_concurrency8,512,52,0,739500,1840000,8683520,true,accepted=8;saturated=0;unexpected=0,8,8,0,0,3309,0,0,0,0,0,"controlled local burst; wall time includes scoped-thread creation, Aegis policy/transcript processing, bounded-pool admission, primitive verification, and joins; work_units counts accepted verifications only"
local-1786752837727815000,macmini-m2-macos26.5.2-rust1.97.1-aarch64-20260814-workers4,9d3ab807a08ef4cf1077dbc23213e2314ce37c87,MEASURED,1786752838265153000,load,aegis_bounded_verification_pool,ML-DSA-65,concurrent_verify_burst,workers4_concurrency8,512,53,0,731834,1879000,8683520,true,accepted=8;saturated=0;unexpected=0,8,8,0,0,3309,0,0,0,0,0,"controlled local burst; wall time includes scoped-thread creation, Aegis policy/transcript processing, bounded-pool admission, primitive verification, and joins; work_units counts accepted verifications only"
local-1786752837727815000,macmini-m2-macos26.5.2-rust1.97.1-aarch64-20260814-workers4,9d3ab807a08ef4cf1077dbc23213e2314ce37c87,MEASURED,1786752838268108000,load,aegis_bounded_verification_pool,ML-DSA-65,concurrent_verify_burst,workers4_concurrency8,512,54,0,733375,2017000,8683520,true,accepted=8;saturated=0;unexpected=0,8,8,0,0,3309,0,0,0,0,0,"controlled local burst; wall time includes scoped-thread creation, Aegis policy/transcript processing, bounded-pool admission, primitive verification, and joins; work_units counts accepted verifications only"
local-1786752837727815000,macmini-m2-macos26.5.2-rust1.97.1-aarch64-20260814-workers4,9d3ab807a08ef4cf1077dbc23213e2314ce37c87,MEASURED,1786752838270975000,load,aegis_bounded_verification_pool,ML-DSA-65,concurrent_verify_burst,workers4_concurrency8,512,55,0,731584,1839000,8683520,true,accepted=8;saturated=0;unexpected=0,8,8,0,0,3309,0,0,0,0,0,"controlled local burst; wall time includes scoped-thread creation, Aegis policy/transcript processing, bounded-pool admission, primitive verification, and joins; work_units counts accepted verifications only"
local-1786752837727815000,macmini-m2-macos26.5.2-rust1.97.1-aarch64-20260814-workers4,9d3ab807a08ef4cf1077dbc23213e2314ce37c87,MEASURED,1786752838273972000,load,aegis_bounded_verification_pool,ML-DSA-65,concurrent_verify_burst,workers4_concurrency8,512,56,0,739833,1730000,8683520,true,accepted=8;saturated=0;unexpected=0,8,8,0,0,3309,0,0,0,0,0,"controlled local burst; wall time includes scoped-thread creation, Aegis policy/transcript processing, bounded-pool admission, primitive verification, and joins; work_units counts accepted verifications only"
local-1786752837727815000,macmini-m2-macos26.5.2-rust1.97.1-aarch64-20260814-workers4,9d3ab807a08ef4cf1077dbc23213e2314ce37c87,MEASURED,1786752838278704000,load,aegis_bounded_verification_pool,ML-DSA-65,concurrent_verify_burst,workers4_concurrency8,512,57,0,753250,1732000,8683520,true,accepted=8;saturated=0;unexpected=0,8,8,0,0,3309,0,0,0,0,0,"controlled local burst; wall time includes scoped-thread creation, Aegis policy/transcript processing, bounded-pool admission, primitive verification, and joins; work_units counts accepted verifications only"
local-1786752837727815000,macmini-m2-macos26.5.2-rust1.97.1-aarch64-20260814-workers4,9d3ab807a08ef4cf1077dbc23213e2314ce37c87,MEASURED,1786752838282733000,load,aegis_bounded_verification_pool,ML-DSA-65,concurrent_verify_burst,workers4_concurrency8,512,58,0,837375,1914000,8683520,true,accepted=8;saturated=0;unexpected=0,8,8,0,0,3309,0,0,0,0,0,"controlled local burst; wall time includes scoped-thread creation, Aegis policy/transcript processing, bounded-pool admission, primitive verification, and joins; work_units counts accepted verifications only"
local-1786752837727815000,macmini-m2-macos26.5.2-rust1.97.1-aarch64-20260814-workers4,9d3ab807a08ef4cf1077dbc23213e2314ce37c87,MEASURED,1786752838285985000,load,aegis_bounded_verification_pool,ML-DSA-65,concurrent_verify_burst,workers4_concurrency8,512,59,0,755125,1882000,8683520,true,accepted=8;saturated=0;unexpected=0,8,8,0,0,3309,0,0,0,0,0,"controlled local burst; wall time includes scoped-thread creation, Aegis policy/transcript processing, bounded-pool admission, primitive verification, and joins; work_units counts accepted verifications only"
local-1786752837727815000,macmini-m2-macos26.5.2-rust1.97.1-aarch64-20260814-workers4,9d3ab807a08ef4cf1077dbc23213e2314ce37c87,MEASURED,1786752838290193000,load,aegis_bounded_verification_pool,ML-DSA-65,concurrent_verify_burst,workers4_concurrency8,512,60,0,791333,1915000,8683520,true,accepted=8;saturated=0;unexpected=0,8,8,0,0,3309,0,0,0,0,0,"controlled local burst; wall time includes scoped-thread creation, Aegis policy/transcript processing, bounded-pool admission, primitive verification, and joins; work_units counts accepted verifications only"
local-1786752837727815000,macmini-m2-macos26.5.2-rust1.97.1-aarch64-20260814-workers4,9d3ab807a08ef4cf1077dbc23213e2314ce37c87,MEASURED,1786752838293590000,load,aegis_bounded_verification_pool,ML-DSA-65,concurrent_verify_burst,workers4_concurrency8,512,61,0,748042,1767000,8683520,true,accepted=8;saturated=0;unexpected=0,8,8,0,0,3309,0,0,0,0,0,"controlled local burst; wall time includes scoped-thread creation, Aegis policy/transcript processing, bounded-pool admission, primitive verification, and joins; work_units counts accepted verifications only"
local-1786752837727815000,macmini-m2-macos26.5.2-rust1.97.1-aarch64-20260814-workers4,9d3ab807a08ef4cf1077dbc23213e2314ce37c87,MEASURED,1786752838297121000,load,aegis_bounded_verification_pool,ML-DSA-65,concurrent_verify_burst,workers4_concurrency8,512,62,0,776291,2014000,8699904,true,accepted=8;saturated=0;unexpected=0,8,8,0,0,3309,0,0,0,0,0,"controlled local burst; wall time includes scoped-thread creation, Aegis policy/transcript processing, bounded-pool admission, primitive verification, and joins; work_units counts accepted verifications only"
local-1786752837727815000,macmini-m2-macos26.5.2-rust1.97.1-aarch64-20260814-workers4,9d3ab807a08ef4cf1077dbc23213e2314ce37c87,MEASURED,1786752838301580000,load,aegis_bounded_verification_pool,ML-DSA-65,concurrent_verify_burst,workers4_concurrency8,512,63,0,778417,1813000,8699904,true,accepted=8;saturated=0;unexpected=0,8,8,0,0,3309,0,0,0,0,0,"controlled local burst; wall time includes scoped-thread creation, Aegis policy/transcript processing, bounded-pool admission, primitive verification, and joins; work_units counts accepted verifications only"
local-1786752837727815000,macmini-m2-macos26.5.2-rust1.97.1-aarch64-20260814-workers4,9d3ab807a08ef4cf1077dbc23213e2314ce37c87,MEASURED,1786752838305873000,load,aegis_bounded_verification_pool,ML-DSA-65,concurrent_verify_burst,workers4_concurrency8,512,64,0,733375,1801000,8699904,true,accepted=8;saturated=0;unexpected=0,8,8,0,0,3309,0,0,0,0,0,"controlled local burst; wall time includes scoped-thread creation, Aegis policy/transcript processing, bounded-pool admission, primitive verification, and joins; work_units counts accepted verifications only"
local-1786752837727815000,macmini-m2-macos26.5.2-rust1.97.1-aarch64-20260814-workers4,9d3ab807a08ef4cf1077dbc23213e2314ce37c87,MEASURED,1786752838309543000,load,aegis_bounded_verification_pool,ML-DSA-65,concurrent_verify_burst,workers4_concurrency8,512,65,0,855375,2320000,8699904,true,accepted=8;saturated=0;unexpected=0,8,8,0,0,3309,0,0,0,0,0,"controlled local burst; wall time includes scoped-thread creation, Aegis policy/transcript processing, bounded-pool admission, primitive verification, and joins; work_units counts accepted verifications only"
local-1786752837727815000,macmini-m2-macos26.5.2-rust1.97.1-aarch64-20260814-workers4,9d3ab807a08ef4cf1077dbc23213e2314ce37c87,MEASURED,1786752838313694000,load,aegis_bounded_verification_pool,ML-DSA-65,concurrent_verify_burst,workers4_concurrency8,512,66,0,730459,1792000,8699904,true,accepted=8;saturated=0;unexpected=0,8,8,0,0,3309,0,0,0,0,0,"controlled local burst; wall time includes scoped-thread creation, Aegis policy/transcript processing, bounded-pool admission, primitive verification, and joins; work_units counts accepted verifications only"
local-1786752837727815000,macmini-m2-macos26.5.2-rust1.97.1-aarch64-20260814-workers4,9d3ab807a08ef4cf1077dbc23213e2314ce37c87,MEASURED,1786752838317731000,load,aegis_bounded_verification_pool,ML-DSA-65,concurrent_verify_burst,workers4_concurrency8,512,67,0,812625,1925000,8699904,true,accepted=8;saturated=0;unexpected=0,8,8,0,0,3309,0,0,0,0,0,"controlled local burst; wall time includes scoped-thread creation, Aegis policy/transcript processing, bounded-pool admission, primitive verification, and joins; work_units counts accepted verifications only"
local-1786752837727815000,macmini-m2-macos26.5.2-rust1.97.1-aarch64-20260814-workers4,9d3ab807a08ef4cf1077dbc23213e2314ce37c87,MEASURED,1786752838321988000,load,aegis_bounded_verification_pool,ML-DSA-65,concurrent_verify_burst,workers4_concurrency8,512,68,0,791334,1881000,8699904,true,accepted=8;saturated=0;unexpected=0,8,8,0,0,3309,0,0,0,0,0,"controlled local burst; wall time includes scoped-thread creation, Aegis policy/transcript processing, bounded-pool admission, primitive verification, and joins; work_units counts accepted verifications only"
local-1786752837727815000,macmini-m2-macos26.5.2-rust1.97.1-aarch64-20260814-workers4,9d3ab807a08ef4cf1077dbc23213e2314ce37c87,MEASURED,1786752838324960000,load,aegis_bounded_verification_pool,ML-DSA-65,concurrent_verify_burst,workers4_concurrency8,512,69,0,786209,1975000,8699904,true,accepted=8;saturated=0;unexpected=0,8,8,0,0,3309,0,0,0,0,0,"controlled local burst; wall time includes scoped-thread creation, Aegis policy/transcript processing, bounded-pool admission, primitive verification, and joins; work_units counts accepted verifications only"
local-1786752837727815000,macmini-m2-macos26.5.2-rust1.97.1-aarch64-20260814-workers4,9d3ab807a08ef4cf1077dbc23213e2314ce37c87,MEASURED,1786752838328802000,load,aegis_bounded_verification_pool,ML-DSA-65,concurrent_verify_burst,workers4_concurrency8,512,70,0,779750,1841000,8699904,true,accepted=8;saturated=0;unexpected=0,8,8,0,0,3309,0,0,0,0,0,"controlled local burst; wall time includes scoped-thread creation, Aegis policy/transcript processing, bounded-pool admission, primitive verification, and joins; work_units counts accepted verifications only"
local-1786752837727815000,macmini-m2-macos26.5.2-rust1.97.1-aarch64-20260814-workers4,9d3ab807a08ef4cf1077dbc23213e2314ce37c87,MEASURED,1786752838332750000,load,aegis_bounded_verification_pool,ML-DSA-65,concurrent_verify_burst,workers4_concurrency8,512,71,0,792792,2294000,8716288,true,accepted=8;saturated=0;unexpected=0,8,8,0,0,3309,0,0,0,0,0,"controlled local burst; wall time includes scoped-thread creation, Aegis policy/transcript processing, bounded-pool admission, primitive verification, and joins; work_units counts accepted verifications only"
local-1786752837727815000,macmini-m2-macos26.5.2-rust1.97.1-aarch64-20260814-workers4,9d3ab807a08ef4cf1077dbc23213e2314ce37c87,MEASURED,1786752838336723000,load,aegis_bounded_verification_pool,ML-DSA-65,concurrent_verify_burst,workers4_concurrency8,512,72,0,812458,1949000,8716288,true,accepted=8;saturated=0;unexpected=0,8,8,0,0,3309,0,0,0,0,0,"controlled local burst; wall time includes scoped-thread creation, Aegis policy/transcript processing, bounded-pool admission, primitive verification, and joins; work_units counts accepted verifications only"
local-1786752837727815000,macmini-m2-macos26.5.2-rust1.97.1-aarch64-20260814-workers4,9d3ab807a08ef4cf1077dbc23213e2314ce37c87,MEASURED,1786752838339657000,load,aegis_bounded_verification_pool,ML-DSA-65,concurrent_verify_burst,workers4_concurrency8,512,73,0,820333,1800000,8716288,true,accepted=8;saturated=0;unexpected=0,8,8,0,0,3309,0,0,0,0,0,"controlled local burst; wall time includes scoped-thread creation, Aegis policy/transcript processing, bounded-pool admission, primitive verification, and joins; work_units counts accepted verifications only"
local-1786752837727815000,macmini-m2-macos26.5.2-rust1.97.1-aarch64-20260814-workers4,9d3ab807a08ef4cf1077dbc23213e2314ce37c87,MEASURED,1786752838343930000,load,aegis_bounded_verification_pool,ML-DSA-65,concurrent_verify_burst,workers4_concurrency8,512,74,0,902375,1838000,8732672,true,accepted=8;saturated=0;unexpected=0,8,8,0,0,3309,0,0,0,0,0,"controlled local burst; wall time includes scoped-thread creation, Aegis policy/transcript processing, bounded-pool admission, primitive verification, and joins; work_units counts accepted verifications only"
local-1786752837727815000,macmini-m2-macos26.5.2-rust1.97.1-aarch64-20260814-workers4,9d3ab807a08ef4cf1077dbc23213e2314ce37c87,MEASURED,1786752838347004000,load,aegis_bounded_verification_pool,ML-DSA-65,concurrent_verify_burst,workers4_concurrency8,512,75,0,852917,2034000,8732672,true,accepted=8;saturated=0;unexpected=0,8,8,0,0,3309,0,0,0,0,0,"controlled local burst; wall time includes scoped-thread creation, Aegis policy/transcript processing, bounded-pool admission, primitive verification, and joins; work_units counts accepted verifications only"
local-1786752837727815000,macmini-m2-macos26.5.2-rust1.97.1-aarch64-20260814-workers4,9d3ab807a08ef4cf1077dbc23213e2314ce37c87,MEASURED,1786752838350964000,load,aegis_bounded_verification_pool,ML-DSA-65,concurrent_verify_burst,workers4_concurrency8,512,76,0,901667,1821000,8732672,true,accepted=8;saturated=0;unexpected=0,8,8,0,0,3309,0,0,0,0,0,"controlled local burst; wall time includes scoped-thread creation, Aegis policy/transcript processing, bounded-pool admission, primitive verification, and joins; work_units counts accepted verifications only"
local-1786752837727815000,macmini-m2-macos26.5.2-rust1.97.1-aarch64-20260814-workers4,9d3ab807a08ef4cf1077dbc23213e2314ce37c87,MEASURED,1786752838355609000,load,aegis_bounded_verification_pool,ML-DSA-65,concurrent_verify_burst,workers4_concurrency8,512,77,0,853125,1765000,8732672,true,accepted=8;saturated=0;unexpected=0,8,8,0,0,3309,0,0,0,0,0,"controlled local burst; wall time includes scoped-thread creation, Aegis policy/transcript processing, bounded-pool admission, primitive verification, and joins; work_units counts accepted verifications only"
local-1786752837727815000,macmini-m2-macos26.5.2-rust1.97.1-aarch64-20260814-workers4,9d3ab807a08ef4cf1077dbc23213e2314ce37c87,MEASURED,1786752838361195000,load,aegis_bounded_verification_pool,ML-DSA-65,concurrent_verify_burst,workers4_concurrency8,512,78,0,846333,1835000,8732672,true,accepted=8;saturated=0;unexpected=0,8,8,0,0,3309,0,0,0,0,0,"controlled local burst; wall time includes scoped-thread creation, Aegis policy/transcript processing, bounded-pool admission, primitive verification, and joins; work_units counts accepted verifications only"
local-1786752837727815000,macmini-m2-macos26.5.2-rust1.97.1-aarch64-20260814-workers4,9d3ab807a08ef4cf1077dbc23213e2314ce37c87,MEASURED,1786752838366302000,load,aegis_bounded_verification_pool,ML-DSA-65,concurrent_verify_burst,workers4_concurrency8,512,79,0,835291,2034000,8732672,true,accepted=8;saturated=0;unexpected=0,8,8,0,0,3309,0,0,0,0,0,"controlled local burst; wall time includes scoped-thread creation, Aegis policy/transcript processing, bounded-pool admission, primitive verification, and joins; work_units counts accepted verifications only"
local-1786752837727815000,macmini-m2-macos26.5.2-rust1.97.1-aarch64-20260814-workers4,9d3ab807a08ef4cf1077dbc23213e2314ce37c87,MEASURED,1786752838369238000,load,aegis_bounded_verification_pool,ML-DSA-65,concurrent_verify_burst,workers4_concurrency8,512,80,0,792583,1787000,8732672,true,accepted=8;saturated=0;unexpected=0,8,8,0,0,3309,0,0,0,0,0,"controlled local burst; wall time includes scoped-thread creation, Aegis policy/transcript processing, bounded-pool admission, primitive verification, and joins; work_units counts accepted verifications only"
local-1786752837727815000,macmini-m2-macos26.5.2-rust1.97.1-aarch64-20260814-workers4,9d3ab807a08ef4cf1077dbc23213e2314ce37c87,MEASURED,1786752838372927000,load,aegis_bounded_verification_pool,ML-DSA-65,concurrent_verify_burst,workers4_concurrency8,512,81,0,834875,1907000,8732672,true,accepted=8;saturated=0;unexpected=0,8,8,0,0,3309,0,0,0,0,0,"controlled local burst; wall time includes scoped-thread creation, Aegis policy/transcript processing, bounded-pool admission, primitive verification, and joins; work_units counts accepted verifications only"
local-1786752837727815000,macmini-m2-macos26.5.2-rust1.97.1-aarch64-20260814-workers4,9d3ab807a08ef4cf1077dbc23213e2314ce37c87,MEASURED,1786752838376445000,load,aegis_bounded_verification_pool,ML-DSA-65,concurrent_verify_burst,workers4_concurrency8,512,82,0,860333,1706000,8732672,true,accepted=8;saturated=0;unexpected=0,8,8,0,0,3309,0,0,0,0,0,"controlled local burst; wall time includes scoped-thread creation, Aegis policy/transcript processing, bounded-pool admission, primitive verification, and joins; work_units counts accepted verifications only"
local-1786752837727815000,macmini-m2-macos26.5.2-rust1.97.1-aarch64-20260814-workers4,9d3ab807a08ef4cf1077dbc23213e2314ce37c87,MEASURED,1786752838380921000,load,aegis_bounded_verification_pool,ML-DSA-65,concurrent_verify_burst,workers4_concurrency8,512,83,0,819291,1955000,8732672,true,accepted=8;saturated=0;unexpected=0,8,8,0,0,3309,0,0,0,0,0,"controlled local burst; wall time includes scoped-thread creation, Aegis policy/transcript processing, bounded-pool admission, primitive verification, and joins; work_units counts accepted verifications only"
local-1786752837727815000,macmini-m2-macos26.5.2-rust1.97.1-aarch64-20260814-workers4,9d3ab807a08ef4cf1077dbc23213e2314ce37c87,MEASURED,1786752838384823000,load,aegis_bounded_verification_pool,ML-DSA-65,concurrent_verify_burst,workers4_concurrency8,512,84,0,828834,1825000,8732672,true,accepted=8;saturated=0;unexpected=0,8,8,0,0,3309,0,0,0,0,0,"controlled local burst; wall time includes scoped-thread creation, Aegis policy/transcript processing, bounded-pool admission, primitive verification, and joins; work_units counts accepted verifications only"
local-1786752837727815000,macmini-m2-macos26.5.2-rust1.97.1-aarch64-20260814-workers4,9d3ab807a08ef4cf1077dbc23213e2314ce37c87,MEASURED,1786752838389455000,load,aegis_bounded_verification_pool,ML-DSA-65,concurrent_verify_burst,workers4_concurrency8,512,85,0,832584,1856000,8732672,true,accepted=8;saturated=0;unexpected=0,8,8,0,0,3309,0,0,0,0,0,"controlled local burst; wall time includes scoped-thread creation, Aegis policy/transcript processing, bounded-pool admission, primitive verification, and joins; work_units counts accepted verifications only"
local-1786752837727815000,macmini-m2-macos26.5.2-rust1.97.1-aarch64-20260814-workers4,9d3ab807a08ef4cf1077dbc23213e2314ce37c87,MEASURED,1786752838392308000,load,aegis_bounded_verification_pool,ML-DSA-65,concurrent_verify_burst,workers4_concurrency8,512,86,0,807708,1859000,8732672,true,accepted=8;saturated=0;unexpected=0,8,8,0,0,3309,0,0,0,0,0,"controlled local burst; wall time includes scoped-thread creation, Aegis policy/transcript processing, bounded-pool admission, primitive verification, and joins; work_units counts accepted verifications only"
local-1786752837727815000,macmini-m2-macos26.5.2-rust1.97.1-aarch64-20260814-workers4,9d3ab807a08ef4cf1077dbc23213e2314ce37c87,MEASURED,1786752838395648000,load,aegis_bounded_verification_pool,ML-DSA-65,concurrent_verify_burst,workers4_concurrency8,512,87,0,887542,2086000,8732672,true,accepted=8;saturated=0;unexpected=0,8,8,0,0,3309,0,0,0,0,0,"controlled local burst; wall time includes scoped-thread creation, Aegis policy/transcript processing, bounded-pool admission, primitive verification, and joins; work_units counts accepted verifications only"
local-1786752837727815000,macmini-m2-macos26.5.2-rust1.97.1-aarch64-20260814-workers4,9d3ab807a08ef4cf1077dbc23213e2314ce37c87,MEASURED,1786752838398853000,load,aegis_bounded_verification_pool,ML-DSA-65,concurrent_verify_burst,workers4_concurrency8,512,88,0,908541,1940000,8732672,true,accepted=8;saturated=0;unexpected=0,8,8,0,0,3309,0,0,0,0,0,"controlled local burst; wall time includes scoped-thread creation, Aegis policy/transcript processing, bounded-pool admission, primitive verification, and joins; work_units counts accepted verifications only"
local-1786752837727815000,macmini-m2-macos26.5.2-rust1.97.1-aarch64-20260814-workers4,9d3ab807a08ef4cf1077dbc23213e2314ce37c87,MEASURED,1786752838402334000,load,aegis_bounded_verification_pool,ML-DSA-65,concurrent_verify_burst,workers4_concurrency8,512,89,0,924792,1828000,8732672,true,accepted=8;saturated=0;unexpected=0,8,8,0,0,3309,0,0,0,0,0,"controlled local burst; wall time includes scoped-thread creation, Aegis policy/transcript processing, bounded-pool admission, primitive verification, and joins; work_units counts accepted verifications only"
local-1786752837727815000,macmini-m2-macos26.5.2-rust1.97.1-aarch64-20260814-workers4,9d3ab807a08ef4cf1077dbc23213e2314ce37c87,MEASURED,1786752838407014000,load,aegis_bounded_verification_pool,ML-DSA-65,concurrent_verify_burst,workers4_concurrency8,512,90,0,968958,2214000,8732672,true,accepted=8;saturated=0;unexpected=0,8,8,0,0,3309,0,0,0,0,0,"controlled local burst; wall time includes scoped-thread creation, Aegis policy/transcript processing, bounded-pool admission, primitive verification, and joins; work_units counts accepted verifications only"
local-1786752837727815000,macmini-m2-macos26.5.2-rust1.97.1-aarch64-20260814-workers4,9d3ab807a08ef4cf1077dbc23213e2314ce37c87,MEASURED,1786752838410769000,load,aegis_bounded_verification_pool,ML-DSA-65,concurrent_verify_burst,workers4_concurrency8,512,91,0,883917,1772000,8732672,true,accepted=8;saturated=0;unexpected=0,8,8,0,0,3309,0,0,0,0,0,"controlled local burst; wall time includes scoped-thread creation, Aegis policy/transcript processing, bounded-pool admission, primitive verification, and joins; work_units counts accepted verifications only"
local-1786752837727815000,macmini-m2-macos26.5.2-rust1.97.1-aarch64-20260814-workers4,9d3ab807a08ef4cf1077dbc23213e2314ce37c87,MEASURED,1786752838415153000,load,aegis_bounded_verification_pool,ML-DSA-65,concurrent_verify_burst,workers4_concurrency8,512,92,0,860959,2203000,8732672,true,accepted=8;saturated=0;unexpected=0,8,8,0,0,3309,0,0,0,0,0,"controlled local burst; wall time includes scoped-thread creation, Aegis policy/transcript processing, bounded-pool admission, primitive verification, and joins; work_units counts accepted verifications only"
local-1786752837727815000,macmini-m2-macos26.5.2-rust1.97.1-aarch64-20260814-workers4,9d3ab807a08ef4cf1077dbc23213e2314ce37c87,MEASURED,1786752838418817000,load,aegis_bounded_verification_pool,ML-DSA-65,concurrent_verify_burst,workers4_concurrency8,512,93,0,838667,1895000,8732672,true,accepted=8;saturated=0;unexpected=0,8,8,0,0,3309,0,0,0,0,0,"controlled local burst; wall time includes scoped-thread creation, Aegis policy/transcript processing, bounded-pool admission, primitive verification, and joins; work_units counts accepted verifications only"
local-1786752837727815000,macmini-m2-macos26.5.2-rust1.97.1-aarch64-20260814-workers4,9d3ab807a08ef4cf1077dbc23213e2314ce37c87,MEASURED,1786752838422316000,load,aegis_bounded_verification_pool,ML-DSA-65,concurrent_verify_burst,workers4_concurrency8,512,94,0,835458,1921000,8732672,true,accepted=8;saturated=0;unexpected=0,8,8,0,0,3309,0,0,0,0,0,"controlled local burst; wall time includes scoped-thread creation, Aegis policy/transcript processing, bounded-pool admission, primitive verification, and joins; work_units counts accepted verifications only"
local-1786752837727815000,macmini-m2-macos26.5.2-rust1.97.1-aarch64-20260814-workers4,9d3ab807a08ef4cf1077dbc23213e2314ce37c87,MEASURED,1786752838425620000,load,aegis_bounded_verification_pool,ML-DSA-65,concurrent_verify_burst,workers4_concurrency8,512,95,0,844458,1864000,8732672,true,accepted=8;saturated=0;unexpected=0,8,8,0,0,3309,0,0,0,0,0,"controlled local burst; wall time includes scoped-thread creation, Aegis policy/transcript processing, bounded-pool admission, primitive verification, and joins; work_units counts accepted verifications only"
local-1786752837727815000,macmini-m2-macos26.5.2-rust1.97.1-aarch64-20260814-workers4,9d3ab807a08ef4cf1077dbc23213e2314ce37c87,MEASURED,1786752838429349000,load,aegis_bounded_verification_pool,ML-DSA-65,concurrent_verify_burst,workers4_concurrency8,512,96,0,914042,2103000,8732672,true,accepted=8;saturated=0;unexpected=0,8,8,0,0,3309,0,0,0,0,0,"controlled local burst; wall time includes scoped-thread creation, Aegis policy/transcript processing, bounded-pool admission, primitive verification, and joins; work_units counts accepted verifications only"
local-1786752837727815000,macmini-m2-macos26.5.2-rust1.97.1-aarch64-20260814-workers4,9d3ab807a08ef4cf1077dbc23213e2314ce37c87,MEASURED,1786752838432763000,load,aegis_bounded_verification_pool,ML-DSA-65,concurrent_verify_burst,workers4_concurrency8,512,97,0,855500,1895000,8732672,true,accepted=8;saturated=0;unexpected=0,8,8,0,0,3309,0,0,0,0,0,"controlled local burst; wall time includes scoped-thread creation, Aegis policy/transcript processing, bounded-pool admission, primitive verification, and joins; work_units counts accepted verifications only"
local-1786752837727815000,macmini-m2-macos26.5.2-rust1.97.1-aarch64-20260814-workers4,9d3ab807a08ef4cf1077dbc23213e2314ce37c87,MEASURED,1786752838435682000,load,aegis_bounded_verification_pool,ML-DSA-65,concurrent_verify_burst,workers4_concurrency8,512,98,0,847709,2094000,8732672,true,accepted=8;saturated=0;unexpected=0,8,8,0,0,3309,0,0,0,0,0,"controlled local burst; wall time includes scoped-thread creation, Aegis policy/transcript processing, bounded-pool admission, primitive verification, and joins; work_units counts accepted verifications only"
local-1786752837727815000,macmini-m2-macos26.5.2-rust1.97.1-aarch64-20260814-workers4,9d3ab807a08ef4cf1077dbc23213e2314ce37c87,MEASURED,1786752838439491000,load,aegis_bounded_verification_pool,ML-DSA-65,concurrent_verify_burst,workers4_concurrency8,512,99,0,885958,1928000,8749056,true,accepted=8;saturated=0;unexpected=0,8,8,0,0,3309,0,0,0,0,0,"controlled local burst; wall time includes scoped-thread creation, Aegis policy/transcript processing, bounded-pool admission, primitive verification, and joins; work_units counts accepted verifications only"
local-1786752837727815000,macmini-m2-macos26.5.2-rust1.97.1-aarch64-20260814-workers4,9d3ab807a08ef4cf1077dbc23213e2314ce37c87,MEASURED,1786752838446430000,load,aegis_bounded_verification_pool,ML-DSA-65,concurrent_verify_burst,workers4_concurrency16,512,0,0,1711167,4037000,9043968,true,accepted=16;saturated=0;unexpected=0,16,16,0,0,3309,0,0,0,0,0,"controlled local burst; wall time includes scoped-thread creation, Aegis policy/transcript processing, bounded-pool admission, primitive verification, and joins; work_units counts accepted verifications only"
local-1786752837727815000,macmini-m2-macos26.5.2-rust1.97.1-aarch64-20260814-workers4,9d3ab807a08ef4cf1077dbc23213e2314ce37c87,MEASURED,1786752838453260000,load,aegis_bounded_verification_pool,ML-DSA-65,concurrent_verify_burst,workers4_concurrency16,512,1,0,1669750,3928000,9043968,true,accepted=16;saturated=0;unexpected=0,16,16,0,0,3309,0,0,0,0,0,"controlled local burst; wall time includes scoped-thread creation, Aegis policy/transcript processing, bounded-pool admission, primitive verification, and joins; work_units counts accepted verifications only"
local-1786752837727815000,macmini-m2-macos26.5.2-rust1.97.1-aarch64-20260814-workers4,9d3ab807a08ef4cf1077dbc23213e2314ce37c87,MEASURED,1786752838461377000,load,aegis_bounded_verification_pool,ML-DSA-65,concurrent_verify_burst,workers4_concurrency16,512,2,0,1757459,4014000,9060352,true,accepted=16;saturated=0;unexpected=0,16,16,0,0,3309,0,0,0,0,0,"controlled local burst; wall time includes scoped-thread creation, Aegis policy/transcript processing, bounded-pool admission, primitive verification, and joins; work_units counts accepted verifications only"
local-1786752837727815000,macmini-m2-macos26.5.2-rust1.97.1-aarch64-20260814-workers4,9d3ab807a08ef4cf1077dbc23213e2314ce37c87,MEASURED,1786752838467572000,load,aegis_bounded_verification_pool,ML-DSA-65,concurrent_verify_burst,workers4_concurrency16,512,3,0,1690250,3944000,9060352,true,accepted=16;saturated=0;unexpected=0,16,16,0,0,3309,0,0,0,0,0,"controlled local burst; wall time includes scoped-thread creation, Aegis policy/transcript processing, bounded-pool admission, primitive verification, and joins; work_units counts accepted verifications only"
local-1786752837727815000,macmini-m2-macos26.5.2-rust1.97.1-aarch64-20260814-workers4,9d3ab807a08ef4cf1077dbc23213e2314ce37c87,MEASURED,1786752838474592000,load,aegis_bounded_verification_pool,ML-DSA-65,concurrent_verify_burst,workers4_concurrency16,512,4,0,1702791,3913000,9060352,true,accepted=16;saturated=0;unexpected=0,16,16,0,0,3309,0,0,0,0,0,"controlled local burst; wall time includes scoped-thread creation, Aegis policy/transcript processing, bounded-pool admission, primitive verification, and joins; work_units counts accepted verifications only"
local-1786752837727815000,macmini-m2-macos26.5.2-rust1.97.1-aarch64-20260814-workers4,9d3ab807a08ef4cf1077dbc23213e2314ce37c87,MEASURED,1786752838483615000,load,aegis_bounded_verification_pool,ML-DSA-65,concurrent_verify_burst,workers4_concurrency16,512,5,0,1891000,4048000,9076736,true,accepted=16;saturated=0;unexpected=0,16,16,0,0,3309,0,0,0,0,0,"controlled local burst; wall time includes scoped-thread creation, Aegis policy/transcript processing, bounded-pool admission, primitive verification, and joins; work_units counts accepted verifications only"
local-1786752837727815000,macmini-m2-macos26.5.2-rust1.97.1-aarch64-20260814-workers4,9d3ab807a08ef4cf1077dbc23213e2314ce37c87,MEASURED,1786752838492511000,load,aegis_bounded_verification_pool,ML-DSA-65,concurrent_verify_burst,workers4_concurrency16,512,6,0,1830584,4365000,9093120,true,accepted=16;saturated=0;unexpected=0,16,16,0,0,3309,0,0,0,0,0,"controlled local burst; wall time includes scoped-thread creation, Aegis policy/transcript processing, bounded-pool admission, primitive verification, and joins; work_units counts accepted verifications only"
local-1786752837727815000,macmini-m2-macos26.5.2-rust1.97.1-aarch64-20260814-workers4,9d3ab807a08ef4cf1077dbc23213e2314ce37c87,MEASURED,1786752838499764000,load,aegis_bounded_verification_pool,ML-DSA-65,concurrent_verify_burst,workers4_concurrency16,512,7,0,1883708,4624000,9093120,true,accepted=16;saturated=0;unexpected=0,16,16,0,0,3309,0,0,0,0,0,"controlled local burst; wall time includes scoped-thread creation, Aegis policy/transcript processing, bounded-pool admission, primitive verification, and joins; work_units counts accepted verifications only"
local-1786752837727815000,macmini-m2-macos26.5.2-rust1.97.1-aarch64-20260814-workers4,9d3ab807a08ef4cf1077dbc23213e2314ce37c87,MEASURED,1786752838506992000,load,aegis_bounded_verification_pool,ML-DSA-65,concurrent_verify_burst,workers4_concurrency16,512,8,0,1821708,4232000,9109504,true,accepted=16;saturated=0;unexpected=0,16,16,0,0,3309,0,0,0,0,0,"controlled local burst; wall time includes scoped-thread creation, Aegis policy/transcript processing, bounded-pool admission, primitive verification, and joins; work_units counts accepted verifications only"
local-1786752837727815000,macmini-m2-macos26.5.2-rust1.97.1-aarch64-20260814-workers4,9d3ab807a08ef4cf1077dbc23213e2314ce37c87,MEASURED,1786752838515315000,load,aegis_bounded_verification_pool,ML-DSA-65,concurrent_verify_burst,workers4_concurrency16,512,9,0,1758333,3968000,9125888,true,accepted=16;saturated=0;unexpected=0,16,16,0,0,3309,0,0,0,0,0,"controlled local burst; wall time includes scoped-thread creation, Aegis policy/transcript processing, bounded-pool admission, primitive verification, and joins; work_units counts accepted verifications only"
local-1786752837727815000,macmini-m2-macos26.5.2-rust1.97.1-aarch64-20260814-workers4,9d3ab807a08ef4cf1077dbc23213e2314ce37c87,MEASURED,1786752838522486000,load,aegis_bounded_verification_pool,ML-DSA-65,concurrent_verify_burst,workers4_concurrency16,512,10,0,1794167,4017000,9142272,true,accepted=16;saturated=0;unexpected=0,16,16,0,0,3309,0,0,0,0,0,"controlled local burst; wall time includes scoped-thread creation, Aegis policy/transcript processing, bounded-pool admission, primitive verification, and joins; work_units counts accepted verifications only"
local-1786752837727815000,macmini-m2-macos26.5.2-rust1.97.1-aarch64-20260814-workers4,9d3ab807a08ef4cf1077dbc23213e2314ce37c87,MEASURED,1786752838530452000,load,aegis_bounded_verification_pool,ML-DSA-65,concurrent_verify_burst,workers4_concurrency16,512,11,0,1856250,4112000,9158656,true,accepted=16;saturated=0;unexpected=0,16,16,0,0,3309,0,0,0,0,0,"controlled local burst; wall time includes scoped-thread creation, Aegis policy/transcript processing, bounded-pool admission, primitive verification, and joins; work_units counts accepted verifications only"
local-1786752837727815000,macmini-m2-macos26.5.2-rust1.97.1-aarch64-20260814-workers4,9d3ab807a08ef4cf1077dbc23213e2314ce37c87,MEASURED,1786752838537434000,load,aegis_bounded_verification_pool,ML-DSA-65,concurrent_verify_burst,workers4_concurrency16,512,12,0,1942625,4146000,9207808,true,accepted=16;saturated=0;unexpected=0,16,16,0,0,3309,0,0,0,0,0,"controlled local burst; wall time includes scoped-thread creation, Aegis policy/transcript processing, bounded-pool admission, primitive verification, and joins; work_units counts accepted verifications only"
local-1786752837727815000,macmini-m2-macos26.5.2-rust1.97.1-aarch64-20260814-workers4,9d3ab807a08ef4cf1077dbc23213e2314ce37c87,MEASURED,1786752838544797000,load,aegis_bounded_verification_pool,ML-DSA-65,concurrent_verify_burst,workers4_concurrency16,512,13,0,1909083,4099000,9207808,true,accepted=16;saturated=0;unexpected=0,16,16,0,0,3309,0,0,0,0,0,"controlled local burst; wall time includes scoped-thread creation, Aegis policy/transcript processing, bounded-pool admission, primitive verification, and joins; work_units counts accepted verifications only"
local-1786752837727815000,macmini-m2-macos26.5.2-rust1.97.1-aarch64-20260814-workers4,9d3ab807a08ef4cf1077dbc23213e2314ce37c87,MEASURED,1786752838553434000,load,aegis_bounded_verification_pool,ML-DSA-65,concurrent_verify_burst,workers4_concurrency16,512,14,0,2066792,4306000,9224192,true,accepted=16;saturated=0;unexpected=0,16,16,0,0,3309,0,0,0,0,0,"controlled local burst; wall time includes scoped-thread creation, Aegis policy/transcript processing, bounded-pool admission, primitive verification, and joins; work_units counts accepted verifications only"
local-1786752837727815000,macmini-m2-macos26.5.2-rust1.97.1-aarch64-20260814-workers4,9d3ab807a08ef4cf1077dbc23213e2314ce37c87,MEASURED,1786752838562110000,load,aegis_bounded_verification_pool,ML-DSA-65,concurrent_verify_burst,workers4_concurrency16,512,15,0,1868625,4276000,9224192,true,accepted=16;saturated=0;unexpected=0,16,16,0,0,3309,0,0,0,0,0,"controlled local burst; wall time includes scoped-thread creation, Aegis policy/transcript processing, bounded-pool admission, primitive verification, and joins; work_units counts accepted verifications only"
local-1786752837727815000,macmini-m2-macos26.5.2-rust1.97.1-aarch64-20260814-workers4,9d3ab807a08ef4cf1077dbc23213e2314ce37c87,MEASURED,1786752838570882000,load,aegis_bounded_verification_pool,ML-DSA-65,concurrent_verify_burst,workers4_concurrency16,512,16,0,1905834,4120000,9224192,true,accepted=16;saturated=0;unexpected=0,16,16,0,0,3309,0,0,0,0,0,"controlled local burst; wall time includes scoped-thread creation, Aegis policy/transcript processing, bounded-pool admission, primitive verification, and joins; work_units counts accepted verifications only"
local-1786752837727815000,macmini-m2-macos26.5.2-rust1.97.1-aarch64-20260814-workers4,9d3ab807a08ef4cf1077dbc23213e2314ce37c87,MEASURED,1786752838579026000,load,aegis_bounded_verification_pool,ML-DSA-65,concurrent_verify_burst,workers4_concurrency16,512,17,0,1952500,4087000,9224192,true,accepted=16;saturated=0;unexpected=0,16,16,0,0,3309,0,0,0,0,0,"controlled local burst; wall time includes scoped-thread creation, Aegis policy/transcript processing, bounded-pool admission, primitive verification, and joins; work_units counts accepted verifications only"
local-1786752837727815000,macmini-m2-macos26.5.2-rust1.97.1-aarch64-20260814-workers4,9d3ab807a08ef4cf1077dbc23213e2314ce37c87,MEASURED,1786752838586491000,load,aegis_bounded_verification_pool,ML-DSA-65,concurrent_verify_burst,workers4_concurrency16,512,18,0,1938667,4200000,9224192,true,accepted=16;saturated=0;unexpected=0,16,16,0,0,3309,0,0,0,0,0,"controlled local burst; wall time includes scoped-thread creation, Aegis policy/transcript processing, bounded-pool admission, primitive verification, and joins; work_units counts accepted verifications only"
local-1786752837727815000,macmini-m2-macos26.5.2-rust1.97.1-aarch64-20260814-workers4,9d3ab807a08ef4cf1077dbc23213e2314ce37c87,MEASURED,1786752838594189000,load,aegis_bounded_verification_pool,ML-DSA-65,concurrent_verify_burst,workers4_concurrency16,512,19,0,2090958,4295000,9224192,true,accepted=16;saturated=0;unexpected=0,16,16,0,0,3309,0,0,0,0,0,"controlled local burst; wall time includes scoped-thread creation, Aegis policy/transcript processing, bounded-pool admission, primitive verification, and joins; work_units counts accepted verifications only"
local-1786752837727815000,macmini-m2-macos26.5.2-rust1.97.1-aarch64-20260814-workers4,9d3ab807a08ef4cf1077dbc23213e2314ce37c87,MEASURED,1786752838602011000,load,aegis_bounded_verification_pool,ML-DSA-65,concurrent_verify_burst,workers4_concurrency16,512,20,0,2126542,4387000,9224192,true,accepted=16;saturated=0;unexpected=0,16,16,0,0,3309,0,0,0,0,0,"controlled local burst; wall time includes scoped-thread creation, Aegis policy/transcript processing, bounded-pool admission, primitive verification, and joins; work_units counts accepted verifications only"
local-1786752837727815000,macmini-m2-macos26.5.2-rust1.97.1-aarch64-20260814-workers4,9d3ab807a08ef4cf1077dbc23213e2314ce37c87,MEASURED,1786752838609620000,load,aegis_bounded_verification_pool,ML-DSA-65,concurrent_verify_burst,workers4_concurrency16,512,21,0,2125750,4689000,9224192,true,accepted=16;saturated=0;unexpected=0,16,16,0,0,3309,0,0,0,0,0,"controlled local burst; wall time includes scoped-thread creation, Aegis policy/transcript processing, bounded-pool admission, primitive verification, and joins; work_units counts accepted verifications only"
local-1786752837727815000,macmini-m2-macos26.5.2-rust1.97.1-aarch64-20260814-workers4,9d3ab807a08ef4cf1077dbc23213e2314ce37c87,MEASURED,1786752838616983000,load,aegis_bounded_verification_pool,ML-DSA-65,concurrent_verify_burst,workers4_concurrency16,512,22,0,2173875,4416000,9224192,true,accepted=16;saturated=0;unexpected=0,16,16,0,0,3309,0,0,0,0,0,"controlled local burst; wall time includes scoped-thread creation, Aegis policy/transcript processing, bounded-pool admission, primitive verification, and joins; work_units counts accepted verifications only"
local-1786752837727815000,macmini-m2-macos26.5.2-rust1.97.1-aarch64-20260814-workers4,9d3ab807a08ef4cf1077dbc23213e2314ce37c87,MEASURED,1786752838625634000,load,aegis_bounded_verification_pool,ML-DSA-65,concurrent_verify_burst,workers4_concurrency16,512,23,0,2093417,4423000,9240576,true,accepted=16;saturated=0;unexpected=0,16,16,0,0,3309,0,0,0,0,0,"controlled local burst; wall time includes scoped-thread creation, Aegis policy/transcript processing, bounded-pool admission, primitive verification, and joins; work_units counts accepted verifications only"
local-1786752837727815000,macmini-m2-macos26.5.2-rust1.97.1-aarch64-20260814-workers4,9d3ab807a08ef4cf1077dbc23213e2314ce37c87,MEASURED,1786752838635580000,load,aegis_bounded_verification_pool,ML-DSA-65,concurrent_verify_burst,workers4_concurrency16,512,24,0,2127333,4320000,9240576,true,accepted=16;saturated=0;unexpected=0,16,16,0,0,3309,0,0,0,0,0,"controlled local burst; wall time includes scoped-thread creation, Aegis policy/transcript processing, bounded-pool admission, primitive verification, and joins; work_units counts accepted verifications only"
local-1786752837727815000,macmini-m2-macos26.5.2-rust1.97.1-aarch64-20260814-workers4,9d3ab807a08ef4cf1077dbc23213e2314ce37c87,MEASURED,1786752838643634000,load,aegis_bounded_verification_pool,ML-DSA-65,concurrent_verify_burst,workers4_concurrency16,512,25,0,2235334,4522000,9240576,true,accepted=16;saturated=0;unexpected=0,16,16,0,0,3309,0,0,0,0,0,"controlled local burst; wall time includes scoped-thread creation, Aegis policy/transcript processing, bounded-pool admission, primitive verification, and joins; work_units counts accepted verifications only"
local-1786752837727815000,macmini-m2-macos26.5.2-rust1.97.1-aarch64-20260814-workers4,9d3ab807a08ef4cf1077dbc23213e2314ce37c87,MEASURED,1786752838650678000,load,aegis_bounded_verification_pool,ML-DSA-65,concurrent_verify_burst,workers4_concurrency16,512,26,0,2184667,4451000,9240576,true,accepted=16;saturated=0;unexpected=0,16,16,0,0,3309,0,0,0,0,0,"controlled local burst; wall time includes scoped-thread creation, Aegis policy/transcript processing, bounded-pool admission, primitive verification, and joins; work_units counts accepted verifications only"
local-1786752837727815000,macmini-m2-macos26.5.2-rust1.97.1-aarch64-20260814-workers4,9d3ab807a08ef4cf1077dbc23213e2314ce37c87,MEASURED,1786752838658397000,load,aegis_bounded_verification_pool,ML-DSA-65,concurrent_verify_burst,workers4_concurrency16,512,27,0,2145833,4699000,9240576,true,accepted=16;saturated=0;unexpected=0,16,16,0,0,3309,0,0,0,0,0,"controlled local burst; wall time includes scoped-thread creation, Aegis policy/transcript processing, bounded-pool admission, primitive verification, and joins; work_units counts accepted verifications only"
local-1786752837727815000,macmini-m2-macos26.5.2-rust1.97.1-aarch64-20260814-workers4,9d3ab807a08ef4cf1077dbc23213e2314ce37c87,MEASURED,1786752838667298000,load,aegis_bounded_verification_pool,ML-DSA-65,concurrent_verify_burst,workers4_concurrency16,512,28,0,2166583,4648000,9240576,true,accepted=16;saturated=0;unexpected=0,16,16,0,0,3309,0,0,0,0,0,"controlled local burst; wall time includes scoped-thread creation, Aegis policy/transcript processing, bounded-pool admission, primitive verification, and joins; work_units counts accepted verifications only"
local-1786752837727815000,macmini-m2-macos26.5.2-rust1.97.1-aarch64-20260814-workers4,9d3ab807a08ef4cf1077dbc23213e2314ce37c87,MEASURED,1786752838674805000,load,aegis_bounded_verification_pool,ML-DSA-65,concurrent_verify_burst,workers4_concurrency16,512,29,0,2115375,4655000,9240576,true,accepted=16;saturated=0;unexpected=0,16,16,0,0,3309,0,0,0,0,0,"controlled local burst; wall time includes scoped-thread creation, Aegis policy/transcript processing, bounded-pool admission, primitive verification, and joins; work_units counts accepted verifications only"
local-1786752837727815000,macmini-m2-macos26.5.2-rust1.97.1-aarch64-20260814-workers4,9d3ab807a08ef4cf1077dbc23213e2314ce37c87,MEASURED,1786752838681187000,load,aegis_bounded_verification_pool,ML-DSA-65,concurrent_verify_burst,workers4_concurrency16,512,30,0,2161083,4751000,9240576,true,accepted=16;saturated=0;unexpected=0,16,16,0,0,3309,0,0,0,0,0,"controlled local burst; wall time includes scoped-thread creation, Aegis policy/transcript processing, bounded-pool admission, primitive verification, and joins; work_units counts accepted verifications only"
local-1786752837727815000,macmini-m2-macos26.5.2-rust1.97.1-aarch64-20260814-workers4,9d3ab807a08ef4cf1077dbc23213e2314ce37c87,MEASURED,1786752838687413000,load,aegis_bounded_verification_pool,ML-DSA-65,concurrent_verify_burst,workers4_concurrency16,512,31,0,2119083,4614000,9240576,true,accepted=16;saturated=0;unexpected=0,16,16,0,0,3309,0,0,0,0,0,"controlled local burst; wall time includes scoped-thread creation, Aegis policy/transcript processing, bounded-pool admission, primitive verification, and joins; work_units counts accepted verifications only"
local-1786752837727815000,macmini-m2-macos26.5.2-rust1.97.1-aarch64-20260814-workers4,9d3ab807a08ef4cf1077dbc23213e2314ce37c87,MEASURED,1786752838696031000,load,aegis_bounded_verification_pool,ML-DSA-65,concurrent_verify_burst,workers4_concurrency16,512,32,0,2192500,4359000,9240576,true,accepted=16;saturated=0;unexpected=0,16,16,0,0,3309,0,0,0,0,0,"controlled local burst; wall time includes scoped-thread creation, Aegis policy/transcript processing, bounded-pool admission, primitive verification, and joins; work_units counts accepted verifications only"
local-1786752837727815000,macmini-m2-macos26.5.2-rust1.97.1-aarch64-20260814-workers4,9d3ab807a08ef4cf1077dbc23213e2314ce37c87,MEASURED,1786752838703936000,load,aegis_bounded_verification_pool,ML-DSA-65,concurrent_verify_burst,workers4_concurrency16,512,33,0,2174042,4348000,9240576,true,accepted=16;saturated=0;unexpected=0,16,16,0,0,3309,0,0,0,0,0,"controlled local burst; wall time includes scoped-thread creation, Aegis policy/transcript processing, bounded-pool admission, primitive verification, and joins; work_units counts accepted verifications only"
local-1786752837727815000,macmini-m2-macos26.5.2-rust1.97.1-aarch64-20260814-workers4,9d3ab807a08ef4cf1077dbc23213e2314ce37c87,MEASURED,1786752838711714000,load,aegis_bounded_verification_pool,ML-DSA-65,concurrent_verify_burst,workers4_concurrency16,512,34,0,2165292,4355000,9256960,true,accepted=16;saturated=0;unexpected=0,16,16,0,0,3309,0,0,0,0,0,"controlled local burst; wall time includes scoped-thread creation, Aegis policy/transcript processing, bounded-pool admission, primitive verification, and joins; work_units counts accepted verifications only"
local-1786752837727815000,macmini-m2-macos26.5.2-rust1.97.1-aarch64-20260814-workers4,9d3ab807a08ef4cf1077dbc23213e2314ce37c87,MEASURED,1786752838719911000,load,aegis_bounded_verification_pool,ML-DSA-65,concurrent_verify_burst,workers4_concurrency16,512,35,0,2271334,4469000,9273344,true,accepted=16;saturated=0;unexpected=0,16,16,0,0,3309,0,0,0,0,0,"controlled local burst; wall time includes scoped-thread creation, Aegis policy/transcript processing, bounded-pool admission, primitive verification, and joins; work_units counts accepted verifications only"
local-1786752837727815000,macmini-m2-macos26.5.2-rust1.97.1-aarch64-20260814-workers4,9d3ab807a08ef4cf1077dbc23213e2314ce37c87,MEASURED,1786752838727859000,load,aegis_bounded_verification_pool,ML-DSA-65,concurrent_verify_burst,workers4_concurrency16,512,36,0,2395583,5275000,9273344,true,accepted=16;saturated=0;unexpected=0,16,16,0,0,3309,0,0,0,0,0,"controlled local burst; wall time includes scoped-thread creation, Aegis policy/transcript processing, bounded-pool admission, primitive verification, and joins; work_units counts accepted verifications only"
local-1786752837727815000,macmini-m2-macos26.5.2-rust1.97.1-aarch64-20260814-workers4,9d3ab807a08ef4cf1077dbc23213e2314ce37c87,MEASURED,1786752838736354000,load,aegis_bounded_verification_pool,ML-DSA-65,concurrent_verify_burst,workers4_concurrency16,512,37,0,2233250,4729000,9273344,true,accepted=16;saturated=0;unexpected=0,16,16,0,0,3309,0,0,0,0,0,"controlled local burst; wall time includes scoped-thread creation, Aegis policy/transcript processing, bounded-pool admission, primitive verification, and joins; work_units counts accepted verifications only"
local-1786752837727815000,macmini-m2-macos26.5.2-rust1.97.1-aarch64-20260814-workers4,9d3ab807a08ef4cf1077dbc23213e2314ce37c87,MEASURED,1786752838743900000,load,aegis_bounded_verification_pool,ML-DSA-65,concurrent_verify_burst,workers4_concurrency16,512,38,0,2228250,4633000,9273344,true,accepted=16;saturated=0;unexpected=0,16,16,0,0,3309,0,0,0,0,0,"controlled local burst; wall time includes scoped-thread creation, Aegis policy/transcript processing, bounded-pool admission, primitive verification, and joins; work_units counts accepted verifications only"
local-1786752837727815000,macmini-m2-macos26.5.2-rust1.97.1-aarch64-20260814-workers4,9d3ab807a08ef4cf1077dbc23213e2314ce37c87,MEASURED,1786752838751417000,load,aegis_bounded_verification_pool,ML-DSA-65,concurrent_verify_burst,workers4_concurrency16,512,39,0,2286250,4686000,9289728,true,accepted=16;saturated=0;unexpected=0,16,16,0,0,3309,0,0,0,0,0,"controlled local burst; wall time includes scoped-thread creation, Aegis policy/transcript processing, bounded-pool admission, primitive verification, and joins; work_units counts accepted verifications only"
local-1786752837727815000,macmini-m2-macos26.5.2-rust1.97.1-aarch64-20260814-workers4,9d3ab807a08ef4cf1077dbc23213e2314ce37c87,MEASURED,1786752838759309000,load,aegis_bounded_verification_pool,ML-DSA-65,concurrent_verify_burst,workers4_concurrency16,512,40,0,2245917,4407000,9289728,true,accepted=16;saturated=0;unexpected=0,16,16,0,0,3309,0,0,0,0,0,"controlled local burst; wall time includes scoped-thread creation, Aegis policy/transcript processing, bounded-pool admission, primitive verification, and joins; work_units counts accepted verifications only"
local-1786752837727815000,macmini-m2-macos26.5.2-rust1.97.1-aarch64-20260814-workers4,9d3ab807a08ef4cf1077dbc23213e2314ce37c87,MEASURED,1786752838766672000,load,aegis_bounded_verification_pool,ML-DSA-65,concurrent_verify_burst,workers4_concurrency16,512,41,0,2280417,4538000,9289728,true,accepted=16;saturated=0;unexpected=0,16,16,0,0,3309,0,0,0,0,0,"controlled local burst; wall time includes scoped-thread creation, Aegis policy/transcript processing, bounded-pool admission, primitive verification, and joins; work_units counts accepted verifications only"
local-1786752837727815000,macmini-m2-macos26.5.2-rust1.97.1-aarch64-20260814-workers4,9d3ab807a08ef4cf1077dbc23213e2314ce37c87,MEASURED,1786752838774469000,load,aegis_bounded_verification_pool,ML-DSA-65,concurrent_verify_burst,workers4_concurrency16,512,42,0,2306416,4599000,9289728,true,accepted=16;saturated=0;unexpected=0,16,16,0,0,3309,0,0,0,0,0,"controlled local burst; wall time includes scoped-thread creation, Aegis policy/transcript processing, bounded-pool admission, primitive verification, and joins; work_units counts accepted verifications only"
local-1786752837727815000,macmini-m2-macos26.5.2-rust1.97.1-aarch64-20260814-workers4,9d3ab807a08ef4cf1077dbc23213e2314ce37c87,MEASURED,1786752838781923000,load,aegis_bounded_verification_pool,ML-DSA-65,concurrent_verify_burst,workers4_concurrency16,512,43,0,2374792,4647000,9289728,true,accepted=16;saturated=0;unexpected=0,16,16,0,0,3309,0,0,0,0,0,"controlled local burst; wall time includes scoped-thread creation, Aegis policy/transcript processing, bounded-pool admission, primitive verification, and joins; work_units counts accepted verifications only"
local-1786752837727815000,macmini-m2-macos26.5.2-rust1.97.1-aarch64-20260814-workers4,9d3ab807a08ef4cf1077dbc23213e2314ce37c87,MEASURED,1786752838790143000,load,aegis_bounded_verification_pool,ML-DSA-65,concurrent_verify_burst,workers4_concurrency16,512,44,0,2501458,4813000,9289728,true,accepted=16;saturated=0;unexpected=0,16,16,0,0,3309,0,0,0,0,0,"controlled local burst; wall time includes scoped-thread creation, Aegis policy/transcript processing, bounded-pool admission, primitive verification, and joins; work_units counts accepted verifications only"
local-1786752837727815000,macmini-m2-macos26.5.2-rust1.97.1-aarch64-20260814-workers4,9d3ab807a08ef4cf1077dbc23213e2314ce37c87,MEASURED,1786752838800119000,load,aegis_bounded_verification_pool,ML-DSA-65,concurrent_verify_burst,workers4_concurrency16,512,45,0,2407542,4735000,9289728,true,accepted=16;saturated=0;unexpected=0,16,16,0,0,3309,0,0,0,0,0,"controlled local burst; wall time includes scoped-thread creation, Aegis policy/transcript processing, bounded-pool admission, primitive verification, and joins; work_units counts accepted verifications only"
local-1786752837727815000,macmini-m2-macos26.5.2-rust1.97.1-aarch64-20260814-workers4,9d3ab807a08ef4cf1077dbc23213e2314ce37c87,MEASURED,1786752838807663000,load,aegis_bounded_verification_pool,ML-DSA-65,concurrent_verify_burst,workers4_concurrency16,512,46,0,2301042,4540000,9289728,true,accepted=16;saturated=0;unexpected=0,16,16,0,0,3309,0,0,0,0,0,"controlled local burst; wall time includes scoped-thread creation, Aegis policy/transcript processing, bounded-pool admission, primitive verification, and joins; work_units counts accepted verifications only"
local-1786752837727815000,macmini-m2-macos26.5.2-rust1.97.1-aarch64-20260814-workers4,9d3ab807a08ef4cf1077dbc23213e2314ce37c87,MEASURED,1786752838815196000,load,aegis_bounded_verification_pool,ML-DSA-65,concurrent_verify_burst,workers4_concurrency16,512,47,0,2333541,4557000,9289728,true,accepted=16;saturated=0;unexpected=0,16,16,0,0,3309,0,0,0,0,0,"controlled local burst; wall time includes scoped-thread creation, Aegis policy/transcript processing, bounded-pool admission, primitive verification, and joins; work_units counts accepted verifications only"
local-1786752837727815000,macmini-m2-macos26.5.2-rust1.97.1-aarch64-20260814-workers4,9d3ab807a08ef4cf1077dbc23213e2314ce37c87,MEASURED,1786752838823227000,load,aegis_bounded_verification_pool,ML-DSA-65,concurrent_verify_burst,workers4_concurrency16,512,48,0,2487208,4755000,9289728,true,accepted=16;saturated=0;unexpected=0,16,16,0,0,3309,0,0,0,0,0,"controlled local burst; wall time includes scoped-thread creation, Aegis policy/transcript processing, bounded-pool admission, primitive verification, and joins; work_units counts accepted verifications only"
local-1786752837727815000,macmini-m2-macos26.5.2-rust1.97.1-aarch64-20260814-workers4,9d3ab807a08ef4cf1077dbc23213e2314ce37c87,MEASURED,1786752838830696000,load,aegis_bounded_verification_pool,ML-DSA-65,concurrent_verify_burst,workers4_concurrency16,512,49,0,2466084,4601000,9289728,true,accepted=16;saturated=0;unexpected=0,16,16,0,0,3309,0,0,0,0,0,"controlled local burst; wall time includes scoped-thread creation, Aegis policy/transcript processing, bounded-pool admission, primitive verification, and joins; work_units counts accepted verifications only"
local-1786752837727815000,macmini-m2-macos26.5.2-rust1.97.1-aarch64-20260814-workers4,9d3ab807a08ef4cf1077dbc23213e2314ce37c87,MEASURED,1786752838837993000,load,aegis_bounded_verification_pool,ML-DSA-65,concurrent_verify_burst,workers4_concurrency16,512,50,0,2459000,4354000,9289728,true,accepted=16;saturated=0;unexpected=0,16,16,0,0,3309,0,0,0,0,0,"controlled local burst; wall time includes scoped-thread creation, Aegis policy/transcript processing, bounded-pool admission, primitive verification, and joins; work_units counts accepted verifications only"
local-1786752837727815000,macmini-m2-macos26.5.2-rust1.97.1-aarch64-20260814-workers4,9d3ab807a08ef4cf1077dbc23213e2314ce37c87,MEASURED,1786752838846400000,load,aegis_bounded_verification_pool,ML-DSA-65,concurrent_verify_burst,workers4_concurrency16,512,51,0,2448041,4700000,9289728,true,accepted=16;saturated=0;unexpected=0,16,16,0,0,3309,0,0,0,0,0,"controlled local burst; wall time includes scoped-thread creation, Aegis policy/transcript processing, bounded-pool admission, primitive verification, and joins; work_units counts accepted verifications only"
local-1786752837727815000,macmini-m2-macos26.5.2-rust1.97.1-aarch64-20260814-workers4,9d3ab807a08ef4cf1077dbc23213e2314ce37c87,MEASURED,1786752838854613000,load,aegis_bounded_verification_pool,ML-DSA-65,concurrent_verify_burst,workers4_concurrency16,512,52,0,2416833,4717000,9289728,true,accepted=16;saturated=0;unexpected=0,16,16,0,0,3309,0,0,0,0,0,"controlled local burst; wall time includes scoped-thread creation, Aegis policy/transcript processing, bounded-pool admission, primitive verification, and joins; work_units counts accepted verifications only"
local-1786752837727815000,macmini-m2-macos26.5.2-rust1.97.1-aarch64-20260814-workers4,9d3ab807a08ef4cf1077dbc23213e2314ce37c87,MEASURED,1786752838863931000,load,aegis_bounded_verification_pool,ML-DSA-65,concurrent_verify_burst,workers4_concurrency16,512,53,0,2409167,4633000,9306112,true,accepted=16;saturated=0;unexpected=0,16,16,0,0,3309,0,0,0,0,0,"controlled local burst; wall time includes scoped-thread creation, Aegis policy/transcript processing, bounded-pool admission, primitive verification, and joins; work_units counts accepted verifications only"
local-1786752837727815000,macmini-m2-macos26.5.2-rust1.97.1-aarch64-20260814-workers4,9d3ab807a08ef4cf1077dbc23213e2314ce37c87,MEASURED,1786752838872519000,load,aegis_bounded_verification_pool,ML-DSA-65,concurrent_verify_burst,workers4_concurrency16,512,54,0,2549750,4836000,9306112,true,accepted=16;saturated=0;unexpected=0,16,16,0,0,3309,0,0,0,0,0,"controlled local burst; wall time includes scoped-thread creation, Aegis policy/transcript processing, bounded-pool admission, primitive verification, and joins; work_units counts accepted verifications only"
local-1786752837727815000,macmini-m2-macos26.5.2-rust1.97.1-aarch64-20260814-workers4,9d3ab807a08ef4cf1077dbc23213e2314ce37c87,MEASURED,1786752838880880000,load,aegis_bounded_verification_pool,ML-DSA-65,concurrent_verify_burst,workers4_concurrency16,512,55,0,2506750,5306000,9306112,true,accepted=16;saturated=0;unexpected=0,16,16,0,0,3309,0,0,0,0,0,"controlled local burst; wall time includes scoped-thread creation, Aegis policy/transcript processing, bounded-pool admission, primitive verification, and joins; work_units counts accepted verifications only"
local-1786752837727815000,macmini-m2-macos26.5.2-rust1.97.1-aarch64-20260814-workers4,9d3ab807a08ef4cf1077dbc23213e2314ce37c87,MEASURED,1786752838888212000,load,aegis_bounded_verification_pool,ML-DSA-65,concurrent_verify_burst,workers4_concurrency16,512,56,0,2471459,5030000,9306112,true,accepted=16;saturated=0;unexpected=0,16,16,0,0,3309,0,0,0,0,0,"controlled local burst; wall time includes scoped-thread creation, Aegis policy/transcript processing, bounded-pool admission, primitive verification, and joins; work_units counts accepted verifications only"
local-1786752837727815000,macmini-m2-macos26.5.2-rust1.97.1-aarch64-20260814-workers4,9d3ab807a08ef4cf1077dbc23213e2314ce37c87,MEASURED,1786752838895779000,load,aegis_bounded_verification_pool,ML-DSA-65,concurrent_verify_burst,workers4_concurrency16,512,57,0,2537916,4902000,9306112,true,accepted=16;saturated=0;unexpected=0,16,16,0,0,3309,0,0,0,0,0,"controlled local burst; wall time includes scoped-thread creation, Aegis policy/transcript processing, bounded-pool admission, primitive verification, and joins; work_units counts accepted verifications only"
local-1786752837727815000,macmini-m2-macos26.5.2-rust1.97.1-aarch64-20260814-workers4,9d3ab807a08ef4cf1077dbc23213e2314ce37c87,MEASURED,1786752838903190000,load,aegis_bounded_verification_pool,ML-DSA-65,concurrent_verify_burst,workers4_concurrency16,512,58,0,2540334,5005000,9306112,true,accepted=16;saturated=0;unexpected=0,16,16,0,0,3309,0,0,0,0,0,"controlled local burst; wall time includes scoped-thread creation, Aegis policy/transcript processing, bounded-pool admission, primitive verification, and joins; work_units counts accepted verifications only"
local-1786752837727815000,macmini-m2-macos26.5.2-rust1.97.1-aarch64-20260814-workers4,9d3ab807a08ef4cf1077dbc23213e2314ce37c87,MEASURED,1786752838911552000,load,aegis_bounded_verification_pool,ML-DSA-65,concurrent_verify_burst,workers4_concurrency16,512,59,0,2588250,5028000,9306112,true,accepted=16;saturated=0;unexpected=0,16,16,0,0,3309,0,0,0,0,0,"controlled local burst; wall time includes scoped-thread creation, Aegis policy/transcript processing, bounded-pool admission, primitive verification, and joins; work_units counts accepted verifications only"
local-1786752837727815000,macmini-m2-macos26.5.2-rust1.97.1-aarch64-20260814-workers4,9d3ab807a08ef4cf1077dbc23213e2314ce37c87,MEASURED,1786752838919882000,load,aegis_bounded_verification_pool,ML-DSA-65,concurrent_verify_burst,workers4_concurrency16,512,60,0,2572708,4875000,9306112,true,accepted=16;saturated=0;unexpected=0,16,16,0,0,3309,0,0,0,0,0,"controlled local burst; wall time includes scoped-thread creation, Aegis policy/transcript processing, bounded-pool admission, primitive verification, and joins; work_units counts accepted verifications only"
local-1786752837727815000,macmini-m2-macos26.5.2-rust1.97.1-aarch64-20260814-workers4,9d3ab807a08ef4cf1077dbc23213e2314ce37c87,MEASURED,1786752838929546000,load,aegis_bounded_verification_pool,ML-DSA-65,concurrent_verify_burst,workers4_concurrency16,512,61,0,2672125,5225000,9306112,true,accepted=16;saturated=0;unexpected=0,16,16,0,0,3309,0,0,0,0,0,"controlled local burst; wall time includes scoped-thread creation, Aegis policy/transcript processing, bounded-pool admission, primitive verification, and joins; work_units counts accepted verifications only"
local-1786752837727815000,macmini-m2-macos26.5.2-rust1.97.1-aarch64-20260814-workers4,9d3ab807a08ef4cf1077dbc23213e2314ce37c87,MEASURED,1786752838938534000,load,aegis_bounded_verification_pool,ML-DSA-65,concurrent_verify_burst,workers4_concurrency16,512,62,0,2554167,4814000,9306112,true,accepted=16;saturated=0;unexpected=0,16,16,0,0,3309,0,0,0,0,0,"controlled local burst; wall time includes scoped-thread creation, Aegis policy/transcript processing, bounded-pool admission, primitive verification, and joins; work_units counts accepted verifications only"
local-1786752837727815000,macmini-m2-macos26.5.2-rust1.97.1-aarch64-20260814-workers4,9d3ab807a08ef4cf1077dbc23213e2314ce37c87,MEASURED,1786752838944901000,load,aegis_bounded_verification_pool,ML-DSA-65,concurrent_verify_burst,workers4_concurrency16,512,63,0,2601458,5142000,9306112,true,accepted=16;saturated=0;unexpected=0,16,16,0,0,3309,0,0,0,0,0,"controlled local burst; wall time includes scoped-thread creation, Aegis policy/transcript processing, bounded-pool admission, primitive verification, and joins; work_units counts accepted verifications only"
local-1786752837727815000,macmini-m2-macos26.5.2-rust1.97.1-aarch64-20260814-workers4,9d3ab807a08ef4cf1077dbc23213e2314ce37c87,MEASURED,1786752838953548000,load,aegis_bounded_verification_pool,ML-DSA-65,concurrent_verify_burst,workers4_concurrency16,512,64,0,2591500,4757000,9306112,true,accepted=16;saturated=0;unexpected=0,16,16,0,0,3309,0,0,0,0,0,"controlled local burst; wall time includes scoped-thread creation, Aegis policy/transcript processing, bounded-pool admission, primitive verification, and joins; work_units counts accepted verifications only"
local-1786752837727815000,macmini-m2-macos26.5.2-rust1.97.1-aarch64-20260814-workers4,9d3ab807a08ef4cf1077dbc23213e2314ce37c87,MEASURED,1786752838962548000,load,aegis_bounded_verification_pool,ML-DSA-65,concurrent_verify_burst,workers4_concurrency16,512,65,0,2680292,4768000,9306112,true,accepted=16;saturated=0;unexpected=0,16,16,0,0,3309,0,0,0,0,0,"controlled local burst; wall time includes scoped-thread creation, Aegis policy/transcript processing, bounded-pool admission, primitive verification, and joins; work_units counts accepted verifications only"
local-1786752837727815000,macmini-m2-macos26.5.2-rust1.97.1-aarch64-20260814-workers4,9d3ab807a08ef4cf1077dbc23213e2314ce37c87,MEASURED,1786752838971144000,load,aegis_bounded_verification_pool,ML-DSA-65,concurrent_verify_burst,workers4_concurrency16,512,66,0,2621209,5349000,9306112,true,accepted=16;saturated=0;unexpected=0,16,16,0,0,3309,0,0,0,0,0,"controlled local burst; wall time includes scoped-thread creation, Aegis policy/transcript processing, bounded-pool admission, primitive verification, and joins; work_units counts accepted verifications only"
local-1786752837727815000,macmini-m2-macos26.5.2-rust1.97.1-aarch64-20260814-workers4,9d3ab807a08ef4cf1077dbc23213e2314ce37c87,MEASURED,1786752838979140000,load,aegis_bounded_verification_pool,ML-DSA-65,concurrent_verify_burst,workers4_concurrency16,512,67,0,2705000,4941000,9338880,true,accepted=16;saturated=0;unexpected=0,16,16,0,0,3309,0,0,0,0,0,"controlled local burst; wall time includes scoped-thread creation, Aegis policy/transcript processing, bounded-pool admission, primitive verification, and joins; work_units counts accepted verifications only"
local-1786752837727815000,macmini-m2-macos26.5.2-rust1.97.1-aarch64-20260814-workers4,9d3ab807a08ef4cf1077dbc23213e2314ce37c87,MEASURED,1786752838988069000,load,aegis_bounded_verification_pool,ML-DSA-65,concurrent_verify_burst,workers4_concurrency16,512,68,0,2665709,5117000,9338880,true,accepted=16;saturated=0;unexpected=0,16,16,0,0,3309,0,0,0,0,0,"controlled local burst; wall time includes scoped-thread creation, Aegis policy/transcript processing, bounded-pool admission, primitive verification, and joins; work_units counts accepted verifications only"
local-1786752837727815000,macmini-m2-macos26.5.2-rust1.97.1-aarch64-20260814-workers4,9d3ab807a08ef4cf1077dbc23213e2314ce37c87,MEASURED,1786752838996158000,load,aegis_bounded_verification_pool,ML-DSA-65,concurrent_verify_burst,workers4_concurrency16,512,69,0,2691417,4916000,9338880,true,accepted=16;saturated=0;unexpected=0,16,16,0,0,3309,0,0,0,0,0,"controlled local burst; wall time includes scoped-thread creation, Aegis policy/transcript processing, bounded-pool admission, primitive verification, and joins; work_units counts accepted verifications only"
local-1786752837727815000,macmini-m2-macos26.5.2-rust1.97.1-aarch64-20260814-workers4,9d3ab807a08ef4cf1077dbc23213e2314ce37c87,MEASURED,1786752839004391000,load,aegis_bounded_verification_pool,ML-DSA-65,concurrent_verify_burst,workers4_concurrency16,512,70,0,2805708,4883000,9338880,true,accepted=16;saturated=0;unexpected=0,16,16,0,0,3309,0,0,0,0,0,"controlled local burst; wall time includes scoped-thread creation, Aegis policy/transcript processing, bounded-pool admission, primitive verification, and joins; work_units counts accepted verifications only"
local-1786752837727815000,macmini-m2-macos26.5.2-rust1.97.1-aarch64-20260814-workers4,9d3ab807a08ef4cf1077dbc23213e2314ce37c87,MEASURED,1786752839012452000,load,aegis_bounded_verification_pool,ML-DSA-65,concurrent_verify_burst,workers4_concurrency16,512,71,0,2843583,5257000,9338880,true,accepted=16;saturated=0;unexpected=0,16,16,0,0,3309,0,0,0,0,0,"controlled local burst; wall time includes scoped-thread creation, Aegis policy/transcript processing, bounded-pool admission, primitive verification, and joins; work_units counts accepted verifications only"
local-1786752837727815000,macmini-m2-macos26.5.2-rust1.97.1-aarch64-20260814-workers4,9d3ab807a08ef4cf1077dbc23213e2314ce37c87,MEASURED,1786752839020559000,load,aegis_bounded_verification_pool,ML-DSA-65,concurrent_verify_burst,workers4_concurrency16,512,72,0,2801083,5192000,9338880,true,accepted=16;saturated=0;unexpected=0,16,16,0,0,3309,0,0,0,0,0,"controlled local burst; wall time includes scoped-thread creation, Aegis policy/transcript processing, bounded-pool admission, primitive verification, and joins; work_units counts accepted verifications only"
local-1786752837727815000,macmini-m2-macos26.5.2-rust1.97.1-aarch64-20260814-workers4,9d3ab807a08ef4cf1077dbc23213e2314ce37c87,MEASURED,1786752839029604000,load,aegis_bounded_verification_pool,ML-DSA-65,concurrent_verify_burst,workers4_concurrency16,512,73,0,2919625,5139000,9338880,true,accepted=16;saturated=0;unexpected=0,16,16,0,0,3309,0,0,0,0,0,"controlled local burst; wall time includes scoped-thread creation, Aegis policy/transcript processing, bounded-pool admission, primitive verification, and joins; work_units counts accepted verifications only"
local-1786752837727815000,macmini-m2-macos26.5.2-rust1.97.1-aarch64-20260814-workers4,9d3ab807a08ef4cf1077dbc23213e2314ce37c87,MEASURED,1786752839037213000,load,aegis_bounded_verification_pool,ML-DSA-65,concurrent_verify_burst,workers4_concurrency16,512,74,0,2723667,4938000,9338880,true,accepted=16;saturated=0;unexpected=0,16,16,0,0,3309,0,0,0,0,0,"controlled local burst; wall time includes scoped-thread creation, Aegis policy/transcript processing, bounded-pool admission, primitive verification, and joins; work_units counts accepted verifications only"
local-1786752837727815000,macmini-m2-macos26.5.2-rust1.97.1-aarch64-20260814-workers4,9d3ab807a08ef4cf1077dbc23213e2314ce37c87,MEASURED,1786752839046090000,load,aegis_bounded_verification_pool,ML-DSA-65,concurrent_verify_burst,workers4_concurrency16,512,75,0,3054375,5292000,9338880,true,accepted=16;saturated=0;unexpected=0,16,16,0,0,3309,0,0,0,0,0,"controlled local burst; wall time includes scoped-thread creation, Aegis policy/transcript processing, bounded-pool admission, primitive verification, and joins; work_units counts accepted verifications only"
local-1786752837727815000,macmini-m2-macos26.5.2-rust1.97.1-aarch64-20260814-workers4,9d3ab807a08ef4cf1077dbc23213e2314ce37c87,MEASURED,1786752839055614000,load,aegis_bounded_verification_pool,ML-DSA-65,concurrent_verify_burst,workers4_concurrency16,512,76,0,2877625,5167000,9338880,true,accepted=16;saturated=0;unexpected=0,16,16,0,0,3309,0,0,0,0,0,"controlled local burst; wall time includes scoped-thread creation, Aegis policy/transcript processing, bounded-pool admission, primitive verification, and joins; work_units counts accepted verifications only"
local-1786752837727815000,macmini-m2-macos26.5.2-rust1.97.1-aarch64-20260814-workers4,9d3ab807a08ef4cf1077dbc23213e2314ce37c87,MEASURED,1786752839065113000,load,aegis_bounded_verification_pool,ML-DSA-65,concurrent_verify_burst,workers4_concurrency16,512,77,0,2755083,4993000,9338880,true,accepted=16;saturated=0;unexpected=0,16,16,0,0,3309,0,0,0,0,0,"controlled local burst; wall time includes scoped-thread creation, Aegis policy/transcript processing, bounded-pool admission, primitive verification, and joins; work_units counts accepted verifications only"
local-1786752837727815000,macmini-m2-macos26.5.2-rust1.97.1-aarch64-20260814-workers4,9d3ab807a08ef4cf1077dbc23213e2314ce37c87,MEASURED,1786752839075899000,load,aegis_bounded_verification_pool,ML-DSA-65,concurrent_verify_burst,workers4_concurrency16,512,78,0,3016250,5990000,9338880,true,accepted=16;saturated=0;unexpected=0,16,16,0,0,3309,0,0,0,0,0,"controlled local burst; wall time includes scoped-thread creation, Aegis policy/transcript processing, bounded-pool admission, primitive verification, and joins; work_units counts accepted verifications only"
local-1786752837727815000,macmini-m2-macos26.5.2-rust1.97.1-aarch64-20260814-workers4,9d3ab807a08ef4cf1077dbc23213e2314ce37c87,MEASURED,1786752839084136000,load,aegis_bounded_verification_pool,ML-DSA-65,concurrent_verify_burst,workers4_concurrency16,512,79,0,2836209,5027000,9355264,true,accepted=16;saturated=0;unexpected=0,16,16,0,0,3309,0,0,0,0,0,"controlled local burst; wall time includes scoped-thread creation, Aegis policy/transcript processing, bounded-pool admission, primitive verification, and joins; work_units counts accepted verifications only"
local-1786752837727815000,macmini-m2-macos26.5.2-rust1.97.1-aarch64-20260814-workers4,9d3ab807a08ef4cf1077dbc23213e2314ce37c87,MEASURED,1786752839092247000,load,aegis_bounded_verification_pool,ML-DSA-65,concurrent_verify_burst,workers4_concurrency16,512,80,0,2791917,5701000,9355264,true,accepted=16;saturated=0;unexpected=0,16,16,0,0,3309,0,0,0,0,0,"controlled local burst; wall time includes scoped-thread creation, Aegis policy/transcript processing, bounded-pool admission, primitive verification, and joins; work_units counts accepted verifications only"
local-1786752837727815000,macmini-m2-macos26.5.2-rust1.97.1-aarch64-20260814-workers4,9d3ab807a08ef4cf1077dbc23213e2314ce37c87,MEASURED,1786752839099851000,load,aegis_bounded_verification_pool,ML-DSA-65,concurrent_verify_burst,workers4_concurrency16,512,81,0,2859833,5026000,9355264,true,accepted=16;saturated=0;unexpected=0,16,16,0,0,3309,0,0,0,0,0,"controlled local burst; wall time includes scoped-thread creation, Aegis policy/transcript processing, bounded-pool admission, primitive verification, and joins; work_units counts accepted verifications only"
local-1786752837727815000,macmini-m2-macos26.5.2-rust1.97.1-aarch64-20260814-workers4,9d3ab807a08ef4cf1077dbc23213e2314ce37c87,MEASURED,1786752839107215000,load,aegis_bounded_verification_pool,ML-DSA-65,concurrent_verify_burst,workers4_concurrency16,512,82,0,2881583,5110000,9355264,true,accepted=16;saturated=0;unexpected=0,16,16,0,0,3309,0,0,0,0,0,"controlled local burst; wall time includes scoped-thread creation, Aegis policy/transcript processing, bounded-pool admission, primitive verification, and joins; work_units counts accepted verifications only"
local-1786752837727815000,macmini-m2-macos26.5.2-rust1.97.1-aarch64-20260814-workers4,9d3ab807a08ef4cf1077dbc23213e2314ce37c87,MEASURED,1786752839115066000,load,aegis_bounded_verification_pool,ML-DSA-65,concurrent_verify_burst,workers4_concurrency16,512,83,0,2985458,5230000,9355264,true,accepted=16;saturated=0;unexpected=0,16,16,0,0,3309,0,0,0,0,0,"controlled local burst; wall time includes scoped-thread creation, Aegis policy/transcript processing, bounded-pool admission, primitive verification, and joins; work_units counts accepted verifications only"
local-1786752837727815000,macmini-m2-macos26.5.2-rust1.97.1-aarch64-20260814-workers4,9d3ab807a08ef4cf1077dbc23213e2314ce37c87,MEASURED,1786752839122498000,load,aegis_bounded_verification_pool,ML-DSA-65,concurrent_verify_burst,workers4_concurrency16,512,84,0,2963417,5208000,9355264,true,accepted=16;saturated=0;unexpected=0,16,16,0,0,3309,0,0,0,0,0,"controlled local burst; wall time includes scoped-thread creation, Aegis policy/transcript processing, bounded-pool admission, primitive verification, and joins; work_units counts accepted verifications only"
local-1786752837727815000,macmini-m2-macos26.5.2-rust1.97.1-aarch64-20260814-workers4,9d3ab807a08ef4cf1077dbc23213e2314ce37c87,MEASURED,1786752839130070000,load,aegis_bounded_verification_pool,ML-DSA-65,concurrent_verify_burst,workers4_concurrency16,512,85,0,3051500,5021000,9355264,true,accepted=16;saturated=0;unexpected=0,16,16,0,0,3309,0,0,0,0,0,"controlled local burst; wall time includes scoped-thread creation, Aegis policy/transcript processing, bounded-pool admission, primitive verification, and joins; work_units counts accepted verifications only"
local-1786752837727815000,macmini-m2-macos26.5.2-rust1.97.1-aarch64-20260814-workers4,9d3ab807a08ef4cf1077dbc23213e2314ce37c87,MEASURED,1786752839137591000,load,aegis_bounded_verification_pool,ML-DSA-65,concurrent_verify_burst,workers4_concurrency16,512,86,0,3067334,5058000,9355264,true,accepted=16;saturated=0;unexpected=0,16,16,0,0,3309,0,0,0,0,0,"controlled local burst; wall time includes scoped-thread creation, Aegis policy/transcript processing, bounded-pool admission, primitive verification, and joins; work_units counts accepted verifications only"
local-1786752837727815000,macmini-m2-macos26.5.2-rust1.97.1-aarch64-20260814-workers4,9d3ab807a08ef4cf1077dbc23213e2314ce37c87,MEASURED,1786752839146786000,load,aegis_bounded_verification_pool,ML-DSA-65,concurrent_verify_burst,workers4_concurrency16,512,87,0,3002834,4919000,9355264,true,accepted=16;saturated=0;unexpected=0,16,16,0,0,3309,0,0,0,0,0,"controlled local burst; wall time includes scoped-thread creation, Aegis policy/transcript processing, bounded-pool admission, primitive verification, and joins; work_units counts accepted verifications only"
local-1786752837727815000,macmini-m2-macos26.5.2-rust1.97.1-aarch64-20260814-workers4,9d3ab807a08ef4cf1077dbc23213e2314ce37c87,MEASURED,1786752839154863000,load,aegis_bounded_verification_pool,ML-DSA-65,concurrent_verify_burst,workers4_concurrency16,512,88,0,2988958,5725000,9355264,true,accepted=16;saturated=0;unexpected=0,16,16,0,0,3309,0,0,0,0,0,"controlled local burst; wall time includes scoped-thread creation, Aegis policy/transcript processing, bounded-pool admission, primitive verification, and joins; work_units counts accepted verifications only"
local-1786752837727815000,macmini-m2-macos26.5.2-rust1.97.1-aarch64-20260814-workers4,9d3ab807a08ef4cf1077dbc23213e2314ce37c87,MEASURED,1786752839162607000,load,aegis_bounded_verification_pool,ML-DSA-65,concurrent_verify_burst,workers4_concurrency16,512,89,0,3014583,5230000,9355264,true,accepted=16;saturated=0;unexpected=0,16,16,0,0,3309,0,0,0,0,0,"controlled local burst; wall time includes scoped-thread creation, Aegis policy/transcript processing, bounded-pool admission, primitive verification, and joins; work_units counts accepted verifications only"
local-1786752837727815000,macmini-m2-macos26.5.2-rust1.97.1-aarch64-20260814-workers4,9d3ab807a08ef4cf1077dbc23213e2314ce37c87,MEASURED,1786752839170139000,load,aegis_bounded_verification_pool,ML-DSA-65,concurrent_verify_burst,workers4_concurrency16,512,90,0,2956875,5171000,9355264,true,accepted=16;saturated=0;unexpected=0,16,16,0,0,3309,0,0,0,0,0,"controlled local burst; wall time includes scoped-thread creation, Aegis policy/transcript processing, bounded-pool admission, primitive verification, and joins; work_units counts accepted verifications only"
local-1786752837727815000,macmini-m2-macos26.5.2-rust1.97.1-aarch64-20260814-workers4,9d3ab807a08ef4cf1077dbc23213e2314ce37c87,MEASURED,1786752839178108000,load,aegis_bounded_verification_pool,ML-DSA-65,concurrent_verify_burst,workers4_concurrency16,512,91,0,3138167,5239000,9355264,true,accepted=16;saturated=0;unexpected=0,16,16,0,0,3309,0,0,0,0,0,"controlled local burst; wall time includes scoped-thread creation, Aegis policy/transcript processing, bounded-pool admission, primitive verification, and joins; work_units counts accepted verifications only"
local-1786752837727815000,macmini-m2-macos26.5.2-rust1.97.1-aarch64-20260814-workers4,9d3ab807a08ef4cf1077dbc23213e2314ce37c87,MEASURED,1786752839187394000,load,aegis_bounded_verification_pool,ML-DSA-65,concurrent_verify_burst,workers4_concurrency16,512,92,0,3067125,5483000,9371648,true,accepted=16;saturated=0;unexpected=0,16,16,0,0,3309,0,0,0,0,0,"controlled local burst; wall time includes scoped-thread creation, Aegis policy/transcript processing, bounded-pool admission, primitive verification, and joins; work_units counts accepted verifications only"
local-1786752837727815000,macmini-m2-macos26.5.2-rust1.97.1-aarch64-20260814-workers4,9d3ab807a08ef4cf1077dbc23213e2314ce37c87,MEASURED,1786752839196363000,load,aegis_bounded_verification_pool,ML-DSA-65,concurrent_verify_burst,workers4_concurrency16,512,93,0,2999000,5219000,9371648,true,accepted=16;saturated=0;unexpected=0,16,16,0,0,3309,0,0,0,0,0,"controlled local burst; wall time includes scoped-thread creation, Aegis policy/transcript processing, bounded-pool admission, primitive verification, and joins; work_units counts accepted verifications only"
local-1786752837727815000,macmini-m2-macos26.5.2-rust1.97.1-aarch64-20260814-workers4,9d3ab807a08ef4cf1077dbc23213e2314ce37c87,MEASURED,1786752839204624000,load,aegis_bounded_verification_pool,ML-DSA-65,concurrent_verify_burst,workers4_concurrency16,512,94,0,3125416,5020000,9371648,true,accepted=16;saturated=0;unexpected=0,16,16,0,0,3309,0,0,0,0,0,"controlled local burst; wall time includes scoped-thread creation, Aegis policy/transcript processing, bounded-pool admission, primitive verification, and joins; work_units counts accepted verifications only"
local-1786752837727815000,macmini-m2-macos26.5.2-rust1.97.1-aarch64-20260814-workers4,9d3ab807a08ef4cf1077dbc23213e2314ce37c87,MEASURED,1786752839213513000,load,aegis_bounded_verification_pool,ML-DSA-65,concurrent_verify_burst,workers4_concurrency16,512,95,0,3187916,5295000,9371648,true,accepted=16;saturated=0;unexpected=0,16,16,0,0,3309,0,0,0,0,0,"controlled local burst; wall time includes scoped-thread creation, Aegis policy/transcript processing, bounded-pool admission, primitive verification, and joins; work_units counts accepted verifications only"
local-1786752837727815000,macmini-m2-macos26.5.2-rust1.97.1-aarch64-20260814-workers4,9d3ab807a08ef4cf1077dbc23213e2314ce37c87,MEASURED,1786752839222537000,load,aegis_bounded_verification_pool,ML-DSA-65,concurrent_verify_burst,workers4_concurrency16,512,96,0,3124541,5378000,9371648,true,accepted=16;saturated=0;unexpected=0,16,16,0,0,3309,0,0,0,0,0,"controlled local burst; wall time includes scoped-thread creation, Aegis policy/transcript processing, bounded-pool admission, primitive verification, and joins; work_units counts accepted verifications only"
local-1786752837727815000,macmini-m2-macos26.5.2-rust1.97.1-aarch64-20260814-workers4,9d3ab807a08ef4cf1077dbc23213e2314ce37c87,MEASURED,1786752839230557000,load,aegis_bounded_verification_pool,ML-DSA-65,concurrent_verify_burst,workers4_concurrency16,512,97,0,3116833,5439000,9371648,true,accepted=16;saturated=0;unexpected=0,16,16,0,0,3309,0,0,0,0,0,"controlled local burst; wall time includes scoped-thread creation, Aegis policy/transcript processing, bounded-pool admission, primitive verification, and joins; work_units counts accepted verifications only"
local-1786752837727815000,macmini-m2-macos26.5.2-rust1.97.1-aarch64-20260814-workers4,9d3ab807a08ef4cf1077dbc23213e2314ce37c87,MEASURED,1786752839241482000,load,aegis_bounded_verification_pool,ML-DSA-65,concurrent_verify_burst,workers4_concurrency16,512,98,0,3313292,5477000,9388032,true,accepted=16;saturated=0;unexpected=0,16,16,0,0,3309,0,0,0,0,0,"controlled local burst; wall time includes scoped-thread creation, Aegis policy/transcript processing, bounded-pool admission, primitive verification, and joins; work_units counts accepted verifications only"
local-1786752837727815000,macmini-m2-macos26.5.2-rust1.97.1-aarch64-20260814-workers4,9d3ab807a08ef4cf1077dbc23213e2314ce37c87,MEASURED,1786752839252641000,load,aegis_bounded_verification_pool,ML-DSA-65,concurrent_verify_burst,workers4_concurrency16,512,99,0,3141375,5395000,9388032,true,accepted=16;saturated=0;unexpected=0,16,16,0,0,3309,0,0,0,0,0,"controlled local burst; wall time includes scoped-thread creation, Aegis policy/transcript processing, bounded-pool admission, primitive verification, and joins; work_units counts accepted verifications only"
local-1786752837727815000,macmini-m2-macos26.5.2-rust1.97.1-aarch64-20260814-workers4,9d3ab807a08ef4cf1077dbc23213e2314ce37c87,MEASURED,1786752839285267000,load,aegis_bounded_verification_pool,ML-DSA-65,concurrent_verify_burst,workers4_concurrency64,512,0,0,12365500,23370000,11173888,true,accepted=64;saturated=0;unexpected=0,64,64,0,0,3309,0,0,0,0,0,"controlled local burst; wall time includes scoped-thread creation, Aegis policy/transcript processing, bounded-pool admission, primitive verification, and joins; work_units counts accepted verifications only"
local-1786752837727815000,macmini-m2-macos26.5.2-rust1.97.1-aarch64-20260814-workers4,9d3ab807a08ef4cf1077dbc23213e2314ce37c87,MEASURED,1786752839321446000,load,aegis_bounded_verification_pool,ML-DSA-65,concurrent_verify_burst,workers4_concurrency64,512,1,0,12823583,23344000,11206656,true,accepted=64;saturated=0;unexpected=0,64,64,0,0,3309,0,0,0,0,0,"controlled local burst; wall time includes scoped-thread creation, Aegis policy/transcript processing, bounded-pool admission, primitive verification, and joins; work_units counts accepted verifications only"
local-1786752837727815000,macmini-m2-macos26.5.2-rust1.97.1-aarch64-20260814-workers4,9d3ab807a08ef4cf1077dbc23213e2314ce37c87,MEASURED,1786752839360181000,load,aegis_bounded_verification_pool,ML-DSA-65,concurrent_verify_burst,workers4_concurrency64,512,2,0,13451334,22913000,11223040,true,accepted=64;saturated=0;unexpected=0,64,64,0,0,3309,0,0,0,0,0,"controlled local burst; wall time includes scoped-thread creation, Aegis policy/transcript processing, bounded-pool admission, primitive verification, and joins; work_units counts accepted verifications only"
local-1786752837727815000,macmini-m2-macos26.5.2-rust1.97.1-aarch64-20260814-workers4,9d3ab807a08ef4cf1077dbc23213e2314ce37c87,MEASURED,1786752839393279000,load,aegis_bounded_verification_pool,ML-DSA-65,concurrent_verify_burst,workers4_concurrency64,512,3,0,13773166,23498000,11223040,true,accepted=64;saturated=0;unexpected=0,64,64,0,0,3309,0,0,0,0,0,"controlled local burst; wall time includes scoped-thread creation, Aegis policy/transcript processing, bounded-pool admission, primitive verification, and joins; work_units counts accepted verifications only"
local-1786752837727815000,macmini-m2-macos26.5.2-rust1.97.1-aarch64-20260814-workers4,9d3ab807a08ef4cf1077dbc23213e2314ce37c87,MEASURED,1786752839427111000,load,aegis_bounded_verification_pool,ML-DSA-65,concurrent_verify_burst,workers4_concurrency64,512,4,0,13713083,22704000,11255808,true,accepted=64;saturated=0;unexpected=0,64,64,0,0,3309,0,0,0,0,0,"controlled local burst; wall time includes scoped-thread creation, Aegis policy/transcript processing, bounded-pool admission, primitive verification, and joins; work_units counts accepted verifications only"
local-1786752837727815000,macmini-m2-macos26.5.2-rust1.97.1-aarch64-20260814-workers4,9d3ab807a08ef4cf1077dbc23213e2314ce37c87,MEASURED,1786752839461331000,load,aegis_bounded_verification_pool,ML-DSA-65,concurrent_verify_burst,workers4_concurrency64,512,5,0,13600750,23081000,11288576,true,accepted=64;saturated=0;unexpected=0,64,64,0,0,3309,0,0,0,0,0,"controlled local burst; wall time includes scoped-thread creation, Aegis policy/transcript processing, bounded-pool admission, primitive verification, and joins; work_units counts accepted verifications only"
local-1786752837727815000,macmini-m2-macos26.5.2-rust1.97.1-aarch64-20260814-workers4,9d3ab807a08ef4cf1077dbc23213e2314ce37c87,MEASURED,1786752839496839000,load,aegis_bounded_verification_pool,ML-DSA-65,concurrent_verify_burst,workers4_concurrency64,512,6,0,13755459,23387000,11304960,true,accepted=64;saturated=0;unexpected=0,64,64,0,0,3309,0,0,0,0,0,"controlled local burst; wall time includes scoped-thread creation, Aegis policy/transcript processing, bounded-pool admission, primitive verification, and joins; work_units counts accepted verifications only"
local-1786752837727815000,macmini-m2-macos26.5.2-rust1.97.1-aarch64-20260814-workers4,9d3ab807a08ef4cf1077dbc23213e2314ce37c87,MEASURED,1786752839533600000,load,aegis_bounded_verification_pool,ML-DSA-65,concurrent_verify_burst,workers4_concurrency64,512,7,0,14249209,23685000,11321344,true,accepted=64;saturated=0;unexpected=0,64,64,0,0,3309,0,0,0,0,0,"controlled local burst; wall time includes scoped-thread creation, Aegis policy/transcript processing, bounded-pool admission, primitive verification, and joins; work_units counts accepted verifications only"
local-1786752837727815000,macmini-m2-macos26.5.2-rust1.97.1-aarch64-20260814-workers4,9d3ab807a08ef4cf1077dbc23213e2314ce37c87,MEASURED,1786752839571117000,load,aegis_bounded_verification_pool,ML-DSA-65,concurrent_verify_burst,workers4_concurrency64,512,8,0,14521959,23763000,11321344,true,accepted=64;saturated=0;unexpected=0,64,64,0,0,3309,0,0,0,0,0,"controlled local burst; wall time includes scoped-thread creation, Aegis policy/transcript processing, bounded-pool admission, primitive verification, and joins; work_units counts accepted verifications only"
local-1786752837727815000,macmini-m2-macos26.5.2-rust1.97.1-aarch64-20260814-workers4,9d3ab807a08ef4cf1077dbc23213e2314ce37c87,MEASURED,1786752839608957000,load,aegis_bounded_verification_pool,ML-DSA-65,concurrent_verify_burst,workers4_concurrency64,512,9,0,15068667,24808000,11337728,true,accepted=64;saturated=0;unexpected=0,64,64,0,0,3309,0,0,0,0,0,"controlled local burst; wall time includes scoped-thread creation, Aegis policy/transcript processing, bounded-pool admission, primitive verification, and joins; work_units counts accepted verifications only"
local-1786752837727815000,macmini-m2-macos26.5.2-rust1.97.1-aarch64-20260814-workers4,9d3ab807a08ef4cf1077dbc23213e2314ce37c87,MEASURED,1786752839645129000,load,aegis_bounded_verification_pool,ML-DSA-65,concurrent_verify_burst,workers4_concurrency64,512,10,0,15391292,24948000,11337728,true,accepted=64;saturated=0;unexpected=0,64,64,0,0,3309,0,0,0,0,0,"controlled local burst; wall time includes scoped-thread creation, Aegis policy/transcript processing, bounded-pool admission, primitive verification, and joins; work_units counts accepted verifications only"
local-1786752837727815000,macmini-m2-macos26.5.2-rust1.97.1-aarch64-20260814-workers4,9d3ab807a08ef4cf1077dbc23213e2314ce37c87,MEASURED,1786752839683375000,load,aegis_bounded_verification_pool,ML-DSA-65,concurrent_verify_burst,workers4_concurrency64,512,11,0,15118208,24862000,11354112,true,accepted=64;saturated=0;unexpected=0,64,64,0,0,3309,0,0,0,0,0,"controlled local burst; wall time includes scoped-thread creation, Aegis policy/transcript processing, bounded-pool admission, primitive verification, and joins; work_units counts accepted verifications only"
local-1786752837727815000,macmini-m2-macos26.5.2-rust1.97.1-aarch64-20260814-workers4,9d3ab807a08ef4cf1077dbc23213e2314ce37c87,MEASURED,1786752839721905000,load,aegis_bounded_verification_pool,ML-DSA-65,concurrent_verify_burst,workers4_concurrency64,512,12,0,15296709,24797000,11354112,true,accepted=64;saturated=0;unexpected=0,64,64,0,0,3309,0,0,0,0,0,"controlled local burst; wall time includes scoped-thread creation, Aegis policy/transcript processing, bounded-pool admission, primitive verification, and joins; work_units counts accepted verifications only"
local-1786752837727815000,macmini-m2-macos26.5.2-rust1.97.1-aarch64-20260814-workers4,9d3ab807a08ef4cf1077dbc23213e2314ce37c87,MEASURED,1786752839760631000,load,aegis_bounded_verification_pool,ML-DSA-65,concurrent_verify_burst,workers4_concurrency64,512,13,0,15634291,25300000,11370496,true,accepted=64;saturated=0;unexpected=0,64,64,0,0,3309,0,0,0,0,0,"controlled local burst; wall time includes scoped-thread creation, Aegis policy/transcript processing, bounded-pool admission, primitive verification, and joins; work_units counts accepted verifications only"
local-1786752837727815000,macmini-m2-macos26.5.2-rust1.97.1-aarch64-20260814-workers4,9d3ab807a08ef4cf1077dbc23213e2314ce37c87,MEASURED,1786752839799086000,load,aegis_bounded_verification_pool,ML-DSA-65,concurrent_verify_burst,workers4_concurrency64,512,14,0,16099292,25494000,11370496,true,accepted=64;saturated=0;unexpected=0,64,64,0,0,3309,0,0,0,0,0,"controlled local burst; wall time includes scoped-thread creation, Aegis policy/transcript processing, bounded-pool admission, primitive verification, and joins; work_units counts accepted verifications only"
local-1786752837727815000,macmini-m2-macos26.5.2-rust1.97.1-aarch64-20260814-workers4,9d3ab807a08ef4cf1077dbc23213e2314ce37c87,MEASURED,1786752839839248000,load,aegis_bounded_verification_pool,ML-DSA-65,concurrent_verify_burst,workers4_concurrency64,512,15,0,15658917,25415000,11419648,true,accepted=64;saturated=0;unexpected=0,64,64,0,0,3309,0,0,0,0,0,"controlled local burst; wall time includes scoped-thread creation, Aegis policy/transcript processing, bounded-pool admission, primitive verification, and joins; work_units counts accepted verifications only"
local-1786752837727815000,macmini-m2-macos26.5.2-rust1.97.1-aarch64-20260814-workers4,9d3ab807a08ef4cf1077dbc23213e2314ce37c87,MEASURED,1786752839877541000,load,aegis_bounded_verification_pool,ML-DSA-65,concurrent_verify_burst,workers4_concurrency64,512,16,0,16244125,25408000,11419648,true,accepted=64;saturated=0;unexpected=0,64,64,0,0,3309,0,0,0,0,0,"controlled local burst; wall time includes scoped-thread creation, Aegis policy/transcript processing, bounded-pool admission, primitive verification, and joins; work_units counts accepted verifications only"
local-1786752837727815000,macmini-m2-macos26.5.2-rust1.97.1-aarch64-20260814-workers4,9d3ab807a08ef4cf1077dbc23213e2314ce37c87,MEASURED,1786752839914985000,load,aegis_bounded_verification_pool,ML-DSA-65,concurrent_verify_burst,workers4_concurrency64,512,17,0,15600750,25629000,11436032,true,accepted=64;saturated=0;unexpected=0,64,64,0,0,3309,0,0,0,0,0,"controlled local burst; wall time includes scoped-thread creation, Aegis policy/transcript processing, bounded-pool admission, primitive verification, and joins; work_units counts accepted verifications only"
local-1786752837727815000,macmini-m2-macos26.5.2-rust1.97.1-aarch64-20260814-workers4,9d3ab807a08ef4cf1077dbc23213e2314ce37c87,MEASURED,1786752839953534000,load,aegis_bounded_verification_pool,ML-DSA-65,concurrent_verify_burst,workers4_concurrency64,512,18,0,16075000,25145000,11436032,true,accepted=64;saturated=0;unexpected=0,64,64,0,0,3309,0,0,0,0,0,"controlled local burst; wall time includes scoped-thread creation, Aegis policy/transcript processing, bounded-pool admission, primitive verification, and joins; work_units counts accepted verifications only"
local-1786752837727815000,macmini-m2-macos26.5.2-rust1.97.1-aarch64-20260814-workers4,9d3ab807a08ef4cf1077dbc23213e2314ce37c87,MEASURED,1786752839994443000,load,aegis_bounded_verification_pool,ML-DSA-65,concurrent_verify_burst,workers4_concurrency64,512,19,0,15768834,25699000,11436032,true,accepted=64;saturated=0;unexpected=0,64,64,0,0,3309,0,0,0,0,0,"controlled local burst; wall time includes scoped-thread creation, Aegis policy/transcript processing, bounded-pool admission, primitive verification, and joins; work_units counts accepted verifications only"
local-1786752837727815000,macmini-m2-macos26.5.2-rust1.97.1-aarch64-20260814-workers4,9d3ab807a08ef4cf1077dbc23213e2314ce37c87,MEASURED,1786752840032556000,load,aegis_bounded_verification_pool,ML-DSA-65,concurrent_verify_burst,workers4_concurrency64,512,20,0,16007833,26033000,11452416,true,accepted=64;saturated=0;unexpected=0,64,64,0,0,3309,0,0,0,0,0,"controlled local burst; wall time includes scoped-thread creation, Aegis policy/transcript processing, bounded-pool admission, primitive verification, and joins; work_units counts accepted verifications only"
local-1786752837727815000,macmini-m2-macos26.5.2-rust1.97.1-aarch64-20260814-workers4,9d3ab807a08ef4cf1077dbc23213e2314ce37c87,MEASURED,1786752840071751000,load,aegis_bounded_verification_pool,ML-DSA-65,concurrent_verify_burst,workers4_concurrency64,512,21,0,16392583,25708000,11452416,true,accepted=64;saturated=0;unexpected=0,64,64,0,0,3309,0,0,0,0,0,"controlled local burst; wall time includes scoped-thread creation, Aegis policy/transcript processing, bounded-pool admission, primitive verification, and joins; work_units counts accepted verifications only"
local-1786752837727815000,macmini-m2-macos26.5.2-rust1.97.1-aarch64-20260814-workers4,9d3ab807a08ef4cf1077dbc23213e2314ce37c87,MEASURED,1786752840109984000,load,aegis_bounded_verification_pool,ML-DSA-65,concurrent_verify_burst,workers4_concurrency64,512,22,0,16175709,26027000,11468800,true,accepted=64;saturated=0;unexpected=0,64,64,0,0,3309,0,0,0,0,0,"controlled local burst; wall time includes scoped-thread creation, Aegis policy/transcript processing, bounded-pool admission, primitive verification, and joins; work_units counts accepted verifications only"
local-1786752837727815000,macmini-m2-macos26.5.2-rust1.97.1-aarch64-20260814-workers4,9d3ab807a08ef4cf1077dbc23213e2314ce37c87,MEASURED,1786752840147056000,load,aegis_bounded_verification_pool,ML-DSA-65,concurrent_verify_burst,workers4_concurrency64,512,23,0,16314125,25857000,11468800,true,accepted=64;saturated=0;unexpected=0,64,64,0,0,3309,0,0,0,0,0,"controlled local burst; wall time includes scoped-thread creation, Aegis policy/transcript processing, bounded-pool admission, primitive verification, and joins; work_units counts accepted verifications only"
local-1786752837727815000,macmini-m2-macos26.5.2-rust1.97.1-aarch64-20260814-workers4,9d3ab807a08ef4cf1077dbc23213e2314ce37c87,MEASURED,1786752840186175000,load,aegis_bounded_verification_pool,ML-DSA-65,concurrent_verify_burst,workers4_concurrency64,512,24,0,15996667,26387000,11468800,true,accepted=64;saturated=0;unexpected=0,64,64,0,0,3309,0,0,0,0,0,"controlled local burst; wall time includes scoped-thread creation, Aegis policy/transcript processing, bounded-pool admission, primitive verification, and joins; work_units counts accepted verifications only"
local-1786752837727815000,macmini-m2-macos26.5.2-rust1.97.1-aarch64-20260814-workers4,9d3ab807a08ef4cf1077dbc23213e2314ce37c87,MEASURED,1786752840228813000,load,aegis_bounded_verification_pool,ML-DSA-65,concurrent_verify_burst,workers4_concurrency64,512,25,0,16161458,25749000,11468800,true,accepted=64;saturated=0;unexpected=0,64,64,0,0,3309,0,0,0,0,0,"controlled local burst; wall time includes scoped-thread creation, Aegis policy/transcript processing, bounded-pool admission, primitive verification, and joins; work_units counts accepted verifications only"
local-1786752837727815000,macmini-m2-macos26.5.2-rust1.97.1-aarch64-20260814-workers4,9d3ab807a08ef4cf1077dbc23213e2314ce37c87,MEASURED,1786752840268749000,load,aegis_bounded_verification_pool,ML-DSA-65,concurrent_verify_burst,workers4_concurrency64,512,26,0,15878417,25813000,11468800,true,accepted=64;saturated=0;unexpected=0,64,64,0,0,3309,0,0,0,0,0,"controlled local burst; wall time includes scoped-thread creation, Aegis policy/transcript processing, bounded-pool admission, primitive verification, and joins; work_units counts accepted verifications only"
local-1786752837727815000,macmini-m2-macos26.5.2-rust1.97.1-aarch64-20260814-workers4,9d3ab807a08ef4cf1077dbc23213e2314ce37c87,MEASURED,1786752840306966000,load,aegis_bounded_verification_pool,ML-DSA-65,concurrent_verify_burst,workers4_concurrency64,512,27,0,16243958,26123000,11468800,true,accepted=64;saturated=0;unexpected=0,64,64,0,0,3309,0,0,0,0,0,"controlled local burst; wall time includes scoped-thread creation, Aegis policy/transcript processing, bounded-pool admission, primitive verification, and joins; work_units counts accepted verifications only"
local-1786752837727815000,macmini-m2-macos26.5.2-rust1.97.1-aarch64-20260814-workers4,9d3ab807a08ef4cf1077dbc23213e2314ce37c87,MEASURED,1786752840347204000,load,aegis_bounded_verification_pool,ML-DSA-65,concurrent_verify_burst,workers4_concurrency64,512,28,0,16519458,25996000,11485184,true,accepted=64;saturated=0;unexpected=0,64,64,0,0,3309,0,0,0,0,0,"controlled local burst; wall time includes scoped-thread creation, Aegis policy/transcript processing, bounded-pool admission, primitive verification, and joins; work_units counts accepted verifications only"
local-1786752837727815000,macmini-m2-macos26.5.2-rust1.97.1-aarch64-20260814-workers4,9d3ab807a08ef4cf1077dbc23213e2314ce37c87,MEASURED,1786752840388192000,load,aegis_bounded_verification_pool,ML-DSA-65,concurrent_verify_burst,workers4_concurrency64,512,29,0,16304583,25699000,11485184,true,accepted=64;saturated=0;unexpected=0,64,64,0,0,3309,0,0,0,0,0,"controlled local burst; wall time includes scoped-thread creation, Aegis policy/transcript processing, bounded-pool admission, primitive verification, and joins; work_units counts accepted verifications only"
local-1786752837727815000,macmini-m2-macos26.5.2-rust1.97.1-aarch64-20260814-workers4,9d3ab807a08ef4cf1077dbc23213e2314ce37c87,MEASURED,1786752840426578000,load,aegis_bounded_verification_pool,ML-DSA-65,concurrent_verify_burst,workers4_concurrency64,512,30,0,16625750,25926000,11485184,true,accepted=64;saturated=0;unexpected=0,64,64,0,0,3309,0,0,0,0,0,"controlled local burst; wall time includes scoped-thread creation, Aegis policy/transcript processing, bounded-pool admission, primitive verification, and joins; work_units counts accepted verifications only"
local-1786752837727815000,macmini-m2-macos26.5.2-rust1.97.1-aarch64-20260814-workers4,9d3ab807a08ef4cf1077dbc23213e2314ce37c87,MEASURED,1786752840466576000,load,aegis_bounded_verification_pool,ML-DSA-65,concurrent_verify_burst,workers4_concurrency64,512,31,0,16252125,25873000,11485184,true,accepted=64;saturated=0;unexpected=0,64,64,0,0,3309,0,0,0,0,0,"controlled local burst; wall time includes scoped-thread creation, Aegis policy/transcript processing, bounded-pool admission, primitive verification, and joins; work_units counts accepted verifications only"
local-1786752837727815000,macmini-m2-macos26.5.2-rust1.97.1-aarch64-20260814-workers4,9d3ab807a08ef4cf1077dbc23213e2314ce37c87,MEASURED,1786752840509466000,load,aegis_bounded_verification_pool,ML-DSA-65,concurrent_verify_burst,workers4_concurrency64,512,32,0,16108833,25237000,11501568,true,accepted=64;saturated=0;unexpected=0,64,64,0,0,3309,0,0,0,0,0,"controlled local burst; wall time includes scoped-thread creation, Aegis policy/transcript processing, bounded-pool admission, primitive verification, and joins; work_units counts accepted verifications only"
local-1786752837727815000,macmini-m2-macos26.5.2-rust1.97.1-aarch64-20260814-workers4,9d3ab807a08ef4cf1077dbc23213e2314ce37c87,MEASURED,1786752840550712000,load,aegis_bounded_verification_pool,ML-DSA-65,concurrent_verify_burst,workers4_concurrency64,512,33,0,16387167,25445000,11501568,true,accepted=64;saturated=0;unexpected=0,64,64,0,0,3309,0,0,0,0,0,"controlled local burst; wall time includes scoped-thread creation, Aegis policy/transcript processing, bounded-pool admission, primitive verification, and joins; work_units counts accepted verifications only"
local-1786752837727815000,macmini-m2-macos26.5.2-rust1.97.1-aarch64-20260814-workers4,9d3ab807a08ef4cf1077dbc23213e2314ce37c87,MEASURED,1786752840590412000,load,aegis_bounded_verification_pool,ML-DSA-65,concurrent_verify_burst,workers4_concurrency64,512,34,0,16394792,25411000,11501568,true,accepted=64;saturated=0;unexpected=0,64,64,0,0,3309,0,0,0,0,0,"controlled local burst; wall time includes scoped-thread creation, Aegis policy/transcript processing, bounded-pool admission, primitive verification, and joins; work_units counts accepted verifications only"
local-1786752837727815000,macmini-m2-macos26.5.2-rust1.97.1-aarch64-20260814-workers4,9d3ab807a08ef4cf1077dbc23213e2314ce37c87,MEASURED,1786752840631796000,load,aegis_bounded_verification_pool,ML-DSA-65,concurrent_verify_burst,workers4_concurrency64,512,35,0,16095708,24727000,11501568,true,accepted=64;saturated=0;unexpected=0,64,64,0,0,3309,0,0,0,0,0,"controlled local burst; wall time includes scoped-thread creation, Aegis policy/transcript processing, bounded-pool admission, primitive verification, and joins; work_units counts accepted verifications only"
local-1786752837727815000,macmini-m2-macos26.5.2-rust1.97.1-aarch64-20260814-workers4,9d3ab807a08ef4cf1077dbc23213e2314ce37c87,MEASURED,1786752840668722000,load,aegis_bounded_verification_pool,ML-DSA-65,concurrent_verify_burst,workers4_concurrency64,512,36,0,16199750,25259000,11501568,true,accepted=64;saturated=0;unexpected=0,64,64,0,0,3309,0,0,0,0,0,"controlled local burst; wall time includes scoped-thread creation, Aegis policy/transcript processing, bounded-pool admission, primitive verification, and joins; work_units counts accepted verifications only"
local-1786752837727815000,macmini-m2-macos26.5.2-rust1.97.1-aarch64-20260814-workers4,9d3ab807a08ef4cf1077dbc23213e2314ce37c87,MEASURED,1786752840708033000,load,aegis_bounded_verification_pool,ML-DSA-65,concurrent_verify_burst,workers4_concurrency64,512,37,0,16257750,25802000,11501568,true,accepted=64;saturated=0;unexpected=0,64,64,0,0,3309,0,0,0,0,0,"controlled local burst; wall time includes scoped-thread creation, Aegis policy/transcript processing, bounded-pool admission, primitive verification, and joins; work_units counts accepted verifications only"
local-1786752837727815000,macmini-m2-macos26.5.2-rust1.97.1-aarch64-20260814-workers4,9d3ab807a08ef4cf1077dbc23213e2314ce37c87,MEASURED,1786752840747093000,load,aegis_bounded_verification_pool,ML-DSA-65,concurrent_verify_burst,workers4_concurrency64,512,38,0,16266834,25555000,11517952,true,accepted=64;saturated=0;unexpected=0,64,64,0,0,3309,0,0,0,0,0,"controlled local burst; wall time includes scoped-thread creation, Aegis policy/transcript processing, bounded-pool admission, primitive verification, and joins; work_units counts accepted verifications only"
local-1786752837727815000,macmini-m2-macos26.5.2-rust1.97.1-aarch64-20260814-workers4,9d3ab807a08ef4cf1077dbc23213e2314ce37c87,MEASURED,1786752840786583000,load,aegis_bounded_verification_pool,ML-DSA-65,concurrent_verify_burst,workers4_concurrency64,512,39,0,16390333,25741000,11517952,true,accepted=64;saturated=0;unexpected=0,64,64,0,0,3309,0,0,0,0,0,"controlled local burst; wall time includes scoped-thread creation, Aegis policy/transcript processing, bounded-pool admission, primitive verification, and joins; work_units counts accepted verifications only"
local-1786752837727815000,macmini-m2-macos26.5.2-rust1.97.1-aarch64-20260814-workers4,9d3ab807a08ef4cf1077dbc23213e2314ce37c87,MEASURED,1786752840828081000,load,aegis_bounded_verification_pool,ML-DSA-65,concurrent_verify_burst,workers4_concurrency64,512,40,0,16336083,26071000,11517952,true,accepted=64;saturated=0;unexpected=0,64,64,0,0,3309,0,0,0,0,0,"controlled local burst; wall time includes scoped-thread creation, Aegis policy/transcript processing, bounded-pool admission, primitive verification, and joins; work_units counts accepted verifications only"
local-1786752837727815000,macmini-m2-macos26.5.2-rust1.97.1-aarch64-20260814-workers4,9d3ab807a08ef4cf1077dbc23213e2314ce37c87,MEASURED,1786752840863569000,load,aegis_bounded_verification_pool,ML-DSA-65,concurrent_verify_burst,workers4_concurrency64,512,41,0,16011084,25179000,11517952,true,accepted=64;saturated=0;unexpected=0,64,64,0,0,3309,0,0,0,0,0,"controlled local burst; wall time includes scoped-thread creation, Aegis policy/transcript processing, bounded-pool admission, primitive verification, and joins; work_units counts accepted verifications only"
local-1786752837727815000,macmini-m2-macos26.5.2-rust1.97.1-aarch64-20260814-workers4,9d3ab807a08ef4cf1077dbc23213e2314ce37c87,MEASURED,1786752840907824000,load,aegis_bounded_verification_pool,ML-DSA-65,concurrent_verify_burst,workers4_concurrency64,512,42,0,16364708,26250000,11517952,true,accepted=64;saturated=0;unexpected=0,64,64,0,0,3309,0,0,0,0,0,"controlled local burst; wall time includes scoped-thread creation, Aegis policy/transcript processing, bounded-pool admission, primitive verification, and joins; work_units counts accepted verifications only"
local-1786752837727815000,macmini-m2-macos26.5.2-rust1.97.1-aarch64-20260814-workers4,9d3ab807a08ef4cf1077dbc23213e2314ce37c87,MEASURED,1786752840949415000,load,aegis_bounded_verification_pool,ML-DSA-65,concurrent_verify_burst,workers4_concurrency64,512,43,0,16216667,26348000,11517952,true,accepted=64;saturated=0;unexpected=0,64,64,0,0,3309,0,0,0,0,0,"controlled local burst; wall time includes scoped-thread creation, Aegis policy/transcript processing, bounded-pool admission, primitive verification, and joins; work_units counts accepted verifications only"
local-1786752837727815000,macmini-m2-macos26.5.2-rust1.97.1-aarch64-20260814-workers4,9d3ab807a08ef4cf1077dbc23213e2314ce37c87,MEASURED,1786752840987888000,load,aegis_bounded_verification_pool,ML-DSA-65,concurrent_verify_burst,workers4_concurrency64,512,44,0,15524959,25392000,11517952,true,accepted=64;saturated=0;unexpected=0,64,64,0,0,3309,0,0,0,0,0,"controlled local burst; wall time includes scoped-thread creation, Aegis policy/transcript processing, bounded-pool admission, primitive verification, and joins; work_units counts accepted verifications only"
local-1786752837727815000,macmini-m2-macos26.5.2-rust1.97.1-aarch64-20260814-workers4,9d3ab807a08ef4cf1077dbc23213e2314ce37c87,MEASURED,1786752841028250000,load,aegis_bounded_verification_pool,ML-DSA-65,concurrent_verify_burst,workers4_concurrency64,512,45,0,16286625,25701000,11517952,true,accepted=64;saturated=0;unexpected=0,64,64,0,0,3309,0,0,0,0,0,"controlled local burst; wall time includes scoped-thread creation, Aegis policy/transcript processing, bounded-pool admission, primitive verification, and joins; work_units counts accepted verifications only"
local-1786752837727815000,macmini-m2-macos26.5.2-rust1.97.1-aarch64-20260814-workers4,9d3ab807a08ef4cf1077dbc23213e2314ce37c87,MEASURED,1786752841068347000,load,aegis_bounded_verification_pool,ML-DSA-65,concurrent_verify_burst,workers4_concurrency64,512,46,0,16221708,26839000,11517952,true,accepted=64;saturated=0;unexpected=0,64,64,0,0,3309,0,0,0,0,0,"controlled local burst; wall time includes scoped-thread creation, Aegis policy/transcript processing, bounded-pool admission, primitive verification, and joins; work_units counts accepted verifications only"
local-1786752837727815000,macmini-m2-macos26.5.2-rust1.97.1-aarch64-20260814-workers4,9d3ab807a08ef4cf1077dbc23213e2314ce37c87,MEASURED,1786752841106958000,load,aegis_bounded_verification_pool,ML-DSA-65,concurrent_verify_burst,workers4_concurrency64,512,47,0,16375917,25686000,11534336,true,accepted=64;saturated=0;unexpected=0,64,64,0,0,3309,0,0,0,0,0,"controlled local burst; wall time includes scoped-thread creation, Aegis policy/transcript processing, bounded-pool admission, primitive verification, and joins; work_units counts accepted verifications only"
local-1786752837727815000,macmini-m2-macos26.5.2-rust1.97.1-aarch64-20260814-workers4,9d3ab807a08ef4cf1077dbc23213e2314ce37c87,MEASURED,1786752841147602000,load,aegis_bounded_verification_pool,ML-DSA-65,concurrent_verify_burst,workers4_concurrency64,512,48,0,16183209,25604000,11534336,true,accepted=64;saturated=0;unexpected=0,64,64,0,0,3309,0,0,0,0,0,"controlled local burst; wall time includes scoped-thread creation, Aegis policy/transcript processing, bounded-pool admission, primitive verification, and joins; work_units counts accepted verifications only"
local-1786752837727815000,macmini-m2-macos26.5.2-rust1.97.1-aarch64-20260814-workers4,9d3ab807a08ef4cf1077dbc23213e2314ce37c87,MEASURED,1786752841184739000,load,aegis_bounded_verification_pool,ML-DSA-65,concurrent_verify_burst,workers4_concurrency64,512,49,0,16128792,25466000,11534336,true,accepted=64;saturated=0;unexpected=0,64,64,0,0,3309,0,0,0,0,0,"controlled local burst; wall time includes scoped-thread creation, Aegis policy/transcript processing, bounded-pool admission, primitive verification, and joins; work_units counts accepted verifications only"
local-1786752837727815000,macmini-m2-macos26.5.2-rust1.97.1-aarch64-20260814-workers4,9d3ab807a08ef4cf1077dbc23213e2314ce37c87,MEASURED,1786752841223209000,load,aegis_bounded_verification_pool,ML-DSA-65,concurrent_verify_burst,workers4_concurrency64,512,50,0,16121375,26047000,11534336,true,accepted=64;saturated=0;unexpected=0,64,64,0,0,3309,0,0,0,0,0,"controlled local burst; wall time includes scoped-thread creation, Aegis policy/transcript processing, bounded-pool admission, primitive verification, and joins; work_units counts accepted verifications only"
local-1786752837727815000,macmini-m2-macos26.5.2-rust1.97.1-aarch64-20260814-workers4,9d3ab807a08ef4cf1077dbc23213e2314ce37c87,MEASURED,1786752841264144000,load,aegis_bounded_verification_pool,ML-DSA-65,concurrent_verify_burst,workers4_concurrency64,512,51,0,16070334,25995000,11534336,true,accepted=64;saturated=0;unexpected=0,64,64,0,0,3309,0,0,0,0,0,"controlled local burst; wall time includes scoped-thread creation, Aegis policy/transcript processing, bounded-pool admission, primitive verification, and joins; work_units counts accepted verifications only"
local-1786752837727815000,macmini-m2-macos26.5.2-rust1.97.1-aarch64-20260814-workers4,9d3ab807a08ef4cf1077dbc23213e2314ce37c87,MEASURED,1786752841301420000,load,aegis_bounded_verification_pool,ML-DSA-65,concurrent_verify_burst,workers4_concurrency64,512,52,0,16332083,25494000,11534336,true,accepted=64;saturated=0;unexpected=0,64,64,0,0,3309,0,0,0,0,0,"controlled local burst; wall time includes scoped-thread creation, Aegis policy/transcript processing, bounded-pool admission, primitive verification, and joins; work_units counts accepted verifications only"
local-1786752837727815000,macmini-m2-macos26.5.2-rust1.97.1-aarch64-20260814-workers4,9d3ab807a08ef4cf1077dbc23213e2314ce37c87,MEASURED,1786752841341175000,load,aegis_bounded_verification_pool,ML-DSA-65,concurrent_verify_burst,workers4_concurrency64,512,53,0,16445625,25639000,11534336,true,accepted=64;saturated=0;unexpected=0,64,64,0,0,3309,0,0,0,0,0,"controlled local burst; wall time includes scoped-thread creation, Aegis policy/transcript processing, bounded-pool admission, primitive verification, and joins; work_units counts accepted verifications only"
local-1786752837727815000,macmini-m2-macos26.5.2-rust1.97.1-aarch64-20260814-workers4,9d3ab807a08ef4cf1077dbc23213e2314ce37c87,MEASURED,1786752841382007000,load,aegis_bounded_verification_pool,ML-DSA-65,concurrent_verify_burst,workers4_concurrency64,512,54,0,15901875,25716000,11534336,true,accepted=64;saturated=0;unexpected=0,64,64,0,0,3309,0,0,0,0,0,"controlled local burst; wall time includes scoped-thread creation, Aegis policy/transcript processing, bounded-pool admission, primitive verification, and joins; work_units counts accepted verifications only"
local-1786752837727815000,macmini-m2-macos26.5.2-rust1.97.1-aarch64-20260814-workers4,9d3ab807a08ef4cf1077dbc23213e2314ce37c87,MEASURED,1786752841421111000,load,aegis_bounded_verification_pool,ML-DSA-65,concurrent_verify_burst,workers4_concurrency64,512,55,0,15993875,25498000,11534336,true,accepted=64;saturated=0;unexpected=0,64,64,0,0,3309,0,0,0,0,0,"controlled local burst; wall time includes scoped-thread creation, Aegis policy/transcript processing, bounded-pool admission, primitive verification, and joins; work_units counts accepted verifications only"
local-1786752837727815000,macmini-m2-macos26.5.2-rust1.97.1-aarch64-20260814-workers4,9d3ab807a08ef4cf1077dbc23213e2314ce37c87,MEASURED,1786752841461004000,load,aegis_bounded_verification_pool,ML-DSA-65,concurrent_verify_burst,workers4_concurrency64,512,56,0,16049500,25363000,11550720,true,accepted=64;saturated=0;unexpected=0,64,64,0,0,3309,0,0,0,0,0,"controlled local burst; wall time includes scoped-thread creation, Aegis policy/transcript processing, bounded-pool admission, primitive verification, and joins; work_units counts accepted verifications only"
local-1786752837727815000,macmini-m2-macos26.5.2-rust1.97.1-aarch64-20260814-workers4,9d3ab807a08ef4cf1077dbc23213e2314ce37c87,MEASURED,1786752841496658000,load,aegis_bounded_verification_pool,ML-DSA-65,concurrent_verify_burst,workers4_concurrency64,512,57,0,16263459,25295000,11550720,true,accepted=64;saturated=0;unexpected=0,64,64,0,0,3309,0,0,0,0,0,"controlled local burst; wall time includes scoped-thread creation, Aegis policy/transcript processing, bounded-pool admission, primitive verification, and joins; work_units counts accepted verifications only"
local-1786752837727815000,macmini-m2-macos26.5.2-rust1.97.1-aarch64-20260814-workers4,9d3ab807a08ef4cf1077dbc23213e2314ce37c87,MEASURED,1786752841534886000,load,aegis_bounded_verification_pool,ML-DSA-65,concurrent_verify_burst,workers4_concurrency64,512,58,0,16182167,25765000,11550720,true,accepted=64;saturated=0;unexpected=0,64,64,0,0,3309,0,0,0,0,0,"controlled local burst; wall time includes scoped-thread creation, Aegis policy/transcript processing, bounded-pool admission, primitive verification, and joins; work_units counts accepted verifications only"
local-1786752837727815000,macmini-m2-macos26.5.2-rust1.97.1-aarch64-20260814-workers4,9d3ab807a08ef4cf1077dbc23213e2314ce37c87,MEASURED,1786752841575672000,load,aegis_bounded_verification_pool,ML-DSA-65,concurrent_verify_burst,workers4_concurrency64,512,59,0,16375708,26552000,11550720,true,accepted=64;saturated=0;unexpected=0,64,64,0,0,3309,0,0,0,0,0,"controlled local burst; wall time includes scoped-thread creation, Aegis policy/transcript processing, bounded-pool admission, primitive verification, and joins; work_units counts accepted verifications only"
local-1786752837727815000,macmini-m2-macos26.5.2-rust1.97.1-aarch64-20260814-workers4,9d3ab807a08ef4cf1077dbc23213e2314ce37c87,MEASURED,1786752841612663000,load,aegis_bounded_verification_pool,ML-DSA-65,concurrent_verify_burst,workers4_concurrency64,512,60,0,16240416,25795000,11550720,true,accepted=64;saturated=0;unexpected=0,64,64,0,0,3309,0,0,0,0,0,"controlled local burst; wall time includes scoped-thread creation, Aegis policy/transcript processing, bounded-pool admission, primitive verification, and joins; work_units counts accepted verifications only"
local-1786752837727815000,macmini-m2-macos26.5.2-rust1.97.1-aarch64-20260814-workers4,9d3ab807a08ef4cf1077dbc23213e2314ce37c87,MEASURED,1786752841650403000,load,aegis_bounded_verification_pool,ML-DSA-65,concurrent_verify_burst,workers4_concurrency64,512,61,0,15847917,25732000,11550720,true,accepted=64;saturated=0;unexpected=0,64,64,0,0,3309,0,0,0,0,0,"controlled local burst; wall time includes scoped-thread creation, Aegis policy/transcript processing, bounded-pool admission, primitive verification, and joins; work_units counts accepted verifications only"
local-1786752837727815000,macmini-m2-macos26.5.2-rust1.97.1-aarch64-20260814-workers4,9d3ab807a08ef4cf1077dbc23213e2314ce37c87,MEASURED,1786752841686828000,load,aegis_bounded_verification_pool,ML-DSA-65,concurrent_verify_burst,workers4_concurrency64,512,62,0,16009000,25352000,11550720,true,accepted=64;saturated=0;unexpected=0,64,64,0,0,3309,0,0,0,0,0,"controlled local burst; wall time includes scoped-thread creation, Aegis policy/transcript processing, bounded-pool admission, primitive verification, and joins; work_units counts accepted verifications only"
local-1786752837727815000,macmini-m2-macos26.5.2-rust1.97.1-aarch64-20260814-workers4,9d3ab807a08ef4cf1077dbc23213e2314ce37c87,MEASURED,1786752841728075000,load,aegis_bounded_verification_pool,ML-DSA-65,concurrent_verify_burst,workers4_concurrency64,512,63,0,15742500,25777000,11567104,true,accepted=64;saturated=0;unexpected=0,64,64,0,0,3309,0,0,0,0,0,"controlled local burst; wall time includes scoped-thread creation, Aegis policy/transcript processing, bounded-pool admission, primitive verification, and joins; work_units counts accepted verifications only"
local-1786752837727815000,macmini-m2-macos26.5.2-rust1.97.1-aarch64-20260814-workers4,9d3ab807a08ef4cf1077dbc23213e2314ce37c87,MEASURED,1786752841769171000,load,aegis_bounded_verification_pool,ML-DSA-65,concurrent_verify_burst,workers4_concurrency64,512,64,0,16012333,25760000,11567104,true,accepted=64;saturated=0;unexpected=0,64,64,0,0,3309,0,0,0,0,0,"controlled local burst; wall time includes scoped-thread creation, Aegis policy/transcript processing, bounded-pool admission, primitive verification, and joins; work_units counts accepted verifications only"
local-1786752837727815000,macmini-m2-macos26.5.2-rust1.97.1-aarch64-20260814-workers4,9d3ab807a08ef4cf1077dbc23213e2314ce37c87,MEASURED,1786752841805898000,load,aegis_bounded_verification_pool,ML-DSA-65,concurrent_verify_burst,workers4_concurrency64,512,65,0,16355417,26022000,11583488,true,accepted=64;saturated=0;unexpected=0,64,64,0,0,3309,0,0,0,0,0,"controlled local burst; wall time includes scoped-thread creation, Aegis policy/transcript processing, bounded-pool admission, primitive verification, and joins; work_units counts accepted verifications only"
local-1786752837727815000,macmini-m2-macos26.5.2-rust1.97.1-aarch64-20260814-workers4,9d3ab807a08ef4cf1077dbc23213e2314ce37c87,MEASURED,1786752841843229000,load,aegis_bounded_verification_pool,ML-DSA-65,concurrent_verify_burst,workers4_concurrency64,512,66,0,16094958,25276000,11583488,true,accepted=64;saturated=0;unexpected=0,64,64,0,0,3309,0,0,0,0,0,"controlled local burst; wall time includes scoped-thread creation, Aegis policy/transcript processing, bounded-pool admission, primitive verification, and joins; work_units counts accepted verifications only"
local-1786752837727815000,macmini-m2-macos26.5.2-rust1.97.1-aarch64-20260814-workers4,9d3ab807a08ef4cf1077dbc23213e2314ce37c87,MEASURED,1786752841884447000,load,aegis_bounded_verification_pool,ML-DSA-65,concurrent_verify_burst,workers4_concurrency64,512,67,0,16326500,25959000,11583488,true,accepted=64;saturated=0;unexpected=0,64,64,0,0,3309,0,0,0,0,0,"controlled local burst; wall time includes scoped-thread creation, Aegis policy/transcript processing, bounded-pool admission, primitive verification, and joins; work_units counts accepted verifications only"
local-1786752837727815000,macmini-m2-macos26.5.2-rust1.97.1-aarch64-20260814-workers4,9d3ab807a08ef4cf1077dbc23213e2314ce37c87,MEASURED,1786752841923409000,load,aegis_bounded_verification_pool,ML-DSA-65,concurrent_verify_burst,workers4_concurrency64,512,68,0,16320375,25593000,11583488,true,accepted=64;saturated=0;unexpected=0,64,64,0,0,3309,0,0,0,0,0,"controlled local burst; wall time includes scoped-thread creation, Aegis policy/transcript processing, bounded-pool admission, primitive verification, and joins; work_units counts accepted verifications only"
local-1786752837727815000,macmini-m2-macos26.5.2-rust1.97.1-aarch64-20260814-workers4,9d3ab807a08ef4cf1077dbc23213e2314ce37c87,MEASURED,1786752841960988000,load,aegis_bounded_verification_pool,ML-DSA-65,concurrent_verify_burst,workers4_concurrency64,512,69,0,16329500,25479000,11583488,true,accepted=64;saturated=0;unexpected=0,64,64,0,0,3309,0,0,0,0,0,"controlled local burst; wall time includes scoped-thread creation, Aegis policy/transcript processing, bounded-pool admission, primitive verification, and joins; work_units counts accepted verifications only"
local-1786752837727815000,macmini-m2-macos26.5.2-rust1.97.1-aarch64-20260814-workers4,9d3ab807a08ef4cf1077dbc23213e2314ce37c87,MEASURED,1786752842000756000,load,aegis_bounded_verification_pool,ML-DSA-65,concurrent_verify_burst,workers4_concurrency64,512,70,0,16172125,26138000,11583488,true,accepted=64;saturated=0;unexpected=0,64,64,0,0,3309,0,0,0,0,0,"controlled local burst; wall time includes scoped-thread creation, Aegis policy/transcript processing, bounded-pool admission, primitive verification, and joins; work_units counts accepted verifications only"
local-1786752837727815000,macmini-m2-macos26.5.2-rust1.97.1-aarch64-20260814-workers4,9d3ab807a08ef4cf1077dbc23213e2314ce37c87,MEASURED,1786752842038599000,load,aegis_bounded_verification_pool,ML-DSA-65,concurrent_verify_burst,workers4_concurrency64,512,71,0,16796375,24761000,11665408,true,accepted=64;saturated=0;unexpected=0,64,64,0,0,3309,0,0,0,0,0,"controlled local burst; wall time includes scoped-thread creation, Aegis policy/transcript processing, bounded-pool admission, primitive verification, and joins; work_units counts accepted verifications only"
local-1786752837727815000,macmini-m2-macos26.5.2-rust1.97.1-aarch64-20260814-workers4,9d3ab807a08ef4cf1077dbc23213e2314ce37c87,MEASURED,1786752842079633000,load,aegis_bounded_verification_pool,ML-DSA-65,concurrent_verify_burst,workers4_concurrency64,512,72,0,16262375,25636000,11665408,true,accepted=64;saturated=0;unexpected=0,64,64,0,0,3309,0,0,0,0,0,"controlled local burst; wall time includes scoped-thread creation, Aegis policy/transcript processing, bounded-pool admission, primitive verification, and joins; work_units counts accepted verifications only"
local-1786752837727815000,macmini-m2-macos26.5.2-rust1.97.1-aarch64-20260814-workers4,9d3ab807a08ef4cf1077dbc23213e2314ce37c87,MEASURED,1786752842120564000,load,aegis_bounded_verification_pool,ML-DSA-65,concurrent_verify_burst,workers4_concurrency64,512,73,0,16306459,25749000,11681792,true,accepted=64;saturated=0;unexpected=0,64,64,0,0,3309,0,0,0,0,0,"controlled local burst; wall time includes scoped-thread creation, Aegis policy/transcript processing, bounded-pool admission, primitive verification, and joins; work_units counts accepted verifications only"
local-1786752837727815000,macmini-m2-macos26.5.2-rust1.97.1-aarch64-20260814-workers4,9d3ab807a08ef4cf1077dbc23213e2314ce37c87,MEASURED,1786752842164081000,load,aegis_bounded_verification_pool,ML-DSA-65,concurrent_verify_burst,workers4_concurrency64,512,74,0,16198125,25177000,11698176,true,accepted=64;saturated=0;unexpected=0,64,64,0,0,3309,0,0,0,0,0,"controlled local burst; wall time includes scoped-thread creation, Aegis policy/transcript processing, bounded-pool admission, primitive verification, and joins; work_units counts accepted verifications only"
local-1786752837727815000,macmini-m2-macos26.5.2-rust1.97.1-aarch64-20260814-workers4,9d3ab807a08ef4cf1077dbc23213e2314ce37c87,MEASURED,1786752842204352000,load,aegis_bounded_verification_pool,ML-DSA-65,concurrent_verify_burst,workers4_concurrency64,512,75,0,16126292,25545000,11698176,true,accepted=64;saturated=0;unexpected=0,64,64,0,0,3309,0,0,0,0,0,"controlled local burst; wall time includes scoped-thread creation, Aegis policy/transcript processing, bounded-pool admission, primitive verification, and joins; work_units counts accepted verifications only"
local-1786752837727815000,macmini-m2-macos26.5.2-rust1.97.1-aarch64-20260814-workers4,9d3ab807a08ef4cf1077dbc23213e2314ce37c87,MEASURED,1786752842241651000,load,aegis_bounded_verification_pool,ML-DSA-65,concurrent_verify_burst,workers4_concurrency64,512,76,0,15894042,25955000,11698176,true,accepted=64;saturated=0;unexpected=0,64,64,0,0,3309,0,0,0,0,0,"controlled local burst; wall time includes scoped-thread creation, Aegis policy/transcript processing, bounded-pool admission, primitive verification, and joins; work_units counts accepted verifications only"
local-1786752837727815000,macmini-m2-macos26.5.2-rust1.97.1-aarch64-20260814-workers4,9d3ab807a08ef4cf1077dbc23213e2314ce37c87,MEASURED,1786752842279421000,load,aegis_bounded_verification_pool,ML-DSA-65,concurrent_verify_burst,workers4_concurrency64,512,77,0,16198417,25716000,11698176,true,accepted=64;saturated=0;unexpected=0,64,64,0,0,3309,0,0,0,0,0,"controlled local burst; wall time includes scoped-thread creation, Aegis policy/transcript processing, bounded-pool admission, primitive verification, and joins; work_units counts accepted verifications only"
local-1786752837727815000,macmini-m2-macos26.5.2-rust1.97.1-aarch64-20260814-workers4,9d3ab807a08ef4cf1077dbc23213e2314ce37c87,MEASURED,1786752842318021000,load,aegis_bounded_verification_pool,ML-DSA-65,concurrent_verify_burst,workers4_concurrency64,512,78,0,16302125,26506000,11698176,true,accepted=64;saturated=0;unexpected=0,64,64,0,0,3309,0,0,0,0,0,"controlled local burst; wall time includes scoped-thread creation, Aegis policy/transcript processing, bounded-pool admission, primitive verification, and joins; work_units counts accepted verifications only"
local-1786752837727815000,macmini-m2-macos26.5.2-rust1.97.1-aarch64-20260814-workers4,9d3ab807a08ef4cf1077dbc23213e2314ce37c87,MEASURED,1786752842354076000,load,aegis_bounded_verification_pool,ML-DSA-65,concurrent_verify_burst,workers4_concurrency64,512,79,0,16596500,26702000,11698176,true,accepted=64;saturated=0;unexpected=0,64,64,0,0,3309,0,0,0,0,0,"controlled local burst; wall time includes scoped-thread creation, Aegis policy/transcript processing, bounded-pool admission, primitive verification, and joins; work_units counts accepted verifications only"
local-1786752837727815000,macmini-m2-macos26.5.2-rust1.97.1-aarch64-20260814-workers4,9d3ab807a08ef4cf1077dbc23213e2314ce37c87,MEASURED,1786752842394210000,load,aegis_bounded_verification_pool,ML-DSA-65,concurrent_verify_burst,workers4_concurrency64,512,80,0,16267459,26028000,11698176,true,accepted=64;saturated=0;unexpected=0,64,64,0,0,3309,0,0,0,0,0,"controlled local burst; wall time includes scoped-thread creation, Aegis policy/transcript processing, bounded-pool admission, primitive verification, and joins; work_units counts accepted verifications only"
local-1786752837727815000,macmini-m2-macos26.5.2-rust1.97.1-aarch64-20260814-workers4,9d3ab807a08ef4cf1077dbc23213e2314ce37c87,MEASURED,1786752842430927000,load,aegis_bounded_verification_pool,ML-DSA-65,concurrent_verify_burst,workers4_concurrency64,512,81,0,16053333,25245000,11698176,true,accepted=64;saturated=0;unexpected=0,64,64,0,0,3309,0,0,0,0,0,"controlled local burst; wall time includes scoped-thread creation, Aegis policy/transcript processing, bounded-pool admission, primitive verification, and joins; work_units counts accepted verifications only"
local-1786752837727815000,macmini-m2-macos26.5.2-rust1.97.1-aarch64-20260814-workers4,9d3ab807a08ef4cf1077dbc23213e2314ce37c87,MEASURED,1786752842469787000,load,aegis_bounded_verification_pool,ML-DSA-65,concurrent_verify_burst,workers4_concurrency64,512,82,0,16139959,25381000,11714560,true,accepted=64;saturated=0;unexpected=0,64,64,0,0,3309,0,0,0,0,0,"controlled local burst; wall time includes scoped-thread creation, Aegis policy/transcript processing, bounded-pool admission, primitive verification, and joins; work_units counts accepted verifications only"
local-1786752837727815000,macmini-m2-macos26.5.2-rust1.97.1-aarch64-20260814-workers4,9d3ab807a08ef4cf1077dbc23213e2314ce37c87,MEASURED,1786752842509120000,load,aegis_bounded_verification_pool,ML-DSA-65,concurrent_verify_burst,workers4_concurrency64,512,83,0,16235333,25873000,11714560,true,accepted=64;saturated=0;unexpected=0,64,64,0,0,3309,0,0,0,0,0,"controlled local burst; wall time includes scoped-thread creation, Aegis policy/transcript processing, bounded-pool admission, primitive verification, and joins; work_units counts accepted verifications only"
local-1786752837727815000,macmini-m2-macos26.5.2-rust1.97.1-aarch64-20260814-workers4,9d3ab807a08ef4cf1077dbc23213e2314ce37c87,MEASURED,1786752842550737000,load,aegis_bounded_verification_pool,ML-DSA-65,concurrent_verify_burst,workers4_concurrency64,512,84,0,16226291,25555000,11714560,true,accepted=64;saturated=0;unexpected=0,64,64,0,0,3309,0,0,0,0,0,"controlled local burst; wall time includes scoped-thread creation, Aegis policy/transcript processing, bounded-pool admission, primitive verification, and joins; work_units counts accepted verifications only"
local-1786752837727815000,macmini-m2-macos26.5.2-rust1.97.1-aarch64-20260814-workers4,9d3ab807a08ef4cf1077dbc23213e2314ce37c87,MEASURED,1786752842589540000,load,aegis_bounded_verification_pool,ML-DSA-65,concurrent_verify_burst,workers4_concurrency64,512,85,0,16072708,26606000,11714560,true,accepted=64;saturated=0;unexpected=0,64,64,0,0,3309,0,0,0,0,0,"controlled local burst; wall time includes scoped-thread creation, Aegis policy/transcript processing, bounded-pool admission, primitive verification, and joins; work_units counts accepted verifications only"
local-1786752837727815000,macmini-m2-macos26.5.2-rust1.97.1-aarch64-20260814-workers4,9d3ab807a08ef4cf1077dbc23213e2314ce37c87,MEASURED,1786752842628842000,load,aegis_bounded_verification_pool,ML-DSA-65,concurrent_verify_burst,workers4_concurrency64,512,86,0,15814042,25369000,11714560,true,accepted=64;saturated=0;unexpected=0,64,64,0,0,3309,0,0,0,0,0,"controlled local burst; wall time includes scoped-thread creation, Aegis policy/transcript processing, bounded-pool admission, primitive verification, and joins; work_units counts accepted verifications only"
local-1786752837727815000,macmini-m2-macos26.5.2-rust1.97.1-aarch64-20260814-workers4,9d3ab807a08ef4cf1077dbc23213e2314ce37c87,MEASURED,1786752842670678000,load,aegis_bounded_verification_pool,ML-DSA-65,concurrent_verify_burst,workers4_concurrency64,512,87,0,16068542,25181000,11714560,true,accepted=64;saturated=0;unexpected=0,64,64,0,0,3309,0,0,0,0,0,"controlled local burst; wall time includes scoped-thread creation, Aegis policy/transcript processing, bounded-pool admission, primitive verification, and joins; work_units counts accepted verifications only"
local-1786752837727815000,macmini-m2-macos26.5.2-rust1.97.1-aarch64-20260814-workers4,9d3ab807a08ef4cf1077dbc23213e2314ce37c87,MEASURED,1786752842710324000,load,aegis_bounded_verification_pool,ML-DSA-65,concurrent_verify_burst,workers4_concurrency64,512,88,0,16225625,25652000,11714560,true,accepted=64;saturated=0;unexpected=0,64,64,0,0,3309,0,0,0,0,0,"controlled local burst; wall time includes scoped-thread creation, Aegis policy/transcript processing, bounded-pool admission, primitive verification, and joins; work_units counts accepted verifications only"
local-1786752837727815000,macmini-m2-macos26.5.2-rust1.97.1-aarch64-20260814-workers4,9d3ab807a08ef4cf1077dbc23213e2314ce37c87,MEASURED,1786752842747453000,load,aegis_bounded_verification_pool,ML-DSA-65,concurrent_verify_burst,workers4_concurrency64,512,89,0,16119250,25209000,11714560,true,accepted=64;saturated=0;unexpected=0,64,64,0,0,3309,0,0,0,0,0,"controlled local burst; wall time includes scoped-thread creation, Aegis policy/transcript processing, bounded-pool admission, primitive verification, and joins; work_units counts accepted verifications only"
local-1786752837727815000,macmini-m2-macos26.5.2-rust1.97.1-aarch64-20260814-workers4,9d3ab807a08ef4cf1077dbc23213e2314ce37c87,MEASURED,1786752842787518000,load,aegis_bounded_verification_pool,ML-DSA-65,concurrent_verify_burst,workers4_concurrency64,512,90,0,16259667,25494000,11714560,true,accepted=64;saturated=0;unexpected=0,64,64,0,0,3309,0,0,0,0,0,"controlled local burst; wall time includes scoped-thread creation, Aegis policy/transcript processing, bounded-pool admission, primitive verification, and joins; work_units counts accepted verifications only"
local-1786752837727815000,macmini-m2-macos26.5.2-rust1.97.1-aarch64-20260814-workers4,9d3ab807a08ef4cf1077dbc23213e2314ce37c87,MEASURED,1786752842823897000,load,aegis_bounded_verification_pool,ML-DSA-65,concurrent_verify_burst,workers4_concurrency64,512,91,0,16283166,25552000,11714560,true,accepted=64;saturated=0;unexpected=0,64,64,0,0,3309,0,0,0,0,0,"controlled local burst; wall time includes scoped-thread creation, Aegis policy/transcript processing, bounded-pool admission, primitive verification, and joins; work_units counts accepted verifications only"
local-1786752837727815000,macmini-m2-macos26.5.2-rust1.97.1-aarch64-20260814-workers4,9d3ab807a08ef4cf1077dbc23213e2314ce37c87,MEASURED,1786752842860801000,load,aegis_bounded_verification_pool,ML-DSA-65,concurrent_verify_burst,workers4_concurrency64,512,92,0,16173166,25867000,11714560,true,accepted=64;saturated=0;unexpected=0,64,64,0,0,3309,0,0,0,0,0,"controlled local burst; wall time includes scoped-thread creation, Aegis policy/transcript processing, bounded-pool admission, primitive verification, and joins; work_units counts accepted verifications only"
local-1786752837727815000,macmini-m2-macos26.5.2-rust1.97.1-aarch64-20260814-workers4,9d3ab807a08ef4cf1077dbc23213e2314ce37c87,MEASURED,1786752842901521000,load,aegis_bounded_verification_pool,ML-DSA-65,concurrent_verify_burst,workers4_concurrency64,512,93,0,15844417,26474000,11714560,true,accepted=64;saturated=0;unexpected=0,64,64,0,0,3309,0,0,0,0,0,"controlled local burst; wall time includes scoped-thread creation, Aegis policy/transcript processing, bounded-pool admission, primitive verification, and joins; work_units counts accepted verifications only"
local-1786752837727815000,macmini-m2-macos26.5.2-rust1.97.1-aarch64-20260814-workers4,9d3ab807a08ef4cf1077dbc23213e2314ce37c87,MEASURED,1786752842940148000,load,aegis_bounded_verification_pool,ML-DSA-65,concurrent_verify_burst,workers4_concurrency64,512,94,0,16131625,25524000,11714560,true,accepted=64;saturated=0;unexpected=0,64,64,0,0,3309,0,0,0,0,0,"controlled local burst; wall time includes scoped-thread creation, Aegis policy/transcript processing, bounded-pool admission, primitive verification, and joins; work_units counts accepted verifications only"
local-1786752837727815000,macmini-m2-macos26.5.2-rust1.97.1-aarch64-20260814-workers4,9d3ab807a08ef4cf1077dbc23213e2314ce37c87,MEASURED,1786752842980902000,load,aegis_bounded_verification_pool,ML-DSA-65,concurrent_verify_burst,workers4_concurrency64,512,95,0,16176208,26255000,11714560,true,accepted=64;saturated=0;unexpected=0,64,64,0,0,3309,0,0,0,0,0,"controlled local burst; wall time includes scoped-thread creation, Aegis policy/transcript processing, bounded-pool admission, primitive verification, and joins; work_units counts accepted verifications only"
local-1786752837727815000,macmini-m2-macos26.5.2-rust1.97.1-aarch64-20260814-workers4,9d3ab807a08ef4cf1077dbc23213e2314ce37c87,MEASURED,1786752843022297000,load,aegis_bounded_verification_pool,ML-DSA-65,concurrent_verify_burst,workers4_concurrency64,512,96,0,16065334,25471000,11714560,true,accepted=64;saturated=0;unexpected=0,64,64,0,0,3309,0,0,0,0,0,"controlled local burst; wall time includes scoped-thread creation, Aegis policy/transcript processing, bounded-pool admission, primitive verification, and joins; work_units counts accepted verifications only"
local-1786752837727815000,macmini-m2-macos26.5.2-rust1.97.1-aarch64-20260814-workers4,9d3ab807a08ef4cf1077dbc23213e2314ce37c87,MEASURED,1786752843061542000,load,aegis_bounded_verification_pool,ML-DSA-65,concurrent_verify_burst,workers4_concurrency64,512,97,0,16682292,27178000,11714560,true,accepted=64;saturated=0;unexpected=0,64,64,0,0,3309,0,0,0,0,0,"controlled local burst; wall time includes scoped-thread creation, Aegis policy/transcript processing, bounded-pool admission, primitive verification, and joins; work_units counts accepted verifications only"
local-1786752837727815000,macmini-m2-macos26.5.2-rust1.97.1-aarch64-20260814-workers4,9d3ab807a08ef4cf1077dbc23213e2314ce37c87,MEASURED,1786752843102695000,load,aegis_bounded_verification_pool,ML-DSA-65,concurrent_verify_burst,workers4_concurrency64,512,98,0,16126708,26839000,11714560,true,accepted=64;saturated=0;unexpected=0,64,64,0,0,3309,0,0,0,0,0,"controlled local burst; wall time includes scoped-thread creation, Aegis policy/transcript processing, bounded-pool admission, primitive verification, and joins; work_units counts accepted verifications only"
local-1786752837727815000,macmini-m2-macos26.5.2-rust1.97.1-aarch64-20260814-workers4,9d3ab807a08ef4cf1077dbc23213e2314ce37c87,MEASURED,1786752843141315000,load,aegis_bounded_verification_pool,ML-DSA-65,concurrent_verify_burst,workers4_concurrency64,512,99,0,16196417,25806000,11714560,true,accepted=64;saturated=0;unexpected=0,64,64,0,0,3309,0,0,0,0,0,"controlled local burst; wall time includes scoped-thread creation, Aegis policy/transcript processing, bounded-pool admission, primitive verification, and joins; work_units counts accepted verifications only"
local-1786752837727815000,macmini-m2-macos26.5.2-rust1.97.1-aarch64-20260814-workers4,9d3ab807a08ef4cf1077dbc23213e2314ce37c87,MEASURED,1786752843181722000,load,aegis_bounded_verification_pool,ML-DSA-65,concurrent_verify_burst,workers4_concurrency65,512,0,0,16553250,26167000,11829248,true,accepted=65;saturated=0;unexpected=0,65,65,0,0,3309,0,0,0,0,0,"controlled local burst; wall time includes scoped-thread creation, Aegis policy/transcript processing, bounded-pool admission, primitive verification, and joins; work_units counts accepted verifications only"
local-1786752837727815000,macmini-m2-macos26.5.2-rust1.97.1-aarch64-20260814-workers4,9d3ab807a08ef4cf1077dbc23213e2314ce37c87,MEASURED,1786752843223834000,load,aegis_bounded_verification_pool,ML-DSA-65,concurrent_verify_burst,workers4_concurrency65,512,1,0,16273500,25961000,11829248,true,accepted=65;saturated=0;unexpected=0,65,65,0,0,3309,0,0,0,0,0,"controlled local burst; wall time includes scoped-thread creation, Aegis policy/transcript processing, bounded-pool admission, primitive verification, and joins; work_units counts accepted verifications only"
local-1786752837727815000,macmini-m2-macos26.5.2-rust1.97.1-aarch64-20260814-workers4,9d3ab807a08ef4cf1077dbc23213e2314ce37c87,MEASURED,1786752843262279000,load,aegis_bounded_verification_pool,ML-DSA-65,concurrent_verify_burst,workers4_concurrency65,512,2,0,16310208,25791000,11829248,true,accepted=65;saturated=0;unexpected=0,65,65,0,0,3309,0,0,0,0,0,"controlled local burst; wall time includes scoped-thread creation, Aegis policy/transcript processing, bounded-pool admission, primitive verification, and joins; work_units counts accepted verifications only"
local-1786752837727815000,macmini-m2-macos26.5.2-rust1.97.1-aarch64-20260814-workers4,9d3ab807a08ef4cf1077dbc23213e2314ce37c87,MEASURED,1786752843301544000,load,aegis_bounded_verification_pool,ML-DSA-65,concurrent_verify_burst,workers4_concurrency65,512,3,0,16636500,26442000,11829248,true,accepted=65;saturated=0;unexpected=0,65,65,0,0,3309,0,0,0,0,0,"controlled local burst; wall time includes scoped-thread creation, Aegis policy/transcript processing, bounded-pool admission, primitive verification, and joins; work_units counts accepted verifications only"
local-1786752837727815000,macmini-m2-macos26.5.2-rust1.97.1-aarch64-20260814-workers4,9d3ab807a08ef4cf1077dbc23213e2314ce37c87,MEASURED,1786752843343187000,load,aegis_bounded_verification_pool,ML-DSA-65,concurrent_verify_burst,workers4_concurrency65,512,4,0,16566000,26148000,11845632,true,accepted=65;saturated=0;unexpected=0,65,65,0,0,3309,0,0,0,0,0,"controlled local burst; wall time includes scoped-thread creation, Aegis policy/transcript processing, bounded-pool admission, primitive verification, and joins; work_units counts accepted verifications only"
local-1786752837727815000,macmini-m2-macos26.5.2-rust1.97.1-aarch64-20260814-workers4,9d3ab807a08ef4cf1077dbc23213e2314ce37c87,MEASURED,1786752843382813000,load,aegis_bounded_verification_pool,ML-DSA-65,concurrent_verify_burst,workers4_concurrency65,512,5,0,16428708,26317000,11845632,true,accepted=65;saturated=0;unexpected=0,65,65,0,0,3309,0,0,0,0,0,"controlled local burst; wall time includes scoped-thread creation, Aegis policy/transcript processing, bounded-pool admission, primitive verification, and joins; work_units counts accepted verifications only"
local-1786752837727815000,macmini-m2-macos26.5.2-rust1.97.1-aarch64-20260814-workers4,9d3ab807a08ef4cf1077dbc23213e2314ce37c87,MEASURED,1786752843420844000,load,aegis_bounded_verification_pool,ML-DSA-65,concurrent_verify_burst,workers4_concurrency65,512,6,0,16169250,25790000,11845632,true,accepted=65;saturated=0;unexpected=0,65,65,0,0,3309,0,0,0,0,0,"controlled local burst; wall time includes scoped-thread creation, Aegis policy/transcript processing, bounded-pool admission, primitive verification, and joins; work_units counts accepted verifications only"
local-1786752837727815000,macmini-m2-macos26.5.2-rust1.97.1-aarch64-20260814-workers4,9d3ab807a08ef4cf1077dbc23213e2314ce37c87,MEASURED,1786752843462681000,load,aegis_bounded_verification_pool,ML-DSA-65,concurrent_verify_burst,workers4_concurrency65,512,7,0,16353958,25498000,11845632,true,accepted=65;saturated=0;unexpected=0,65,65,0,0,3309,0,0,0,0,0,"controlled local burst; wall time includes scoped-thread creation, Aegis policy/transcript processing, bounded-pool admission, primitive verification, and joins; work_units counts accepted verifications only"
local-1786752837727815000,macmini-m2-macos26.5.2-rust1.97.1-aarch64-20260814-workers4,9d3ab807a08ef4cf1077dbc23213e2314ce37c87,MEASURED,1786752843502958000,load,aegis_bounded_verification_pool,ML-DSA-65,concurrent_verify_burst,workers4_concurrency65,512,8,0,16640708,26257000,11845632,true,accepted=65;saturated=0;unexpected=0,65,65,0,0,3309,0,0,0,0,0,"controlled local burst; wall time includes scoped-thread creation, Aegis policy/transcript processing, bounded-pool admission, primitive verification, and joins; work_units counts accepted verifications only"
local-1786752837727815000,macmini-m2-macos26.5.2-rust1.97.1-aarch64-20260814-workers4,9d3ab807a08ef4cf1077dbc23213e2314ce37c87,MEASURED,1786752843545264000,load,aegis_bounded_verification_pool,ML-DSA-65,concurrent_verify_burst,workers4_concurrency65,512,9,0,16523500,26008000,11845632,true,accepted=65;saturated=0;unexpected=0,65,65,0,0,3309,0,0,0,0,0,"controlled local burst; wall time includes scoped-thread creation, Aegis policy/transcript processing, bounded-pool admission, primitive verification, and joins; work_units counts accepted verifications only"
local-1786752837727815000,macmini-m2-macos26.5.2-rust1.97.1-aarch64-20260814-workers4,9d3ab807a08ef4cf1077dbc23213e2314ce37c87,MEASURED,1786752843581723000,load,aegis_bounded_verification_pool,ML-DSA-65,concurrent_verify_burst,workers4_concurrency65,512,10,0,16668166,25974000,11845632,true,accepted=65;saturated=0;unexpected=0,65,65,0,0,3309,0,0,0,0,0,"controlled local burst; wall time includes scoped-thread creation, Aegis policy/transcript processing, bounded-pool admission, primitive verification, and joins; work_units counts accepted verifications only"
local-1786752837727815000,macmini-m2-macos26.5.2-rust1.97.1-aarch64-20260814-workers4,9d3ab807a08ef4cf1077dbc23213e2314ce37c87,MEASURED,1786752843622256000,load,aegis_bounded_verification_pool,ML-DSA-65,concurrent_verify_burst,workers4_concurrency65,512,11,0,16324583,25794000,11845632,true,accepted=65;saturated=0;unexpected=0,65,65,0,0,3309,0,0,0,0,0,"controlled local burst; wall time includes scoped-thread creation, Aegis policy/transcript processing, bounded-pool admission, primitive verification, and joins; work_units counts accepted verifications only"
local-1786752837727815000,macmini-m2-macos26.5.2-rust1.97.1-aarch64-20260814-workers4,9d3ab807a08ef4cf1077dbc23213e2314ce37c87,MEASURED,1786752843660742000,load,aegis_bounded_verification_pool,ML-DSA-65,concurrent_verify_burst,workers4_concurrency65,512,12,0,16335542,25930000,11845632,true,accepted=65;saturated=0;unexpected=0,65,65,0,0,3309,0,0,0,0,0,"controlled local burst; wall time includes scoped-thread creation, Aegis policy/transcript processing, bounded-pool admission, primitive verification, and joins; work_units counts accepted verifications only"
local-1786752837727815000,macmini-m2-macos26.5.2-rust1.97.1-aarch64-20260814-workers4,9d3ab807a08ef4cf1077dbc23213e2314ce37c87,MEASURED,1786752843702903000,load,aegis_bounded_verification_pool,ML-DSA-65,concurrent_verify_burst,workers4_concurrency65,512,13,0,16171000,26297000,11845632,true,accepted=65;saturated=0;unexpected=0,65,65,0,0,3309,0,0,0,0,0,"controlled local burst; wall time includes scoped-thread creation, Aegis policy/transcript processing, bounded-pool admission, primitive verification, and joins; work_units counts accepted verifications only"
local-1786752837727815000,macmini-m2-macos26.5.2-rust1.97.1-aarch64-20260814-workers4,9d3ab807a08ef4cf1077dbc23213e2314ce37c87,MEASURED,1786752843742108000,load,aegis_bounded_verification_pool,ML-DSA-65,concurrent_verify_burst,workers4_concurrency65,512,14,0,16113708,26316000,11845632,true,accepted=65;saturated=0;unexpected=0,65,65,0,0,3309,0,0,0,0,0,"controlled local burst; wall time includes scoped-thread creation, Aegis policy/transcript processing, bounded-pool admission, primitive verification, and joins; work_units counts accepted verifications only"
local-1786752837727815000,macmini-m2-macos26.5.2-rust1.97.1-aarch64-20260814-workers4,9d3ab807a08ef4cf1077dbc23213e2314ce37c87,MEASURED,1786752843782300000,load,aegis_bounded_verification_pool,ML-DSA-65,concurrent_verify_burst,workers4_concurrency65,512,15,0,16352167,25702000,11845632,true,accepted=65;saturated=0;unexpected=0,65,65,0,0,3309,0,0,0,0,0,"controlled local burst; wall time includes scoped-thread creation, Aegis policy/transcript processing, bounded-pool admission, primitive verification, and joins; work_units counts accepted verifications only"
local-1786752837727815000,macmini-m2-macos26.5.2-rust1.97.1-aarch64-20260814-workers4,9d3ab807a08ef4cf1077dbc23213e2314ce37c87,MEASURED,1786752843823970000,load,aegis_bounded_verification_pool,ML-DSA-65,concurrent_verify_burst,workers4_concurrency65,512,16,0,16472375,25710000,11845632,true,accepted=65;saturated=0;unexpected=0,65,65,0,0,3309,0,0,0,0,0,"controlled local burst; wall time includes scoped-thread creation, Aegis policy/transcript processing, bounded-pool admission, primitive verification, and joins; work_units counts accepted verifications only"
local-1786752837727815000,macmini-m2-macos26.5.2-rust1.97.1-aarch64-20260814-workers4,9d3ab807a08ef4cf1077dbc23213e2314ce37c87,MEASURED,1786752843864113000,load,aegis_bounded_verification_pool,ML-DSA-65,concurrent_verify_burst,workers4_concurrency65,512,17,0,16603959,26441000,11845632,true,accepted=65;saturated=0;unexpected=0,65,65,0,0,3309,0,0,0,0,0,"controlled local burst; wall time includes scoped-thread creation, Aegis policy/transcript processing, bounded-pool admission, primitive verification, and joins; work_units counts accepted verifications only"
local-1786752837727815000,macmini-m2-macos26.5.2-rust1.97.1-aarch64-20260814-workers4,9d3ab807a08ef4cf1077dbc23213e2314ce37c87,MEASURED,1786752843903830000,load,aegis_bounded_verification_pool,ML-DSA-65,concurrent_verify_burst,workers4_concurrency65,512,18,0,16346084,26157000,11845632,true,accepted=65;saturated=0;unexpected=0,65,65,0,0,3309,0,0,0,0,0,"controlled local burst; wall time includes scoped-thread creation, Aegis policy/transcript processing, bounded-pool admission, primitive verification, and joins; work_units counts accepted verifications only"
local-1786752837727815000,macmini-m2-macos26.5.2-rust1.97.1-aarch64-20260814-workers4,9d3ab807a08ef4cf1077dbc23213e2314ce37c87,MEASURED,1786752843945258000,load,aegis_bounded_verification_pool,ML-DSA-65,concurrent_verify_burst,workers4_concurrency65,512,19,0,16503458,25480000,11845632,true,accepted=65;saturated=0;unexpected=0,65,65,0,0,3309,0,0,0,0,0,"controlled local burst; wall time includes scoped-thread creation, Aegis policy/transcript processing, bounded-pool admission, primitive verification, and joins; work_units counts accepted verifications only"
local-1786752837727815000,macmini-m2-macos26.5.2-rust1.97.1-aarch64-20260814-workers4,9d3ab807a08ef4cf1077dbc23213e2314ce37c87,MEASURED,1786752843985358000,load,aegis_bounded_verification_pool,ML-DSA-65,concurrent_verify_burst,workers4_concurrency65,512,20,0,16492042,26512000,11845632,true,accepted=65;saturated=0;unexpected=0,65,65,0,0,3309,0,0,0,0,0,"controlled local burst; wall time includes scoped-thread creation, Aegis policy/transcript processing, bounded-pool admission, primitive verification, and joins; work_units counts accepted verifications only"
local-1786752837727815000,macmini-m2-macos26.5.2-rust1.97.1-aarch64-20260814-workers4,9d3ab807a08ef4cf1077dbc23213e2314ce37c87,MEASURED,1786752844026904000,load,aegis_bounded_verification_pool,ML-DSA-65,concurrent_verify_burst,workers4_concurrency65,512,21,0,16237292,26556000,11862016,true,accepted=65;saturated=0;unexpected=0,65,65,0,0,3309,0,0,0,0,0,"controlled local burst; wall time includes scoped-thread creation, Aegis policy/transcript processing, bounded-pool admission, primitive verification, and joins; work_units counts accepted verifications only"
local-1786752837727815000,macmini-m2-macos26.5.2-rust1.97.1-aarch64-20260814-workers4,9d3ab807a08ef4cf1077dbc23213e2314ce37c87,MEASURED,1786752844067238000,load,aegis_bounded_verification_pool,ML-DSA-65,concurrent_verify_burst,workers4_concurrency65,512,22,0,16393000,26980000,11862016,true,accepted=65;saturated=0;unexpected=0,65,65,0,0,3309,0,0,0,0,0,"controlled local burst; wall time includes scoped-thread creation, Aegis policy/transcript processing, bounded-pool admission, primitive verification, and joins; work_units counts accepted verifications only"
local-1786752837727815000,macmini-m2-macos26.5.2-rust1.97.1-aarch64-20260814-workers4,9d3ab807a08ef4cf1077dbc23213e2314ce37c87,MEASURED,1786752844107604000,load,aegis_bounded_verification_pool,ML-DSA-65,concurrent_verify_burst,workers4_concurrency65,512,23,0,16486167,26020000,11862016,true,accepted=65;saturated=0;unexpected=0,65,65,0,0,3309,0,0,0,0,0,"controlled local burst; wall time includes scoped-thread creation, Aegis policy/transcript processing, bounded-pool admission, primitive verification, and joins; work_units counts accepted verifications only"
local-1786752837727815000,macmini-m2-macos26.5.2-rust1.97.1-aarch64-20260814-workers4,9d3ab807a08ef4cf1077dbc23213e2314ce37c87,MEASURED,1786752844145146000,load,aegis_bounded_verification_pool,ML-DSA-65,concurrent_verify_burst,workers4_concurrency65,512,24,0,16257792,26234000,11878400,true,accepted=65;saturated=0;unexpected=0,65,65,0,0,3309,0,0,0,0,0,"controlled local burst; wall time includes scoped-thread creation, Aegis policy/transcript processing, bounded-pool admission, primitive verification, and joins; work_units counts accepted verifications only"
local-1786752837727815000,macmini-m2-macos26.5.2-rust1.97.1-aarch64-20260814-workers4,9d3ab807a08ef4cf1077dbc23213e2314ce37c87,MEASURED,1786752844185076000,load,aegis_bounded_verification_pool,ML-DSA-65,concurrent_verify_burst,workers4_concurrency65,512,25,0,16501042,25567000,11878400,true,accepted=65;saturated=0;unexpected=0,65,65,0,0,3309,0,0,0,0,0,"controlled local burst; wall time includes scoped-thread creation, Aegis policy/transcript processing, bounded-pool admission, primitive verification, and joins; work_units counts accepted verifications only"
local-1786752837727815000,macmini-m2-macos26.5.2-rust1.97.1-aarch64-20260814-workers4,9d3ab807a08ef4cf1077dbc23213e2314ce37c87,MEASURED,1786752844224561000,load,aegis_bounded_verification_pool,ML-DSA-65,concurrent_verify_burst,workers4_concurrency65,512,26,0,16402291,25897000,11878400,true,accepted=65;saturated=0;unexpected=0,65,65,0,0,3309,0,0,0,0,0,"controlled local burst; wall time includes scoped-thread creation, Aegis policy/transcript processing, bounded-pool admission, primitive verification, and joins; work_units counts accepted verifications only"
local-1786752837727815000,macmini-m2-macos26.5.2-rust1.97.1-aarch64-20260814-workers4,9d3ab807a08ef4cf1077dbc23213e2314ce37c87,MEASURED,1786752844264394000,load,aegis_bounded_verification_pool,ML-DSA-65,concurrent_verify_burst,workers4_concurrency65,512,27,0,16761875,26225000,11878400,true,accepted=65;saturated=0;unexpected=0,65,65,0,0,3309,0,0,0,0,0,"controlled local burst; wall time includes scoped-thread creation, Aegis policy/transcript processing, bounded-pool admission, primitive verification, and joins; work_units counts accepted verifications only"
local-1786752837727815000,macmini-m2-macos26.5.2-rust1.97.1-aarch64-20260814-workers4,9d3ab807a08ef4cf1077dbc23213e2314ce37c87,MEASURED,1786752844302352000,load,aegis_bounded_verification_pool,ML-DSA-65,concurrent_verify_burst,workers4_concurrency65,512,28,0,16388542,25654000,11878400,true,accepted=65;saturated=0;unexpected=0,65,65,0,0,3309,0,0,0,0,0,"controlled local burst; wall time includes scoped-thread creation, Aegis policy/transcript processing, bounded-pool admission, primitive verification, and joins; work_units counts accepted verifications only"
local-1786752837727815000,macmini-m2-macos26.5.2-rust1.97.1-aarch64-20260814-workers4,9d3ab807a08ef4cf1077dbc23213e2314ce37c87,MEASURED,1786752844340649000,load,aegis_bounded_verification_pool,ML-DSA-65,concurrent_verify_burst,workers4_concurrency65,512,29,0,16395375,26381000,11878400,true,accepted=65;saturated=0;unexpected=0,65,65,0,0,3309,0,0,0,0,0,"controlled local burst; wall time includes scoped-thread creation, Aegis policy/transcript processing, bounded-pool admission, primitive verification, and joins; work_units counts accepted verifications only"
local-1786752837727815000,macmini-m2-macos26.5.2-rust1.97.1-aarch64-20260814-workers4,9d3ab807a08ef4cf1077dbc23213e2314ce37c87,MEASURED,1786752844382465000,load,aegis_bounded_verification_pool,ML-DSA-65,concurrent_verify_burst,workers4_concurrency65,512,30,0,16020667,26500000,11878400,true,accepted=65;saturated=0;unexpected=0,65,65,0,0,3309,0,0,0,0,0,"controlled local burst; wall time includes scoped-thread creation, Aegis policy/transcript processing, bounded-pool admission, primitive verification, and joins; work_units counts accepted verifications only"
local-1786752837727815000,macmini-m2-macos26.5.2-rust1.97.1-aarch64-20260814-workers4,9d3ab807a08ef4cf1077dbc23213e2314ce37c87,MEASURED,1786752844419931000,load,aegis_bounded_verification_pool,ML-DSA-65,concurrent_verify_burst,workers4_concurrency65,512,31,0,16415541,26061000,11878400,true,accepted=65;saturated=0;unexpected=0,65,65,0,0,3309,0,0,0,0,0,"controlled local burst; wall time includes scoped-thread creation, Aegis policy/transcript processing, bounded-pool admission, primitive verification, and joins; work_units counts accepted verifications only"
local-1786752837727815000,macmini-m2-macos26.5.2-rust1.97.1-aarch64-20260814-workers4,9d3ab807a08ef4cf1077dbc23213e2314ce37c87,MEASURED,1786752844460571000,load,aegis_bounded_verification_pool,ML-DSA-65,concurrent_verify_burst,workers4_concurrency65,512,32,0,16377167,25804000,11878400,true,accepted=65;saturated=0;unexpected=0,65,65,0,0,3309,0,0,0,0,0,"controlled local burst; wall time includes scoped-thread creation, Aegis policy/transcript processing, bounded-pool admission, primitive verification, and joins; work_units counts accepted verifications only"
local-1786752837727815000,macmini-m2-macos26.5.2-rust1.97.1-aarch64-20260814-workers4,9d3ab807a08ef4cf1077dbc23213e2314ce37c87,MEASURED,1786752844503277000,load,aegis_bounded_verification_pool,ML-DSA-65,concurrent_verify_burst,workers4_concurrency65,512,33,0,16519792,26382000,11878400,true,accepted=65;saturated=0;unexpected=0,65,65,0,0,3309,0,0,0,0,0,"controlled local burst; wall time includes scoped-thread creation, Aegis policy/transcript processing, bounded-pool admission, primitive verification, and joins; work_units counts accepted verifications only"
local-1786752837727815000,macmini-m2-macos26.5.2-rust1.97.1-aarch64-20260814-workers4,9d3ab807a08ef4cf1077dbc23213e2314ce37c87,MEASURED,1786752844544469000,load,aegis_bounded_verification_pool,ML-DSA-65,concurrent_verify_burst,workers4_concurrency65,512,34,0,16440583,26221000,11878400,true,accepted=65;saturated=0;unexpected=0,65,65,0,0,3309,0,0,0,0,0,"controlled local burst; wall time includes scoped-thread creation, Aegis policy/transcript processing, bounded-pool admission, primitive verification, and joins; work_units counts accepted verifications only"
local-1786752837727815000,macmini-m2-macos26.5.2-rust1.97.1-aarch64-20260814-workers4,9d3ab807a08ef4cf1077dbc23213e2314ce37c87,MEASURED,1786752844586076000,load,aegis_bounded_verification_pool,ML-DSA-65,concurrent_verify_burst,workers4_concurrency65,512,35,0,16602208,26191000,11878400,true,accepted=65;saturated=0;unexpected=0,65,65,0,0,3309,0,0,0,0,0,"controlled local burst; wall time includes scoped-thread creation, Aegis policy/transcript processing, bounded-pool admission, primitive verification, and joins; work_units counts accepted verifications only"
local-1786752837727815000,macmini-m2-macos26.5.2-rust1.97.1-aarch64-20260814-workers4,9d3ab807a08ef4cf1077dbc23213e2314ce37c87,MEASURED,1786752844625443000,load,aegis_bounded_verification_pool,ML-DSA-65,concurrent_verify_burst,workers4_concurrency65,512,36,0,16104875,25628000,11878400,true,accepted=65;saturated=0;unexpected=0,65,65,0,0,3309,0,0,0,0,0,"controlled local burst; wall time includes scoped-thread creation, Aegis policy/transcript processing, bounded-pool admission, primitive verification, and joins; work_units counts accepted verifications only"
local-1786752837727815000,macmini-m2-macos26.5.2-rust1.97.1-aarch64-20260814-workers4,9d3ab807a08ef4cf1077dbc23213e2314ce37c87,MEASURED,1786752844663631000,load,aegis_bounded_verification_pool,ML-DSA-65,concurrent_verify_burst,workers4_concurrency65,512,37,0,16444250,26035000,11878400,true,accepted=65;saturated=0;unexpected=0,65,65,0,0,3309,0,0,0,0,0,"controlled local burst; wall time includes scoped-thread creation, Aegis policy/transcript processing, bounded-pool admission, primitive verification, and joins; work_units counts accepted verifications only"
local-1786752837727815000,macmini-m2-macos26.5.2-rust1.97.1-aarch64-20260814-workers4,9d3ab807a08ef4cf1077dbc23213e2314ce37c87,MEASURED,1786752844700430000,load,aegis_bounded_verification_pool,ML-DSA-65,concurrent_verify_burst,workers4_concurrency65,512,38,0,15930500,26822000,11878400,true,accepted=65;saturated=0;unexpected=0,65,65,0,0,3309,0,0,0,0,0,"controlled local burst; wall time includes scoped-thread creation, Aegis policy/transcript processing, bounded-pool admission, primitive verification, and joins; work_units counts accepted verifications only"
local-1786752837727815000,macmini-m2-macos26.5.2-rust1.97.1-aarch64-20260814-workers4,9d3ab807a08ef4cf1077dbc23213e2314ce37c87,MEASURED,1786752844740153000,load,aegis_bounded_verification_pool,ML-DSA-65,concurrent_verify_burst,workers4_concurrency65,512,39,0,16499041,25359000,11878400,true,accepted=65;saturated=0;unexpected=0,65,65,0,0,3309,0,0,0,0,0,"controlled local burst; wall time includes scoped-thread creation, Aegis policy/transcript processing, bounded-pool admission, primitive verification, and joins; work_units counts accepted verifications only"
local-1786752837727815000,macmini-m2-macos26.5.2-rust1.97.1-aarch64-20260814-workers4,9d3ab807a08ef4cf1077dbc23213e2314ce37c87,MEASURED,1786752844781821000,load,aegis_bounded_verification_pool,ML-DSA-65,concurrent_verify_burst,workers4_concurrency65,512,40,0,16331667,25822000,11878400,true,accepted=65;saturated=0;unexpected=0,65,65,0,0,3309,0,0,0,0,0,"controlled local burst; wall time includes scoped-thread creation, Aegis policy/transcript processing, bounded-pool admission, primitive verification, and joins; work_units counts accepted verifications only"
local-1786752837727815000,macmini-m2-macos26.5.2-rust1.97.1-aarch64-20260814-workers4,9d3ab807a08ef4cf1077dbc23213e2314ce37c87,MEASURED,1786752844821229000,load,aegis_bounded_verification_pool,ML-DSA-65,concurrent_verify_burst,workers4_concurrency65,512,41,0,15956125,25665000,11878400,true,accepted=65;saturated=0;unexpected=0,65,65,0,0,3309,0,0,0,0,0,"controlled local burst; wall time includes scoped-thread creation, Aegis policy/transcript processing, bounded-pool admission, primitive verification, and joins; work_units counts accepted verifications only"
local-1786752837727815000,macmini-m2-macos26.5.2-rust1.97.1-aarch64-20260814-workers4,9d3ab807a08ef4cf1077dbc23213e2314ce37c87,MEASURED,1786752844858952000,load,aegis_bounded_verification_pool,ML-DSA-65,concurrent_verify_burst,workers4_concurrency65,512,42,0,16255792,25756000,11878400,true,accepted=65;saturated=0;unexpected=0,65,65,0,0,3309,0,0,0,0,0,"controlled local burst; wall time includes scoped-thread creation, Aegis policy/transcript processing, bounded-pool admission, primitive verification, and joins; work_units counts accepted verifications only"
local-1786752837727815000,macmini-m2-macos26.5.2-rust1.97.1-aarch64-20260814-workers4,9d3ab807a08ef4cf1077dbc23213e2314ce37c87,MEASURED,1786752844901919000,load,aegis_bounded_verification_pool,ML-DSA-65,concurrent_verify_burst,workers4_concurrency65,512,43,0,16586458,26308000,11878400,true,accepted=65;saturated=0;unexpected=0,65,65,0,0,3309,0,0,0,0,0,"controlled local burst; wall time includes scoped-thread creation, Aegis policy/transcript processing, bounded-pool admission, primitive verification, and joins; work_units counts accepted verifications only"
local-1786752837727815000,macmini-m2-macos26.5.2-rust1.97.1-aarch64-20260814-workers4,9d3ab807a08ef4cf1077dbc23213e2314ce37c87,MEASURED,1786752844939871000,load,aegis_bounded_verification_pool,ML-DSA-65,concurrent_verify_burst,workers4_concurrency65,512,44,0,16490792,26495000,11878400,true,accepted=65;saturated=0;unexpected=0,65,65,0,0,3309,0,0,0,0,0,"controlled local burst; wall time includes scoped-thread creation, Aegis policy/transcript processing, bounded-pool admission, primitive verification, and joins; work_units counts accepted verifications only"
local-1786752837727815000,macmini-m2-macos26.5.2-rust1.97.1-aarch64-20260814-workers4,9d3ab807a08ef4cf1077dbc23213e2314ce37c87,MEASURED,1786752844978954000,load,aegis_bounded_verification_pool,ML-DSA-65,concurrent_verify_burst,workers4_concurrency65,512,45,0,16442625,26579000,11878400,true,accepted=65;saturated=0;unexpected=0,65,65,0,0,3309,0,0,0,0,0,"controlled local burst; wall time includes scoped-thread creation, Aegis policy/transcript processing, bounded-pool admission, primitive verification, and joins; work_units counts accepted verifications only"
local-1786752837727815000,macmini-m2-macos26.5.2-rust1.97.1-aarch64-20260814-workers4,9d3ab807a08ef4cf1077dbc23213e2314ce37c87,MEASURED,1786752845022217000,load,aegis_bounded_verification_pool,ML-DSA-65,concurrent_verify_burst,workers4_concurrency65,512,46,0,16954916,23806000,11878400,true,accepted=64;saturated=1;unexpected=0,64,65,0,0,3309,0,0,0,0,0,"controlled local burst; wall time includes scoped-thread creation, Aegis policy/transcript processing, bounded-pool admission, primitive verification, and joins; work_units counts accepted verifications only"
local-1786752837727815000,macmini-m2-macos26.5.2-rust1.97.1-aarch64-20260814-workers4,9d3ab807a08ef4cf1077dbc23213e2314ce37c87,MEASURED,1786752845063305000,load,aegis_bounded_verification_pool,ML-DSA-65,concurrent_verify_burst,workers4_concurrency65,512,47,0,16592542,27023000,11878400,true,accepted=65;saturated=0;unexpected=0,65,65,0,0,3309,0,0,0,0,0,"controlled local burst; wall time includes scoped-thread creation, Aegis policy/transcript processing, bounded-pool admission, primitive verification, and joins; work_units counts accepted verifications only"
local-1786752837727815000,macmini-m2-macos26.5.2-rust1.97.1-aarch64-20260814-workers4,9d3ab807a08ef4cf1077dbc23213e2314ce37c87,MEASURED,1786752845107043000,load,aegis_bounded_verification_pool,ML-DSA-65,concurrent_verify_burst,workers4_concurrency65,512,48,0,16636625,26522000,11878400,true,accepted=65;saturated=0;unexpected=0,65,65,0,0,3309,0,0,0,0,0,"controlled local burst; wall time includes scoped-thread creation, Aegis policy/transcript processing, bounded-pool admission, primitive verification, and joins; work_units counts accepted verifications only"
local-1786752837727815000,macmini-m2-macos26.5.2-rust1.97.1-aarch64-20260814-workers4,9d3ab807a08ef4cf1077dbc23213e2314ce37c87,MEASURED,1786752845146665000,load,aegis_bounded_verification_pool,ML-DSA-65,concurrent_verify_burst,workers4_concurrency65,512,49,0,16433875,26711000,11878400,true,accepted=65;saturated=0;unexpected=0,65,65,0,0,3309,0,0,0,0,0,"controlled local burst; wall time includes scoped-thread creation, Aegis policy/transcript processing, bounded-pool admission, primitive verification, and joins; work_units counts accepted verifications only"
local-1786752837727815000,macmini-m2-macos26.5.2-rust1.97.1-aarch64-20260814-workers4,9d3ab807a08ef4cf1077dbc23213e2314ce37c87,MEASURED,1786752845187272000,load,aegis_bounded_verification_pool,ML-DSA-65,concurrent_verify_burst,workers4_concurrency65,512,50,0,16509791,26574000,11878400,true,accepted=65;saturated=0;unexpected=0,65,65,0,0,3309,0,0,0,0,0,"controlled local burst; wall time includes scoped-thread creation, Aegis policy/transcript processing, bounded-pool admission, primitive verification, and joins; work_units counts accepted verifications only"
local-1786752837727815000,macmini-m2-macos26.5.2-rust1.97.1-aarch64-20260814-workers4,9d3ab807a08ef4cf1077dbc23213e2314ce37c87,MEASURED,1786752845222756000,load,aegis_bounded_verification_pool,ML-DSA-65,concurrent_verify_burst,workers4_concurrency65,512,51,0,16327000,26216000,11878400,true,accepted=65;saturated=0;unexpected=0,65,65,0,0,3309,0,0,0,0,0,"controlled local burst; wall time includes scoped-thread creation, Aegis policy/transcript processing, bounded-pool admission, primitive verification, and joins; work_units counts accepted verifications only"
local-1786752837727815000,macmini-m2-macos26.5.2-rust1.97.1-aarch64-20260814-workers4,9d3ab807a08ef4cf1077dbc23213e2314ce37c87,MEASURED,1786752845263358000,load,aegis_bounded_verification_pool,ML-DSA-65,concurrent_verify_burst,workers4_concurrency65,512,52,0,16391750,26391000,11878400,true,accepted=65;saturated=0;unexpected=0,65,65,0,0,3309,0,0,0,0,0,"controlled local burst; wall time includes scoped-thread creation, Aegis policy/transcript processing, bounded-pool admission, primitive verification, and joins; work_units counts accepted verifications only"
local-1786752837727815000,macmini-m2-macos26.5.2-rust1.97.1-aarch64-20260814-workers4,9d3ab807a08ef4cf1077dbc23213e2314ce37c87,MEASURED,1786752845302844000,load,aegis_bounded_verification_pool,ML-DSA-65,concurrent_verify_burst,workers4_concurrency65,512,53,0,16383750,25644000,11878400,true,accepted=65;saturated=0;unexpected=0,65,65,0,0,3309,0,0,0,0,0,"controlled local burst; wall time includes scoped-thread creation, Aegis policy/transcript processing, bounded-pool admission, primitive verification, and joins; work_units counts accepted verifications only"
local-1786752837727815000,macmini-m2-macos26.5.2-rust1.97.1-aarch64-20260814-workers4,9d3ab807a08ef4cf1077dbc23213e2314ce37c87,MEASURED,1786752845344428000,load,aegis_bounded_verification_pool,ML-DSA-65,concurrent_verify_burst,workers4_concurrency65,512,54,0,16278625,25703000,11878400,true,accepted=65;saturated=0;unexpected=0,65,65,0,0,3309,0,0,0,0,0,"controlled local burst; wall time includes scoped-thread creation, Aegis policy/transcript processing, bounded-pool admission, primitive verification, and joins; work_units counts accepted verifications only"
local-1786752837727815000,macmini-m2-macos26.5.2-rust1.97.1-aarch64-20260814-workers4,9d3ab807a08ef4cf1077dbc23213e2314ce37c87,MEASURED,1786752845384650000,load,aegis_bounded_verification_pool,ML-DSA-65,concurrent_verify_burst,workers4_concurrency65,512,55,0,16423125,26059000,11878400,true,accepted=65;saturated=0;unexpected=0,65,65,0,0,3309,0,0,0,0,0,"controlled local burst; wall time includes scoped-thread creation, Aegis policy/transcript processing, bounded-pool admission, primitive verification, and joins; work_units counts accepted verifications only"
local-1786752837727815000,macmini-m2-macos26.5.2-rust1.97.1-aarch64-20260814-workers4,9d3ab807a08ef4cf1077dbc23213e2314ce37c87,MEASURED,1786752845424844000,load,aegis_bounded_verification_pool,ML-DSA-65,concurrent_verify_burst,workers4_concurrency65,512,56,0,16528416,26236000,11878400,true,accepted=65;saturated=0;unexpected=0,65,65,0,0,3309,0,0,0,0,0,"controlled local burst; wall time includes scoped-thread creation, Aegis policy/transcript processing, bounded-pool admission, primitive verification, and joins; work_units counts accepted verifications only"
local-1786752837727815000,macmini-m2-macos26.5.2-rust1.97.1-aarch64-20260814-workers4,9d3ab807a08ef4cf1077dbc23213e2314ce37c87,MEASURED,1786752845464555000,load,aegis_bounded_verification_pool,ML-DSA-65,concurrent_verify_burst,workers4_concurrency65,512,57,0,16632625,25697000,11878400,true,accepted=65;saturated=0;unexpected=0,65,65,0,0,3309,0,0,0,0,0,"controlled local burst; wall time includes scoped-thread creation, Aegis policy/transcript processing, bounded-pool admission, primitive verification, and joins; work_units counts accepted verifications only"
local-1786752837727815000,macmini-m2-macos26.5.2-rust1.97.1-aarch64-20260814-workers4,9d3ab807a08ef4cf1077dbc23213e2314ce37c87,MEASURED,1786752845501720000,load,aegis_bounded_verification_pool,ML-DSA-65,concurrent_verify_burst,workers4_concurrency65,512,58,0,16367792,26112000,11878400,true,accepted=65;saturated=0;unexpected=0,65,65,0,0,3309,0,0,0,0,0,"controlled local burst; wall time includes scoped-thread creation, Aegis policy/transcript processing, bounded-pool admission, primitive verification, and joins; work_units counts accepted verifications only"
local-1786752837727815000,macmini-m2-macos26.5.2-rust1.97.1-aarch64-20260814-workers4,9d3ab807a08ef4cf1077dbc23213e2314ce37c87,MEASURED,1786752845540169000,load,aegis_bounded_verification_pool,ML-DSA-65,concurrent_verify_burst,workers4_concurrency65,512,59,0,16380167,25712000,11878400,true,accepted=65;saturated=0;unexpected=0,65,65,0,0,3309,0,0,0,0,0,"controlled local burst; wall time includes scoped-thread creation, Aegis policy/transcript processing, bounded-pool admission, primitive verification, and joins; work_units counts accepted verifications only"
local-1786752837727815000,macmini-m2-macos26.5.2-rust1.97.1-aarch64-20260814-workers4,9d3ab807a08ef4cf1077dbc23213e2314ce37c87,MEASURED,1786752845577447000,load,aegis_bounded_verification_pool,ML-DSA-65,concurrent_verify_burst,workers4_concurrency65,512,60,0,16219583,26622000,11878400,true,accepted=65;saturated=0;unexpected=0,65,65,0,0,3309,0,0,0,0,0,"controlled local burst; wall time includes scoped-thread creation, Aegis policy/transcript processing, bounded-pool admission, primitive verification, and joins; work_units counts accepted verifications only"
local-1786752837727815000,macmini-m2-macos26.5.2-rust1.97.1-aarch64-20260814-workers4,9d3ab807a08ef4cf1077dbc23213e2314ce37c87,MEASURED,1786752845616037000,load,aegis_bounded_verification_pool,ML-DSA-65,concurrent_verify_burst,workers4_concurrency65,512,61,0,16337334,25764000,11878400,true,accepted=65;saturated=0;unexpected=0,65,65,0,0,3309,0,0,0,0,0,"controlled local burst; wall time includes scoped-thread creation, Aegis policy/transcript processing, bounded-pool admission, primitive verification, and joins; work_units counts accepted verifications only"
local-1786752837727815000,macmini-m2-macos26.5.2-rust1.97.1-aarch64-20260814-workers4,9d3ab807a08ef4cf1077dbc23213e2314ce37c87,MEASURED,1786752845657859000,load,aegis_bounded_verification_pool,ML-DSA-65,concurrent_verify_burst,workers4_concurrency65,512,62,0,16244208,25725000,11878400,true,accepted=65;saturated=0;unexpected=0,65,65,0,0,3309,0,0,0,0,0,"controlled local burst; wall time includes scoped-thread creation, Aegis policy/transcript processing, bounded-pool admission, primitive verification, and joins; work_units counts accepted verifications only"
local-1786752837727815000,macmini-m2-macos26.5.2-rust1.97.1-aarch64-20260814-workers4,9d3ab807a08ef4cf1077dbc23213e2314ce37c87,MEASURED,1786752845697919000,load,aegis_bounded_verification_pool,ML-DSA-65,concurrent_verify_burst,workers4_concurrency65,512,63,0,16374583,26202000,11878400,true,accepted=65;saturated=0;unexpected=0,65,65,0,0,3309,0,0,0,0,0,"controlled local burst; wall time includes scoped-thread creation, Aegis policy/transcript processing, bounded-pool admission, primitive verification, and joins; work_units counts accepted verifications only"
local-1786752837727815000,macmini-m2-macos26.5.2-rust1.97.1-aarch64-20260814-workers4,9d3ab807a08ef4cf1077dbc23213e2314ce37c87,MEASURED,1786752845739940000,load,aegis_bounded_verification_pool,ML-DSA-65,concurrent_verify_burst,workers4_concurrency65,512,64,0,16234333,25887000,11878400,true,accepted=65;saturated=0;unexpected=0,65,65,0,0,3309,0,0,0,0,0,"controlled local burst; wall time includes scoped-thread creation, Aegis policy/transcript processing, bounded-pool admission, primitive verification, and joins; work_units counts accepted verifications only"
local-1786752837727815000,macmini-m2-macos26.5.2-rust1.97.1-aarch64-20260814-workers4,9d3ab807a08ef4cf1077dbc23213e2314ce37c87,MEASURED,1786752845778450000,load,aegis_bounded_verification_pool,ML-DSA-65,concurrent_verify_burst,workers4_concurrency65,512,65,0,16603417,26382000,11878400,true,accepted=65;saturated=0;unexpected=0,65,65,0,0,3309,0,0,0,0,0,"controlled local burst; wall time includes scoped-thread creation, Aegis policy/transcript processing, bounded-pool admission, primitive verification, and joins; work_units counts accepted verifications only"
local-1786752837727815000,macmini-m2-macos26.5.2-rust1.97.1-aarch64-20260814-workers4,9d3ab807a08ef4cf1077dbc23213e2314ce37c87,MEASURED,1786752845815941000,load,aegis_bounded_verification_pool,ML-DSA-65,concurrent_verify_burst,workers4_concurrency65,512,66,0,16615000,26429000,11878400,true,accepted=65;saturated=0;unexpected=0,65,65,0,0,3309,0,0,0,0,0,"controlled local burst; wall time includes scoped-thread creation, Aegis policy/transcript processing, bounded-pool admission, primitive verification, and joins; work_units counts accepted verifications only"
local-1786752837727815000,macmini-m2-macos26.5.2-rust1.97.1-aarch64-20260814-workers4,9d3ab807a08ef4cf1077dbc23213e2314ce37c87,MEASURED,1786752845855801000,load,aegis_bounded_verification_pool,ML-DSA-65,concurrent_verify_burst,workers4_concurrency65,512,67,0,16317000,26148000,11878400,true,accepted=65;saturated=0;unexpected=0,65,65,0,0,3309,0,0,0,0,0,"controlled local burst; wall time includes scoped-thread creation, Aegis policy/transcript processing, bounded-pool admission, primitive verification, and joins; work_units counts accepted verifications only"
local-1786752837727815000,macmini-m2-macos26.5.2-rust1.97.1-aarch64-20260814-workers4,9d3ab807a08ef4cf1077dbc23213e2314ce37c87,MEASURED,1786752845895091000,load,aegis_bounded_verification_pool,ML-DSA-65,concurrent_verify_burst,workers4_concurrency65,512,68,0,16450792,26107000,11878400,true,accepted=65;saturated=0;unexpected=0,65,65,0,0,3309,0,0,0,0,0,"controlled local burst; wall time includes scoped-thread creation, Aegis policy/transcript processing, bounded-pool admission, primitive verification, and joins; work_units counts accepted verifications only"
local-1786752837727815000,macmini-m2-macos26.5.2-rust1.97.1-aarch64-20260814-workers4,9d3ab807a08ef4cf1077dbc23213e2314ce37c87,MEASURED,1786752845934514000,load,aegis_bounded_verification_pool,ML-DSA-65,concurrent_verify_burst,workers4_concurrency65,512,69,0,16288292,25992000,11878400,true,accepted=65;saturated=0;unexpected=0,65,65,0,0,3309,0,0,0,0,0,"controlled local burst; wall time includes scoped-thread creation, Aegis policy/transcript processing, bounded-pool admission, primitive verification, and joins; work_units counts accepted verifications only"
local-1786752837727815000,macmini-m2-macos26.5.2-rust1.97.1-aarch64-20260814-workers4,9d3ab807a08ef4cf1077dbc23213e2314ce37c87,MEASURED,1786752845974226000,load,aegis_bounded_verification_pool,ML-DSA-65,concurrent_verify_burst,workers4_concurrency65,512,70,0,16541167,26219000,11878400,true,accepted=65;saturated=0;unexpected=0,65,65,0,0,3309,0,0,0,0,0,"controlled local burst; wall time includes scoped-thread creation, Aegis policy/transcript processing, bounded-pool admission, primitive verification, and joins; work_units counts accepted verifications only"
local-1786752837727815000,macmini-m2-macos26.5.2-rust1.97.1-aarch64-20260814-workers4,9d3ab807a08ef4cf1077dbc23213e2314ce37c87,MEASURED,1786752846014212000,load,aegis_bounded_verification_pool,ML-DSA-65,concurrent_verify_burst,workers4_concurrency65,512,71,0,15717292,26204000,11878400,true,accepted=64;saturated=1;unexpected=0,64,65,0,0,3309,0,0,0,0,0,"controlled local burst; wall time includes scoped-thread creation, Aegis policy/transcript processing, bounded-pool admission, primitive verification, and joins; work_units counts accepted verifications only"
local-1786752837727815000,macmini-m2-macos26.5.2-rust1.97.1-aarch64-20260814-workers4,9d3ab807a08ef4cf1077dbc23213e2314ce37c87,MEASURED,1786752846051913000,load,aegis_bounded_verification_pool,ML-DSA-65,concurrent_verify_burst,workers4_concurrency65,512,72,0,16695875,25927000,11878400,true,accepted=65;saturated=0;unexpected=0,65,65,0,0,3309,0,0,0,0,0,"controlled local burst; wall time includes scoped-thread creation, Aegis policy/transcript processing, bounded-pool admission, primitive verification, and joins; work_units counts accepted verifications only"
local-1786752837727815000,macmini-m2-macos26.5.2-rust1.97.1-aarch64-20260814-workers4,9d3ab807a08ef4cf1077dbc23213e2314ce37c87,MEASURED,1786752846096308000,load,aegis_bounded_verification_pool,ML-DSA-65,concurrent_verify_burst,workers4_concurrency65,512,73,0,16624583,25923000,11878400,true,accepted=65;saturated=0;unexpected=0,65,65,0,0,3309,0,0,0,0,0,"controlled local burst; wall time includes scoped-thread creation, Aegis policy/transcript processing, bounded-pool admission, primitive verification, and joins; work_units counts accepted verifications only"
local-1786752837727815000,macmini-m2-macos26.5.2-rust1.97.1-aarch64-20260814-workers4,9d3ab807a08ef4cf1077dbc23213e2314ce37c87,MEASURED,1786752846136517000,load,aegis_bounded_verification_pool,ML-DSA-65,concurrent_verify_burst,workers4_concurrency65,512,74,0,16638166,26106000,11878400,true,accepted=65;saturated=0;unexpected=0,65,65,0,0,3309,0,0,0,0,0,"controlled local burst; wall time includes scoped-thread creation, Aegis policy/transcript processing, bounded-pool admission, primitive verification, and joins; work_units counts accepted verifications only"
local-1786752837727815000,macmini-m2-macos26.5.2-rust1.97.1-aarch64-20260814-workers4,9d3ab807a08ef4cf1077dbc23213e2314ce37c87,MEASURED,1786752846176924000,load,aegis_bounded_verification_pool,ML-DSA-65,concurrent_verify_burst,workers4_concurrency65,512,75,0,16406916,25868000,11878400,true,accepted=65;saturated=0;unexpected=0,65,65,0,0,3309,0,0,0,0,0,"controlled local burst; wall time includes scoped-thread creation, Aegis policy/transcript processing, bounded-pool admission, primitive verification, and joins; work_units counts accepted verifications only"
local-1786752837727815000,macmini-m2-macos26.5.2-rust1.97.1-aarch64-20260814-workers4,9d3ab807a08ef4cf1077dbc23213e2314ce37c87,MEASURED,1786752846216277000,load,aegis_bounded_verification_pool,ML-DSA-65,concurrent_verify_burst,workers4_concurrency65,512,76,0,16313041,26341000,11878400,true,accepted=65;saturated=0;unexpected=0,65,65,0,0,3309,0,0,0,0,0,"controlled local burst; wall time includes scoped-thread creation, Aegis policy/transcript processing, bounded-pool admission, primitive verification, and joins; work_units counts accepted verifications only"
local-1786752837727815000,macmini-m2-macos26.5.2-rust1.97.1-aarch64-20260814-workers4,9d3ab807a08ef4cf1077dbc23213e2314ce37c87,MEASURED,1786752846255995000,load,aegis_bounded_verification_pool,ML-DSA-65,concurrent_verify_burst,workers4_concurrency65,512,77,0,16416916,25656000,11878400,true,accepted=65;saturated=0;unexpected=0,65,65,0,0,3309,0,0,0,0,0,"controlled local burst; wall time includes scoped-thread creation, Aegis policy/transcript processing, bounded-pool admission, primitive verification, and joins; work_units counts accepted verifications only"
local-1786752837727815000,macmini-m2-macos26.5.2-rust1.97.1-aarch64-20260814-workers4,9d3ab807a08ef4cf1077dbc23213e2314ce37c87,MEASURED,1786752846293407000,load,aegis_bounded_verification_pool,ML-DSA-65,concurrent_verify_burst,workers4_concurrency65,512,78,0,16475042,26477000,11878400,true,accepted=65;saturated=0;unexpected=0,65,65,0,0,3309,0,0,0,0,0,"controlled local burst; wall time includes scoped-thread creation, Aegis policy/transcript processing, bounded-pool admission, primitive verification, and joins; work_units counts accepted verifications only"
local-1786752837727815000,macmini-m2-macos26.5.2-rust1.97.1-aarch64-20260814-workers4,9d3ab807a08ef4cf1077dbc23213e2314ce37c87,MEASURED,1786752846332154000,load,aegis_bounded_verification_pool,ML-DSA-65,concurrent_verify_burst,workers4_concurrency65,512,79,0,16255500,25722000,11878400,true,accepted=65;saturated=0;unexpected=0,65,65,0,0,3309,0,0,0,0,0,"controlled local burst; wall time includes scoped-thread creation, Aegis policy/transcript processing, bounded-pool admission, primitive verification, and joins; work_units counts accepted verifications only"
local-1786752837727815000,macmini-m2-macos26.5.2-rust1.97.1-aarch64-20260814-workers4,9d3ab807a08ef4cf1077dbc23213e2314ce37c87,MEASURED,1786752846372523000,load,aegis_bounded_verification_pool,ML-DSA-65,concurrent_verify_burst,workers4_concurrency65,512,80,0,16350167,25803000,11878400,true,accepted=65;saturated=0;unexpected=0,65,65,0,0,3309,0,0,0,0,0,"controlled local burst; wall time includes scoped-thread creation, Aegis policy/transcript processing, bounded-pool admission, primitive verification, and joins; work_units counts accepted verifications only"
local-1786752837727815000,macmini-m2-macos26.5.2-rust1.97.1-aarch64-20260814-workers4,9d3ab807a08ef4cf1077dbc23213e2314ce37c87,MEASURED,1786752846415418000,load,aegis_bounded_verification_pool,ML-DSA-65,concurrent_verify_burst,workers4_concurrency65,512,81,0,16381291,25691000,11878400,true,accepted=65;saturated=0;unexpected=0,65,65,0,0,3309,0,0,0,0,0,"controlled local burst; wall time includes scoped-thread creation, Aegis policy/transcript processing, bounded-pool admission, primitive verification, and joins; work_units counts accepted verifications only"
local-1786752837727815000,macmini-m2-macos26.5.2-rust1.97.1-aarch64-20260814-workers4,9d3ab807a08ef4cf1077dbc23213e2314ce37c87,MEASURED,1786752846451892000,load,aegis_bounded_verification_pool,ML-DSA-65,concurrent_verify_burst,workers4_concurrency65,512,82,0,15918500,26380000,11878400,true,accepted=65;saturated=0;unexpected=0,65,65,0,0,3309,0,0,0,0,0,"controlled local burst; wall time includes scoped-thread creation, Aegis policy/transcript processing, bounded-pool admission, primitive verification, and joins; work_units counts accepted verifications only"
local-1786752837727815000,macmini-m2-macos26.5.2-rust1.97.1-aarch64-20260814-workers4,9d3ab807a08ef4cf1077dbc23213e2314ce37c87,MEASURED,1786752846491332000,load,aegis_bounded_verification_pool,ML-DSA-65,concurrent_verify_burst,workers4_concurrency65,512,83,0,16100208,25685000,11878400,true,accepted=65;saturated=0;unexpected=0,65,65,0,0,3309,0,0,0,0,0,"controlled local burst; wall time includes scoped-thread creation, Aegis policy/transcript processing, bounded-pool admission, primitive verification, and joins; work_units counts accepted verifications only"
local-1786752837727815000,macmini-m2-macos26.5.2-rust1.97.1-aarch64-20260814-workers4,9d3ab807a08ef4cf1077dbc23213e2314ce37c87,MEASURED,1786752846532836000,load,aegis_bounded_verification_pool,ML-DSA-65,concurrent_verify_burst,workers4_concurrency65,512,84,0,16490666,25656000,11878400,true,accepted=65;saturated=0;unexpected=0,65,65,0,0,3309,0,0,0,0,0,"controlled local burst; wall time includes scoped-thread creation, Aegis policy/transcript processing, bounded-pool admission, primitive verification, and joins; work_units counts accepted verifications only"
local-1786752837727815000,macmini-m2-macos26.5.2-rust1.97.1-aarch64-20260814-workers4,9d3ab807a08ef4cf1077dbc23213e2314ce37c87,MEASURED,1786752846574007000,load,aegis_bounded_verification_pool,ML-DSA-65,concurrent_verify_burst,workers4_concurrency65,512,85,0,16504916,25948000,11878400,true,accepted=65;saturated=0;unexpected=0,65,65,0,0,3309,0,0,0,0,0,"controlled local burst; wall time includes scoped-thread creation, Aegis policy/transcript processing, bounded-pool admission, primitive verification, and joins; work_units counts accepted verifications only"
local-1786752837727815000,macmini-m2-macos26.5.2-rust1.97.1-aarch64-20260814-workers4,9d3ab807a08ef4cf1077dbc23213e2314ce37c87,MEASURED,1786752846611753000,load,aegis_bounded_verification_pool,ML-DSA-65,concurrent_verify_burst,workers4_concurrency65,512,86,0,15961583,26886000,11878400,true,accepted=65;saturated=0;unexpected=0,65,65,0,0,3309,0,0,0,0,0,"controlled local burst; wall time includes scoped-thread creation, Aegis policy/transcript processing, bounded-pool admission, primitive verification, and joins; work_units counts accepted verifications only"
local-1786752837727815000,macmini-m2-macos26.5.2-rust1.97.1-aarch64-20260814-workers4,9d3ab807a08ef4cf1077dbc23213e2314ce37c87,MEASURED,1786752846651180000,load,aegis_bounded_verification_pool,ML-DSA-65,concurrent_verify_burst,workers4_concurrency65,512,87,0,16337792,25759000,11878400,true,accepted=65;saturated=0;unexpected=0,65,65,0,0,3309,0,0,0,0,0,"controlled local burst; wall time includes scoped-thread creation, Aegis policy/transcript processing, bounded-pool admission, primitive verification, and joins; work_units counts accepted verifications only"
local-1786752837727815000,macmini-m2-macos26.5.2-rust1.97.1-aarch64-20260814-workers4,9d3ab807a08ef4cf1077dbc23213e2314ce37c87,MEASURED,1786752846689459000,load,aegis_bounded_verification_pool,ML-DSA-65,concurrent_verify_burst,workers4_concurrency65,512,88,0,16502125,26179000,11878400,true,accepted=65;saturated=0;unexpected=0,65,65,0,0,3309,0,0,0,0,0,"controlled local burst; wall time includes scoped-thread creation, Aegis policy/transcript processing, bounded-pool admission, primitive verification, and joins; work_units counts accepted verifications only"
local-1786752837727815000,macmini-m2-macos26.5.2-rust1.97.1-aarch64-20260814-workers4,9d3ab807a08ef4cf1077dbc23213e2314ce37c87,MEASURED,1786752846727984000,load,aegis_bounded_verification_pool,ML-DSA-65,concurrent_verify_burst,workers4_concurrency65,512,89,0,16221625,25738000,11878400,true,accepted=65;saturated=0;unexpected=0,65,65,0,0,3309,0,0,0,0,0,"controlled local burst; wall time includes scoped-thread creation, Aegis policy/transcript processing, bounded-pool admission, primitive verification, and joins; work_units counts accepted verifications only"
local-1786752837727815000,macmini-m2-macos26.5.2-rust1.97.1-aarch64-20260814-workers4,9d3ab807a08ef4cf1077dbc23213e2314ce37c87,MEASURED,1786752846767493000,load,aegis_bounded_verification_pool,ML-DSA-65,concurrent_verify_burst,workers4_concurrency65,512,90,0,16373375,26160000,11878400,true,accepted=65;saturated=0;unexpected=0,65,65,0,0,3309,0,0,0,0,0,"controlled local burst; wall time includes scoped-thread creation, Aegis policy/transcript processing, bounded-pool admission, primitive verification, and joins; work_units counts accepted verifications only"
local-1786752837727815000,macmini-m2-macos26.5.2-rust1.97.1-aarch64-20260814-workers4,9d3ab807a08ef4cf1077dbc23213e2314ce37c87,MEASURED,1786752846804591000,load,aegis_bounded_verification_pool,ML-DSA-65,concurrent_verify_burst,workers4_concurrency65,512,91,0,16463375,25893000,11878400,true,accepted=65;saturated=0;unexpected=0,65,65,0,0,3309,0,0,0,0,0,"controlled local burst; wall time includes scoped-thread creation, Aegis policy/transcript processing, bounded-pool admission, primitive verification, and joins; work_units counts accepted verifications only"
local-1786752837727815000,macmini-m2-macos26.5.2-rust1.97.1-aarch64-20260814-workers4,9d3ab807a08ef4cf1077dbc23213e2314ce37c87,MEASURED,1786752846846898000,load,aegis_bounded_verification_pool,ML-DSA-65,concurrent_verify_burst,workers4_concurrency65,512,92,0,16429291,26038000,11878400,true,accepted=65;saturated=0;unexpected=0,65,65,0,0,3309,0,0,0,0,0,"controlled local burst; wall time includes scoped-thread creation, Aegis policy/transcript processing, bounded-pool admission, primitive verification, and joins; work_units counts accepted verifications only"
local-1786752837727815000,macmini-m2-macos26.5.2-rust1.97.1-aarch64-20260814-workers4,9d3ab807a08ef4cf1077dbc23213e2314ce37c87,MEASURED,1786752846888337000,load,aegis_bounded_verification_pool,ML-DSA-65,concurrent_verify_burst,workers4_concurrency65,512,93,0,16413917,25844000,11878400,true,accepted=65;saturated=0;unexpected=0,65,65,0,0,3309,0,0,0,0,0,"controlled local burst; wall time includes scoped-thread creation, Aegis policy/transcript processing, bounded-pool admission, primitive verification, and joins; work_units counts accepted verifications only"
local-1786752837727815000,macmini-m2-macos26.5.2-rust1.97.1-aarch64-20260814-workers4,9d3ab807a08ef4cf1077dbc23213e2314ce37c87,MEASURED,1786752846927523000,load,aegis_bounded_verification_pool,ML-DSA-65,concurrent_verify_burst,workers4_concurrency65,512,94,0,16446875,25864000,11878400,true,accepted=65;saturated=0;unexpected=0,65,65,0,0,3309,0,0,0,0,0,"controlled local burst; wall time includes scoped-thread creation, Aegis policy/transcript processing, bounded-pool admission, primitive verification, and joins; work_units counts accepted verifications only"
local-1786752837727815000,macmini-m2-macos26.5.2-rust1.97.1-aarch64-20260814-workers4,9d3ab807a08ef4cf1077dbc23213e2314ce37c87,MEASURED,1786752846968883000,load,aegis_bounded_verification_pool,ML-DSA-65,concurrent_verify_burst,workers4_concurrency65,512,95,0,16487000,26057000,11878400,true,accepted=65;saturated=0;unexpected=0,65,65,0,0,3309,0,0,0,0,0,"controlled local burst; wall time includes scoped-thread creation, Aegis policy/transcript processing, bounded-pool admission, primitive verification, and joins; work_units counts accepted verifications only"
local-1786752837727815000,macmini-m2-macos26.5.2-rust1.97.1-aarch64-20260814-workers4,9d3ab807a08ef4cf1077dbc23213e2314ce37c87,MEASURED,1786752847005490000,load,aegis_bounded_verification_pool,ML-DSA-65,concurrent_verify_burst,workers4_concurrency65,512,96,0,16362833,25670000,11878400,true,accepted=65;saturated=0;unexpected=0,65,65,0,0,3309,0,0,0,0,0,"controlled local burst; wall time includes scoped-thread creation, Aegis policy/transcript processing, bounded-pool admission, primitive verification, and joins; work_units counts accepted verifications only"
local-1786752837727815000,macmini-m2-macos26.5.2-rust1.97.1-aarch64-20260814-workers4,9d3ab807a08ef4cf1077dbc23213e2314ce37c87,MEASURED,1786752847045579000,load,aegis_bounded_verification_pool,ML-DSA-65,concurrent_verify_burst,workers4_concurrency65,512,97,0,16778083,26474000,11878400,true,accepted=65;saturated=0;unexpected=0,65,65,0,0,3309,0,0,0,0,0,"controlled local burst; wall time includes scoped-thread creation, Aegis policy/transcript processing, bounded-pool admission, primitive verification, and joins; work_units counts accepted verifications only"
local-1786752837727815000,macmini-m2-macos26.5.2-rust1.97.1-aarch64-20260814-workers4,9d3ab807a08ef4cf1077dbc23213e2314ce37c87,MEASURED,1786752847087211000,load,aegis_bounded_verification_pool,ML-DSA-65,concurrent_verify_burst,workers4_concurrency65,512,98,0,16628083,26686000,11878400,true,accepted=65;saturated=0;unexpected=0,65,65,0,0,3309,0,0,0,0,0,"controlled local burst; wall time includes scoped-thread creation, Aegis policy/transcript processing, bounded-pool admission, primitive verification, and joins; work_units counts accepted verifications only"
local-1786752837727815000,macmini-m2-macos26.5.2-rust1.97.1-aarch64-20260814-workers4,9d3ab807a08ef4cf1077dbc23213e2314ce37c87,MEASURED,1786752847128159000,load,aegis_bounded_verification_pool,ML-DSA-65,concurrent_verify_burst,workers4_concurrency65,512,99,0,16429500,26539000,11878400,true,accepted=65;saturated=0;unexpected=0,65,65,0,0,3309,0,0,0,0,0,"controlled local burst; wall time includes scoped-thread creation, Aegis policy/transcript processing, bounded-pool admission, primitive verification, and joins; work_units counts accepted verifications only"
local-1786752837727815000,macmini-m2-macos26.5.2-rust1.97.1-aarch64-20260814-workers4,9d3ab807a08ef4cf1077dbc23213e2314ce37c87,MEASURED,1786752847194026000,load,aegis_bounded_verification_pool,ML-DSA-65,concurrent_verify_burst,workers4_concurrency128,512,0,0,17364625,29231000,13729792,true,accepted=65;saturated=63;unexpected=0,65,128,0,0,3309,0,0,0,0,0,"controlled local burst; wall time includes scoped-thread creation, Aegis policy/transcript processing, bounded-pool admission, primitive verification, and joins; work_units counts accepted verifications only"
local-1786752837727815000,macmini-m2-macos26.5.2-rust1.97.1-aarch64-20260814-workers4,9d3ab807a08ef4cf1077dbc23213e2314ce37c87,MEASURED,1786752847257689000,load,aegis_bounded_verification_pool,ML-DSA-65,concurrent_verify_burst,workers4_concurrency128,512,1,0,17528667,29469000,13778944,true,accepted=66;saturated=62;unexpected=0,66,128,0,0,3309,0,0,0,0,0,"controlled local burst; wall time includes scoped-thread creation, Aegis policy/transcript processing, bounded-pool admission, primitive verification, and joins; work_units counts accepted verifications only"
local-1786752837727815000,macmini-m2-macos26.5.2-rust1.97.1-aarch64-20260814-workers4,9d3ab807a08ef4cf1077dbc23213e2314ce37c87,MEASURED,1786752847320428000,load,aegis_bounded_verification_pool,ML-DSA-65,concurrent_verify_burst,workers4_concurrency128,512,2,0,17653833,30554000,13795328,true,accepted=66;saturated=62;unexpected=0,66,128,0,0,3309,0,0,0,0,0,"controlled local burst; wall time includes scoped-thread creation, Aegis policy/transcript processing, bounded-pool admission, primitive verification, and joins; work_units counts accepted verifications only"
local-1786752837727815000,macmini-m2-macos26.5.2-rust1.97.1-aarch64-20260814-workers4,9d3ab807a08ef4cf1077dbc23213e2314ce37c87,MEASURED,1786752847384420000,load,aegis_bounded_verification_pool,ML-DSA-65,concurrent_verify_burst,workers4_concurrency128,512,3,0,17479750,29797000,13795328,true,accepted=66;saturated=62;unexpected=0,66,128,0,0,3309,0,0,0,0,0,"controlled local burst; wall time includes scoped-thread creation, Aegis policy/transcript processing, bounded-pool admission, primitive verification, and joins; work_units counts accepted verifications only"
local-1786752837727815000,macmini-m2-macos26.5.2-rust1.97.1-aarch64-20260814-workers4,9d3ab807a08ef4cf1077dbc23213e2314ce37c87,MEASURED,1786752847444162000,load,aegis_bounded_verification_pool,ML-DSA-65,concurrent_verify_burst,workers4_concurrency128,512,4,0,17537667,29449000,13795328,true,accepted=66;saturated=62;unexpected=0,66,128,0,0,3309,0,0,0,0,0,"controlled local burst; wall time includes scoped-thread creation, Aegis policy/transcript processing, bounded-pool admission, primitive verification, and joins; work_units counts accepted verifications only"
local-1786752837727815000,macmini-m2-macos26.5.2-rust1.97.1-aarch64-20260814-workers4,9d3ab807a08ef4cf1077dbc23213e2314ce37c87,MEASURED,1786752847505681000,load,aegis_bounded_verification_pool,ML-DSA-65,concurrent_verify_burst,workers4_concurrency128,512,5,0,17552416,29305000,13795328,true,accepted=66;saturated=62;unexpected=0,66,128,0,0,3309,0,0,0,0,0,"controlled local burst; wall time includes scoped-thread creation, Aegis policy/transcript processing, bounded-pool admission, primitive verification, and joins; work_units counts accepted verifications only"
local-1786752837727815000,macmini-m2-macos26.5.2-rust1.97.1-aarch64-20260814-workers4,9d3ab807a08ef4cf1077dbc23213e2314ce37c87,MEASURED,1786752847572275000,load,aegis_bounded_verification_pool,ML-DSA-65,concurrent_verify_burst,workers4_concurrency128,512,6,0,17399000,30026000,13795328,true,accepted=65;saturated=63;unexpected=0,65,128,0,0,3309,0,0,0,0,0,"controlled local burst; wall time includes scoped-thread creation, Aegis policy/transcript processing, bounded-pool admission, primitive verification, and joins; work_units counts accepted verifications only"
local-1786752837727815000,macmini-m2-macos26.5.2-rust1.97.1-aarch64-20260814-workers4,9d3ab807a08ef4cf1077dbc23213e2314ce37c87,MEASURED,1786752847635318000,load,aegis_bounded_verification_pool,ML-DSA-65,concurrent_verify_burst,workers4_concurrency128,512,7,0,16845208,30148000,13795328,true,accepted=65;saturated=63;unexpected=0,65,128,0,0,3309,0,0,0,0,0,"controlled local burst; wall time includes scoped-thread creation, Aegis policy/transcript processing, bounded-pool admission, primitive verification, and joins; work_units counts accepted verifications only"
local-1786752837727815000,macmini-m2-macos26.5.2-rust1.97.1-aarch64-20260814-workers4,9d3ab807a08ef4cf1077dbc23213e2314ce37c87,MEASURED,1786752847700451000,load,aegis_bounded_verification_pool,ML-DSA-65,concurrent_verify_burst,workers4_concurrency128,512,8,0,17082917,29364000,13795328,true,accepted=65;saturated=63;unexpected=0,65,128,0,0,3309,0,0,0,0,0,"controlled local burst; wall time includes scoped-thread creation, Aegis policy/transcript processing, bounded-pool admission, primitive verification, and joins; work_units counts accepted verifications only"
local-1786752837727815000,macmini-m2-macos26.5.2-rust1.97.1-aarch64-20260814-workers4,9d3ab807a08ef4cf1077dbc23213e2314ce37c87,MEASURED,1786752847760524000,load,aegis_bounded_verification_pool,ML-DSA-65,concurrent_verify_burst,workers4_concurrency128,512,9,0,17033833,30581000,13811712,true,accepted=66;saturated=62;unexpected=0,66,128,0,0,3309,0,0,0,0,0,"controlled local burst; wall time includes scoped-thread creation, Aegis policy/transcript processing, bounded-pool admission, primitive verification, and joins; work_units counts accepted verifications only"
local-1786752837727815000,macmini-m2-macos26.5.2-rust1.97.1-aarch64-20260814-workers4,9d3ab807a08ef4cf1077dbc23213e2314ce37c87,MEASURED,1786752847824687000,load,aegis_bounded_verification_pool,ML-DSA-65,concurrent_verify_burst,workers4_concurrency128,512,10,0,17710292,30365000,13811712,true,accepted=66;saturated=62;unexpected=0,66,128,0,0,3309,0,0,0,0,0,"controlled local burst; wall time includes scoped-thread creation, Aegis policy/transcript processing, bounded-pool admission, primitive verification, and joins; work_units counts accepted verifications only"
local-1786752837727815000,macmini-m2-macos26.5.2-rust1.97.1-aarch64-20260814-workers4,9d3ab807a08ef4cf1077dbc23213e2314ce37c87,MEASURED,1786752847889546000,load,aegis_bounded_verification_pool,ML-DSA-65,concurrent_verify_burst,workers4_concurrency128,512,11,0,17634125,30409000,13811712,true,accepted=66;saturated=62;unexpected=0,66,128,0,0,3309,0,0,0,0,0,"controlled local burst; wall time includes scoped-thread creation, Aegis policy/transcript processing, bounded-pool admission, primitive verification, and joins; work_units counts accepted verifications only"
local-1786752837727815000,macmini-m2-macos26.5.2-rust1.97.1-aarch64-20260814-workers4,9d3ab807a08ef4cf1077dbc23213e2314ce37c87,MEASURED,1786752847949538000,load,aegis_bounded_verification_pool,ML-DSA-65,concurrent_verify_burst,workers4_concurrency128,512,12,0,17726250,30534000,13828096,true,accepted=66;saturated=62;unexpected=0,66,128,0,0,3309,0,0,0,0,0,"controlled local burst; wall time includes scoped-thread creation, Aegis policy/transcript processing, bounded-pool admission, primitive verification, and joins; work_units counts accepted verifications only"
local-1786752837727815000,macmini-m2-macos26.5.2-rust1.97.1-aarch64-20260814-workers4,9d3ab807a08ef4cf1077dbc23213e2314ce37c87,MEASURED,1786752848011762000,load,aegis_bounded_verification_pool,ML-DSA-65,concurrent_verify_burst,workers4_concurrency128,512,13,0,17753833,30688000,13828096,true,accepted=66;saturated=62;unexpected=0,66,128,0,0,3309,0,0,0,0,0,"controlled local burst; wall time includes scoped-thread creation, Aegis policy/transcript processing, bounded-pool admission, primitive verification, and joins; work_units counts accepted verifications only"
local-1786752837727815000,macmini-m2-macos26.5.2-rust1.97.1-aarch64-20260814-workers4,9d3ab807a08ef4cf1077dbc23213e2314ce37c87,MEASURED,1786752848075755000,load,aegis_bounded_verification_pool,ML-DSA-65,concurrent_verify_burst,workers4_concurrency128,512,14,0,17889291,29745000,13828096,true,accepted=66;saturated=62;unexpected=0,66,128,0,0,3309,0,0,0,0,0,"controlled local burst; wall time includes scoped-thread creation, Aegis policy/transcript processing, bounded-pool admission, primitive verification, and joins; work_units counts accepted verifications only"
local-1786752837727815000,macmini-m2-macos26.5.2-rust1.97.1-aarch64-20260814-workers4,9d3ab807a08ef4cf1077dbc23213e2314ce37c87,MEASURED,1786752848136152000,load,aegis_bounded_verification_pool,ML-DSA-65,concurrent_verify_burst,workers4_concurrency128,512,15,0,17212334,30329000,13844480,true,accepted=65;saturated=63;unexpected=0,65,128,0,0,3309,0,0,0,0,0,"controlled local burst; wall time includes scoped-thread creation, Aegis policy/transcript processing, bounded-pool admission, primitive verification, and joins; work_units counts accepted verifications only"
local-1786752837727815000,macmini-m2-macos26.5.2-rust1.97.1-aarch64-20260814-workers4,9d3ab807a08ef4cf1077dbc23213e2314ce37c87,MEASURED,1786752848198074000,load,aegis_bounded_verification_pool,ML-DSA-65,concurrent_verify_burst,workers4_concurrency128,512,16,0,17279542,30611000,13844480,true,accepted=65;saturated=63;unexpected=0,65,128,0,0,3309,0,0,0,0,0,"controlled local burst; wall time includes scoped-thread creation, Aegis policy/transcript processing, bounded-pool admission, primitive verification, and joins; work_units counts accepted verifications only"
local-1786752837727815000,macmini-m2-macos26.5.2-rust1.97.1-aarch64-20260814-workers4,9d3ab807a08ef4cf1077dbc23213e2314ce37c87,MEASURED,1786752848264981000,load,aegis_bounded_verification_pool,ML-DSA-65,concurrent_verify_burst,workers4_concurrency128,512,17,0,17481292,30326000,13844480,true,accepted=66;saturated=62;unexpected=0,66,128,0,0,3309,0,0,0,0,0,"controlled local burst; wall time includes scoped-thread creation, Aegis policy/transcript processing, bounded-pool admission, primitive verification, and joins; work_units counts accepted verifications only"
local-1786752837727815000,macmini-m2-macos26.5.2-rust1.97.1-aarch64-20260814-workers4,9d3ab807a08ef4cf1077dbc23213e2314ce37c87,MEASURED,1786752848330704000,load,aegis_bounded_verification_pool,ML-DSA-65,concurrent_verify_burst,workers4_concurrency128,512,18,0,17324792,30441000,13844480,true,accepted=65;saturated=63;unexpected=0,65,128,0,0,3309,0,0,0,0,0,"controlled local burst; wall time includes scoped-thread creation, Aegis policy/transcript processing, bounded-pool admission, primitive verification, and joins; work_units counts accepted verifications only"
local-1786752837727815000,macmini-m2-macos26.5.2-rust1.97.1-aarch64-20260814-workers4,9d3ab807a08ef4cf1077dbc23213e2314ce37c87,MEASURED,1786752848393368000,load,aegis_bounded_verification_pool,ML-DSA-65,concurrent_verify_burst,workers4_concurrency128,512,19,0,17429000,29773000,13844480,true,accepted=66;saturated=62;unexpected=0,66,128,0,0,3309,0,0,0,0,0,"controlled local burst; wall time includes scoped-thread creation, Aegis policy/transcript processing, bounded-pool admission, primitive verification, and joins; work_units counts accepted verifications only"
local-1786752837727815000,macmini-m2-macos26.5.2-rust1.97.1-aarch64-20260814-workers4,9d3ab807a08ef4cf1077dbc23213e2314ce37c87,MEASURED,1786752848454987000,load,aegis_bounded_verification_pool,ML-DSA-65,concurrent_verify_burst,workers4_concurrency128,512,20,0,17325541,30420000,13844480,true,accepted=65;saturated=63;unexpected=0,65,128,0,0,3309,0,0,0,0,0,"controlled local burst; wall time includes scoped-thread creation, Aegis policy/transcript processing, bounded-pool admission, primitive verification, and joins; work_units counts accepted verifications only"
local-1786752837727815000,macmini-m2-macos26.5.2-rust1.97.1-aarch64-20260814-workers4,9d3ab807a08ef4cf1077dbc23213e2314ce37c87,MEASURED,1786752848520061000,load,aegis_bounded_verification_pool,ML-DSA-65,concurrent_verify_burst,workers4_concurrency128,512,21,0,17707167,29856000,13844480,true,accepted=67;saturated=61;unexpected=0,67,128,0,0,3309,0,0,0,0,0,"controlled local burst; wall time includes scoped-thread creation, Aegis policy/transcript processing, bounded-pool admission, primitive verification, and joins; work_units counts accepted verifications only"
local-1786752837727815000,macmini-m2-macos26.5.2-rust1.97.1-aarch64-20260814-workers4,9d3ab807a08ef4cf1077dbc23213e2314ce37c87,MEASURED,1786752848589178000,load,aegis_bounded_verification_pool,ML-DSA-65,concurrent_verify_burst,workers4_concurrency128,512,22,0,17652834,30512000,13844480,true,accepted=67;saturated=61;unexpected=0,67,128,0,0,3309,0,0,0,0,0,"controlled local burst; wall time includes scoped-thread creation, Aegis policy/transcript processing, bounded-pool admission, primitive verification, and joins; work_units counts accepted verifications only"
local-1786752837727815000,macmini-m2-macos26.5.2-rust1.97.1-aarch64-20260814-workers4,9d3ab807a08ef4cf1077dbc23213e2314ce37c87,MEASURED,1786752848653551000,load,aegis_bounded_verification_pool,ML-DSA-65,concurrent_verify_burst,workers4_concurrency128,512,23,0,17797917,29817000,13860864,true,accepted=66;saturated=62;unexpected=0,66,128,0,0,3309,0,0,0,0,0,"controlled local burst; wall time includes scoped-thread creation, Aegis policy/transcript processing, bounded-pool admission, primitive verification, and joins; work_units counts accepted verifications only"
local-1786752837727815000,macmini-m2-macos26.5.2-rust1.97.1-aarch64-20260814-workers4,9d3ab807a08ef4cf1077dbc23213e2314ce37c87,MEASURED,1786752848716992000,load,aegis_bounded_verification_pool,ML-DSA-65,concurrent_verify_burst,workers4_concurrency128,512,24,0,17707417,32145000,13860864,true,accepted=65;saturated=63;unexpected=0,65,128,0,0,3309,0,0,0,0,0,"controlled local burst; wall time includes scoped-thread creation, Aegis policy/transcript processing, bounded-pool admission, primitive verification, and joins; work_units counts accepted verifications only"
local-1786752837727815000,macmini-m2-macos26.5.2-rust1.97.1-aarch64-20260814-workers4,9d3ab807a08ef4cf1077dbc23213e2314ce37c87,MEASURED,1786752848778940000,load,aegis_bounded_verification_pool,ML-DSA-65,concurrent_verify_burst,workers4_concurrency128,512,25,0,17185416,29964000,13860864,true,accepted=65;saturated=63;unexpected=0,65,128,0,0,3309,0,0,0,0,0,"controlled local burst; wall time includes scoped-thread creation, Aegis policy/transcript processing, bounded-pool admission, primitive verification, and joins; work_units counts accepted verifications only"
local-1786752837727815000,macmini-m2-macos26.5.2-rust1.97.1-aarch64-20260814-workers4,9d3ab807a08ef4cf1077dbc23213e2314ce37c87,MEASURED,1786752848846598000,load,aegis_bounded_verification_pool,ML-DSA-65,concurrent_verify_burst,workers4_concurrency128,512,26,0,17485584,29775000,13860864,true,accepted=66;saturated=62;unexpected=0,66,128,0,0,3309,0,0,0,0,0,"controlled local burst; wall time includes scoped-thread creation, Aegis policy/transcript processing, bounded-pool admission, primitive verification, and joins; work_units counts accepted verifications only"
local-1786752837727815000,macmini-m2-macos26.5.2-rust1.97.1-aarch64-20260814-workers4,9d3ab807a08ef4cf1077dbc23213e2314ce37c87,MEASURED,1786752848911290000,load,aegis_bounded_verification_pool,ML-DSA-65,concurrent_verify_burst,workers4_concurrency128,512,27,0,18470709,30538000,13860864,true,accepted=68;saturated=60;unexpected=0,68,128,0,0,3309,0,0,0,0,0,"controlled local burst; wall time includes scoped-thread creation, Aegis policy/transcript processing, bounded-pool admission, primitive verification, and joins; work_units counts accepted verifications only"
local-1786752837727815000,macmini-m2-macos26.5.2-rust1.97.1-aarch64-20260814-workers4,9d3ab807a08ef4cf1077dbc23213e2314ce37c87,MEASURED,1786752848977251000,load,aegis_bounded_verification_pool,ML-DSA-65,concurrent_verify_burst,workers4_concurrency128,512,28,0,17523541,30019000,13860864,true,accepted=65;saturated=63;unexpected=0,65,128,0,0,3309,0,0,0,0,0,"controlled local burst; wall time includes scoped-thread creation, Aegis policy/transcript processing, bounded-pool admission, primitive verification, and joins; work_units counts accepted verifications only"
local-1786752837727815000,macmini-m2-macos26.5.2-rust1.97.1-aarch64-20260814-workers4,9d3ab807a08ef4cf1077dbc23213e2314ce37c87,MEASURED,1786752849042847000,load,aegis_bounded_verification_pool,ML-DSA-65,concurrent_verify_burst,workers4_concurrency128,512,29,0,18861834,31086000,13860864,true,accepted=65;saturated=63;unexpected=0,65,128,0,0,3309,0,0,0,0,0,"controlled local burst; wall time includes scoped-thread creation, Aegis policy/transcript processing, bounded-pool admission, primitive verification, and joins; work_units counts accepted verifications only"
local-1786752837727815000,macmini-m2-macos26.5.2-rust1.97.1-aarch64-20260814-workers4,9d3ab807a08ef4cf1077dbc23213e2314ce37c87,MEASURED,1786752849109320000,load,aegis_bounded_verification_pool,ML-DSA-65,concurrent_verify_burst,workers4_concurrency128,512,30,0,18346417,32154000,13877248,true,accepted=66;saturated=62;unexpected=0,66,128,0,0,3309,0,0,0,0,0,"controlled local burst; wall time includes scoped-thread creation, Aegis policy/transcript processing, bounded-pool admission, primitive verification, and joins; work_units counts accepted verifications only"
local-1786752837727815000,macmini-m2-macos26.5.2-rust1.97.1-aarch64-20260814-workers4,9d3ab807a08ef4cf1077dbc23213e2314ce37c87,MEASURED,1786752849177540000,load,aegis_bounded_verification_pool,ML-DSA-65,concurrent_verify_burst,workers4_concurrency128,512,31,0,18541083,30619000,13877248,true,accepted=66;saturated=62;unexpected=0,66,128,0,0,3309,0,0,0,0,0,"controlled local burst; wall time includes scoped-thread creation, Aegis policy/transcript processing, bounded-pool admission, primitive verification, and joins; work_units counts accepted verifications only"
local-1786752837727815000,macmini-m2-macos26.5.2-rust1.97.1-aarch64-20260814-workers4,9d3ab807a08ef4cf1077dbc23213e2314ce37c87,MEASURED,1786752849243168000,load,aegis_bounded_verification_pool,ML-DSA-65,concurrent_verify_burst,workers4_concurrency128,512,32,0,17914209,29613000,13877248,true,accepted=65;saturated=63;unexpected=0,65,128,0,0,3309,0,0,0,0,0,"controlled local burst; wall time includes scoped-thread creation, Aegis policy/transcript processing, bounded-pool admission, primitive verification, and joins; work_units counts accepted verifications only"
local-1786752837727815000,macmini-m2-macos26.5.2-rust1.97.1-aarch64-20260814-workers4,9d3ab807a08ef4cf1077dbc23213e2314ce37c87,MEASURED,1786752849308656000,load,aegis_bounded_verification_pool,ML-DSA-65,concurrent_verify_burst,workers4_concurrency128,512,33,0,18773084,32148000,13877248,true,accepted=65;saturated=63;unexpected=0,65,128,0,0,3309,0,0,0,0,0,"controlled local burst; wall time includes scoped-thread creation, Aegis policy/transcript processing, bounded-pool admission, primitive verification, and joins; work_units counts accepted verifications only"
local-1786752837727815000,macmini-m2-macos26.5.2-rust1.97.1-aarch64-20260814-workers4,9d3ab807a08ef4cf1077dbc23213e2314ce37c87,MEASURED,1786752849380769000,load,aegis_bounded_verification_pool,ML-DSA-65,concurrent_verify_burst,workers4_concurrency128,512,34,0,17910084,32739000,13877248,true,accepted=65;saturated=63;unexpected=0,65,128,0,0,3309,0,0,0,0,0,"controlled local burst; wall time includes scoped-thread creation, Aegis policy/transcript processing, bounded-pool admission, primitive verification, and joins; work_units counts accepted verifications only"
local-1786752837727815000,macmini-m2-macos26.5.2-rust1.97.1-aarch64-20260814-workers4,9d3ab807a08ef4cf1077dbc23213e2314ce37c87,MEASURED,1786752849452760000,load,aegis_bounded_verification_pool,ML-DSA-65,concurrent_verify_burst,workers4_concurrency128,512,35,0,18349000,32584000,13877248,true,accepted=66;saturated=62;unexpected=0,66,128,0,0,3309,0,0,0,0,0,"controlled local burst; wall time includes scoped-thread creation, Aegis policy/transcript processing, bounded-pool admission, primitive verification, and joins; work_units counts accepted verifications only"
local-1786752837727815000,macmini-m2-macos26.5.2-rust1.97.1-aarch64-20260814-workers4,9d3ab807a08ef4cf1077dbc23213e2314ce37c87,MEASURED,1786752849518635000,load,aegis_bounded_verification_pool,ML-DSA-65,concurrent_verify_burst,workers4_concurrency128,512,36,0,18572583,32059000,13877248,true,accepted=66;saturated=62;unexpected=0,66,128,0,0,3309,0,0,0,0,0,"controlled local burst; wall time includes scoped-thread creation, Aegis policy/transcript processing, bounded-pool admission, primitive verification, and joins; work_units counts accepted verifications only"
local-1786752837727815000,macmini-m2-macos26.5.2-rust1.97.1-aarch64-20260814-workers4,9d3ab807a08ef4cf1077dbc23213e2314ce37c87,MEASURED,1786752849583414000,load,aegis_bounded_verification_pool,ML-DSA-65,concurrent_verify_burst,workers4_concurrency128,512,37,0,18001500,29608000,13877248,true,accepted=65;saturated=63;unexpected=0,65,128,0,0,3309,0,0,0,0,0,"controlled local burst; wall time includes scoped-thread creation, Aegis policy/transcript processing, bounded-pool admission, primitive verification, and joins; work_units counts accepted verifications only"
local-1786752837727815000,macmini-m2-macos26.5.2-rust1.97.1-aarch64-20260814-workers4,9d3ab807a08ef4cf1077dbc23213e2314ce37c87,MEASURED,1786752849655565000,load,aegis_bounded_verification_pool,ML-DSA-65,concurrent_verify_burst,workers4_concurrency128,512,38,0,18687834,31853000,13877248,true,accepted=66;saturated=62;unexpected=0,66,128,0,0,3309,0,0,0,0,0,"controlled local burst; wall time includes scoped-thread creation, Aegis policy/transcript processing, bounded-pool admission, primitive verification, and joins; work_units counts accepted verifications only"
local-1786752837727815000,macmini-m2-macos26.5.2-rust1.97.1-aarch64-20260814-workers4,9d3ab807a08ef4cf1077dbc23213e2314ce37c87,MEASURED,1786752849722242000,load,aegis_bounded_verification_pool,ML-DSA-65,concurrent_verify_burst,workers4_concurrency128,512,39,0,18184792,31517000,13877248,true,accepted=65;saturated=63;unexpected=0,65,128,0,0,3309,0,0,0,0,0,"controlled local burst; wall time includes scoped-thread creation, Aegis policy/transcript processing, bounded-pool admission, primitive verification, and joins; work_units counts accepted verifications only"
local-1786752837727815000,macmini-m2-macos26.5.2-rust1.97.1-aarch64-20260814-workers4,9d3ab807a08ef4cf1077dbc23213e2314ce37c87,MEASURED,1786752849790926000,load,aegis_bounded_verification_pool,ML-DSA-65,concurrent_verify_burst,workers4_concurrency128,512,40,0,18508125,33144000,13877248,true,accepted=66;saturated=62;unexpected=0,66,128,0,0,3309,0,0,0,0,0,"controlled local burst; wall time includes scoped-thread creation, Aegis policy/transcript processing, bounded-pool admission, primitive verification, and joins; work_units counts accepted verifications only"
local-1786752837727815000,macmini-m2-macos26.5.2-rust1.97.1-aarch64-20260814-workers4,9d3ab807a08ef4cf1077dbc23213e2314ce37c87,MEASURED,1786752849856647000,load,aegis_bounded_verification_pool,ML-DSA-65,concurrent_verify_burst,workers4_concurrency128,512,41,0,17770042,31316000,13877248,true,accepted=65;saturated=63;unexpected=0,65,128,0,0,3309,0,0,0,0,0,"controlled local burst; wall time includes scoped-thread creation, Aegis policy/transcript processing, bounded-pool admission, primitive verification, and joins; work_units counts accepted verifications only"
local-1786752837727815000,macmini-m2-macos26.5.2-rust1.97.1-aarch64-20260814-workers4,9d3ab807a08ef4cf1077dbc23213e2314ce37c87,MEASURED,1786752849925695000,load,aegis_bounded_verification_pool,ML-DSA-65,concurrent_verify_burst,workers4_concurrency128,512,42,0,17986000,31644000,13877248,true,accepted=65;saturated=63;unexpected=0,65,128,0,0,3309,0,0,0,0,0,"controlled local burst; wall time includes scoped-thread creation, Aegis policy/transcript processing, bounded-pool admission, primitive verification, and joins; work_units counts accepted verifications only"
local-1786752837727815000,macmini-m2-macos26.5.2-rust1.97.1-aarch64-20260814-workers4,9d3ab807a08ef4cf1077dbc23213e2314ce37c87,MEASURED,1786752849996642000,load,aegis_bounded_verification_pool,ML-DSA-65,concurrent_verify_burst,workers4_concurrency128,512,43,0,18855875,35096000,13877248,true,accepted=66;saturated=62;unexpected=0,66,128,0,0,3309,0,0,0,0,0,"controlled local burst; wall time includes scoped-thread creation, Aegis policy/transcript processing, bounded-pool admission, primitive verification, and joins; work_units counts accepted verifications only"
local-1786752837727815000,macmini-m2-macos26.5.2-rust1.97.1-aarch64-20260814-workers4,9d3ab807a08ef4cf1077dbc23213e2314ce37c87,MEASURED,1786752850066907000,load,aegis_bounded_verification_pool,ML-DSA-65,concurrent_verify_burst,workers4_concurrency128,512,44,0,19991250,34591000,13877248,true,accepted=66;saturated=62;unexpected=0,66,128,0,0,3309,0,0,0,0,0,"controlled local burst; wall time includes scoped-thread creation, Aegis policy/transcript processing, bounded-pool admission, primitive verification, and joins; work_units counts accepted verifications only"
local-1786752837727815000,macmini-m2-macos26.5.2-rust1.97.1-aarch64-20260814-workers4,9d3ab807a08ef4cf1077dbc23213e2314ce37c87,MEASURED,1786752850136250000,load,aegis_bounded_verification_pool,ML-DSA-65,concurrent_verify_burst,workers4_concurrency128,512,45,0,18790500,32407000,13877248,true,accepted=65;saturated=63;unexpected=0,65,128,0,0,3309,0,0,0,0,0,"controlled local burst; wall time includes scoped-thread creation, Aegis policy/transcript processing, bounded-pool admission, primitive verification, and joins; work_units counts accepted verifications only"
local-1786752837727815000,macmini-m2-macos26.5.2-rust1.97.1-aarch64-20260814-workers4,9d3ab807a08ef4cf1077dbc23213e2314ce37c87,MEASURED,1786752850208297000,load,aegis_bounded_verification_pool,ML-DSA-65,concurrent_verify_burst,workers4_concurrency128,512,46,0,19140167,32674000,13877248,true,accepted=65;saturated=63;unexpected=0,65,128,0,0,3309,0,0,0,0,0,"controlled local burst; wall time includes scoped-thread creation, Aegis policy/transcript processing, bounded-pool admission, primitive verification, and joins; work_units counts accepted verifications only"
local-1786752837727815000,macmini-m2-macos26.5.2-rust1.97.1-aarch64-20260814-workers4,9d3ab807a08ef4cf1077dbc23213e2314ce37c87,MEASURED,1786752850277601000,load,aegis_bounded_verification_pool,ML-DSA-65,concurrent_verify_burst,workers4_concurrency128,512,47,0,20703875,33096000,13877248,true,accepted=66;saturated=62;unexpected=0,66,128,0,0,3309,0,0,0,0,0,"controlled local burst; wall time includes scoped-thread creation, Aegis policy/transcript processing, bounded-pool admission, primitive verification, and joins; work_units counts accepted verifications only"
local-1786752837727815000,macmini-m2-macos26.5.2-rust1.97.1-aarch64-20260814-workers4,9d3ab807a08ef4cf1077dbc23213e2314ce37c87,MEASURED,1786752850353319000,load,aegis_bounded_verification_pool,ML-DSA-65,concurrent_verify_burst,workers4_concurrency128,512,48,0,22151417,30981000,13877248,true,accepted=64;saturated=64;unexpected=0,64,128,0,0,3309,0,0,0,0,0,"controlled local burst; wall time includes scoped-thread creation, Aegis policy/transcript processing, bounded-pool admission, primitive verification, and joins; work_units counts accepted verifications only"
local-1786752837727815000,macmini-m2-macos26.5.2-rust1.97.1-aarch64-20260814-workers4,9d3ab807a08ef4cf1077dbc23213e2314ce37c87,MEASURED,1786752850425914000,load,aegis_bounded_verification_pool,ML-DSA-65,concurrent_verify_burst,workers4_concurrency128,512,49,0,20028833,31702000,13877248,true,accepted=65;saturated=63;unexpected=0,65,128,0,0,3309,0,0,0,0,0,"controlled local burst; wall time includes scoped-thread creation, Aegis policy/transcript processing, bounded-pool admission, primitive verification, and joins; work_units counts accepted verifications only"
local-1786752837727815000,macmini-m2-macos26.5.2-rust1.97.1-aarch64-20260814-workers4,9d3ab807a08ef4cf1077dbc23213e2314ce37c87,MEASURED,1786752850494612000,load,aegis_bounded_verification_pool,ML-DSA-65,concurrent_verify_burst,workers4_concurrency128,512,50,0,18510584,30977000,13877248,true,accepted=65;saturated=63;unexpected=0,65,128,0,0,3309,0,0,0,0,0,"controlled local burst; wall time includes scoped-thread creation, Aegis policy/transcript processing, bounded-pool admission, primitive verification, and joins; work_units counts accepted verifications only"
local-1786752837727815000,macmini-m2-macos26.5.2-rust1.97.1-aarch64-20260814-workers4,9d3ab807a08ef4cf1077dbc23213e2314ce37c87,MEASURED,1786752850562754000,load,aegis_bounded_verification_pool,ML-DSA-65,concurrent_verify_burst,workers4_concurrency128,512,51,0,19417583,33089000,13877248,true,accepted=65;saturated=63;unexpected=0,65,128,0,0,3309,0,0,0,0,0,"controlled local burst; wall time includes scoped-thread creation, Aegis policy/transcript processing, bounded-pool admission, primitive verification, and joins; work_units counts accepted verifications only"
local-1786752837727815000,macmini-m2-macos26.5.2-rust1.97.1-aarch64-20260814-workers4,9d3ab807a08ef4cf1077dbc23213e2314ce37c87,MEASURED,1786752850636098000,load,aegis_bounded_verification_pool,ML-DSA-65,concurrent_verify_burst,workers4_concurrency128,512,52,0,19704042,34602000,13877248,true,accepted=66;saturated=62;unexpected=0,66,128,0,0,3309,0,0,0,0,0,"controlled local burst; wall time includes scoped-thread creation, Aegis policy/transcript processing, bounded-pool admission, primitive verification, and joins; work_units counts accepted verifications only"
local-1786752837727815000,macmini-m2-macos26.5.2-rust1.97.1-aarch64-20260814-workers4,9d3ab807a08ef4cf1077dbc23213e2314ce37c87,MEASURED,1786752850711893000,load,aegis_bounded_verification_pool,ML-DSA-65,concurrent_verify_burst,workers4_concurrency128,512,53,0,19276833,32857000,13877248,true,accepted=66;saturated=62;unexpected=0,66,128,0,0,3309,0,0,0,0,0,"controlled local burst; wall time includes scoped-thread creation, Aegis policy/transcript processing, bounded-pool admission, primitive verification, and joins; work_units counts accepted verifications only"
local-1786752837727815000,macmini-m2-macos26.5.2-rust1.97.1-aarch64-20260814-workers4,9d3ab807a08ef4cf1077dbc23213e2314ce37c87,MEASURED,1786752850783202000,load,aegis_bounded_verification_pool,ML-DSA-65,concurrent_verify_burst,workers4_concurrency128,512,54,0,19134125,32916000,13893632,true,accepted=66;saturated=62;unexpected=0,66,128,0,0,3309,0,0,0,0,0,"controlled local burst; wall time includes scoped-thread creation, Aegis policy/transcript processing, bounded-pool admission, primitive verification, and joins; work_units counts accepted verifications only"
local-1786752837727815000,macmini-m2-macos26.5.2-rust1.97.1-aarch64-20260814-workers4,9d3ab807a08ef4cf1077dbc23213e2314ce37c87,MEASURED,1786752850856776000,load,aegis_bounded_verification_pool,ML-DSA-65,concurrent_verify_burst,workers4_concurrency128,512,55,0,19734417,33210000,13893632,true,accepted=68;saturated=60;unexpected=0,68,128,0,0,3309,0,0,0,0,0,"controlled local burst; wall time includes scoped-thread creation, Aegis policy/transcript processing, bounded-pool admission, primitive verification, and joins; work_units counts accepted verifications only"
local-1786752837727815000,macmini-m2-macos26.5.2-rust1.97.1-aarch64-20260814-workers4,9d3ab807a08ef4cf1077dbc23213e2314ce37c87,MEASURED,1786752850926003000,load,aegis_bounded_verification_pool,ML-DSA-65,concurrent_verify_burst,workers4_concurrency128,512,56,0,20240584,33469000,13893632,true,accepted=66;saturated=62;unexpected=0,66,128,0,0,3309,0,0,0,0,0,"controlled local burst; wall time includes scoped-thread creation, Aegis policy/transcript processing, bounded-pool admission, primitive verification, and joins; work_units counts accepted verifications only"
local-1786752837727815000,macmini-m2-macos26.5.2-rust1.97.1-aarch64-20260814-workers4,9d3ab807a08ef4cf1077dbc23213e2314ce37c87,MEASURED,1786752851017899000,load,aegis_bounded_verification_pool,ML-DSA-65,concurrent_verify_burst,workers4_concurrency128,512,57,0,26119333,36292000,13893632,true,accepted=65;saturated=63;unexpected=0,65,128,0,0,3309,0,0,0,0,0,"controlled local burst; wall time includes scoped-thread creation, Aegis policy/transcript processing, bounded-pool admission, primitive verification, and joins; work_units counts accepted verifications only"
local-1786752837727815000,macmini-m2-macos26.5.2-rust1.97.1-aarch64-20260814-workers4,9d3ab807a08ef4cf1077dbc23213e2314ce37c87,MEASURED,1786752851099247000,load,aegis_bounded_verification_pool,ML-DSA-65,concurrent_verify_burst,workers4_concurrency128,512,58,0,21211666,33606000,13893632,true,accepted=66;saturated=62;unexpected=0,66,128,0,0,3309,0,0,0,0,0,"controlled local burst; wall time includes scoped-thread creation, Aegis policy/transcript processing, bounded-pool admission, primitive verification, and joins; work_units counts accepted verifications only"
local-1786752837727815000,macmini-m2-macos26.5.2-rust1.97.1-aarch64-20260814-workers4,9d3ab807a08ef4cf1077dbc23213e2314ce37c87,MEASURED,1786752851170570000,load,aegis_bounded_verification_pool,ML-DSA-65,concurrent_verify_burst,workers4_concurrency128,512,59,0,19746042,34024000,13893632,true,accepted=66;saturated=62;unexpected=0,66,128,0,0,3309,0,0,0,0,0,"controlled local burst; wall time includes scoped-thread creation, Aegis policy/transcript processing, bounded-pool admission, primitive verification, and joins; work_units counts accepted verifications only"
local-1786752837727815000,macmini-m2-macos26.5.2-rust1.97.1-aarch64-20260814-workers4,9d3ab807a08ef4cf1077dbc23213e2314ce37c87,MEASURED,1786752851241482000,load,aegis_bounded_verification_pool,ML-DSA-65,concurrent_verify_burst,workers4_concurrency128,512,60,0,19787500,32830000,13893632,true,accepted=65;saturated=63;unexpected=0,65,128,0,0,3309,0,0,0,0,0,"controlled local burst; wall time includes scoped-thread creation, Aegis policy/transcript processing, bounded-pool admission, primitive verification, and joins; work_units counts accepted verifications only"
local-1786752837727815000,macmini-m2-macos26.5.2-rust1.97.1-aarch64-20260814-workers4,9d3ab807a08ef4cf1077dbc23213e2314ce37c87,MEASURED,1786752851307661000,load,aegis_bounded_verification_pool,ML-DSA-65,concurrent_verify_burst,workers4_concurrency128,512,61,0,18264417,30946000,13893632,true,accepted=64;saturated=64;unexpected=0,64,128,0,0,3309,0,0,0,0,0,"controlled local burst; wall time includes scoped-thread creation, Aegis policy/transcript processing, bounded-pool admission, primitive verification, and joins; work_units counts accepted verifications only"
local-1786752837727815000,macmini-m2-macos26.5.2-rust1.97.1-aarch64-20260814-workers4,9d3ab807a08ef4cf1077dbc23213e2314ce37c87,MEASURED,1786752851374871000,load,aegis_bounded_verification_pool,ML-DSA-65,concurrent_verify_burst,workers4_concurrency128,512,62,0,17712541,31609000,13893632,true,accepted=65;saturated=63;unexpected=0,65,128,0,0,3309,0,0,0,0,0,"controlled local burst; wall time includes scoped-thread creation, Aegis policy/transcript processing, bounded-pool admission, primitive verification, and joins; work_units counts accepted verifications only"
local-1786752837727815000,macmini-m2-macos26.5.2-rust1.97.1-aarch64-20260814-workers4,9d3ab807a08ef4cf1077dbc23213e2314ce37c87,MEASURED,1786752851436706000,load,aegis_bounded_verification_pool,ML-DSA-65,concurrent_verify_burst,workers4_concurrency128,512,63,0,20158375,32793000,13893632,true,accepted=65;saturated=63;unexpected=0,65,128,0,0,3309,0,0,0,0,0,"controlled local burst; wall time includes scoped-thread creation, Aegis policy/transcript processing, bounded-pool admission, primitive verification, and joins; work_units counts accepted verifications only"
local-1786752837727815000,macmini-m2-macos26.5.2-rust1.97.1-aarch64-20260814-workers4,9d3ab807a08ef4cf1077dbc23213e2314ce37c87,MEASURED,1786752851505675000,load,aegis_bounded_verification_pool,ML-DSA-65,concurrent_verify_burst,workers4_concurrency128,512,64,0,20287250,33869000,13893632,true,accepted=65;saturated=63;unexpected=0,65,128,0,0,3309,0,0,0,0,0,"controlled local burst; wall time includes scoped-thread creation, Aegis policy/transcript processing, bounded-pool admission, primitive verification, and joins; work_units counts accepted verifications only"
local-1786752837727815000,macmini-m2-macos26.5.2-rust1.97.1-aarch64-20260814-workers4,9d3ab807a08ef4cf1077dbc23213e2314ce37c87,MEASURED,1786752851580615000,load,aegis_bounded_verification_pool,ML-DSA-65,concurrent_verify_burst,workers4_concurrency128,512,65,0,18996125,34516000,13893632,true,accepted=65;saturated=63;unexpected=0,65,128,0,0,3309,0,0,0,0,0,"controlled local burst; wall time includes scoped-thread creation, Aegis policy/transcript processing, bounded-pool admission, primitive verification, and joins; work_units counts accepted verifications only"
local-1786752837727815000,macmini-m2-macos26.5.2-rust1.97.1-aarch64-20260814-workers4,9d3ab807a08ef4cf1077dbc23213e2314ce37c87,MEASURED,1786752851653380000,load,aegis_bounded_verification_pool,ML-DSA-65,concurrent_verify_burst,workers4_concurrency128,512,66,0,18540625,31959000,13893632,true,accepted=65;saturated=63;unexpected=0,65,128,0,0,3309,0,0,0,0,0,"controlled local burst; wall time includes scoped-thread creation, Aegis policy/transcript processing, bounded-pool admission, primitive verification, and joins; work_units counts accepted verifications only"
local-1786752837727815000,macmini-m2-macos26.5.2-rust1.97.1-aarch64-20260814-workers4,9d3ab807a08ef4cf1077dbc23213e2314ce37c87,MEASURED,1786752851717382000,load,aegis_bounded_verification_pool,ML-DSA-65,concurrent_verify_burst,workers4_concurrency128,512,67,0,18814125,32419000,13893632,true,accepted=65;saturated=63;unexpected=0,65,128,0,0,3309,0,0,0,0,0,"controlled local burst; wall time includes scoped-thread creation, Aegis policy/transcript processing, bounded-pool admission, primitive verification, and joins; work_units counts accepted verifications only"
local-1786752837727815000,macmini-m2-macos26.5.2-rust1.97.1-aarch64-20260814-workers4,9d3ab807a08ef4cf1077dbc23213e2314ce37c87,MEASURED,1786752851785082000,load,aegis_bounded_verification_pool,ML-DSA-65,concurrent_verify_burst,workers4_concurrency128,512,68,0,18596084,32072000,13893632,true,accepted=65;saturated=63;unexpected=0,65,128,0,0,3309,0,0,0,0,0,"controlled local burst; wall time includes scoped-thread creation, Aegis policy/transcript processing, bounded-pool admission, primitive verification, and joins; work_units counts accepted verifications only"
local-1786752837727815000,macmini-m2-macos26.5.2-rust1.97.1-aarch64-20260814-workers4,9d3ab807a08ef4cf1077dbc23213e2314ce37c87,MEASURED,1786752851854052000,load,aegis_bounded_verification_pool,ML-DSA-65,concurrent_verify_burst,workers4_concurrency128,512,69,0,17774625,31834000,13893632,true,accepted=65;saturated=63;unexpected=0,65,128,0,0,3309,0,0,0,0,0,"controlled local burst; wall time includes scoped-thread creation, Aegis policy/transcript processing, bounded-pool admission, primitive verification, and joins; work_units counts accepted verifications only"
local-1786752837727815000,macmini-m2-macos26.5.2-rust1.97.1-aarch64-20260814-workers4,9d3ab807a08ef4cf1077dbc23213e2314ce37c87,MEASURED,1786752851923020000,load,aegis_bounded_verification_pool,ML-DSA-65,concurrent_verify_burst,workers4_concurrency128,512,70,0,19535417,33815000,13893632,true,accepted=68;saturated=60;unexpected=0,68,128,0,0,3309,0,0,0,0,0,"controlled local burst; wall time includes scoped-thread creation, Aegis policy/transcript processing, bounded-pool admission, primitive verification, and joins; work_units counts accepted verifications only"
local-1786752837727815000,macmini-m2-macos26.5.2-rust1.97.1-aarch64-20260814-workers4,9d3ab807a08ef4cf1077dbc23213e2314ce37c87,MEASURED,1786752851990230000,load,aegis_bounded_verification_pool,ML-DSA-65,concurrent_verify_burst,workers4_concurrency128,512,71,0,19219583,33615000,13893632,true,accepted=66;saturated=62;unexpected=0,66,128,0,0,3309,0,0,0,0,0,"controlled local burst; wall time includes scoped-thread creation, Aegis policy/transcript processing, bounded-pool admission, primitive verification, and joins; work_units counts accepted verifications only"
local-1786752837727815000,macmini-m2-macos26.5.2-rust1.97.1-aarch64-20260814-workers4,9d3ab807a08ef4cf1077dbc23213e2314ce37c87,MEASURED,1786752852056486000,load,aegis_bounded_verification_pool,ML-DSA-65,concurrent_verify_burst,workers4_concurrency128,512,72,0,18651583,32731000,13893632,true,accepted=65;saturated=63;unexpected=0,65,128,0,0,3309,0,0,0,0,0,"controlled local burst; wall time includes scoped-thread creation, Aegis policy/transcript processing, bounded-pool admission, primitive verification, and joins; work_units counts accepted verifications only"
local-1786752837727815000,macmini-m2-macos26.5.2-rust1.97.1-aarch64-20260814-workers4,9d3ab807a08ef4cf1077dbc23213e2314ce37c87,MEASURED,1786752852126051000,load,aegis_bounded_verification_pool,ML-DSA-65,concurrent_verify_burst,workers4_concurrency128,512,73,0,18232584,31187000,13893632,true,accepted=65;saturated=63;unexpected=0,65,128,0,0,3309,0,0,0,0,0,"controlled local burst; wall time includes scoped-thread creation, Aegis policy/transcript processing, bounded-pool admission, primitive verification, and joins; work_units counts accepted verifications only"
local-1786752837727815000,macmini-m2-macos26.5.2-rust1.97.1-aarch64-20260814-workers4,9d3ab807a08ef4cf1077dbc23213e2314ce37c87,MEASURED,1786752852195491000,load,aegis_bounded_verification_pool,ML-DSA-65,concurrent_verify_burst,workers4_concurrency128,512,74,0,18650375,32746000,13893632,true,accepted=67;saturated=61;unexpected=0,67,128,0,0,3309,0,0,0,0,0,"controlled local burst; wall time includes scoped-thread creation, Aegis policy/transcript processing, bounded-pool admission, primitive verification, and joins; work_units counts accepted verifications only"
local-1786752837727815000,macmini-m2-macos26.5.2-rust1.97.1-aarch64-20260814-workers4,9d3ab807a08ef4cf1077dbc23213e2314ce37c87,MEASURED,1786752852257573000,load,aegis_bounded_verification_pool,ML-DSA-65,concurrent_verify_burst,workers4_concurrency128,512,75,0,17968833,32184000,13893632,true,accepted=65;saturated=63;unexpected=0,65,128,0,0,3309,0,0,0,0,0,"controlled local burst; wall time includes scoped-thread creation, Aegis policy/transcript processing, bounded-pool admission, primitive verification, and joins; work_units counts accepted verifications only"
local-1786752837727815000,macmini-m2-macos26.5.2-rust1.97.1-aarch64-20260814-workers4,9d3ab807a08ef4cf1077dbc23213e2314ce37c87,MEASURED,1786752852326601000,load,aegis_bounded_verification_pool,ML-DSA-65,concurrent_verify_burst,workers4_concurrency128,512,76,0,18536917,32757000,13893632,true,accepted=65;saturated=63;unexpected=0,65,128,0,0,3309,0,0,0,0,0,"controlled local burst; wall time includes scoped-thread creation, Aegis policy/transcript processing, bounded-pool admission, primitive verification, and joins; work_units counts accepted verifications only"
local-1786752837727815000,macmini-m2-macos26.5.2-rust1.97.1-aarch64-20260814-workers4,9d3ab807a08ef4cf1077dbc23213e2314ce37c87,MEASURED,1786752852388619000,load,aegis_bounded_verification_pool,ML-DSA-65,concurrent_verify_burst,workers4_concurrency128,512,77,0,18083917,32438000,13893632,true,accepted=65;saturated=63;unexpected=0,65,128,0,0,3309,0,0,0,0,0,"controlled local burst; wall time includes scoped-thread creation, Aegis policy/transcript processing, bounded-pool admission, primitive verification, and joins; work_units counts accepted verifications only"
local-1786752837727815000,macmini-m2-macos26.5.2-rust1.97.1-aarch64-20260814-workers4,9d3ab807a08ef4cf1077dbc23213e2314ce37c87,MEASURED,1786752852457331000,load,aegis_bounded_verification_pool,ML-DSA-65,concurrent_verify_burst,workers4_concurrency128,512,78,0,18106500,31488000,13893632,true,accepted=65;saturated=63;unexpected=0,65,128,0,0,3309,0,0,0,0,0,"controlled local burst; wall time includes scoped-thread creation, Aegis policy/transcript processing, bounded-pool admission, primitive verification, and joins; work_units counts accepted verifications only"
local-1786752837727815000,macmini-m2-macos26.5.2-rust1.97.1-aarch64-20260814-workers4,9d3ab807a08ef4cf1077dbc23213e2314ce37c87,MEASURED,1786752852526236000,load,aegis_bounded_verification_pool,ML-DSA-65,concurrent_verify_burst,workers4_concurrency128,512,79,0,18807667,31807000,13893632,true,accepted=67;saturated=61;unexpected=0,67,128,0,0,3309,0,0,0,0,0,"controlled local burst; wall time includes scoped-thread creation, Aegis policy/transcript processing, bounded-pool admission, primitive verification, and joins; work_units counts accepted verifications only"
local-1786752837727815000,macmini-m2-macos26.5.2-rust1.97.1-aarch64-20260814-workers4,9d3ab807a08ef4cf1077dbc23213e2314ce37c87,MEASURED,1786752852596995000,load,aegis_bounded_verification_pool,ML-DSA-65,concurrent_verify_burst,workers4_concurrency128,512,80,0,18980375,32494000,13893632,true,accepted=67;saturated=61;unexpected=0,67,128,0,0,3309,0,0,0,0,0,"controlled local burst; wall time includes scoped-thread creation, Aegis policy/transcript processing, bounded-pool admission, primitive verification, and joins; work_units counts accepted verifications only"
local-1786752837727815000,macmini-m2-macos26.5.2-rust1.97.1-aarch64-20260814-workers4,9d3ab807a08ef4cf1077dbc23213e2314ce37c87,MEASURED,1786752852666041000,load,aegis_bounded_verification_pool,ML-DSA-65,concurrent_verify_burst,workers4_concurrency128,512,81,0,21585333,35170000,13893632,true,accepted=65;saturated=63;unexpected=0,65,128,0,0,3309,0,0,0,0,0,"controlled local burst; wall time includes scoped-thread creation, Aegis policy/transcript processing, bounded-pool admission, primitive verification, and joins; work_units counts accepted verifications only"
local-1786752837727815000,macmini-m2-macos26.5.2-rust1.97.1-aarch64-20260814-workers4,9d3ab807a08ef4cf1077dbc23213e2314ce37c87,MEASURED,1786752852738970000,load,aegis_bounded_verification_pool,ML-DSA-65,concurrent_verify_burst,workers4_concurrency128,512,82,0,20442416,31894000,13893632,true,accepted=65;saturated=63;unexpected=0,65,128,0,0,3309,0,0,0,0,0,"controlled local burst; wall time includes scoped-thread creation, Aegis policy/transcript processing, bounded-pool admission, primitive verification, and joins; work_units counts accepted verifications only"
local-1786752837727815000,macmini-m2-macos26.5.2-rust1.97.1-aarch64-20260814-workers4,9d3ab807a08ef4cf1077dbc23213e2314ce37c87,MEASURED,1786752852809545000,load,aegis_bounded_verification_pool,ML-DSA-65,concurrent_verify_burst,workers4_concurrency128,512,83,0,19331750,32661000,13910016,true,accepted=66;saturated=62;unexpected=0,66,128,0,0,3309,0,0,0,0,0,"controlled local burst; wall time includes scoped-thread creation, Aegis policy/transcript processing, bounded-pool admission, primitive verification, and joins; work_units counts accepted verifications only"
local-1786752837727815000,macmini-m2-macos26.5.2-rust1.97.1-aarch64-20260814-workers4,9d3ab807a08ef4cf1077dbc23213e2314ce37c87,MEASURED,1786752852878363000,load,aegis_bounded_verification_pool,ML-DSA-65,concurrent_verify_burst,workers4_concurrency128,512,84,0,19077417,33418000,13910016,true,accepted=65;saturated=63;unexpected=0,65,128,0,0,3309,0,0,0,0,0,"controlled local burst; wall time includes scoped-thread creation, Aegis policy/transcript processing, bounded-pool admission, primitive verification, and joins; work_units counts accepted verifications only"
local-1786752837727815000,macmini-m2-macos26.5.2-rust1.97.1-aarch64-20260814-workers4,9d3ab807a08ef4cf1077dbc23213e2314ce37c87,MEASURED,1786752852952729000,load,aegis_bounded_verification_pool,ML-DSA-65,concurrent_verify_burst,workers4_concurrency128,512,85,0,18230167,32228000,13910016,true,accepted=65;saturated=63;unexpected=0,65,128,0,0,3309,0,0,0,0,0,"controlled local burst; wall time includes scoped-thread creation, Aegis policy/transcript processing, bounded-pool admission, primitive verification, and joins; work_units counts accepted verifications only"
local-1786752837727815000,macmini-m2-macos26.5.2-rust1.97.1-aarch64-20260814-workers4,9d3ab807a08ef4cf1077dbc23213e2314ce37c87,MEASURED,1786752853021405000,load,aegis_bounded_verification_pool,ML-DSA-65,concurrent_verify_burst,workers4_concurrency128,512,86,0,18270292,28906000,13910016,true,accepted=66;saturated=62;unexpected=0,66,128,0,0,3309,0,0,0,0,0,"controlled local burst; wall time includes scoped-thread creation, Aegis policy/transcript processing, bounded-pool admission, primitive verification, and joins; work_units counts accepted verifications only"
local-1786752837727815000,macmini-m2-macos26.5.2-rust1.97.1-aarch64-20260814-workers4,9d3ab807a08ef4cf1077dbc23213e2314ce37c87,MEASURED,1786752853085706000,load,aegis_bounded_verification_pool,ML-DSA-65,concurrent_verify_burst,workers4_concurrency128,512,87,0,18986500,31140000,13910016,true,accepted=66;saturated=62;unexpected=0,66,128,0,0,3309,0,0,0,0,0,"controlled local burst; wall time includes scoped-thread creation, Aegis policy/transcript processing, bounded-pool admission, primitive verification, and joins; work_units counts accepted verifications only"
local-1786752837727815000,macmini-m2-macos26.5.2-rust1.97.1-aarch64-20260814-workers4,9d3ab807a08ef4cf1077dbc23213e2314ce37c87,MEASURED,1786752853155890000,load,aegis_bounded_verification_pool,ML-DSA-65,concurrent_verify_burst,workers4_concurrency128,512,88,0,18297958,32149000,13910016,true,accepted=65;saturated=63;unexpected=0,65,128,0,0,3309,0,0,0,0,0,"controlled local burst; wall time includes scoped-thread creation, Aegis policy/transcript processing, bounded-pool admission, primitive verification, and joins; work_units counts accepted verifications only"
local-1786752837727815000,macmini-m2-macos26.5.2-rust1.97.1-aarch64-20260814-workers4,9d3ab807a08ef4cf1077dbc23213e2314ce37c87,MEASURED,1786752853220365000,load,aegis_bounded_verification_pool,ML-DSA-65,concurrent_verify_burst,workers4_concurrency128,512,89,0,18332375,31376000,13910016,true,accepted=66;saturated=62;unexpected=0,66,128,0,0,3309,0,0,0,0,0,"controlled local burst; wall time includes scoped-thread creation, Aegis policy/transcript processing, bounded-pool admission, primitive verification, and joins; work_units counts accepted verifications only"
local-1786752837727815000,macmini-m2-macos26.5.2-rust1.97.1-aarch64-20260814-workers4,9d3ab807a08ef4cf1077dbc23213e2314ce37c87,MEASURED,1786752853286604000,load,aegis_bounded_verification_pool,ML-DSA-65,concurrent_verify_burst,workers4_concurrency128,512,90,0,18723375,30384000,13910016,true,accepted=66;saturated=62;unexpected=0,66,128,0,0,3309,0,0,0,0,0,"controlled local burst; wall time includes scoped-thread creation, Aegis policy/transcript processing, bounded-pool admission, primitive verification, and joins; work_units counts accepted verifications only"
local-1786752837727815000,macmini-m2-macos26.5.2-rust1.97.1-aarch64-20260814-workers4,9d3ab807a08ef4cf1077dbc23213e2314ce37c87,MEASURED,1786752853358384000,load,aegis_bounded_verification_pool,ML-DSA-65,concurrent_verify_burst,workers4_concurrency128,512,91,0,19497500,35150000,13910016,true,accepted=66;saturated=62;unexpected=0,66,128,0,0,3309,0,0,0,0,0,"controlled local burst; wall time includes scoped-thread creation, Aegis policy/transcript processing, bounded-pool admission, primitive verification, and joins; work_units counts accepted verifications only"
local-1786752837727815000,macmini-m2-macos26.5.2-rust1.97.1-aarch64-20260814-workers4,9d3ab807a08ef4cf1077dbc23213e2314ce37c87,MEASURED,1786752853427776000,load,aegis_bounded_verification_pool,ML-DSA-65,concurrent_verify_burst,workers4_concurrency128,512,92,0,18938584,32985000,13910016,true,accepted=65;saturated=63;unexpected=0,65,128,0,0,3309,0,0,0,0,0,"controlled local burst; wall time includes scoped-thread creation, Aegis policy/transcript processing, bounded-pool admission, primitive verification, and joins; work_units counts accepted verifications only"
local-1786752837727815000,macmini-m2-macos26.5.2-rust1.97.1-aarch64-20260814-workers4,9d3ab807a08ef4cf1077dbc23213e2314ce37c87,MEASURED,1786752853494328000,load,aegis_bounded_verification_pool,ML-DSA-65,concurrent_verify_burst,workers4_concurrency128,512,93,0,19995166,34896000,13926400,true,accepted=66;saturated=62;unexpected=0,66,128,0,0,3309,0,0,0,0,0,"controlled local burst; wall time includes scoped-thread creation, Aegis policy/transcript processing, bounded-pool admission, primitive verification, and joins; work_units counts accepted verifications only"
local-1786752837727815000,macmini-m2-macos26.5.2-rust1.97.1-aarch64-20260814-workers4,9d3ab807a08ef4cf1077dbc23213e2314ce37c87,MEASURED,1786752853568513000,load,aegis_bounded_verification_pool,ML-DSA-65,concurrent_verify_burst,workers4_concurrency128,512,94,0,18211042,31833000,13926400,true,accepted=65;saturated=63;unexpected=0,65,128,0,0,3309,0,0,0,0,0,"controlled local burst; wall time includes scoped-thread creation, Aegis policy/transcript processing, bounded-pool admission, primitive verification, and joins; work_units counts accepted verifications only"
local-1786752837727815000,macmini-m2-macos26.5.2-rust1.97.1-aarch64-20260814-workers4,9d3ab807a08ef4cf1077dbc23213e2314ce37c87,MEASURED,1786752853637754000,load,aegis_bounded_verification_pool,ML-DSA-65,concurrent_verify_burst,workers4_concurrency128,512,95,0,19096666,33828000,13926400,true,accepted=65;saturated=63;unexpected=0,65,128,0,0,3309,0,0,0,0,0,"controlled local burst; wall time includes scoped-thread creation, Aegis policy/transcript processing, bounded-pool admission, primitive verification, and joins; work_units counts accepted verifications only"
local-1786752837727815000,macmini-m2-macos26.5.2-rust1.97.1-aarch64-20260814-workers4,9d3ab807a08ef4cf1077dbc23213e2314ce37c87,MEASURED,1786752853705010000,load,aegis_bounded_verification_pool,ML-DSA-65,concurrent_verify_burst,workers4_concurrency128,512,96,0,19262875,33806000,13926400,true,accepted=66;saturated=62;unexpected=0,66,128,0,0,3309,0,0,0,0,0,"controlled local burst; wall time includes scoped-thread creation, Aegis policy/transcript processing, bounded-pool admission, primitive verification, and joins; work_units counts accepted verifications only"
local-1786752837727815000,macmini-m2-macos26.5.2-rust1.97.1-aarch64-20260814-workers4,9d3ab807a08ef4cf1077dbc23213e2314ce37c87,MEASURED,1786752853771917000,load,aegis_bounded_verification_pool,ML-DSA-65,concurrent_verify_burst,workers4_concurrency128,512,97,0,18887583,31084000,13926400,true,accepted=65;saturated=63;unexpected=0,65,128,0,0,3309,0,0,0,0,0,"controlled local burst; wall time includes scoped-thread creation, Aegis policy/transcript processing, bounded-pool admission, primitive verification, and joins; work_units counts accepted verifications only"
local-1786752837727815000,macmini-m2-macos26.5.2-rust1.97.1-aarch64-20260814-workers4,9d3ab807a08ef4cf1077dbc23213e2314ce37c87,MEASURED,1786752853839577000,load,aegis_bounded_verification_pool,ML-DSA-65,concurrent_verify_burst,workers4_concurrency128,512,98,0,19607375,32684000,13926400,true,accepted=67;saturated=61;unexpected=0,67,128,0,0,3309,0,0,0,0,0,"controlled local burst; wall time includes scoped-thread creation, Aegis policy/transcript processing, bounded-pool admission, primitive verification, and joins; work_units counts accepted verifications only"
local-1786752837727815000,macmini-m2-macos26.5.2-rust1.97.1-aarch64-20260814-workers4,9d3ab807a08ef4cf1077dbc23213e2314ce37c87,MEASURED,1786752853911730000,load,aegis_bounded_verification_pool,ML-DSA-65,concurrent_verify_burst,workers4_concurrency128,512,99,0,18655792,31010000,13926400,true,accepted=67;saturated=61;unexpected=0,67,128,0,0,3309,0,0,0,0,0,"controlled local burst; wall time includes scoped-thread creation, Aegis policy/transcript processing, bounded-pool admission, primitive verification, and joins; work_units counts accepted verifications only"
