run_id,environment_id,source_commit,classification,sample_recorded_unix_ns,suite,layer,algorithm,operation,payload_profile,message_bytes,iteration,warmup_iterations,wall_ns,cpu_ns,max_rss_bytes,valid,result,work_units,item_count,public_key_bytes,private_key_bytes,signature_bytes,ciphertext_bytes,shared_secret_bytes,unsigned_serialized_bytes,serialized_bytes,authentication_bytes,notes
local-1786752901640954000,macmini-m2-macos26.5.2-rust1.97.1-aarch64-20260814-workers4,9d3ab807a08ef4cf1077dbc23213e2314ce37c87,MEASURED,1786752901642306000,load,aegis_bounded_verification_pool,ML-DSA-65,concurrent_verify_burst,workers4_concurrency1,512,0,0,216750,233000,7290880,true,accepted=1;saturated=0;unexpected=0,1,1,0,0,3309,0,0,0,0,0,"controlled local burst; wall time includes scoped-thread creation, Aegis policy/transcript processing, bounded-pool admission, primitive verification, and joins; work_units counts accepted verifications only"
local-1786752901640954000,macmini-m2-macos26.5.2-rust1.97.1-aarch64-20260814-workers4,9d3ab807a08ef4cf1077dbc23213e2314ce37c87,MEASURED,1786752901642906000,load,aegis_bounded_verification_pool,ML-DSA-65,concurrent_verify_burst,workers4_concurrency1,512,1,0,189042,200000,7487488,true,accepted=1;saturated=0;unexpected=0,1,1,0,0,3309,0,0,0,0,0,"controlled local burst; wall time includes scoped-thread creation, Aegis policy/transcript processing, bounded-pool admission, primitive verification, and joins; work_units counts accepted verifications only"
local-1786752901640954000,macmini-m2-macos26.5.2-rust1.97.1-aarch64-20260814-workers4,9d3ab807a08ef4cf1077dbc23213e2314ce37c87,MEASURED,1786752901643339000,load,aegis_bounded_verification_pool,ML-DSA-65,concurrent_verify_burst,workers4_concurrency1,512,2,0,173292,185000,7585792,true,accepted=1;saturated=0;unexpected=0,1,1,0,0,3309,0,0,0,0,0,"controlled local burst; wall time includes scoped-thread creation, Aegis policy/transcript processing, bounded-pool admission, primitive verification, and joins; work_units counts accepted verifications only"
local-1786752901640954000,macmini-m2-macos26.5.2-rust1.97.1-aarch64-20260814-workers4,9d3ab807a08ef4cf1077dbc23213e2314ce37c87,MEASURED,1786752901643772000,load,aegis_bounded_verification_pool,ML-DSA-65,concurrent_verify_burst,workers4_concurrency1,512,3,0,186416,197000,7733248,true,accepted=1;saturated=0;unexpected=0,1,1,0,0,3309,0,0,0,0,0,"controlled local burst; wall time includes scoped-thread creation, Aegis policy/transcript processing, bounded-pool admission, primitive verification, and joins; work_units counts accepted verifications only"
local-1786752901640954000,macmini-m2-macos26.5.2-rust1.97.1-aarch64-20260814-workers4,9d3ab807a08ef4cf1077dbc23213e2314ce37c87,MEASURED,1786752901644240000,load,aegis_bounded_verification_pool,ML-DSA-65,concurrent_verify_burst,workers4_concurrency1,512,4,0,157625,164000,7749632,true,accepted=1;saturated=0;unexpected=0,1,1,0,0,3309,0,0,0,0,0,"controlled local burst; wall time includes scoped-thread creation, Aegis policy/transcript processing, bounded-pool admission, primitive verification, and joins; work_units counts accepted verifications only"
local-1786752901640954000,macmini-m2-macos26.5.2-rust1.97.1-aarch64-20260814-workers4,9d3ab807a08ef4cf1077dbc23213e2314ce37c87,MEASURED,1786752901644726000,load,aegis_bounded_verification_pool,ML-DSA-65,concurrent_verify_burst,workers4_concurrency1,512,5,0,189458,199000,7782400,true,accepted=1;saturated=0;unexpected=0,1,1,0,0,3309,0,0,0,0,0,"controlled local burst; wall time includes scoped-thread creation, Aegis policy/transcript processing, bounded-pool admission, primitive verification, and joins; work_units counts accepted verifications only"
local-1786752901640954000,macmini-m2-macos26.5.2-rust1.97.1-aarch64-20260814-workers4,9d3ab807a08ef4cf1077dbc23213e2314ce37c87,MEASURED,1786752901645657000,load,aegis_bounded_verification_pool,ML-DSA-65,concurrent_verify_burst,workers4_concurrency1,512,6,0,203250,186000,7782400,true,accepted=1;saturated=0;unexpected=0,1,1,0,0,3309,0,0,0,0,0,"controlled local burst; wall time includes scoped-thread creation, Aegis policy/transcript processing, bounded-pool admission, primitive verification, and joins; work_units counts accepted verifications only"
local-1786752901640954000,macmini-m2-macos26.5.2-rust1.97.1-aarch64-20260814-workers4,9d3ab807a08ef4cf1077dbc23213e2314ce37c87,MEASURED,1786752901646924000,load,aegis_bounded_verification_pool,ML-DSA-65,concurrent_verify_burst,workers4_concurrency1,512,7,0,169667,177000,7815168,true,accepted=1;saturated=0;unexpected=0,1,1,0,0,3309,0,0,0,0,0,"controlled local burst; wall time includes scoped-thread creation, Aegis policy/transcript processing, bounded-pool admission, primitive verification, and joins; work_units counts accepted verifications only"
local-1786752901640954000,macmini-m2-macos26.5.2-rust1.97.1-aarch64-20260814-workers4,9d3ab807a08ef4cf1077dbc23213e2314ce37c87,MEASURED,1786752901647646000,load,aegis_bounded_verification_pool,ML-DSA-65,concurrent_verify_burst,workers4_concurrency1,512,8,0,191375,204000,7815168,true,accepted=1;saturated=0;unexpected=0,1,1,0,0,3309,0,0,0,0,0,"controlled local burst; wall time includes scoped-thread creation, Aegis policy/transcript processing, bounded-pool admission, primitive verification, and joins; work_units counts accepted verifications only"
local-1786752901640954000,macmini-m2-macos26.5.2-rust1.97.1-aarch64-20260814-workers4,9d3ab807a08ef4cf1077dbc23213e2314ce37c87,MEASURED,1786752901648199000,load,aegis_bounded_verification_pool,ML-DSA-65,concurrent_verify_burst,workers4_concurrency1,512,9,0,250791,230000,7880704,true,accepted=1;saturated=0;unexpected=0,1,1,0,0,3309,0,0,0,0,0,"controlled local burst; wall time includes scoped-thread creation, Aegis policy/transcript processing, bounded-pool admission, primitive verification, and joins; work_units counts accepted verifications only"
local-1786752901640954000,macmini-m2-macos26.5.2-rust1.97.1-aarch64-20260814-workers4,9d3ab807a08ef4cf1077dbc23213e2314ce37c87,MEASURED,1786752901648798000,load,aegis_bounded_verification_pool,ML-DSA-65,concurrent_verify_burst,workers4_concurrency1,512,10,0,178000,185000,7897088,true,accepted=1;saturated=0;unexpected=0,1,1,0,0,3309,0,0,0,0,0,"controlled local burst; wall time includes scoped-thread creation, Aegis policy/transcript processing, bounded-pool admission, primitive verification, and joins; work_units counts accepted verifications only"
local-1786752901640954000,macmini-m2-macos26.5.2-rust1.97.1-aarch64-20260814-workers4,9d3ab807a08ef4cf1077dbc23213e2314ce37c87,MEASURED,1786752901649416000,load,aegis_bounded_verification_pool,ML-DSA-65,concurrent_verify_burst,workers4_concurrency1,512,11,0,155750,163000,7929856,true,accepted=1;saturated=0;unexpected=0,1,1,0,0,3309,0,0,0,0,0,"controlled local burst; wall time includes scoped-thread creation, Aegis policy/transcript processing, bounded-pool admission, primitive verification, and joins; work_units counts accepted verifications only"
local-1786752901640954000,macmini-m2-macos26.5.2-rust1.97.1-aarch64-20260814-workers4,9d3ab807a08ef4cf1077dbc23213e2314ce37c87,MEASURED,1786752901649891000,load,aegis_bounded_verification_pool,ML-DSA-65,concurrent_verify_burst,workers4_concurrency1,512,12,0,149000,156000,7946240,true,accepted=1;saturated=0;unexpected=0,1,1,0,0,3309,0,0,0,0,0,"controlled local burst; wall time includes scoped-thread creation, Aegis policy/transcript processing, bounded-pool admission, primitive verification, and joins; work_units counts accepted verifications only"
local-1786752901640954000,macmini-m2-macos26.5.2-rust1.97.1-aarch64-20260814-workers4,9d3ab807a08ef4cf1077dbc23213e2314ce37c87,MEASURED,1786752901650764000,load,aegis_bounded_verification_pool,ML-DSA-65,concurrent_verify_burst,workers4_concurrency1,512,13,0,170250,178000,7946240,true,accepted=1;saturated=0;unexpected=0,1,1,0,0,3309,0,0,0,0,0,"controlled local burst; wall time includes scoped-thread creation, Aegis policy/transcript processing, bounded-pool admission, primitive verification, and joins; work_units counts accepted verifications only"
local-1786752901640954000,macmini-m2-macos26.5.2-rust1.97.1-aarch64-20260814-workers4,9d3ab807a08ef4cf1077dbc23213e2314ce37c87,MEASURED,1786752901652298000,load,aegis_bounded_verification_pool,ML-DSA-65,concurrent_verify_burst,workers4_concurrency1,512,14,0,307084,323000,7979008,true,accepted=1;saturated=0;unexpected=0,1,1,0,0,3309,0,0,0,0,0,"controlled local burst; wall time includes scoped-thread creation, Aegis policy/transcript processing, bounded-pool admission, primitive verification, and joins; work_units counts accepted verifications only"
local-1786752901640954000,macmini-m2-macos26.5.2-rust1.97.1-aarch64-20260814-workers4,9d3ab807a08ef4cf1077dbc23213e2314ce37c87,MEASURED,1786752901652998000,load,aegis_bounded_verification_pool,ML-DSA-65,concurrent_verify_burst,workers4_concurrency1,512,15,0,204250,210000,7979008,true,accepted=1;saturated=0;unexpected=0,1,1,0,0,3309,0,0,0,0,0,"controlled local burst; wall time includes scoped-thread creation, Aegis policy/transcript processing, bounded-pool admission, primitive verification, and joins; work_units counts accepted verifications only"
local-1786752901640954000,macmini-m2-macos26.5.2-rust1.97.1-aarch64-20260814-workers4,9d3ab807a08ef4cf1077dbc23213e2314ce37c87,MEASURED,1786752901653363000,load,aegis_bounded_verification_pool,ML-DSA-65,concurrent_verify_burst,workers4_concurrency1,512,16,0,192042,203000,7995392,true,accepted=1;saturated=0;unexpected=0,1,1,0,0,3309,0,0,0,0,0,"controlled local burst; wall time includes scoped-thread creation, Aegis policy/transcript processing, bounded-pool admission, primitive verification, and joins; work_units counts accepted verifications only"
local-1786752901640954000,macmini-m2-macos26.5.2-rust1.97.1-aarch64-20260814-workers4,9d3ab807a08ef4cf1077dbc23213e2314ce37c87,MEASURED,1786752901653925000,load,aegis_bounded_verification_pool,ML-DSA-65,concurrent_verify_burst,workers4_concurrency1,512,17,0,188792,199000,8011776,true,accepted=1;saturated=0;unexpected=0,1,1,0,0,3309,0,0,0,0,0,"controlled local burst; wall time includes scoped-thread creation, Aegis policy/transcript processing, bounded-pool admission, primitive verification, and joins; work_units counts accepted verifications only"
local-1786752901640954000,macmini-m2-macos26.5.2-rust1.97.1-aarch64-20260814-workers4,9d3ab807a08ef4cf1077dbc23213e2314ce37c87,MEASURED,1786752901654726000,load,aegis_bounded_verification_pool,ML-DSA-65,concurrent_verify_burst,workers4_concurrency1,512,18,0,252958,261000,8044544,true,accepted=1;saturated=0;unexpected=0,1,1,0,0,3309,0,0,0,0,0,"controlled local burst; wall time includes scoped-thread creation, Aegis policy/transcript processing, bounded-pool admission, primitive verification, and joins; work_units counts accepted verifications only"
local-1786752901640954000,macmini-m2-macos26.5.2-rust1.97.1-aarch64-20260814-workers4,9d3ab807a08ef4cf1077dbc23213e2314ce37c87,MEASURED,1786752901655165000,load,aegis_bounded_verification_pool,ML-DSA-65,concurrent_verify_burst,workers4_concurrency1,512,19,0,175917,182000,8044544,true,accepted=1;saturated=0;unexpected=0,1,1,0,0,3309,0,0,0,0,0,"controlled local burst; wall time includes scoped-thread creation, Aegis policy/transcript processing, bounded-pool admission, primitive verification, and joins; work_units counts accepted verifications only"
local-1786752901640954000,macmini-m2-macos26.5.2-rust1.97.1-aarch64-20260814-workers4,9d3ab807a08ef4cf1077dbc23213e2314ce37c87,MEASURED,1786752901655541000,load,aegis_bounded_verification_pool,ML-DSA-65,concurrent_verify_burst,workers4_concurrency1,512,20,0,153375,159000,8077312,true,accepted=1;saturated=0;unexpected=0,1,1,0,0,3309,0,0,0,0,0,"controlled local burst; wall time includes scoped-thread creation, Aegis policy/transcript processing, bounded-pool admission, primitive verification, and joins; work_units counts accepted verifications only"
local-1786752901640954000,macmini-m2-macos26.5.2-rust1.97.1-aarch64-20260814-workers4,9d3ab807a08ef4cf1077dbc23213e2314ce37c87,MEASURED,1786752901656359000,load,aegis_bounded_verification_pool,ML-DSA-65,concurrent_verify_burst,workers4_concurrency1,512,21,0,176000,185000,8077312,true,accepted=1;saturated=0;unexpected=0,1,1,0,0,3309,0,0,0,0,0,"controlled local burst; wall time includes scoped-thread creation, Aegis policy/transcript processing, bounded-pool admission, primitive verification, and joins; work_units counts accepted verifications only"
local-1786752901640954000,macmini-m2-macos26.5.2-rust1.97.1-aarch64-20260814-workers4,9d3ab807a08ef4cf1077dbc23213e2314ce37c87,MEASURED,1786752901656855000,load,aegis_bounded_verification_pool,ML-DSA-65,concurrent_verify_burst,workers4_concurrency1,512,22,0,154458,163000,8077312,true,accepted=1;saturated=0;unexpected=0,1,1,0,0,3309,0,0,0,0,0,"controlled local burst; wall time includes scoped-thread creation, Aegis policy/transcript processing, bounded-pool admission, primitive verification, and joins; work_units counts accepted verifications only"
local-1786752901640954000,macmini-m2-macos26.5.2-rust1.97.1-aarch64-20260814-workers4,9d3ab807a08ef4cf1077dbc23213e2314ce37c87,MEASURED,1786752901657226000,load,aegis_bounded_verification_pool,ML-DSA-65,concurrent_verify_burst,workers4_concurrency1,512,23,0,166792,173000,8077312,true,accepted=1;saturated=0;unexpected=0,1,1,0,0,3309,0,0,0,0,0,"controlled local burst; wall time includes scoped-thread creation, Aegis policy/transcript processing, bounded-pool admission, primitive verification, and joins; work_units counts accepted verifications only"
local-1786752901640954000,macmini-m2-macos26.5.2-rust1.97.1-aarch64-20260814-workers4,9d3ab807a08ef4cf1077dbc23213e2314ce37c87,MEASURED,1786752901657709000,load,aegis_bounded_verification_pool,ML-DSA-65,concurrent_verify_burst,workers4_concurrency1,512,24,0,156583,166000,8077312,true,accepted=1;saturated=0;unexpected=0,1,1,0,0,3309,0,0,0,0,0,"controlled local burst; wall time includes scoped-thread creation, Aegis policy/transcript processing, bounded-pool admission, primitive verification, and joins; work_units counts accepted verifications only"
local-1786752901640954000,macmini-m2-macos26.5.2-rust1.97.1-aarch64-20260814-workers4,9d3ab807a08ef4cf1077dbc23213e2314ce37c87,MEASURED,1786752901658132000,load,aegis_bounded_verification_pool,ML-DSA-65,concurrent_verify_burst,workers4_concurrency1,512,25,0,157667,167000,8110080,true,accepted=1;saturated=0;unexpected=0,1,1,0,0,3309,0,0,0,0,0,"controlled local burst; wall time includes scoped-thread creation, Aegis policy/transcript processing, bounded-pool admission, primitive verification, and joins; work_units counts accepted verifications only"
local-1786752901640954000,macmini-m2-macos26.5.2-rust1.97.1-aarch64-20260814-workers4,9d3ab807a08ef4cf1077dbc23213e2314ce37c87,MEASURED,1786752901658729000,load,aegis_bounded_verification_pool,ML-DSA-65,concurrent_verify_burst,workers4_concurrency1,512,26,0,171958,180000,8110080,true,accepted=1;saturated=0;unexpected=0,1,1,0,0,3309,0,0,0,0,0,"controlled local burst; wall time includes scoped-thread creation, Aegis policy/transcript processing, bounded-pool admission, primitive verification, and joins; work_units counts accepted verifications only"
local-1786752901640954000,macmini-m2-macos26.5.2-rust1.97.1-aarch64-20260814-workers4,9d3ab807a08ef4cf1077dbc23213e2314ce37c87,MEASURED,1786752901659196000,load,aegis_bounded_verification_pool,ML-DSA-65,concurrent_verify_burst,workers4_concurrency1,512,27,0,156667,166000,8110080,true,accepted=1;saturated=0;unexpected=0,1,1,0,0,3309,0,0,0,0,0,"controlled local burst; wall time includes scoped-thread creation, Aegis policy/transcript processing, bounded-pool admission, primitive verification, and joins; work_units counts accepted verifications only"
local-1786752901640954000,macmini-m2-macos26.5.2-rust1.97.1-aarch64-20260814-workers4,9d3ab807a08ef4cf1077dbc23213e2314ce37c87,MEASURED,1786752901659972000,load,aegis_bounded_verification_pool,ML-DSA-65,concurrent_verify_burst,workers4_concurrency1,512,28,0,160875,167000,8110080,true,accepted=1;saturated=0;unexpected=0,1,1,0,0,3309,0,0,0,0,0,"controlled local burst; wall time includes scoped-thread creation, Aegis policy/transcript processing, bounded-pool admission, primitive verification, and joins; work_units counts accepted verifications only"
local-1786752901640954000,macmini-m2-macos26.5.2-rust1.97.1-aarch64-20260814-workers4,9d3ab807a08ef4cf1077dbc23213e2314ce37c87,MEASURED,1786752901660609000,load,aegis_bounded_verification_pool,ML-DSA-65,concurrent_verify_burst,workers4_concurrency1,512,29,0,157458,164000,8110080,true,accepted=1;saturated=0;unexpected=0,1,1,0,0,3309,0,0,0,0,0,"controlled local burst; wall time includes scoped-thread creation, Aegis policy/transcript processing, bounded-pool admission, primitive verification, and joins; work_units counts accepted verifications only"
local-1786752901640954000,macmini-m2-macos26.5.2-rust1.97.1-aarch64-20260814-workers4,9d3ab807a08ef4cf1077dbc23213e2314ce37c87,MEASURED,1786752901661151000,load,aegis_bounded_verification_pool,ML-DSA-65,concurrent_verify_burst,workers4_concurrency1,512,30,0,176792,183000,8110080,true,accepted=1;saturated=0;unexpected=0,1,1,0,0,3309,0,0,0,0,0,"controlled local burst; wall time includes scoped-thread creation, Aegis policy/transcript processing, bounded-pool admission, primitive verification, and joins; work_units counts accepted verifications only"
local-1786752901640954000,macmini-m2-macos26.5.2-rust1.97.1-aarch64-20260814-workers4,9d3ab807a08ef4cf1077dbc23213e2314ce37c87,MEASURED,1786752901661964000,load,aegis_bounded_verification_pool,ML-DSA-65,concurrent_verify_burst,workers4_concurrency1,512,31,0,374541,377000,8126464,true,accepted=1;saturated=0;unexpected=0,1,1,0,0,3309,0,0,0,0,0,"controlled local burst; wall time includes scoped-thread creation, Aegis policy/transcript processing, bounded-pool admission, primitive verification, and joins; work_units counts accepted verifications only"
local-1786752901640954000,macmini-m2-macos26.5.2-rust1.97.1-aarch64-20260814-workers4,9d3ab807a08ef4cf1077dbc23213e2314ce37c87,MEASURED,1786752901662599000,load,aegis_bounded_verification_pool,ML-DSA-65,concurrent_verify_burst,workers4_concurrency1,512,32,0,173333,181000,8126464,true,accepted=1;saturated=0;unexpected=0,1,1,0,0,3309,0,0,0,0,0,"controlled local burst; wall time includes scoped-thread creation, Aegis policy/transcript processing, bounded-pool admission, primitive verification, and joins; work_units counts accepted verifications only"
local-1786752901640954000,macmini-m2-macos26.5.2-rust1.97.1-aarch64-20260814-workers4,9d3ab807a08ef4cf1077dbc23213e2314ce37c87,MEASURED,1786752901663313000,load,aegis_bounded_verification_pool,ML-DSA-65,concurrent_verify_burst,workers4_concurrency1,512,33,0,185875,195000,8126464,true,accepted=1;saturated=0;unexpected=0,1,1,0,0,3309,0,0,0,0,0,"controlled local burst; wall time includes scoped-thread creation, Aegis policy/transcript processing, bounded-pool admission, primitive verification, and joins; work_units counts accepted verifications only"
local-1786752901640954000,macmini-m2-macos26.5.2-rust1.97.1-aarch64-20260814-workers4,9d3ab807a08ef4cf1077dbc23213e2314ce37c87,MEASURED,1786752901663687000,load,aegis_bounded_verification_pool,ML-DSA-65,concurrent_verify_burst,workers4_concurrency1,512,34,0,175750,184000,8126464,true,accepted=1;saturated=0;unexpected=0,1,1,0,0,3309,0,0,0,0,0,"controlled local burst; wall time includes scoped-thread creation, Aegis policy/transcript processing, bounded-pool admission, primitive verification, and joins; work_units counts accepted verifications only"
local-1786752901640954000,macmini-m2-macos26.5.2-rust1.97.1-aarch64-20260814-workers4,9d3ab807a08ef4cf1077dbc23213e2314ce37c87,MEASURED,1786752901664127000,load,aegis_bounded_verification_pool,ML-DSA-65,concurrent_verify_burst,workers4_concurrency1,512,35,0,193000,188000,8126464,true,accepted=1;saturated=0;unexpected=0,1,1,0,0,3309,0,0,0,0,0,"controlled local burst; wall time includes scoped-thread creation, Aegis policy/transcript processing, bounded-pool admission, primitive verification, and joins; work_units counts accepted verifications only"
local-1786752901640954000,macmini-m2-macos26.5.2-rust1.97.1-aarch64-20260814-workers4,9d3ab807a08ef4cf1077dbc23213e2314ce37c87,MEASURED,1786752901664771000,load,aegis_bounded_verification_pool,ML-DSA-65,concurrent_verify_burst,workers4_concurrency1,512,36,0,166084,173000,8126464,true,accepted=1;saturated=0;unexpected=0,1,1,0,0,3309,0,0,0,0,0,"controlled local burst; wall time includes scoped-thread creation, Aegis policy/transcript processing, bounded-pool admission, primitive verification, and joins; work_units counts accepted verifications only"
local-1786752901640954000,macmini-m2-macos26.5.2-rust1.97.1-aarch64-20260814-workers4,9d3ab807a08ef4cf1077dbc23213e2314ce37c87,MEASURED,1786752901665700000,load,aegis_bounded_verification_pool,ML-DSA-65,concurrent_verify_burst,workers4_concurrency1,512,37,0,258333,251000,8126464,true,accepted=1;saturated=0;unexpected=0,1,1,0,0,3309,0,0,0,0,0,"controlled local burst; wall time includes scoped-thread creation, Aegis policy/transcript processing, bounded-pool admission, primitive verification, and joins; work_units counts accepted verifications only"
local-1786752901640954000,macmini-m2-macos26.5.2-rust1.97.1-aarch64-20260814-workers4,9d3ab807a08ef4cf1077dbc23213e2314ce37c87,MEASURED,1786752901666482000,load,aegis_bounded_verification_pool,ML-DSA-65,concurrent_verify_burst,workers4_concurrency1,512,38,0,153000,160000,8126464,true,accepted=1;saturated=0;unexpected=0,1,1,0,0,3309,0,0,0,0,0,"controlled local burst; wall time includes scoped-thread creation, Aegis policy/transcript processing, bounded-pool admission, primitive verification, and joins; work_units counts accepted verifications only"
local-1786752901640954000,macmini-m2-macos26.5.2-rust1.97.1-aarch64-20260814-workers4,9d3ab807a08ef4cf1077dbc23213e2314ce37c87,MEASURED,1786752901666943000,load,aegis_bounded_verification_pool,ML-DSA-65,concurrent_verify_burst,workers4_concurrency1,512,39,0,184167,192000,8126464,true,accepted=1;saturated=0;unexpected=0,1,1,0,0,3309,0,0,0,0,0,"controlled local burst; wall time includes scoped-thread creation, Aegis policy/transcript processing, bounded-pool admission, primitive verification, and joins; work_units counts accepted verifications only"
local-1786752901640954000,macmini-m2-macos26.5.2-rust1.97.1-aarch64-20260814-workers4,9d3ab807a08ef4cf1077dbc23213e2314ce37c87,MEASURED,1786752901667355000,load,aegis_bounded_verification_pool,ML-DSA-65,concurrent_verify_burst,workers4_concurrency1,512,40,0,157708,164000,8126464,true,accepted=1;saturated=0;unexpected=0,1,1,0,0,3309,0,0,0,0,0,"controlled local burst; wall time includes scoped-thread creation, Aegis policy/transcript processing, bounded-pool admission, primitive verification, and joins; work_units counts accepted verifications only"
local-1786752901640954000,macmini-m2-macos26.5.2-rust1.97.1-aarch64-20260814-workers4,9d3ab807a08ef4cf1077dbc23213e2314ce37c87,MEASURED,1786752901667684000,load,aegis_bounded_verification_pool,ML-DSA-65,concurrent_verify_burst,workers4_concurrency1,512,41,0,160000,166000,8126464,true,accepted=1;saturated=0;unexpected=0,1,1,0,0,3309,0,0,0,0,0,"controlled local burst; wall time includes scoped-thread creation, Aegis policy/transcript processing, bounded-pool admission, primitive verification, and joins; work_units counts accepted verifications only"
local-1786752901640954000,macmini-m2-macos26.5.2-rust1.97.1-aarch64-20260814-workers4,9d3ab807a08ef4cf1077dbc23213e2314ce37c87,MEASURED,1786752901669270000,load,aegis_bounded_verification_pool,ML-DSA-65,concurrent_verify_burst,workers4_concurrency1,512,42,0,164666,172000,8126464,true,accepted=1;saturated=0;unexpected=0,1,1,0,0,3309,0,0,0,0,0,"controlled local burst; wall time includes scoped-thread creation, Aegis policy/transcript processing, bounded-pool admission, primitive verification, and joins; work_units counts accepted verifications only"
local-1786752901640954000,macmini-m2-macos26.5.2-rust1.97.1-aarch64-20260814-workers4,9d3ab807a08ef4cf1077dbc23213e2314ce37c87,MEASURED,1786752901669942000,load,aegis_bounded_verification_pool,ML-DSA-65,concurrent_verify_burst,workers4_concurrency1,512,43,0,183125,189000,8126464,true,accepted=1;saturated=0;unexpected=0,1,1,0,0,3309,0,0,0,0,0,"controlled local burst; wall time includes scoped-thread creation, Aegis policy/transcript processing, bounded-pool admission, primitive verification, and joins; work_units counts accepted verifications only"
local-1786752901640954000,macmini-m2-macos26.5.2-rust1.97.1-aarch64-20260814-workers4,9d3ab807a08ef4cf1077dbc23213e2314ce37c87,MEASURED,1786752901670442000,load,aegis_bounded_verification_pool,ML-DSA-65,concurrent_verify_burst,workers4_concurrency1,512,44,0,168208,174000,8126464,true,accepted=1;saturated=0;unexpected=0,1,1,0,0,3309,0,0,0,0,0,"controlled local burst; wall time includes scoped-thread creation, Aegis policy/transcript processing, bounded-pool admission, primitive verification, and joins; work_units counts accepted verifications only"
local-1786752901640954000,macmini-m2-macos26.5.2-rust1.97.1-aarch64-20260814-workers4,9d3ab807a08ef4cf1077dbc23213e2314ce37c87,MEASURED,1786752901670823000,load,aegis_bounded_verification_pool,ML-DSA-65,concurrent_verify_burst,workers4_concurrency1,512,45,0,152666,159000,8126464,true,accepted=1;saturated=0;unexpected=0,1,1,0,0,3309,0,0,0,0,0,"controlled local burst; wall time includes scoped-thread creation, Aegis policy/transcript processing, bounded-pool admission, primitive verification, and joins; work_units counts accepted verifications only"
local-1786752901640954000,macmini-m2-macos26.5.2-rust1.97.1-aarch64-20260814-workers4,9d3ab807a08ef4cf1077dbc23213e2314ce37c87,MEASURED,1786752901671257000,load,aegis_bounded_verification_pool,ML-DSA-65,concurrent_verify_burst,workers4_concurrency1,512,46,0,159500,164000,8126464,true,accepted=1;saturated=0;unexpected=0,1,1,0,0,3309,0,0,0,0,0,"controlled local burst; wall time includes scoped-thread creation, Aegis policy/transcript processing, bounded-pool admission, primitive verification, and joins; work_units counts accepted verifications only"
local-1786752901640954000,macmini-m2-macos26.5.2-rust1.97.1-aarch64-20260814-workers4,9d3ab807a08ef4cf1077dbc23213e2314ce37c87,MEASURED,1786752901671740000,load,aegis_bounded_verification_pool,ML-DSA-65,concurrent_verify_burst,workers4_concurrency1,512,47,0,172250,177000,8126464,true,accepted=1;saturated=0;unexpected=0,1,1,0,0,3309,0,0,0,0,0,"controlled local burst; wall time includes scoped-thread creation, Aegis policy/transcript processing, bounded-pool admission, primitive verification, and joins; work_units counts accepted verifications only"
local-1786752901640954000,macmini-m2-macos26.5.2-rust1.97.1-aarch64-20260814-workers4,9d3ab807a08ef4cf1077dbc23213e2314ce37c87,MEASURED,1786752901672130000,load,aegis_bounded_verification_pool,ML-DSA-65,concurrent_verify_burst,workers4_concurrency1,512,48,0,159583,168000,8126464,true,accepted=1;saturated=0;unexpected=0,1,1,0,0,3309,0,0,0,0,0,"controlled local burst; wall time includes scoped-thread creation, Aegis policy/transcript processing, bounded-pool admission, primitive verification, and joins; work_units counts accepted verifications only"
local-1786752901640954000,macmini-m2-macos26.5.2-rust1.97.1-aarch64-20260814-workers4,9d3ab807a08ef4cf1077dbc23213e2314ce37c87,MEASURED,1786752901672821000,load,aegis_bounded_verification_pool,ML-DSA-65,concurrent_verify_burst,workers4_concurrency1,512,49,0,157792,165000,8126464,true,accepted=1;saturated=0;unexpected=0,1,1,0,0,3309,0,0,0,0,0,"controlled local burst; wall time includes scoped-thread creation, Aegis policy/transcript processing, bounded-pool admission, primitive verification, and joins; work_units counts accepted verifications only"
local-1786752901640954000,macmini-m2-macos26.5.2-rust1.97.1-aarch64-20260814-workers4,9d3ab807a08ef4cf1077dbc23213e2314ce37c87,MEASURED,1786752901673319000,load,aegis_bounded_verification_pool,ML-DSA-65,concurrent_verify_burst,workers4_concurrency1,512,50,0,176791,186000,8126464,true,accepted=1;saturated=0;unexpected=0,1,1,0,0,3309,0,0,0,0,0,"controlled local burst; wall time includes scoped-thread creation, Aegis policy/transcript processing, bounded-pool admission, primitive verification, and joins; work_units counts accepted verifications only"
local-1786752901640954000,macmini-m2-macos26.5.2-rust1.97.1-aarch64-20260814-workers4,9d3ab807a08ef4cf1077dbc23213e2314ce37c87,MEASURED,1786752901673806000,load,aegis_bounded_verification_pool,ML-DSA-65,concurrent_verify_burst,workers4_concurrency1,512,51,0,159125,166000,8126464,true,accepted=1;saturated=0;unexpected=0,1,1,0,0,3309,0,0,0,0,0,"controlled local burst; wall time includes scoped-thread creation, Aegis policy/transcript processing, bounded-pool admission, primitive verification, and joins; work_units counts accepted verifications only"
local-1786752901640954000,macmini-m2-macos26.5.2-rust1.97.1-aarch64-20260814-workers4,9d3ab807a08ef4cf1077dbc23213e2314ce37c87,MEASURED,1786752901674240000,load,aegis_bounded_verification_pool,ML-DSA-65,concurrent_verify_burst,workers4_concurrency1,512,52,0,180375,188000,8126464,true,accepted=1;saturated=0;unexpected=0,1,1,0,0,3309,0,0,0,0,0,"controlled local burst; wall time includes scoped-thread creation, Aegis policy/transcript processing, bounded-pool admission, primitive verification, and joins; work_units counts accepted verifications only"
local-1786752901640954000,macmini-m2-macos26.5.2-rust1.97.1-aarch64-20260814-workers4,9d3ab807a08ef4cf1077dbc23213e2314ce37c87,MEASURED,1786752901674643000,load,aegis_bounded_verification_pool,ML-DSA-65,concurrent_verify_burst,workers4_concurrency1,512,53,0,163625,170000,8126464,true,accepted=1;saturated=0;unexpected=0,1,1,0,0,3309,0,0,0,0,0,"controlled local burst; wall time includes scoped-thread creation, Aegis policy/transcript processing, bounded-pool admission, primitive verification, and joins; work_units counts accepted verifications only"
local-1786752901640954000,macmini-m2-macos26.5.2-rust1.97.1-aarch64-20260814-workers4,9d3ab807a08ef4cf1077dbc23213e2314ce37c87,MEASURED,1786752901675877000,load,aegis_bounded_verification_pool,ML-DSA-65,concurrent_verify_burst,workers4_concurrency1,512,54,0,257042,263000,8126464,true,accepted=1;saturated=0;unexpected=0,1,1,0,0,3309,0,0,0,0,0,"controlled local burst; wall time includes scoped-thread creation, Aegis policy/transcript processing, bounded-pool admission, primitive verification, and joins; work_units counts accepted verifications only"
local-1786752901640954000,macmini-m2-macos26.5.2-rust1.97.1-aarch64-20260814-workers4,9d3ab807a08ef4cf1077dbc23213e2314ce37c87,MEASURED,1786752901676416000,load,aegis_bounded_verification_pool,ML-DSA-65,concurrent_verify_burst,workers4_concurrency1,512,55,0,171417,179000,8126464,true,accepted=1;saturated=0;unexpected=0,1,1,0,0,3309,0,0,0,0,0,"controlled local burst; wall time includes scoped-thread creation, Aegis policy/transcript processing, bounded-pool admission, primitive verification, and joins; work_units counts accepted verifications only"
local-1786752901640954000,macmini-m2-macos26.5.2-rust1.97.1-aarch64-20260814-workers4,9d3ab807a08ef4cf1077dbc23213e2314ce37c87,MEASURED,1786752901676800000,load,aegis_bounded_verification_pool,ML-DSA-65,concurrent_verify_burst,workers4_concurrency1,512,56,0,156583,163000,8126464,true,accepted=1;saturated=0;unexpected=0,1,1,0,0,3309,0,0,0,0,0,"controlled local burst; wall time includes scoped-thread creation, Aegis policy/transcript processing, bounded-pool admission, primitive verification, and joins; work_units counts accepted verifications only"
local-1786752901640954000,macmini-m2-macos26.5.2-rust1.97.1-aarch64-20260814-workers4,9d3ab807a08ef4cf1077dbc23213e2314ce37c87,MEASURED,1786752901677871000,load,aegis_bounded_verification_pool,ML-DSA-65,concurrent_verify_burst,workers4_concurrency1,512,57,0,179458,192000,8126464,true,accepted=1;saturated=0;unexpected=0,1,1,0,0,3309,0,0,0,0,0,"controlled local burst; wall time includes scoped-thread creation, Aegis policy/transcript processing, bounded-pool admission, primitive verification, and joins; work_units counts accepted verifications only"
local-1786752901640954000,macmini-m2-macos26.5.2-rust1.97.1-aarch64-20260814-workers4,9d3ab807a08ef4cf1077dbc23213e2314ce37c87,MEASURED,1786752901678359000,load,aegis_bounded_verification_pool,ML-DSA-65,concurrent_verify_burst,workers4_concurrency1,512,58,0,163208,170000,8126464,true,accepted=1;saturated=0;unexpected=0,1,1,0,0,3309,0,0,0,0,0,"controlled local burst; wall time includes scoped-thread creation, Aegis policy/transcript processing, bounded-pool admission, primitive verification, and joins; work_units counts accepted verifications only"
local-1786752901640954000,macmini-m2-macos26.5.2-rust1.97.1-aarch64-20260814-workers4,9d3ab807a08ef4cf1077dbc23213e2314ce37c87,MEASURED,1786752901678685000,load,aegis_bounded_verification_pool,ML-DSA-65,concurrent_verify_burst,workers4_concurrency1,512,59,0,175625,188000,8126464,true,accepted=1;saturated=0;unexpected=0,1,1,0,0,3309,0,0,0,0,0,"controlled local burst; wall time includes scoped-thread creation, Aegis policy/transcript processing, bounded-pool admission, primitive verification, and joins; work_units counts accepted verifications only"
local-1786752901640954000,macmini-m2-macos26.5.2-rust1.97.1-aarch64-20260814-workers4,9d3ab807a08ef4cf1077dbc23213e2314ce37c87,MEASURED,1786752901679061000,load,aegis_bounded_verification_pool,ML-DSA-65,concurrent_verify_burst,workers4_concurrency1,512,60,0,154792,163000,8126464,true,accepted=1;saturated=0;unexpected=0,1,1,0,0,3309,0,0,0,0,0,"controlled local burst; wall time includes scoped-thread creation, Aegis policy/transcript processing, bounded-pool admission, primitive verification, and joins; work_units counts accepted verifications only"
local-1786752901640954000,macmini-m2-macos26.5.2-rust1.97.1-aarch64-20260814-workers4,9d3ab807a08ef4cf1077dbc23213e2314ce37c87,MEASURED,1786752901679538000,load,aegis_bounded_verification_pool,ML-DSA-65,concurrent_verify_burst,workers4_concurrency1,512,61,0,159292,184000,8126464,true,accepted=1;saturated=0;unexpected=0,1,1,0,0,3309,0,0,0,0,0,"controlled local burst; wall time includes scoped-thread creation, Aegis policy/transcript processing, bounded-pool admission, primitive verification, and joins; work_units counts accepted verifications only"
local-1786752901640954000,macmini-m2-macos26.5.2-rust1.97.1-aarch64-20260814-workers4,9d3ab807a08ef4cf1077dbc23213e2314ce37c87,MEASURED,1786752901680125000,load,aegis_bounded_verification_pool,ML-DSA-65,concurrent_verify_burst,workers4_concurrency1,512,62,0,347833,326000,8126464,true,accepted=1;saturated=0;unexpected=0,1,1,0,0,3309,0,0,0,0,0,"controlled local burst; wall time includes scoped-thread creation, Aegis policy/transcript processing, bounded-pool admission, primitive verification, and joins; work_units counts accepted verifications only"
local-1786752901640954000,macmini-m2-macos26.5.2-rust1.97.1-aarch64-20260814-workers4,9d3ab807a08ef4cf1077dbc23213e2314ce37c87,MEASURED,1786752901680572000,load,aegis_bounded_verification_pool,ML-DSA-65,concurrent_verify_burst,workers4_concurrency1,512,63,0,214584,212000,8126464,true,accepted=1;saturated=0;unexpected=0,1,1,0,0,3309,0,0,0,0,0,"controlled local burst; wall time includes scoped-thread creation, Aegis policy/transcript processing, bounded-pool admission, primitive verification, and joins; work_units counts accepted verifications only"
local-1786752901640954000,macmini-m2-macos26.5.2-rust1.97.1-aarch64-20260814-workers4,9d3ab807a08ef4cf1077dbc23213e2314ce37c87,MEASURED,1786752901681151000,load,aegis_bounded_verification_pool,ML-DSA-65,concurrent_verify_burst,workers4_concurrency1,512,64,0,153959,160000,8126464,true,accepted=1;saturated=0;unexpected=0,1,1,0,0,3309,0,0,0,0,0,"controlled local burst; wall time includes scoped-thread creation, Aegis policy/transcript processing, bounded-pool admission, primitive verification, and joins; work_units counts accepted verifications only"
local-1786752901640954000,macmini-m2-macos26.5.2-rust1.97.1-aarch64-20260814-workers4,9d3ab807a08ef4cf1077dbc23213e2314ce37c87,MEASURED,1786752901682359000,load,aegis_bounded_verification_pool,ML-DSA-65,concurrent_verify_burst,workers4_concurrency1,512,65,0,222875,210000,8126464,true,accepted=1;saturated=0;unexpected=0,1,1,0,0,3309,0,0,0,0,0,"controlled local burst; wall time includes scoped-thread creation, Aegis policy/transcript processing, bounded-pool admission, primitive verification, and joins; work_units counts accepted verifications only"
local-1786752901640954000,macmini-m2-macos26.5.2-rust1.97.1-aarch64-20260814-workers4,9d3ab807a08ef4cf1077dbc23213e2314ce37c87,MEASURED,1786752901682771000,load,aegis_bounded_verification_pool,ML-DSA-65,concurrent_verify_burst,workers4_concurrency1,512,66,0,165875,172000,8126464,true,accepted=1;saturated=0;unexpected=0,1,1,0,0,3309,0,0,0,0,0,"controlled local burst; wall time includes scoped-thread creation, Aegis policy/transcript processing, bounded-pool admission, primitive verification, and joins; work_units counts accepted verifications only"
local-1786752901640954000,macmini-m2-macos26.5.2-rust1.97.1-aarch64-20260814-workers4,9d3ab807a08ef4cf1077dbc23213e2314ce37c87,MEASURED,1786752901683101000,load,aegis_bounded_verification_pool,ML-DSA-65,concurrent_verify_burst,workers4_concurrency1,512,67,0,170417,177000,8126464,true,accepted=1;saturated=0;unexpected=0,1,1,0,0,3309,0,0,0,0,0,"controlled local burst; wall time includes scoped-thread creation, Aegis policy/transcript processing, bounded-pool admission, primitive verification, and joins; work_units counts accepted verifications only"
local-1786752901640954000,macmini-m2-macos26.5.2-rust1.97.1-aarch64-20260814-workers4,9d3ab807a08ef4cf1077dbc23213e2314ce37c87,MEASURED,1786752901683637000,load,aegis_bounded_verification_pool,ML-DSA-65,concurrent_verify_burst,workers4_concurrency1,512,68,0,156375,162000,8126464,true,accepted=1;saturated=0;unexpected=0,1,1,0,0,3309,0,0,0,0,0,"controlled local burst; wall time includes scoped-thread creation, Aegis policy/transcript processing, bounded-pool admission, primitive verification, and joins; work_units counts accepted verifications only"
local-1786752901640954000,macmini-m2-macos26.5.2-rust1.97.1-aarch64-20260814-workers4,9d3ab807a08ef4cf1077dbc23213e2314ce37c87,MEASURED,1786752901684259000,load,aegis_bounded_verification_pool,ML-DSA-65,concurrent_verify_burst,workers4_concurrency1,512,69,0,160792,168000,8126464,true,accepted=1;saturated=0;unexpected=0,1,1,0,0,3309,0,0,0,0,0,"controlled local burst; wall time includes scoped-thread creation, Aegis policy/transcript processing, bounded-pool admission, primitive verification, and joins; work_units counts accepted verifications only"
local-1786752901640954000,macmini-m2-macos26.5.2-rust1.97.1-aarch64-20260814-workers4,9d3ab807a08ef4cf1077dbc23213e2314ce37c87,MEASURED,1786752901684649000,load,aegis_bounded_verification_pool,ML-DSA-65,concurrent_verify_burst,workers4_concurrency1,512,70,0,155625,166000,8126464,true,accepted=1;saturated=0;unexpected=0,1,1,0,0,3309,0,0,0,0,0,"controlled local burst; wall time includes scoped-thread creation, Aegis policy/transcript processing, bounded-pool admission, primitive verification, and joins; work_units counts accepted verifications only"
local-1786752901640954000,macmini-m2-macos26.5.2-rust1.97.1-aarch64-20260814-workers4,9d3ab807a08ef4cf1077dbc23213e2314ce37c87,MEASURED,1786752901685204000,load,aegis_bounded_verification_pool,ML-DSA-65,concurrent_verify_burst,workers4_concurrency1,512,71,0,164250,170000,8126464,true,accepted=1;saturated=0;unexpected=0,1,1,0,0,3309,0,0,0,0,0,"controlled local burst; wall time includes scoped-thread creation, Aegis policy/transcript processing, bounded-pool admission, primitive verification, and joins; work_units counts accepted verifications only"
local-1786752901640954000,macmini-m2-macos26.5.2-rust1.97.1-aarch64-20260814-workers4,9d3ab807a08ef4cf1077dbc23213e2314ce37c87,MEASURED,1786752901685729000,load,aegis_bounded_verification_pool,ML-DSA-65,concurrent_verify_burst,workers4_concurrency1,512,72,0,162208,168000,8126464,true,accepted=1;saturated=0;unexpected=0,1,1,0,0,3309,0,0,0,0,0,"controlled local burst; wall time includes scoped-thread creation, Aegis policy/transcript processing, bounded-pool admission, primitive verification, and joins; work_units counts accepted verifications only"
local-1786752901640954000,macmini-m2-macos26.5.2-rust1.97.1-aarch64-20260814-workers4,9d3ab807a08ef4cf1077dbc23213e2314ce37c87,MEASURED,1786752901686693000,load,aegis_bounded_verification_pool,ML-DSA-65,concurrent_verify_burst,workers4_concurrency1,512,73,0,195375,194000,8126464,true,accepted=1;saturated=0;unexpected=0,1,1,0,0,3309,0,0,0,0,0,"controlled local burst; wall time includes scoped-thread creation, Aegis policy/transcript processing, bounded-pool admission, primitive verification, and joins; work_units counts accepted verifications only"
local-1786752901640954000,macmini-m2-macos26.5.2-rust1.97.1-aarch64-20260814-workers4,9d3ab807a08ef4cf1077dbc23213e2314ce37c87,MEASURED,1786752901687331000,load,aegis_bounded_verification_pool,ML-DSA-65,concurrent_verify_burst,workers4_concurrency1,512,74,0,271167,258000,8126464,true,accepted=1;saturated=0;unexpected=0,1,1,0,0,3309,0,0,0,0,0,"controlled local burst; wall time includes scoped-thread creation, Aegis policy/transcript processing, bounded-pool admission, primitive verification, and joins; work_units counts accepted verifications only"
local-1786752901640954000,macmini-m2-macos26.5.2-rust1.97.1-aarch64-20260814-workers4,9d3ab807a08ef4cf1077dbc23213e2314ce37c87,MEASURED,1786752901687963000,load,aegis_bounded_verification_pool,ML-DSA-65,concurrent_verify_burst,workers4_concurrency1,512,75,0,163417,170000,8126464,true,accepted=1;saturated=0;unexpected=0,1,1,0,0,3309,0,0,0,0,0,"controlled local burst; wall time includes scoped-thread creation, Aegis policy/transcript processing, bounded-pool admission, primitive verification, and joins; work_units counts accepted verifications only"
local-1786752901640954000,macmini-m2-macos26.5.2-rust1.97.1-aarch64-20260814-workers4,9d3ab807a08ef4cf1077dbc23213e2314ce37c87,MEASURED,1786752901688635000,load,aegis_bounded_verification_pool,ML-DSA-65,concurrent_verify_burst,workers4_concurrency1,512,76,0,341792,310000,8126464,true,accepted=1;saturated=0;unexpected=0,1,1,0,0,3309,0,0,0,0,0,"controlled local burst; wall time includes scoped-thread creation, Aegis policy/transcript processing, bounded-pool admission, primitive verification, and joins; work_units counts accepted verifications only"
local-1786752901640954000,macmini-m2-macos26.5.2-rust1.97.1-aarch64-20260814-workers4,9d3ab807a08ef4cf1077dbc23213e2314ce37c87,MEASURED,1786752901690110000,load,aegis_bounded_verification_pool,ML-DSA-65,concurrent_verify_burst,workers4_concurrency1,512,77,0,380667,373000,8126464,true,accepted=1;saturated=0;unexpected=0,1,1,0,0,3309,0,0,0,0,0,"controlled local burst; wall time includes scoped-thread creation, Aegis policy/transcript processing, bounded-pool admission, primitive verification, and joins; work_units counts accepted verifications only"
local-1786752901640954000,macmini-m2-macos26.5.2-rust1.97.1-aarch64-20260814-workers4,9d3ab807a08ef4cf1077dbc23213e2314ce37c87,MEASURED,1786752901690563000,load,aegis_bounded_verification_pool,ML-DSA-65,concurrent_verify_burst,workers4_concurrency1,512,78,0,232708,242000,8126464,true,accepted=1;saturated=0;unexpected=0,1,1,0,0,3309,0,0,0,0,0,"controlled local burst; wall time includes scoped-thread creation, Aegis policy/transcript processing, bounded-pool admission, primitive verification, and joins; work_units counts accepted verifications only"
local-1786752901640954000,macmini-m2-macos26.5.2-rust1.97.1-aarch64-20260814-workers4,9d3ab807a08ef4cf1077dbc23213e2314ce37c87,MEASURED,1786752901691108000,load,aegis_bounded_verification_pool,ML-DSA-65,concurrent_verify_burst,workers4_concurrency1,512,79,0,199208,211000,8126464,true,accepted=1;saturated=0;unexpected=0,1,1,0,0,3309,0,0,0,0,0,"controlled local burst; wall time includes scoped-thread creation, Aegis policy/transcript processing, bounded-pool admission, primitive verification, and joins; work_units counts accepted verifications only"
local-1786752901640954000,macmini-m2-macos26.5.2-rust1.97.1-aarch64-20260814-workers4,9d3ab807a08ef4cf1077dbc23213e2314ce37c87,MEASURED,1786752901691529000,load,aegis_bounded_verification_pool,ML-DSA-65,concurrent_verify_burst,workers4_concurrency1,512,80,0,171625,178000,8126464,true,accepted=1;saturated=0;unexpected=0,1,1,0,0,3309,0,0,0,0,0,"controlled local burst; wall time includes scoped-thread creation, Aegis policy/transcript processing, bounded-pool admission, primitive verification, and joins; work_units counts accepted verifications only"
local-1786752901640954000,macmini-m2-macos26.5.2-rust1.97.1-aarch64-20260814-workers4,9d3ab807a08ef4cf1077dbc23213e2314ce37c87,MEASURED,1786752901692210000,load,aegis_bounded_verification_pool,ML-DSA-65,concurrent_verify_burst,workers4_concurrency1,512,81,0,167833,175000,8126464,true,accepted=1;saturated=0;unexpected=0,1,1,0,0,3309,0,0,0,0,0,"controlled local burst; wall time includes scoped-thread creation, Aegis policy/transcript processing, bounded-pool admission, primitive verification, and joins; work_units counts accepted verifications only"
local-1786752901640954000,macmini-m2-macos26.5.2-rust1.97.1-aarch64-20260814-workers4,9d3ab807a08ef4cf1077dbc23213e2314ce37c87,MEASURED,1786752901692948000,load,aegis_bounded_verification_pool,ML-DSA-65,concurrent_verify_burst,workers4_concurrency1,512,82,0,223500,211000,8126464,true,accepted=1;saturated=0;unexpected=0,1,1,0,0,3309,0,0,0,0,0,"controlled local burst; wall time includes scoped-thread creation, Aegis policy/transcript processing, bounded-pool admission, primitive verification, and joins; work_units counts accepted verifications only"
local-1786752901640954000,macmini-m2-macos26.5.2-rust1.97.1-aarch64-20260814-workers4,9d3ab807a08ef4cf1077dbc23213e2314ce37c87,MEASURED,1786752901694166000,load,aegis_bounded_verification_pool,ML-DSA-65,concurrent_verify_burst,workers4_concurrency1,512,83,0,200416,207000,8126464,true,accepted=1;saturated=0;unexpected=0,1,1,0,0,3309,0,0,0,0,0,"controlled local burst; wall time includes scoped-thread creation, Aegis policy/transcript processing, bounded-pool admission, primitive verification, and joins; work_units counts accepted verifications only"
local-1786752901640954000,macmini-m2-macos26.5.2-rust1.97.1-aarch64-20260814-workers4,9d3ab807a08ef4cf1077dbc23213e2314ce37c87,MEASURED,1786752901694769000,load,aegis_bounded_verification_pool,ML-DSA-65,concurrent_verify_burst,workers4_concurrency1,512,84,0,165083,171000,8126464,true,accepted=1;saturated=0;unexpected=0,1,1,0,0,3309,0,0,0,0,0,"controlled local burst; wall time includes scoped-thread creation, Aegis policy/transcript processing, bounded-pool admission, primitive verification, and joins; work_units counts accepted verifications only"
local-1786752901640954000,macmini-m2-macos26.5.2-rust1.97.1-aarch64-20260814-workers4,9d3ab807a08ef4cf1077dbc23213e2314ce37c87,MEASURED,1786752901695211000,load,aegis_bounded_verification_pool,ML-DSA-65,concurrent_verify_burst,workers4_concurrency1,512,85,0,173084,180000,8126464,true,accepted=1;saturated=0;unexpected=0,1,1,0,0,3309,0,0,0,0,0,"controlled local burst; wall time includes scoped-thread creation, Aegis policy/transcript processing, bounded-pool admission, primitive verification, and joins; work_units counts accepted verifications only"
local-1786752901640954000,macmini-m2-macos26.5.2-rust1.97.1-aarch64-20260814-workers4,9d3ab807a08ef4cf1077dbc23213e2314ce37c87,MEASURED,1786752901696019000,load,aegis_bounded_verification_pool,ML-DSA-65,concurrent_verify_burst,workers4_concurrency1,512,86,0,174583,182000,8126464,true,accepted=1;saturated=0;unexpected=0,1,1,0,0,3309,0,0,0,0,0,"controlled local burst; wall time includes scoped-thread creation, Aegis policy/transcript processing, bounded-pool admission, primitive verification, and joins; work_units counts accepted verifications only"
local-1786752901640954000,macmini-m2-macos26.5.2-rust1.97.1-aarch64-20260814-workers4,9d3ab807a08ef4cf1077dbc23213e2314ce37c87,MEASURED,1786752901696646000,load,aegis_bounded_verification_pool,ML-DSA-65,concurrent_verify_burst,workers4_concurrency1,512,87,0,159708,166000,8126464,true,accepted=1;saturated=0;unexpected=0,1,1,0,0,3309,0,0,0,0,0,"controlled local burst; wall time includes scoped-thread creation, Aegis policy/transcript processing, bounded-pool admission, primitive verification, and joins; work_units counts accepted verifications only"
local-1786752901640954000,macmini-m2-macos26.5.2-rust1.97.1-aarch64-20260814-workers4,9d3ab807a08ef4cf1077dbc23213e2314ce37c87,MEASURED,1786752901697186000,load,aegis_bounded_verification_pool,ML-DSA-65,concurrent_verify_burst,workers4_concurrency1,512,88,0,163291,168000,8126464,true,accepted=1;saturated=0;unexpected=0,1,1,0,0,3309,0,0,0,0,0,"controlled local burst; wall time includes scoped-thread creation, Aegis policy/transcript processing, bounded-pool admission, primitive verification, and joins; work_units counts accepted verifications only"
local-1786752901640954000,macmini-m2-macos26.5.2-rust1.97.1-aarch64-20260814-workers4,9d3ab807a08ef4cf1077dbc23213e2314ce37c87,MEASURED,1786752901697948000,load,aegis_bounded_verification_pool,ML-DSA-65,concurrent_verify_burst,workers4_concurrency1,512,89,0,170125,178000,8126464,true,accepted=1;saturated=0;unexpected=0,1,1,0,0,3309,0,0,0,0,0,"controlled local burst; wall time includes scoped-thread creation, Aegis policy/transcript processing, bounded-pool admission, primitive verification, and joins; work_units counts accepted verifications only"
local-1786752901640954000,macmini-m2-macos26.5.2-rust1.97.1-aarch64-20260814-workers4,9d3ab807a08ef4cf1077dbc23213e2314ce37c87,MEASURED,1786752901698347000,load,aegis_bounded_verification_pool,ML-DSA-65,concurrent_verify_burst,workers4_concurrency1,512,90,0,183708,191000,8126464,true,accepted=1;saturated=0;unexpected=0,1,1,0,0,3309,0,0,0,0,0,"controlled local burst; wall time includes scoped-thread creation, Aegis policy/transcript processing, bounded-pool admission, primitive verification, and joins; work_units counts accepted verifications only"
local-1786752901640954000,macmini-m2-macos26.5.2-rust1.97.1-aarch64-20260814-workers4,9d3ab807a08ef4cf1077dbc23213e2314ce37c87,MEASURED,1786752901698757000,load,aegis_bounded_verification_pool,ML-DSA-65,concurrent_verify_burst,workers4_concurrency1,512,91,0,159250,169000,8126464,true,accepted=1;saturated=0;unexpected=0,1,1,0,0,3309,0,0,0,0,0,"controlled local burst; wall time includes scoped-thread creation, Aegis policy/transcript processing, bounded-pool admission, primitive verification, and joins; work_units counts accepted verifications only"
local-1786752901640954000,macmini-m2-macos26.5.2-rust1.97.1-aarch64-20260814-workers4,9d3ab807a08ef4cf1077dbc23213e2314ce37c87,MEASURED,1786752901699123000,load,aegis_bounded_verification_pool,ML-DSA-65,concurrent_verify_burst,workers4_concurrency1,512,92,0,153667,160000,8126464,true,accepted=1;saturated=0;unexpected=0,1,1,0,0,3309,0,0,0,0,0,"controlled local burst; wall time includes scoped-thread creation, Aegis policy/transcript processing, bounded-pool admission, primitive verification, and joins; work_units counts accepted verifications only"
local-1786752901640954000,macmini-m2-macos26.5.2-rust1.97.1-aarch64-20260814-workers4,9d3ab807a08ef4cf1077dbc23213e2314ce37c87,MEASURED,1786752901700073000,load,aegis_bounded_verification_pool,ML-DSA-65,concurrent_verify_burst,workers4_concurrency1,512,93,0,155417,165000,8126464,true,accepted=1;saturated=0;unexpected=0,1,1,0,0,3309,0,0,0,0,0,"controlled local burst; wall time includes scoped-thread creation, Aegis policy/transcript processing, bounded-pool admission, primitive verification, and joins; work_units counts accepted verifications only"
local-1786752901640954000,macmini-m2-macos26.5.2-rust1.97.1-aarch64-20260814-workers4,9d3ab807a08ef4cf1077dbc23213e2314ce37c87,MEASURED,1786752901700629000,load,aegis_bounded_verification_pool,ML-DSA-65,concurrent_verify_burst,workers4_concurrency1,512,94,0,156833,166000,8126464,true,accepted=1;saturated=0;unexpected=0,1,1,0,0,3309,0,0,0,0,0,"controlled local burst; wall time includes scoped-thread creation, Aegis policy/transcript processing, bounded-pool admission, primitive verification, and joins; work_units counts accepted verifications only"
local-1786752901640954000,macmini-m2-macos26.5.2-rust1.97.1-aarch64-20260814-workers4,9d3ab807a08ef4cf1077dbc23213e2314ce37c87,MEASURED,1786752901701183000,load,aegis_bounded_verification_pool,ML-DSA-65,concurrent_verify_burst,workers4_concurrency1,512,95,0,163167,169000,8126464,true,accepted=1;saturated=0;unexpected=0,1,1,0,0,3309,0,0,0,0,0,"controlled local burst; wall time includes scoped-thread creation, Aegis policy/transcript processing, bounded-pool admission, primitive verification, and joins; work_units counts accepted verifications only"
local-1786752901640954000,macmini-m2-macos26.5.2-rust1.97.1-aarch64-20260814-workers4,9d3ab807a08ef4cf1077dbc23213e2314ce37c87,MEASURED,1786752901701553000,load,aegis_bounded_verification_pool,ML-DSA-65,concurrent_verify_burst,workers4_concurrency1,512,96,0,142333,148000,8126464,true,accepted=1;saturated=0;unexpected=0,1,1,0,0,3309,0,0,0,0,0,"controlled local burst; wall time includes scoped-thread creation, Aegis policy/transcript processing, bounded-pool admission, primitive verification, and joins; work_units counts accepted verifications only"
local-1786752901640954000,macmini-m2-macos26.5.2-rust1.97.1-aarch64-20260814-workers4,9d3ab807a08ef4cf1077dbc23213e2314ce37c87,MEASURED,1786752901702551000,load,aegis_bounded_verification_pool,ML-DSA-65,concurrent_verify_burst,workers4_concurrency1,512,97,0,379500,341000,8126464,true,accepted=1;saturated=0;unexpected=0,1,1,0,0,3309,0,0,0,0,0,"controlled local burst; wall time includes scoped-thread creation, Aegis policy/transcript processing, bounded-pool admission, primitive verification, and joins; work_units counts accepted verifications only"
local-1786752901640954000,macmini-m2-macos26.5.2-rust1.97.1-aarch64-20260814-workers4,9d3ab807a08ef4cf1077dbc23213e2314ce37c87,MEASURED,1786752901702971000,load,aegis_bounded_verification_pool,ML-DSA-65,concurrent_verify_burst,workers4_concurrency1,512,98,0,198458,186000,8126464,true,accepted=1;saturated=0;unexpected=0,1,1,0,0,3309,0,0,0,0,0,"controlled local burst; wall time includes scoped-thread creation, Aegis policy/transcript processing, bounded-pool admission, primitive verification, and joins; work_units counts accepted verifications only"
local-1786752901640954000,macmini-m2-macos26.5.2-rust1.97.1-aarch64-20260814-workers4,9d3ab807a08ef4cf1077dbc23213e2314ce37c87,MEASURED,1786752901703564000,load,aegis_bounded_verification_pool,ML-DSA-65,concurrent_verify_burst,workers4_concurrency1,512,99,0,174917,183000,8126464,true,accepted=1;saturated=0;unexpected=0,1,1,0,0,3309,0,0,0,0,0,"controlled local burst; wall time includes scoped-thread creation, Aegis policy/transcript processing, bounded-pool admission, primitive verification, and joins; work_units counts accepted verifications only"
local-1786752901640954000,macmini-m2-macos26.5.2-rust1.97.1-aarch64-20260814-workers4,9d3ab807a08ef4cf1077dbc23213e2314ce37c87,MEASURED,1786752901704317000,load,aegis_bounded_verification_pool,ML-DSA-65,concurrent_verify_burst,workers4_concurrency2,512,0,0,178792,326000,8159232,true,accepted=2;saturated=0;unexpected=0,2,2,0,0,3309,0,0,0,0,0,"controlled local burst; wall time includes scoped-thread creation, Aegis policy/transcript processing, bounded-pool admission, primitive verification, and joins; work_units counts accepted verifications only"
local-1786752901640954000,macmini-m2-macos26.5.2-rust1.97.1-aarch64-20260814-workers4,9d3ab807a08ef4cf1077dbc23213e2314ce37c87,MEASURED,1786752901706457000,load,aegis_bounded_verification_pool,ML-DSA-65,concurrent_verify_burst,workers4_concurrency2,512,1,0,196375,349000,8159232,true,accepted=2;saturated=0;unexpected=0,2,2,0,0,3309,0,0,0,0,0,"controlled local burst; wall time includes scoped-thread creation, Aegis policy/transcript processing, bounded-pool admission, primitive verification, and joins; work_units counts accepted verifications only"
local-1786752901640954000,macmini-m2-macos26.5.2-rust1.97.1-aarch64-20260814-workers4,9d3ab807a08ef4cf1077dbc23213e2314ce37c87,MEASURED,1786752901707072000,load,aegis_bounded_verification_pool,ML-DSA-65,concurrent_verify_burst,workers4_concurrency2,512,2,0,195791,344000,8159232,true,accepted=2;saturated=0;unexpected=0,2,2,0,0,3309,0,0,0,0,0,"controlled local burst; wall time includes scoped-thread creation, Aegis policy/transcript processing, bounded-pool admission, primitive verification, and joins; work_units counts accepted verifications only"
local-1786752901640954000,macmini-m2-macos26.5.2-rust1.97.1-aarch64-20260814-workers4,9d3ab807a08ef4cf1077dbc23213e2314ce37c87,MEASURED,1786752901707712000,load,aegis_bounded_verification_pool,ML-DSA-65,concurrent_verify_burst,workers4_concurrency2,512,3,0,185625,332000,8159232,true,accepted=2;saturated=0;unexpected=0,2,2,0,0,3309,0,0,0,0,0,"controlled local burst; wall time includes scoped-thread creation, Aegis policy/transcript processing, bounded-pool admission, primitive verification, and joins; work_units counts accepted verifications only"
local-1786752901640954000,macmini-m2-macos26.5.2-rust1.97.1-aarch64-20260814-workers4,9d3ab807a08ef4cf1077dbc23213e2314ce37c87,MEASURED,1786752901708826000,load,aegis_bounded_verification_pool,ML-DSA-65,concurrent_verify_burst,workers4_concurrency2,512,4,0,188541,344000,8159232,true,accepted=2;saturated=0;unexpected=0,2,2,0,0,3309,0,0,0,0,0,"controlled local burst; wall time includes scoped-thread creation, Aegis policy/transcript processing, bounded-pool admission, primitive verification, and joins; work_units counts accepted verifications only"
local-1786752901640954000,macmini-m2-macos26.5.2-rust1.97.1-aarch64-20260814-workers4,9d3ab807a08ef4cf1077dbc23213e2314ce37c87,MEASURED,1786752901709689000,load,aegis_bounded_verification_pool,ML-DSA-65,concurrent_verify_burst,workers4_concurrency2,512,5,0,210583,395000,8159232,true,accepted=2;saturated=0;unexpected=0,2,2,0,0,3309,0,0,0,0,0,"controlled local burst; wall time includes scoped-thread creation, Aegis policy/transcript processing, bounded-pool admission, primitive verification, and joins; work_units counts accepted verifications only"
local-1786752901640954000,macmini-m2-macos26.5.2-rust1.97.1-aarch64-20260814-workers4,9d3ab807a08ef4cf1077dbc23213e2314ce37c87,MEASURED,1786752901710604000,load,aegis_bounded_verification_pool,ML-DSA-65,concurrent_verify_burst,workers4_concurrency2,512,6,0,200792,364000,8159232,true,accepted=2;saturated=0;unexpected=0,2,2,0,0,3309,0,0,0,0,0,"controlled local burst; wall time includes scoped-thread creation, Aegis policy/transcript processing, bounded-pool admission, primitive verification, and joins; work_units counts accepted verifications only"
local-1786752901640954000,macmini-m2-macos26.5.2-rust1.97.1-aarch64-20260814-workers4,9d3ab807a08ef4cf1077dbc23213e2314ce37c87,MEASURED,1786752901712268000,load,aegis_bounded_verification_pool,ML-DSA-65,concurrent_verify_burst,workers4_concurrency2,512,7,0,197458,358000,8159232,true,accepted=2;saturated=0;unexpected=0,2,2,0,0,3309,0,0,0,0,0,"controlled local burst; wall time includes scoped-thread creation, Aegis policy/transcript processing, bounded-pool admission, primitive verification, and joins; work_units counts accepted verifications only"
local-1786752901640954000,macmini-m2-macos26.5.2-rust1.97.1-aarch64-20260814-workers4,9d3ab807a08ef4cf1077dbc23213e2314ce37c87,MEASURED,1786752901715193000,load,aegis_bounded_verification_pool,ML-DSA-65,concurrent_verify_burst,workers4_concurrency2,512,8,0,435917,647000,8159232,true,accepted=2;saturated=0;unexpected=0,2,2,0,0,3309,0,0,0,0,0,"controlled local burst; wall time includes scoped-thread creation, Aegis policy/transcript processing, bounded-pool admission, primitive verification, and joins; work_units counts accepted verifications only"
local-1786752901640954000,macmini-m2-macos26.5.2-rust1.97.1-aarch64-20260814-workers4,9d3ab807a08ef4cf1077dbc23213e2314ce37c87,MEASURED,1786752901716273000,load,aegis_bounded_verification_pool,ML-DSA-65,concurrent_verify_burst,workers4_concurrency2,512,9,0,244458,421000,8159232,true,accepted=2;saturated=0;unexpected=0,2,2,0,0,3309,0,0,0,0,0,"controlled local burst; wall time includes scoped-thread creation, Aegis policy/transcript processing, bounded-pool admission, primitive verification, and joins; work_units counts accepted verifications only"
local-1786752901640954000,macmini-m2-macos26.5.2-rust1.97.1-aarch64-20260814-workers4,9d3ab807a08ef4cf1077dbc23213e2314ce37c87,MEASURED,1786752901717147000,load,aegis_bounded_verification_pool,ML-DSA-65,concurrent_verify_burst,workers4_concurrency2,512,10,0,187958,338000,8175616,true,accepted=2;saturated=0;unexpected=0,2,2,0,0,3309,0,0,0,0,0,"controlled local burst; wall time includes scoped-thread creation, Aegis policy/transcript processing, bounded-pool admission, primitive verification, and joins; work_units counts accepted verifications only"
local-1786752901640954000,macmini-m2-macos26.5.2-rust1.97.1-aarch64-20260814-workers4,9d3ab807a08ef4cf1077dbc23213e2314ce37c87,MEASURED,1786752901717634000,load,aegis_bounded_verification_pool,ML-DSA-65,concurrent_verify_burst,workers4_concurrency2,512,11,0,184416,334000,8175616,true,accepted=2;saturated=0;unexpected=0,2,2,0,0,3309,0,0,0,0,0,"controlled local burst; wall time includes scoped-thread creation, Aegis policy/transcript processing, bounded-pool admission, primitive verification, and joins; work_units counts accepted verifications only"
local-1786752901640954000,macmini-m2-macos26.5.2-rust1.97.1-aarch64-20260814-workers4,9d3ab807a08ef4cf1077dbc23213e2314ce37c87,MEASURED,1786752901719202000,load,aegis_bounded_verification_pool,ML-DSA-65,concurrent_verify_burst,workers4_concurrency2,512,12,0,179500,323000,8175616,true,accepted=2;saturated=0;unexpected=0,2,2,0,0,3309,0,0,0,0,0,"controlled local burst; wall time includes scoped-thread creation, Aegis policy/transcript processing, bounded-pool admission, primitive verification, and joins; work_units counts accepted verifications only"
local-1786752901640954000,macmini-m2-macos26.5.2-rust1.97.1-aarch64-20260814-workers4,9d3ab807a08ef4cf1077dbc23213e2314ce37c87,MEASURED,1786752901720528000,load,aegis_bounded_verification_pool,ML-DSA-65,concurrent_verify_burst,workers4_concurrency2,512,13,0,185084,338000,8175616,true,accepted=2;saturated=0;unexpected=0,2,2,0,0,3309,0,0,0,0,0,"controlled local burst; wall time includes scoped-thread creation, Aegis policy/transcript processing, bounded-pool admission, primitive verification, and joins; work_units counts accepted verifications only"
local-1786752901640954000,macmini-m2-macos26.5.2-rust1.97.1-aarch64-20260814-workers4,9d3ab807a08ef4cf1077dbc23213e2314ce37c87,MEASURED,1786752901721505000,load,aegis_bounded_verification_pool,ML-DSA-65,concurrent_verify_burst,workers4_concurrency2,512,14,0,181958,337000,8175616,true,accepted=2;saturated=0;unexpected=0,2,2,0,0,3309,0,0,0,0,0,"controlled local burst; wall time includes scoped-thread creation, Aegis policy/transcript processing, bounded-pool admission, primitive verification, and joins; work_units counts accepted verifications only"
local-1786752901640954000,macmini-m2-macos26.5.2-rust1.97.1-aarch64-20260814-workers4,9d3ab807a08ef4cf1077dbc23213e2314ce37c87,MEASURED,1786752901722613000,load,aegis_bounded_verification_pool,ML-DSA-65,concurrent_verify_burst,workers4_concurrency2,512,15,0,185000,324000,8175616,true,accepted=2;saturated=0;unexpected=0,2,2,0,0,3309,0,0,0,0,0,"controlled local burst; wall time includes scoped-thread creation, Aegis policy/transcript processing, bounded-pool admission, primitive verification, and joins; work_units counts accepted verifications only"
local-1786752901640954000,macmini-m2-macos26.5.2-rust1.97.1-aarch64-20260814-workers4,9d3ab807a08ef4cf1077dbc23213e2314ce37c87,MEASURED,1786752901723361000,load,aegis_bounded_verification_pool,ML-DSA-65,concurrent_verify_burst,workers4_concurrency2,512,16,0,175875,313000,8175616,true,accepted=2;saturated=0;unexpected=0,2,2,0,0,3309,0,0,0,0,0,"controlled local burst; wall time includes scoped-thread creation, Aegis policy/transcript processing, bounded-pool admission, primitive verification, and joins; work_units counts accepted verifications only"
local-1786752901640954000,macmini-m2-macos26.5.2-rust1.97.1-aarch64-20260814-workers4,9d3ab807a08ef4cf1077dbc23213e2314ce37c87,MEASURED,1786752901724256000,load,aegis_bounded_verification_pool,ML-DSA-65,concurrent_verify_burst,workers4_concurrency2,512,17,0,302459,442000,8175616,true,accepted=2;saturated=0;unexpected=0,2,2,0,0,3309,0,0,0,0,0,"controlled local burst; wall time includes scoped-thread creation, Aegis policy/transcript processing, bounded-pool admission, primitive verification, and joins; work_units counts accepted verifications only"
local-1786752901640954000,macmini-m2-macos26.5.2-rust1.97.1-aarch64-20260814-workers4,9d3ab807a08ef4cf1077dbc23213e2314ce37c87,MEASURED,1786752901725044000,load,aegis_bounded_verification_pool,ML-DSA-65,concurrent_verify_burst,workers4_concurrency2,512,18,0,210500,389000,8192000,true,accepted=2;saturated=0;unexpected=0,2,2,0,0,3309,0,0,0,0,0,"controlled local burst; wall time includes scoped-thread creation, Aegis policy/transcript processing, bounded-pool admission, primitive verification, and joins; work_units counts accepted verifications only"
local-1786752901640954000,macmini-m2-macos26.5.2-rust1.97.1-aarch64-20260814-workers4,9d3ab807a08ef4cf1077dbc23213e2314ce37c87,MEASURED,1786752901725647000,load,aegis_bounded_verification_pool,ML-DSA-65,concurrent_verify_burst,workers4_concurrency2,512,19,0,182292,331000,8192000,true,accepted=2;saturated=0;unexpected=0,2,2,0,0,3309,0,0,0,0,0,"controlled local burst; wall time includes scoped-thread creation, Aegis policy/transcript processing, bounded-pool admission, primitive verification, and joins; work_units counts accepted verifications only"
local-1786752901640954000,macmini-m2-macos26.5.2-rust1.97.1-aarch64-20260814-workers4,9d3ab807a08ef4cf1077dbc23213e2314ce37c87,MEASURED,1786752901727274000,load,aegis_bounded_verification_pool,ML-DSA-65,concurrent_verify_burst,workers4_concurrency2,512,20,0,193166,356000,8208384,true,accepted=2;saturated=0;unexpected=0,2,2,0,0,3309,0,0,0,0,0,"controlled local burst; wall time includes scoped-thread creation, Aegis policy/transcript processing, bounded-pool admission, primitive verification, and joins; work_units counts accepted verifications only"
local-1786752901640954000,macmini-m2-macos26.5.2-rust1.97.1-aarch64-20260814-workers4,9d3ab807a08ef4cf1077dbc23213e2314ce37c87,MEASURED,1786752901728716000,load,aegis_bounded_verification_pool,ML-DSA-65,concurrent_verify_burst,workers4_concurrency2,512,21,0,393708,609000,8208384,true,accepted=2;saturated=0;unexpected=0,2,2,0,0,3309,0,0,0,0,0,"controlled local burst; wall time includes scoped-thread creation, Aegis policy/transcript processing, bounded-pool admission, primitive verification, and joins; work_units counts accepted verifications only"
local-1786752901640954000,macmini-m2-macos26.5.2-rust1.97.1-aarch64-20260814-workers4,9d3ab807a08ef4cf1077dbc23213e2314ce37c87,MEASURED,1786752901730049000,load,aegis_bounded_verification_pool,ML-DSA-65,concurrent_verify_burst,workers4_concurrency2,512,22,0,205708,372000,8208384,true,accepted=2;saturated=0;unexpected=0,2,2,0,0,3309,0,0,0,0,0,"controlled local burst; wall time includes scoped-thread creation, Aegis policy/transcript processing, bounded-pool admission, primitive verification, and joins; work_units counts accepted verifications only"
local-1786752901640954000,macmini-m2-macos26.5.2-rust1.97.1-aarch64-20260814-workers4,9d3ab807a08ef4cf1077dbc23213e2314ce37c87,MEASURED,1786752901730896000,load,aegis_bounded_verification_pool,ML-DSA-65,concurrent_verify_burst,workers4_concurrency2,512,23,0,199750,345000,8208384,true,accepted=2;saturated=0;unexpected=0,2,2,0,0,3309,0,0,0,0,0,"controlled local burst; wall time includes scoped-thread creation, Aegis policy/transcript processing, bounded-pool admission, primitive verification, and joins; work_units counts accepted verifications only"
local-1786752901640954000,macmini-m2-macos26.5.2-rust1.97.1-aarch64-20260814-workers4,9d3ab807a08ef4cf1077dbc23213e2314ce37c87,MEASURED,1786752901732267000,load,aegis_bounded_verification_pool,ML-DSA-65,concurrent_verify_burst,workers4_concurrency2,512,24,0,212875,374000,8208384,true,accepted=2;saturated=0;unexpected=0,2,2,0,0,3309,0,0,0,0,0,"controlled local burst; wall time includes scoped-thread creation, Aegis policy/transcript processing, bounded-pool admission, primitive verification, and joins; work_units counts accepted verifications only"
local-1786752901640954000,macmini-m2-macos26.5.2-rust1.97.1-aarch64-20260814-workers4,9d3ab807a08ef4cf1077dbc23213e2314ce37c87,MEASURED,1786752901733041000,load,aegis_bounded_verification_pool,ML-DSA-65,concurrent_verify_burst,workers4_concurrency2,512,25,0,205125,350000,8208384,true,accepted=2;saturated=0;unexpected=0,2,2,0,0,3309,0,0,0,0,0,"controlled local burst; wall time includes scoped-thread creation, Aegis policy/transcript processing, bounded-pool admission, primitive verification, and joins; work_units counts accepted verifications only"
local-1786752901640954000,macmini-m2-macos26.5.2-rust1.97.1-aarch64-20260814-workers4,9d3ab807a08ef4cf1077dbc23213e2314ce37c87,MEASURED,1786752901734321000,load,aegis_bounded_verification_pool,ML-DSA-65,concurrent_verify_burst,workers4_concurrency2,512,26,0,214209,370000,8208384,true,accepted=2;saturated=0;unexpected=0,2,2,0,0,3309,0,0,0,0,0,"controlled local burst; wall time includes scoped-thread creation, Aegis policy/transcript processing, bounded-pool admission, primitive verification, and joins; work_units counts accepted verifications only"
local-1786752901640954000,macmini-m2-macos26.5.2-rust1.97.1-aarch64-20260814-workers4,9d3ab807a08ef4cf1077dbc23213e2314ce37c87,MEASURED,1786752901735177000,load,aegis_bounded_verification_pool,ML-DSA-65,concurrent_verify_burst,workers4_concurrency2,512,27,0,191792,352000,8208384,true,accepted=2;saturated=0;unexpected=0,2,2,0,0,3309,0,0,0,0,0,"controlled local burst; wall time includes scoped-thread creation, Aegis policy/transcript processing, bounded-pool admission, primitive verification, and joins; work_units counts accepted verifications only"
local-1786752901640954000,macmini-m2-macos26.5.2-rust1.97.1-aarch64-20260814-workers4,9d3ab807a08ef4cf1077dbc23213e2314ce37c87,MEASURED,1786752901735972000,load,aegis_bounded_verification_pool,ML-DSA-65,concurrent_verify_burst,workers4_concurrency2,512,28,0,201042,357000,8208384,true,accepted=2;saturated=0;unexpected=0,2,2,0,0,3309,0,0,0,0,0,"controlled local burst; wall time includes scoped-thread creation, Aegis policy/transcript processing, bounded-pool admission, primitive verification, and joins; work_units counts accepted verifications only"
local-1786752901640954000,macmini-m2-macos26.5.2-rust1.97.1-aarch64-20260814-workers4,9d3ab807a08ef4cf1077dbc23213e2314ce37c87,MEASURED,1786752901736778000,load,aegis_bounded_verification_pool,ML-DSA-65,concurrent_verify_burst,workers4_concurrency2,512,29,0,200875,370000,8208384,true,accepted=2;saturated=0;unexpected=0,2,2,0,0,3309,0,0,0,0,0,"controlled local burst; wall time includes scoped-thread creation, Aegis policy/transcript processing, bounded-pool admission, primitive verification, and joins; work_units counts accepted verifications only"
local-1786752901640954000,macmini-m2-macos26.5.2-rust1.97.1-aarch64-20260814-workers4,9d3ab807a08ef4cf1077dbc23213e2314ce37c87,MEASURED,1786752901737835000,load,aegis_bounded_verification_pool,ML-DSA-65,concurrent_verify_burst,workers4_concurrency2,512,30,0,301750,505000,8208384,true,accepted=2;saturated=0;unexpected=0,2,2,0,0,3309,0,0,0,0,0,"controlled local burst; wall time includes scoped-thread creation, Aegis policy/transcript processing, bounded-pool admission, primitive verification, and joins; work_units counts accepted verifications only"
local-1786752901640954000,macmini-m2-macos26.5.2-rust1.97.1-aarch64-20260814-workers4,9d3ab807a08ef4cf1077dbc23213e2314ce37c87,MEASURED,1786752901738482000,load,aegis_bounded_verification_pool,ML-DSA-65,concurrent_verify_burst,workers4_concurrency2,512,31,0,225709,353000,8208384,true,accepted=2;saturated=0;unexpected=0,2,2,0,0,3309,0,0,0,0,0,"controlled local burst; wall time includes scoped-thread creation, Aegis policy/transcript processing, bounded-pool admission, primitive verification, and joins; work_units counts accepted verifications only"
local-1786752901640954000,macmini-m2-macos26.5.2-rust1.97.1-aarch64-20260814-workers4,9d3ab807a08ef4cf1077dbc23213e2314ce37c87,MEASURED,1786752901739007000,load,aegis_bounded_verification_pool,ML-DSA-65,concurrent_verify_burst,workers4_concurrency2,512,32,0,190916,355000,8208384,true,accepted=2;saturated=0;unexpected=0,2,2,0,0,3309,0,0,0,0,0,"controlled local burst; wall time includes scoped-thread creation, Aegis policy/transcript processing, bounded-pool admission, primitive verification, and joins; work_units counts accepted verifications only"
local-1786752901640954000,macmini-m2-macos26.5.2-rust1.97.1-aarch64-20260814-workers4,9d3ab807a08ef4cf1077dbc23213e2314ce37c87,MEASURED,1786752901739656000,load,aegis_bounded_verification_pool,ML-DSA-65,concurrent_verify_burst,workers4_concurrency2,512,33,0,187584,353000,8208384,true,accepted=2;saturated=0;unexpected=0,2,2,0,0,3309,0,0,0,0,0,"controlled local burst; wall time includes scoped-thread creation, Aegis policy/transcript processing, bounded-pool admission, primitive verification, and joins; work_units counts accepted verifications only"
local-1786752901640954000,macmini-m2-macos26.5.2-rust1.97.1-aarch64-20260814-workers4,9d3ab807a08ef4cf1077dbc23213e2314ce37c87,MEASURED,1786752901740430000,load,aegis_bounded_verification_pool,ML-DSA-65,concurrent_verify_burst,workers4_concurrency2,512,34,0,210583,377000,8208384,true,accepted=2;saturated=0;unexpected=0,2,2,0,0,3309,0,0,0,0,0,"controlled local burst; wall time includes scoped-thread creation, Aegis policy/transcript processing, bounded-pool admission, primitive verification, and joins; work_units counts accepted verifications only"
local-1786752901640954000,macmini-m2-macos26.5.2-rust1.97.1-aarch64-20260814-workers4,9d3ab807a08ef4cf1077dbc23213e2314ce37c87,MEASURED,1786752901741334000,load,aegis_bounded_verification_pool,ML-DSA-65,concurrent_verify_burst,workers4_concurrency2,512,35,0,182584,334000,8208384,true,accepted=2;saturated=0;unexpected=0,2,2,0,0,3309,0,0,0,0,0,"controlled local burst; wall time includes scoped-thread creation, Aegis policy/transcript processing, bounded-pool admission, primitive verification, and joins; work_units counts accepted verifications only"
local-1786752901640954000,macmini-m2-macos26.5.2-rust1.97.1-aarch64-20260814-workers4,9d3ab807a08ef4cf1077dbc23213e2314ce37c87,MEASURED,1786752901742485000,load,aegis_bounded_verification_pool,ML-DSA-65,concurrent_verify_burst,workers4_concurrency2,512,36,0,391917,595000,8208384,true,accepted=2;saturated=0;unexpected=0,2,2,0,0,3309,0,0,0,0,0,"controlled local burst; wall time includes scoped-thread creation, Aegis policy/transcript processing, bounded-pool admission, primitive verification, and joins; work_units counts accepted verifications only"
local-1786752901640954000,macmini-m2-macos26.5.2-rust1.97.1-aarch64-20260814-workers4,9d3ab807a08ef4cf1077dbc23213e2314ce37c87,MEASURED,1786752901743125000,load,aegis_bounded_verification_pool,ML-DSA-65,concurrent_verify_burst,workers4_concurrency2,512,37,0,244958,419000,8208384,true,accepted=2;saturated=0;unexpected=0,2,2,0,0,3309,0,0,0,0,0,"controlled local burst; wall time includes scoped-thread creation, Aegis policy/transcript processing, bounded-pool admission, primitive verification, and joins; work_units counts accepted verifications only"
local-1786752901640954000,macmini-m2-macos26.5.2-rust1.97.1-aarch64-20260814-workers4,9d3ab807a08ef4cf1077dbc23213e2314ce37c87,MEASURED,1786752901743822000,load,aegis_bounded_verification_pool,ML-DSA-65,concurrent_verify_burst,workers4_concurrency2,512,38,0,191875,353000,8208384,true,accepted=2;saturated=0;unexpected=0,2,2,0,0,3309,0,0,0,0,0,"controlled local burst; wall time includes scoped-thread creation, Aegis policy/transcript processing, bounded-pool admission, primitive verification, and joins; work_units counts accepted verifications only"
local-1786752901640954000,macmini-m2-macos26.5.2-rust1.97.1-aarch64-20260814-workers4,9d3ab807a08ef4cf1077dbc23213e2314ce37c87,MEASURED,1786752901744819000,load,aegis_bounded_verification_pool,ML-DSA-65,concurrent_verify_burst,workers4_concurrency2,512,39,0,190833,339000,8208384,true,accepted=2;saturated=0;unexpected=0,2,2,0,0,3309,0,0,0,0,0,"controlled local burst; wall time includes scoped-thread creation, Aegis policy/transcript processing, bounded-pool admission, primitive verification, and joins; work_units counts accepted verifications only"
local-1786752901640954000,macmini-m2-macos26.5.2-rust1.97.1-aarch64-20260814-workers4,9d3ab807a08ef4cf1077dbc23213e2314ce37c87,MEASURED,1786752901746230000,load,aegis_bounded_verification_pool,ML-DSA-65,concurrent_verify_burst,workers4_concurrency2,512,40,0,246584,408000,8208384,true,accepted=2;saturated=0;unexpected=0,2,2,0,0,3309,0,0,0,0,0,"controlled local burst; wall time includes scoped-thread creation, Aegis policy/transcript processing, bounded-pool admission, primitive verification, and joins; work_units counts accepted verifications only"
local-1786752901640954000,macmini-m2-macos26.5.2-rust1.97.1-aarch64-20260814-workers4,9d3ab807a08ef4cf1077dbc23213e2314ce37c87,MEASURED,1786752901747100000,load,aegis_bounded_verification_pool,ML-DSA-65,concurrent_verify_burst,workers4_concurrency2,512,41,0,190542,342000,8208384,true,accepted=2;saturated=0;unexpected=0,2,2,0,0,3309,0,0,0,0,0,"controlled local burst; wall time includes scoped-thread creation, Aegis policy/transcript processing, bounded-pool admission, primitive verification, and joins; work_units counts accepted verifications only"
local-1786752901640954000,macmini-m2-macos26.5.2-rust1.97.1-aarch64-20260814-workers4,9d3ab807a08ef4cf1077dbc23213e2314ce37c87,MEASURED,1786752901748618000,load,aegis_bounded_verification_pool,ML-DSA-65,concurrent_verify_burst,workers4_concurrency2,512,42,0,197209,346000,8208384,true,accepted=2;saturated=0;unexpected=0,2,2,0,0,3309,0,0,0,0,0,"controlled local burst; wall time includes scoped-thread creation, Aegis policy/transcript processing, bounded-pool admission, primitive verification, and joins; work_units counts accepted verifications only"
local-1786752901640954000,macmini-m2-macos26.5.2-rust1.97.1-aarch64-20260814-workers4,9d3ab807a08ef4cf1077dbc23213e2314ce37c87,MEASURED,1786752901749496000,load,aegis_bounded_verification_pool,ML-DSA-65,concurrent_verify_burst,workers4_concurrency2,512,43,0,223916,420000,8208384,true,accepted=2;saturated=0;unexpected=0,2,2,0,0,3309,0,0,0,0,0,"controlled local burst; wall time includes scoped-thread creation, Aegis policy/transcript processing, bounded-pool admission, primitive verification, and joins; work_units counts accepted verifications only"
local-1786752901640954000,macmini-m2-macos26.5.2-rust1.97.1-aarch64-20260814-workers4,9d3ab807a08ef4cf1077dbc23213e2314ce37c87,MEASURED,1786752901750093000,load,aegis_bounded_verification_pool,ML-DSA-65,concurrent_verify_burst,workers4_concurrency2,512,44,0,201917,354000,8208384,true,accepted=2;saturated=0;unexpected=0,2,2,0,0,3309,0,0,0,0,0,"controlled local burst; wall time includes scoped-thread creation, Aegis policy/transcript processing, bounded-pool admission, primitive verification, and joins; work_units counts accepted verifications only"
local-1786752901640954000,macmini-m2-macos26.5.2-rust1.97.1-aarch64-20260814-workers4,9d3ab807a08ef4cf1077dbc23213e2314ce37c87,MEASURED,1786752901751170000,load,aegis_bounded_verification_pool,ML-DSA-65,concurrent_verify_burst,workers4_concurrency2,512,45,0,208792,366000,8208384,true,accepted=2;saturated=0;unexpected=0,2,2,0,0,3309,0,0,0,0,0,"controlled local burst; wall time includes scoped-thread creation, Aegis policy/transcript processing, bounded-pool admission, primitive verification, and joins; work_units counts accepted verifications only"
local-1786752901640954000,macmini-m2-macos26.5.2-rust1.97.1-aarch64-20260814-workers4,9d3ab807a08ef4cf1077dbc23213e2314ce37c87,MEASURED,1786752901752491000,load,aegis_bounded_verification_pool,ML-DSA-65,concurrent_verify_burst,workers4_concurrency2,512,46,0,203083,349000,8208384,true,accepted=2;saturated=0;unexpected=0,2,2,0,0,3309,0,0,0,0,0,"controlled local burst; wall time includes scoped-thread creation, Aegis policy/transcript processing, bounded-pool admission, primitive verification, and joins; work_units counts accepted verifications only"
local-1786752901640954000,macmini-m2-macos26.5.2-rust1.97.1-aarch64-20260814-workers4,9d3ab807a08ef4cf1077dbc23213e2314ce37c87,MEASURED,1786752901753350000,load,aegis_bounded_verification_pool,ML-DSA-65,concurrent_verify_burst,workers4_concurrency2,512,47,0,211417,374000,8208384,true,accepted=2;saturated=0;unexpected=0,2,2,0,0,3309,0,0,0,0,0,"controlled local burst; wall time includes scoped-thread creation, Aegis policy/transcript processing, bounded-pool admission, primitive verification, and joins; work_units counts accepted verifications only"
local-1786752901640954000,macmini-m2-macos26.5.2-rust1.97.1-aarch64-20260814-workers4,9d3ab807a08ef4cf1077dbc23213e2314ce37c87,MEASURED,1786752901754258000,load,aegis_bounded_verification_pool,ML-DSA-65,concurrent_verify_burst,workers4_concurrency2,512,48,0,189417,337000,8208384,true,accepted=2;saturated=0;unexpected=0,2,2,0,0,3309,0,0,0,0,0,"controlled local burst; wall time includes scoped-thread creation, Aegis policy/transcript processing, bounded-pool admission, primitive verification, and joins; work_units counts accepted verifications only"
local-1786752901640954000,macmini-m2-macos26.5.2-rust1.97.1-aarch64-20260814-workers4,9d3ab807a08ef4cf1077dbc23213e2314ce37c87,MEASURED,1786752901754884000,load,aegis_bounded_verification_pool,ML-DSA-65,concurrent_verify_burst,workers4_concurrency2,512,49,0,220834,433000,8208384,true,accepted=2;saturated=0;unexpected=0,2,2,0,0,3309,0,0,0,0,0,"controlled local burst; wall time includes scoped-thread creation, Aegis policy/transcript processing, bounded-pool admission, primitive verification, and joins; work_units counts accepted verifications only"
local-1786752901640954000,macmini-m2-macos26.5.2-rust1.97.1-aarch64-20260814-workers4,9d3ab807a08ef4cf1077dbc23213e2314ce37c87,MEASURED,1786752901755872000,load,aegis_bounded_verification_pool,ML-DSA-65,concurrent_verify_burst,workers4_concurrency2,512,50,0,199291,357000,8208384,true,accepted=2;saturated=0;unexpected=0,2,2,0,0,3309,0,0,0,0,0,"controlled local burst; wall time includes scoped-thread creation, Aegis policy/transcript processing, bounded-pool admission, primitive verification, and joins; work_units counts accepted verifications only"
local-1786752901640954000,macmini-m2-macos26.5.2-rust1.97.1-aarch64-20260814-workers4,9d3ab807a08ef4cf1077dbc23213e2314ce37c87,MEASURED,1786752901756651000,load,aegis_bounded_verification_pool,ML-DSA-65,concurrent_verify_burst,workers4_concurrency2,512,51,0,267041,455000,8208384,true,accepted=2;saturated=0;unexpected=0,2,2,0,0,3309,0,0,0,0,0,"controlled local burst; wall time includes scoped-thread creation, Aegis policy/transcript processing, bounded-pool admission, primitive verification, and joins; work_units counts accepted verifications only"
local-1786752901640954000,macmini-m2-macos26.5.2-rust1.97.1-aarch64-20260814-workers4,9d3ab807a08ef4cf1077dbc23213e2314ce37c87,MEASURED,1786752901757707000,load,aegis_bounded_verification_pool,ML-DSA-65,concurrent_verify_burst,workers4_concurrency2,512,52,0,222875,396000,8208384,true,accepted=2;saturated=0;unexpected=0,2,2,0,0,3309,0,0,0,0,0,"controlled local burst; wall time includes scoped-thread creation, Aegis policy/transcript processing, bounded-pool admission, primitive verification, and joins; work_units counts accepted verifications only"
local-1786752901640954000,macmini-m2-macos26.5.2-rust1.97.1-aarch64-20260814-workers4,9d3ab807a08ef4cf1077dbc23213e2314ce37c87,MEASURED,1786752901758228000,load,aegis_bounded_verification_pool,ML-DSA-65,concurrent_verify_burst,workers4_concurrency2,512,53,0,223084,394000,8208384,true,accepted=2;saturated=0;unexpected=0,2,2,0,0,3309,0,0,0,0,0,"controlled local burst; wall time includes scoped-thread creation, Aegis policy/transcript processing, bounded-pool admission, primitive verification, and joins; work_units counts accepted verifications only"
local-1786752901640954000,macmini-m2-macos26.5.2-rust1.97.1-aarch64-20260814-workers4,9d3ab807a08ef4cf1077dbc23213e2314ce37c87,MEASURED,1786752901759475000,load,aegis_bounded_verification_pool,ML-DSA-65,concurrent_verify_burst,workers4_concurrency2,512,54,0,192041,342000,8208384,true,accepted=2;saturated=0;unexpected=0,2,2,0,0,3309,0,0,0,0,0,"controlled local burst; wall time includes scoped-thread creation, Aegis policy/transcript processing, bounded-pool admission, primitive verification, and joins; work_units counts accepted verifications only"
local-1786752901640954000,macmini-m2-macos26.5.2-rust1.97.1-aarch64-20260814-workers4,9d3ab807a08ef4cf1077dbc23213e2314ce37c87,MEASURED,1786752901760540000,load,aegis_bounded_verification_pool,ML-DSA-65,concurrent_verify_burst,workers4_concurrency2,512,55,0,205792,362000,8208384,true,accepted=2;saturated=0;unexpected=0,2,2,0,0,3309,0,0,0,0,0,"controlled local burst; wall time includes scoped-thread creation, Aegis policy/transcript processing, bounded-pool admission, primitive verification, and joins; work_units counts accepted verifications only"
local-1786752901640954000,macmini-m2-macos26.5.2-rust1.97.1-aarch64-20260814-workers4,9d3ab807a08ef4cf1077dbc23213e2314ce37c87,MEASURED,1786752901761787000,load,aegis_bounded_verification_pool,ML-DSA-65,concurrent_verify_burst,workers4_concurrency2,512,56,0,198417,343000,8208384,true,accepted=2;saturated=0;unexpected=0,2,2,0,0,3309,0,0,0,0,0,"controlled local burst; wall time includes scoped-thread creation, Aegis policy/transcript processing, bounded-pool admission, primitive verification, and joins; work_units counts accepted verifications only"
local-1786752901640954000,macmini-m2-macos26.5.2-rust1.97.1-aarch64-20260814-workers4,9d3ab807a08ef4cf1077dbc23213e2314ce37c87,MEASURED,1786752901762430000,load,aegis_bounded_verification_pool,ML-DSA-65,concurrent_verify_burst,workers4_concurrency2,512,57,0,207250,362000,8208384,true,accepted=2;saturated=0;unexpected=0,2,2,0,0,3309,0,0,0,0,0,"controlled local burst; wall time includes scoped-thread creation, Aegis policy/transcript processing, bounded-pool admission, primitive verification, and joins; work_units counts accepted verifications only"
local-1786752901640954000,macmini-m2-macos26.5.2-rust1.97.1-aarch64-20260814-workers4,9d3ab807a08ef4cf1077dbc23213e2314ce37c87,MEASURED,1786752901763205000,load,aegis_bounded_verification_pool,ML-DSA-65,concurrent_verify_burst,workers4_concurrency2,512,58,0,193458,341000,8208384,true,accepted=2;saturated=0;unexpected=0,2,2,0,0,3309,0,0,0,0,0,"controlled local burst; wall time includes scoped-thread creation, Aegis policy/transcript processing, bounded-pool admission, primitive verification, and joins; work_units counts accepted verifications only"
local-1786752901640954000,macmini-m2-macos26.5.2-rust1.97.1-aarch64-20260814-workers4,9d3ab807a08ef4cf1077dbc23213e2314ce37c87,MEASURED,1786752901764067000,load,aegis_bounded_verification_pool,ML-DSA-65,concurrent_verify_burst,workers4_concurrency2,512,59,0,192292,334000,8208384,true,accepted=2;saturated=0;unexpected=0,2,2,0,0,3309,0,0,0,0,0,"controlled local burst; wall time includes scoped-thread creation, Aegis policy/transcript processing, bounded-pool admission, primitive verification, and joins; work_units counts accepted verifications only"
local-1786752901640954000,macmini-m2-macos26.5.2-rust1.97.1-aarch64-20260814-workers4,9d3ab807a08ef4cf1077dbc23213e2314ce37c87,MEASURED,1786752901764608000,load,aegis_bounded_verification_pool,ML-DSA-65,concurrent_verify_burst,workers4_concurrency2,512,60,0,207125,364000,8208384,true,accepted=2;saturated=0;unexpected=0,2,2,0,0,3309,0,0,0,0,0,"controlled local burst; wall time includes scoped-thread creation, Aegis policy/transcript processing, bounded-pool admission, primitive verification, and joins; work_units counts accepted verifications only"
local-1786752901640954000,macmini-m2-macos26.5.2-rust1.97.1-aarch64-20260814-workers4,9d3ab807a08ef4cf1077dbc23213e2314ce37c87,MEASURED,1786752901765873000,load,aegis_bounded_verification_pool,ML-DSA-65,concurrent_verify_burst,workers4_concurrency2,512,61,0,220833,362000,8208384,true,accepted=2;saturated=0;unexpected=0,2,2,0,0,3309,0,0,0,0,0,"controlled local burst; wall time includes scoped-thread creation, Aegis policy/transcript processing, bounded-pool admission, primitive verification, and joins; work_units counts accepted verifications only"
local-1786752901640954000,macmini-m2-macos26.5.2-rust1.97.1-aarch64-20260814-workers4,9d3ab807a08ef4cf1077dbc23213e2314ce37c87,MEASURED,1786752901766654000,load,aegis_bounded_verification_pool,ML-DSA-65,concurrent_verify_burst,workers4_concurrency2,512,62,0,206500,354000,8208384,true,accepted=2;saturated=0;unexpected=0,2,2,0,0,3309,0,0,0,0,0,"controlled local burst; wall time includes scoped-thread creation, Aegis policy/transcript processing, bounded-pool admission, primitive verification, and joins; work_units counts accepted verifications only"
local-1786752901640954000,macmini-m2-macos26.5.2-rust1.97.1-aarch64-20260814-workers4,9d3ab807a08ef4cf1077dbc23213e2314ce37c87,MEASURED,1786752901768131000,load,aegis_bounded_verification_pool,ML-DSA-65,concurrent_verify_burst,workers4_concurrency2,512,63,0,197000,361000,8208384,true,accepted=2;saturated=0;unexpected=0,2,2,0,0,3309,0,0,0,0,0,"controlled local burst; wall time includes scoped-thread creation, Aegis policy/transcript processing, bounded-pool admission, primitive verification, and joins; work_units counts accepted verifications only"
local-1786752901640954000,macmini-m2-macos26.5.2-rust1.97.1-aarch64-20260814-workers4,9d3ab807a08ef4cf1077dbc23213e2314ce37c87,MEASURED,1786752901768687000,load,aegis_bounded_verification_pool,ML-DSA-65,concurrent_verify_burst,workers4_concurrency2,512,64,0,207959,380000,8208384,true,accepted=2;saturated=0;unexpected=0,2,2,0,0,3309,0,0,0,0,0,"controlled local burst; wall time includes scoped-thread creation, Aegis policy/transcript processing, bounded-pool admission, primitive verification, and joins; work_units counts accepted verifications only"
local-1786752901640954000,macmini-m2-macos26.5.2-rust1.97.1-aarch64-20260814-workers4,9d3ab807a08ef4cf1077dbc23213e2314ce37c87,MEASURED,1786752901769849000,load,aegis_bounded_verification_pool,ML-DSA-65,concurrent_verify_burst,workers4_concurrency2,512,65,0,307209,457000,8208384,true,accepted=2;saturated=0;unexpected=0,2,2,0,0,3309,0,0,0,0,0,"controlled local burst; wall time includes scoped-thread creation, Aegis policy/transcript processing, bounded-pool admission, primitive verification, and joins; work_units counts accepted verifications only"
local-1786752901640954000,macmini-m2-macos26.5.2-rust1.97.1-aarch64-20260814-workers4,9d3ab807a08ef4cf1077dbc23213e2314ce37c87,MEASURED,1786752901771013000,load,aegis_bounded_verification_pool,ML-DSA-65,concurrent_verify_burst,workers4_concurrency2,512,66,0,329833,475000,8208384,true,accepted=2;saturated=0;unexpected=0,2,2,0,0,3309,0,0,0,0,0,"controlled local burst; wall time includes scoped-thread creation, Aegis policy/transcript processing, bounded-pool admission, primitive verification, and joins; work_units counts accepted verifications only"
local-1786752901640954000,macmini-m2-macos26.5.2-rust1.97.1-aarch64-20260814-workers4,9d3ab807a08ef4cf1077dbc23213e2314ce37c87,MEASURED,1786752901771687000,load,aegis_bounded_verification_pool,ML-DSA-65,concurrent_verify_burst,workers4_concurrency2,512,67,0,196750,353000,8208384,true,accepted=2;saturated=0;unexpected=0,2,2,0,0,3309,0,0,0,0,0,"controlled local burst; wall time includes scoped-thread creation, Aegis policy/transcript processing, bounded-pool admission, primitive verification, and joins; work_units counts accepted verifications only"
local-1786752901640954000,macmini-m2-macos26.5.2-rust1.97.1-aarch64-20260814-workers4,9d3ab807a08ef4cf1077dbc23213e2314ce37c87,MEASURED,1786752901772399000,load,aegis_bounded_verification_pool,ML-DSA-65,concurrent_verify_burst,workers4_concurrency2,512,68,0,212667,380000,8208384,true,accepted=2;saturated=0;unexpected=0,2,2,0,0,3309,0,0,0,0,0,"controlled local burst; wall time includes scoped-thread creation, Aegis policy/transcript processing, bounded-pool admission, primitive verification, and joins; work_units counts accepted verifications only"
local-1786752901640954000,macmini-m2-macos26.5.2-rust1.97.1-aarch64-20260814-workers4,9d3ab807a08ef4cf1077dbc23213e2314ce37c87,MEASURED,1786752901773556000,load,aegis_bounded_verification_pool,ML-DSA-65,concurrent_verify_burst,workers4_concurrency2,512,69,0,197625,349000,8208384,true,accepted=2;saturated=0;unexpected=0,2,2,0,0,3309,0,0,0,0,0,"controlled local burst; wall time includes scoped-thread creation, Aegis policy/transcript processing, bounded-pool admission, primitive verification, and joins; work_units counts accepted verifications only"
local-1786752901640954000,macmini-m2-macos26.5.2-rust1.97.1-aarch64-20260814-workers4,9d3ab807a08ef4cf1077dbc23213e2314ce37c87,MEASURED,1786752901774597000,load,aegis_bounded_verification_pool,ML-DSA-65,concurrent_verify_burst,workers4_concurrency2,512,70,0,253583,412000,8208384,true,accepted=2;saturated=0;unexpected=0,2,2,0,0,3309,0,0,0,0,0,"controlled local burst; wall time includes scoped-thread creation, Aegis policy/transcript processing, bounded-pool admission, primitive verification, and joins; work_units counts accepted verifications only"
local-1786752901640954000,macmini-m2-macos26.5.2-rust1.97.1-aarch64-20260814-workers4,9d3ab807a08ef4cf1077dbc23213e2314ce37c87,MEASURED,1786752901775306000,load,aegis_bounded_verification_pool,ML-DSA-65,concurrent_verify_burst,workers4_concurrency2,512,71,0,199458,348000,8208384,true,accepted=2;saturated=0;unexpected=0,2,2,0,0,3309,0,0,0,0,0,"controlled local burst; wall time includes scoped-thread creation, Aegis policy/transcript processing, bounded-pool admission, primitive verification, and joins; work_units counts accepted verifications only"
local-1786752901640954000,macmini-m2-macos26.5.2-rust1.97.1-aarch64-20260814-workers4,9d3ab807a08ef4cf1077dbc23213e2314ce37c87,MEASURED,1786752901775854000,load,aegis_bounded_verification_pool,ML-DSA-65,concurrent_verify_burst,workers4_concurrency2,512,72,0,201542,357000,8208384,true,accepted=2;saturated=0;unexpected=0,2,2,0,0,3309,0,0,0,0,0,"controlled local burst; wall time includes scoped-thread creation, Aegis policy/transcript processing, bounded-pool admission, primitive verification, and joins; work_units counts accepted verifications only"
local-1786752901640954000,macmini-m2-macos26.5.2-rust1.97.1-aarch64-20260814-workers4,9d3ab807a08ef4cf1077dbc23213e2314ce37c87,MEASURED,1786752901776395000,load,aegis_bounded_verification_pool,ML-DSA-65,concurrent_verify_burst,workers4_concurrency2,512,73,0,197500,354000,8208384,true,accepted=2;saturated=0;unexpected=0,2,2,0,0,3309,0,0,0,0,0,"controlled local burst; wall time includes scoped-thread creation, Aegis policy/transcript processing, bounded-pool admission, primitive verification, and joins; work_units counts accepted verifications only"
local-1786752901640954000,macmini-m2-macos26.5.2-rust1.97.1-aarch64-20260814-workers4,9d3ab807a08ef4cf1077dbc23213e2314ce37c87,MEASURED,1786752901776908000,load,aegis_bounded_verification_pool,ML-DSA-65,concurrent_verify_burst,workers4_concurrency2,512,74,0,194750,343000,8208384,true,accepted=2;saturated=0;unexpected=0,2,2,0,0,3309,0,0,0,0,0,"controlled local burst; wall time includes scoped-thread creation, Aegis policy/transcript processing, bounded-pool admission, primitive verification, and joins; work_units counts accepted verifications only"
local-1786752901640954000,macmini-m2-macos26.5.2-rust1.97.1-aarch64-20260814-workers4,9d3ab807a08ef4cf1077dbc23213e2314ce37c87,MEASURED,1786752901777772000,load,aegis_bounded_verification_pool,ML-DSA-65,concurrent_verify_burst,workers4_concurrency2,512,75,0,201542,347000,8208384,true,accepted=2;saturated=0;unexpected=0,2,2,0,0,3309,0,0,0,0,0,"controlled local burst; wall time includes scoped-thread creation, Aegis policy/transcript processing, bounded-pool admission, primitive verification, and joins; work_units counts accepted verifications only"
local-1786752901640954000,macmini-m2-macos26.5.2-rust1.97.1-aarch64-20260814-workers4,9d3ab807a08ef4cf1077dbc23213e2314ce37c87,MEASURED,1786752901778299000,load,aegis_bounded_verification_pool,ML-DSA-65,concurrent_verify_burst,workers4_concurrency2,512,76,0,195041,341000,8208384,true,accepted=2;saturated=0;unexpected=0,2,2,0,0,3309,0,0,0,0,0,"controlled local burst; wall time includes scoped-thread creation, Aegis policy/transcript processing, bounded-pool admission, primitive verification, and joins; work_units counts accepted verifications only"
local-1786752901640954000,macmini-m2-macos26.5.2-rust1.97.1-aarch64-20260814-workers4,9d3ab807a08ef4cf1077dbc23213e2314ce37c87,MEASURED,1786752901780655000,load,aegis_bounded_verification_pool,ML-DSA-65,concurrent_verify_burst,workers4_concurrency2,512,77,0,210750,360000,8208384,true,accepted=2;saturated=0;unexpected=0,2,2,0,0,3309,0,0,0,0,0,"controlled local burst; wall time includes scoped-thread creation, Aegis policy/transcript processing, bounded-pool admission, primitive verification, and joins; work_units counts accepted verifications only"
local-1786752901640954000,macmini-m2-macos26.5.2-rust1.97.1-aarch64-20260814-workers4,9d3ab807a08ef4cf1077dbc23213e2314ce37c87,MEASURED,1786752901781447000,load,aegis_bounded_verification_pool,ML-DSA-65,concurrent_verify_burst,workers4_concurrency2,512,78,0,199458,361000,8224768,true,accepted=2;saturated=0;unexpected=0,2,2,0,0,3309,0,0,0,0,0,"controlled local burst; wall time includes scoped-thread creation, Aegis policy/transcript processing, bounded-pool admission, primitive verification, and joins; work_units counts accepted verifications only"
local-1786752901640954000,macmini-m2-macos26.5.2-rust1.97.1-aarch64-20260814-workers4,9d3ab807a08ef4cf1077dbc23213e2314ce37c87,MEASURED,1786752901782156000,load,aegis_bounded_verification_pool,ML-DSA-65,concurrent_verify_burst,workers4_concurrency2,512,79,0,191541,340000,8224768,true,accepted=2;saturated=0;unexpected=0,2,2,0,0,3309,0,0,0,0,0,"controlled local burst; wall time includes scoped-thread creation, Aegis policy/transcript processing, bounded-pool admission, primitive verification, and joins; work_units counts accepted verifications only"
local-1786752901640954000,macmini-m2-macos26.5.2-rust1.97.1-aarch64-20260814-workers4,9d3ab807a08ef4cf1077dbc23213e2314ce37c87,MEASURED,1786752901784139000,load,aegis_bounded_verification_pool,ML-DSA-65,concurrent_verify_burst,workers4_concurrency2,512,80,0,441334,669000,8241152,true,accepted=2;saturated=0;unexpected=0,2,2,0,0,3309,0,0,0,0,0,"controlled local burst; wall time includes scoped-thread creation, Aegis policy/transcript processing, bounded-pool admission, primitive verification, and joins; work_units counts accepted verifications only"
local-1786752901640954000,macmini-m2-macos26.5.2-rust1.97.1-aarch64-20260814-workers4,9d3ab807a08ef4cf1077dbc23213e2314ce37c87,MEASURED,1786752901785081000,load,aegis_bounded_verification_pool,ML-DSA-65,concurrent_verify_burst,workers4_concurrency2,512,81,0,225917,384000,8241152,true,accepted=2;saturated=0;unexpected=0,2,2,0,0,3309,0,0,0,0,0,"controlled local burst; wall time includes scoped-thread creation, Aegis policy/transcript processing, bounded-pool admission, primitive verification, and joins; work_units counts accepted verifications only"
local-1786752901640954000,macmini-m2-macos26.5.2-rust1.97.1-aarch64-20260814-workers4,9d3ab807a08ef4cf1077dbc23213e2314ce37c87,MEASURED,1786752901785590000,load,aegis_bounded_verification_pool,ML-DSA-65,concurrent_verify_burst,workers4_concurrency2,512,82,0,207750,353000,8241152,true,accepted=2;saturated=0;unexpected=0,2,2,0,0,3309,0,0,0,0,0,"controlled local burst; wall time includes scoped-thread creation, Aegis policy/transcript processing, bounded-pool admission, primitive verification, and joins; work_units counts accepted verifications only"
local-1786752901640954000,macmini-m2-macos26.5.2-rust1.97.1-aarch64-20260814-workers4,9d3ab807a08ef4cf1077dbc23213e2314ce37c87,MEASURED,1786752901786229000,load,aegis_bounded_verification_pool,ML-DSA-65,concurrent_verify_burst,workers4_concurrency2,512,83,0,197417,358000,8241152,true,accepted=2;saturated=0;unexpected=0,2,2,0,0,3309,0,0,0,0,0,"controlled local burst; wall time includes scoped-thread creation, Aegis policy/transcript processing, bounded-pool admission, primitive verification, and joins; work_units counts accepted verifications only"
local-1786752901640954000,macmini-m2-macos26.5.2-rust1.97.1-aarch64-20260814-workers4,9d3ab807a08ef4cf1077dbc23213e2314ce37c87,MEASURED,1786752901787625000,load,aegis_bounded_verification_pool,ML-DSA-65,concurrent_verify_burst,workers4_concurrency2,512,84,0,186708,333000,8241152,true,accepted=2;saturated=0;unexpected=0,2,2,0,0,3309,0,0,0,0,0,"controlled local burst; wall time includes scoped-thread creation, Aegis policy/transcript processing, bounded-pool admission, primitive verification, and joins; work_units counts accepted verifications only"
local-1786752901640954000,macmini-m2-macos26.5.2-rust1.97.1-aarch64-20260814-workers4,9d3ab807a08ef4cf1077dbc23213e2314ce37c87,MEASURED,1786752901788363000,load,aegis_bounded_verification_pool,ML-DSA-65,concurrent_verify_burst,workers4_concurrency2,512,85,0,209250,378000,8241152,true,accepted=2;saturated=0;unexpected=0,2,2,0,0,3309,0,0,0,0,0,"controlled local burst; wall time includes scoped-thread creation, Aegis policy/transcript processing, bounded-pool admission, primitive verification, and joins; work_units counts accepted verifications only"
local-1786752901640954000,macmini-m2-macos26.5.2-rust1.97.1-aarch64-20260814-workers4,9d3ab807a08ef4cf1077dbc23213e2314ce37c87,MEASURED,1786752901789255000,load,aegis_bounded_verification_pool,ML-DSA-65,concurrent_verify_burst,workers4_concurrency2,512,86,0,199542,359000,8241152,true,accepted=2;saturated=0;unexpected=0,2,2,0,0,3309,0,0,0,0,0,"controlled local burst; wall time includes scoped-thread creation, Aegis policy/transcript processing, bounded-pool admission, primitive verification, and joins; work_units counts accepted verifications only"
local-1786752901640954000,macmini-m2-macos26.5.2-rust1.97.1-aarch64-20260814-workers4,9d3ab807a08ef4cf1077dbc23213e2314ce37c87,MEASURED,1786752901790589000,load,aegis_bounded_verification_pool,ML-DSA-65,concurrent_verify_burst,workers4_concurrency2,512,87,0,188542,345000,8241152,true,accepted=2;saturated=0;unexpected=0,2,2,0,0,3309,0,0,0,0,0,"controlled local burst; wall time includes scoped-thread creation, Aegis policy/transcript processing, bounded-pool admission, primitive verification, and joins; work_units counts accepted verifications only"
local-1786752901640954000,macmini-m2-macos26.5.2-rust1.97.1-aarch64-20260814-workers4,9d3ab807a08ef4cf1077dbc23213e2314ce37c87,MEASURED,1786752901791671000,load,aegis_bounded_verification_pool,ML-DSA-65,concurrent_verify_burst,workers4_concurrency2,512,88,0,208208,365000,8241152,true,accepted=2;saturated=0;unexpected=0,2,2,0,0,3309,0,0,0,0,0,"controlled local burst; wall time includes scoped-thread creation, Aegis policy/transcript processing, bounded-pool admission, primitive verification, and joins; work_units counts accepted verifications only"
local-1786752901640954000,macmini-m2-macos26.5.2-rust1.97.1-aarch64-20260814-workers4,9d3ab807a08ef4cf1077dbc23213e2314ce37c87,MEASURED,1786752901793092000,load,aegis_bounded_verification_pool,ML-DSA-65,concurrent_verify_burst,workers4_concurrency2,512,89,0,239875,390000,8241152,true,accepted=2;saturated=0;unexpected=0,2,2,0,0,3309,0,0,0,0,0,"controlled local burst; wall time includes scoped-thread creation, Aegis policy/transcript processing, bounded-pool admission, primitive verification, and joins; work_units counts accepted verifications only"
local-1786752901640954000,macmini-m2-macos26.5.2-rust1.97.1-aarch64-20260814-workers4,9d3ab807a08ef4cf1077dbc23213e2314ce37c87,MEASURED,1786752901793982000,load,aegis_bounded_verification_pool,ML-DSA-65,concurrent_verify_burst,workers4_concurrency2,512,90,0,207208,365000,8241152,true,accepted=2;saturated=0;unexpected=0,2,2,0,0,3309,0,0,0,0,0,"controlled local burst; wall time includes scoped-thread creation, Aegis policy/transcript processing, bounded-pool admission, primitive verification, and joins; work_units counts accepted verifications only"
local-1786752901640954000,macmini-m2-macos26.5.2-rust1.97.1-aarch64-20260814-workers4,9d3ab807a08ef4cf1077dbc23213e2314ce37c87,MEASURED,1786752901794608000,load,aegis_bounded_verification_pool,ML-DSA-65,concurrent_verify_burst,workers4_concurrency2,512,91,0,191500,337000,8241152,true,accepted=2;saturated=0;unexpected=0,2,2,0,0,3309,0,0,0,0,0,"controlled local burst; wall time includes scoped-thread creation, Aegis policy/transcript processing, bounded-pool admission, primitive verification, and joins; work_units counts accepted verifications only"
local-1786752901640954000,macmini-m2-macos26.5.2-rust1.97.1-aarch64-20260814-workers4,9d3ab807a08ef4cf1077dbc23213e2314ce37c87,MEASURED,1786752901795468000,load,aegis_bounded_verification_pool,ML-DSA-65,concurrent_verify_burst,workers4_concurrency2,512,92,0,180042,325000,8241152,true,accepted=2;saturated=0;unexpected=0,2,2,0,0,3309,0,0,0,0,0,"controlled local burst; wall time includes scoped-thread creation, Aegis policy/transcript processing, bounded-pool admission, primitive verification, and joins; work_units counts accepted verifications only"
local-1786752901640954000,macmini-m2-macos26.5.2-rust1.97.1-aarch64-20260814-workers4,9d3ab807a08ef4cf1077dbc23213e2314ce37c87,MEASURED,1786752901796678000,load,aegis_bounded_verification_pool,ML-DSA-65,concurrent_verify_burst,workers4_concurrency2,512,93,0,228875,381000,8241152,true,accepted=2;saturated=0;unexpected=0,2,2,0,0,3309,0,0,0,0,0,"controlled local burst; wall time includes scoped-thread creation, Aegis policy/transcript processing, bounded-pool admission, primitive verification, and joins; work_units counts accepted verifications only"
local-1786752901640954000,macmini-m2-macos26.5.2-rust1.97.1-aarch64-20260814-workers4,9d3ab807a08ef4cf1077dbc23213e2314ce37c87,MEASURED,1786752901797912000,load,aegis_bounded_verification_pool,ML-DSA-65,concurrent_verify_burst,workers4_concurrency2,512,94,0,375833,611000,8241152,true,accepted=2;saturated=0;unexpected=0,2,2,0,0,3309,0,0,0,0,0,"controlled local burst; wall time includes scoped-thread creation, Aegis policy/transcript processing, bounded-pool admission, primitive verification, and joins; work_units counts accepted verifications only"
local-1786752901640954000,macmini-m2-macos26.5.2-rust1.97.1-aarch64-20260814-workers4,9d3ab807a08ef4cf1077dbc23213e2314ce37c87,MEASURED,1786752901799041000,load,aegis_bounded_verification_pool,ML-DSA-65,concurrent_verify_burst,workers4_concurrency2,512,95,0,223958,383000,8241152,true,accepted=2;saturated=0;unexpected=0,2,2,0,0,3309,0,0,0,0,0,"controlled local burst; wall time includes scoped-thread creation, Aegis policy/transcript processing, bounded-pool admission, primitive verification, and joins; work_units counts accepted verifications only"
local-1786752901640954000,macmini-m2-macos26.5.2-rust1.97.1-aarch64-20260814-workers4,9d3ab807a08ef4cf1077dbc23213e2314ce37c87,MEASURED,1786752901800138000,load,aegis_bounded_verification_pool,ML-DSA-65,concurrent_verify_burst,workers4_concurrency2,512,96,0,207375,356000,8241152,true,accepted=2;saturated=0;unexpected=0,2,2,0,0,3309,0,0,0,0,0,"controlled local burst; wall time includes scoped-thread creation, Aegis policy/transcript processing, bounded-pool admission, primitive verification, and joins; work_units counts accepted verifications only"
local-1786752901640954000,macmini-m2-macos26.5.2-rust1.97.1-aarch64-20260814-workers4,9d3ab807a08ef4cf1077dbc23213e2314ce37c87,MEASURED,1786752901801255000,load,aegis_bounded_verification_pool,ML-DSA-65,concurrent_verify_burst,workers4_concurrency2,512,97,0,203209,346000,8241152,true,accepted=2;saturated=0;unexpected=0,2,2,0,0,3309,0,0,0,0,0,"controlled local burst; wall time includes scoped-thread creation, Aegis policy/transcript processing, bounded-pool admission, primitive verification, and joins; work_units counts accepted verifications only"
local-1786752901640954000,macmini-m2-macos26.5.2-rust1.97.1-aarch64-20260814-workers4,9d3ab807a08ef4cf1077dbc23213e2314ce37c87,MEASURED,1786752901802686000,load,aegis_bounded_verification_pool,ML-DSA-65,concurrent_verify_burst,workers4_concurrency2,512,98,0,231250,370000,8241152,true,accepted=2;saturated=0;unexpected=0,2,2,0,0,3309,0,0,0,0,0,"controlled local burst; wall time includes scoped-thread creation, Aegis policy/transcript processing, bounded-pool admission, primitive verification, and joins; work_units counts accepted verifications only"
local-1786752901640954000,macmini-m2-macos26.5.2-rust1.97.1-aarch64-20260814-workers4,9d3ab807a08ef4cf1077dbc23213e2314ce37c87,MEASURED,1786752901803323000,load,aegis_bounded_verification_pool,ML-DSA-65,concurrent_verify_burst,workers4_concurrency2,512,99,0,208250,375000,8241152,true,accepted=2;saturated=0;unexpected=0,2,2,0,0,3309,0,0,0,0,0,"controlled local burst; wall time includes scoped-thread creation, Aegis policy/transcript processing, bounded-pool admission, primitive verification, and joins; work_units counts accepted verifications only"
local-1786752901640954000,macmini-m2-macos26.5.2-rust1.97.1-aarch64-20260814-workers4,9d3ab807a08ef4cf1077dbc23213e2314ce37c87,MEASURED,1786752901805043000,load,aegis_bounded_verification_pool,ML-DSA-65,concurrent_verify_burst,workers4_concurrency4,512,0,0,303458,821000,8290304,true,accepted=4;saturated=0;unexpected=0,4,4,0,0,3309,0,0,0,0,0,"controlled local burst; wall time includes scoped-thread creation, Aegis policy/transcript processing, bounded-pool admission, primitive verification, and joins; work_units counts accepted verifications only"
local-1786752901640954000,macmini-m2-macos26.5.2-rust1.97.1-aarch64-20260814-workers4,9d3ab807a08ef4cf1077dbc23213e2314ce37c87,MEASURED,1786752901806597000,load,aegis_bounded_verification_pool,ML-DSA-65,concurrent_verify_burst,workers4_concurrency4,512,1,0,348375,1004000,8290304,true,accepted=4;saturated=0;unexpected=0,4,4,0,0,3309,0,0,0,0,0,"controlled local burst; wall time includes scoped-thread creation, Aegis policy/transcript processing, bounded-pool admission, primitive verification, and joins; work_units counts accepted verifications only"
local-1786752901640954000,macmini-m2-macos26.5.2-rust1.97.1-aarch64-20260814-workers4,9d3ab807a08ef4cf1077dbc23213e2314ce37c87,MEASURED,1786752901808039000,load,aegis_bounded_verification_pool,ML-DSA-65,concurrent_verify_burst,workers4_concurrency4,512,2,0,293750,762000,8306688,true,accepted=4;saturated=0;unexpected=0,4,4,0,0,3309,0,0,0,0,0,"controlled local burst; wall time includes scoped-thread creation, Aegis policy/transcript processing, bounded-pool admission, primitive verification, and joins; work_units counts accepted verifications only"
local-1786752901640954000,macmini-m2-macos26.5.2-rust1.97.1-aarch64-20260814-workers4,9d3ab807a08ef4cf1077dbc23213e2314ce37c87,MEASURED,1786752901809249000,load,aegis_bounded_verification_pool,ML-DSA-65,concurrent_verify_burst,workers4_concurrency4,512,3,0,287083,777000,8306688,true,accepted=4;saturated=0;unexpected=0,4,4,0,0,3309,0,0,0,0,0,"controlled local burst; wall time includes scoped-thread creation, Aegis policy/transcript processing, bounded-pool admission, primitive verification, and joins; work_units counts accepted verifications only"
local-1786752901640954000,macmini-m2-macos26.5.2-rust1.97.1-aarch64-20260814-workers4,9d3ab807a08ef4cf1077dbc23213e2314ce37c87,MEASURED,1786752901810681000,load,aegis_bounded_verification_pool,ML-DSA-65,concurrent_verify_burst,workers4_concurrency4,512,4,0,302291,876000,8306688,true,accepted=4;saturated=0;unexpected=0,4,4,0,0,3309,0,0,0,0,0,"controlled local burst; wall time includes scoped-thread creation, Aegis policy/transcript processing, bounded-pool admission, primitive verification, and joins; work_units counts accepted verifications only"
local-1786752901640954000,macmini-m2-macos26.5.2-rust1.97.1-aarch64-20260814-workers4,9d3ab807a08ef4cf1077dbc23213e2314ce37c87,MEASURED,1786752901812553000,load,aegis_bounded_verification_pool,ML-DSA-65,concurrent_verify_burst,workers4_concurrency4,512,5,0,523708,1182000,8306688,true,accepted=4;saturated=0;unexpected=0,4,4,0,0,3309,0,0,0,0,0,"controlled local burst; wall time includes scoped-thread creation, Aegis policy/transcript processing, bounded-pool admission, primitive verification, and joins; work_units counts accepted verifications only"
local-1786752901640954000,macmini-m2-macos26.5.2-rust1.97.1-aarch64-20260814-workers4,9d3ab807a08ef4cf1077dbc23213e2314ce37c87,MEASURED,1786752901814319000,load,aegis_bounded_verification_pool,ML-DSA-65,concurrent_verify_burst,workers4_concurrency4,512,6,0,286541,781000,8306688,true,accepted=4;saturated=0;unexpected=0,4,4,0,0,3309,0,0,0,0,0,"controlled local burst; wall time includes scoped-thread creation, Aegis policy/transcript processing, bounded-pool admission, primitive verification, and joins; work_units counts accepted verifications only"
local-1786752901640954000,macmini-m2-macos26.5.2-rust1.97.1-aarch64-20260814-workers4,9d3ab807a08ef4cf1077dbc23213e2314ce37c87,MEASURED,1786752901816496000,load,aegis_bounded_verification_pool,ML-DSA-65,concurrent_verify_burst,workers4_concurrency4,512,7,0,317625,888000,8306688,true,accepted=4;saturated=0;unexpected=0,4,4,0,0,3309,0,0,0,0,0,"controlled local burst; wall time includes scoped-thread creation, Aegis policy/transcript processing, bounded-pool admission, primitive verification, and joins; work_units counts accepted verifications only"
local-1786752901640954000,macmini-m2-macos26.5.2-rust1.97.1-aarch64-20260814-workers4,9d3ab807a08ef4cf1077dbc23213e2314ce37c87,MEASURED,1786752901818921000,load,aegis_bounded_verification_pool,ML-DSA-65,concurrent_verify_burst,workers4_concurrency4,512,8,0,260916,741000,8306688,true,accepted=4;saturated=0;unexpected=0,4,4,0,0,3309,0,0,0,0,0,"controlled local burst; wall time includes scoped-thread creation, Aegis policy/transcript processing, bounded-pool admission, primitive verification, and joins; work_units counts accepted verifications only"
local-1786752901640954000,macmini-m2-macos26.5.2-rust1.97.1-aarch64-20260814-workers4,9d3ab807a08ef4cf1077dbc23213e2314ce37c87,MEASURED,1786752901819937000,load,aegis_bounded_verification_pool,ML-DSA-65,concurrent_verify_burst,workers4_concurrency4,512,9,0,252458,705000,8306688,true,accepted=4;saturated=0;unexpected=0,4,4,0,0,3309,0,0,0,0,0,"controlled local burst; wall time includes scoped-thread creation, Aegis policy/transcript processing, bounded-pool admission, primitive verification, and joins; work_units counts accepted verifications only"
local-1786752901640954000,macmini-m2-macos26.5.2-rust1.97.1-aarch64-20260814-workers4,9d3ab807a08ef4cf1077dbc23213e2314ce37c87,MEASURED,1786752901821825000,load,aegis_bounded_verification_pool,ML-DSA-65,concurrent_verify_burst,workers4_concurrency4,512,10,0,420125,1118000,8306688,true,accepted=4;saturated=0;unexpected=0,4,4,0,0,3309,0,0,0,0,0,"controlled local burst; wall time includes scoped-thread creation, Aegis policy/transcript processing, bounded-pool admission, primitive verification, and joins; work_units counts accepted verifications only"
local-1786752901640954000,macmini-m2-macos26.5.2-rust1.97.1-aarch64-20260814-workers4,9d3ab807a08ef4cf1077dbc23213e2314ce37c87,MEASURED,1786752901823243000,load,aegis_bounded_verification_pool,ML-DSA-65,concurrent_verify_burst,workers4_concurrency4,512,11,0,283709,813000,8306688,true,accepted=4;saturated=0;unexpected=0,4,4,0,0,3309,0,0,0,0,0,"controlled local burst; wall time includes scoped-thread creation, Aegis policy/transcript processing, bounded-pool admission, primitive verification, and joins; work_units counts accepted verifications only"
local-1786752901640954000,macmini-m2-macos26.5.2-rust1.97.1-aarch64-20260814-workers4,9d3ab807a08ef4cf1077dbc23213e2314ce37c87,MEASURED,1786752901824346000,load,aegis_bounded_verification_pool,ML-DSA-65,concurrent_verify_burst,workers4_concurrency4,512,12,0,272208,700000,8306688,true,accepted=4;saturated=0;unexpected=0,4,4,0,0,3309,0,0,0,0,0,"controlled local burst; wall time includes scoped-thread creation, Aegis policy/transcript processing, bounded-pool admission, primitive verification, and joins; work_units counts accepted verifications only"
local-1786752901640954000,macmini-m2-macos26.5.2-rust1.97.1-aarch64-20260814-workers4,9d3ab807a08ef4cf1077dbc23213e2314ce37c87,MEASURED,1786752901826600000,load,aegis_bounded_verification_pool,ML-DSA-65,concurrent_verify_burst,workers4_concurrency4,512,13,0,466833,1187000,8339456,true,accepted=4;saturated=0;unexpected=0,4,4,0,0,3309,0,0,0,0,0,"controlled local burst; wall time includes scoped-thread creation, Aegis policy/transcript processing, bounded-pool admission, primitive verification, and joins; work_units counts accepted verifications only"
local-1786752901640954000,macmini-m2-macos26.5.2-rust1.97.1-aarch64-20260814-workers4,9d3ab807a08ef4cf1077dbc23213e2314ce37c87,MEASURED,1786752901828141000,load,aegis_bounded_verification_pool,ML-DSA-65,concurrent_verify_burst,workers4_concurrency4,512,14,0,264542,807000,8339456,true,accepted=4;saturated=0;unexpected=0,4,4,0,0,3309,0,0,0,0,0,"controlled local burst; wall time includes scoped-thread creation, Aegis policy/transcript processing, bounded-pool admission, primitive verification, and joins; work_units counts accepted verifications only"
local-1786752901640954000,macmini-m2-macos26.5.2-rust1.97.1-aarch64-20260814-workers4,9d3ab807a08ef4cf1077dbc23213e2314ce37c87,MEASURED,1786752901829712000,load,aegis_bounded_verification_pool,ML-DSA-65,concurrent_verify_burst,workers4_concurrency4,512,15,0,269916,747000,8339456,true,accepted=4;saturated=0;unexpected=0,4,4,0,0,3309,0,0,0,0,0,"controlled local burst; wall time includes scoped-thread creation, Aegis policy/transcript processing, bounded-pool admission, primitive verification, and joins; work_units counts accepted verifications only"
local-1786752901640954000,macmini-m2-macos26.5.2-rust1.97.1-aarch64-20260814-workers4,9d3ab807a08ef4cf1077dbc23213e2314ce37c87,MEASURED,1786752901831034000,load,aegis_bounded_verification_pool,ML-DSA-65,concurrent_verify_burst,workers4_concurrency4,512,16,0,252917,666000,8339456,true,accepted=4;saturated=0;unexpected=0,4,4,0,0,3309,0,0,0,0,0,"controlled local burst; wall time includes scoped-thread creation, Aegis policy/transcript processing, bounded-pool admission, primitive verification, and joins; work_units counts accepted verifications only"
local-1786752901640954000,macmini-m2-macos26.5.2-rust1.97.1-aarch64-20260814-workers4,9d3ab807a08ef4cf1077dbc23213e2314ce37c87,MEASURED,1786752901832738000,load,aegis_bounded_verification_pool,ML-DSA-65,concurrent_verify_burst,workers4_concurrency4,512,17,0,244292,655000,8339456,true,accepted=4;saturated=0;unexpected=0,4,4,0,0,3309,0,0,0,0,0,"controlled local burst; wall time includes scoped-thread creation, Aegis policy/transcript processing, bounded-pool admission, primitive verification, and joins; work_units counts accepted verifications only"
local-1786752901640954000,macmini-m2-macos26.5.2-rust1.97.1-aarch64-20260814-workers4,9d3ab807a08ef4cf1077dbc23213e2314ce37c87,MEASURED,1786752901834564000,load,aegis_bounded_verification_pool,ML-DSA-65,concurrent_verify_burst,workers4_concurrency4,512,18,0,247708,669000,8339456,true,accepted=4;saturated=0;unexpected=0,4,4,0,0,3309,0,0,0,0,0,"controlled local burst; wall time includes scoped-thread creation, Aegis policy/transcript processing, bounded-pool admission, primitive verification, and joins; work_units counts accepted verifications only"
local-1786752901640954000,macmini-m2-macos26.5.2-rust1.97.1-aarch64-20260814-workers4,9d3ab807a08ef4cf1077dbc23213e2314ce37c87,MEASURED,1786752901836671000,load,aegis_bounded_verification_pool,ML-DSA-65,concurrent_verify_burst,workers4_concurrency4,512,19,0,319042,858000,8339456,true,accepted=4;saturated=0;unexpected=0,4,4,0,0,3309,0,0,0,0,0,"controlled local burst; wall time includes scoped-thread creation, Aegis policy/transcript processing, bounded-pool admission, primitive verification, and joins; work_units counts accepted verifications only"
local-1786752901640954000,macmini-m2-macos26.5.2-rust1.97.1-aarch64-20260814-workers4,9d3ab807a08ef4cf1077dbc23213e2314ce37c87,MEASURED,1786752901839830000,load,aegis_bounded_verification_pool,ML-DSA-65,concurrent_verify_burst,workers4_concurrency4,512,20,0,366542,1031000,8339456,true,accepted=4;saturated=0;unexpected=0,4,4,0,0,3309,0,0,0,0,0,"controlled local burst; wall time includes scoped-thread creation, Aegis policy/transcript processing, bounded-pool admission, primitive verification, and joins; work_units counts accepted verifications only"
local-1786752901640954000,macmini-m2-macos26.5.2-rust1.97.1-aarch64-20260814-workers4,9d3ab807a08ef4cf1077dbc23213e2314ce37c87,MEASURED,1786752901841733000,load,aegis_bounded_verification_pool,ML-DSA-65,concurrent_verify_burst,workers4_concurrency4,512,21,0,269500,757000,8339456,true,accepted=4;saturated=0;unexpected=0,4,4,0,0,3309,0,0,0,0,0,"controlled local burst; wall time includes scoped-thread creation, Aegis policy/transcript processing, bounded-pool admission, primitive verification, and joins; work_units counts accepted verifications only"
local-1786752901640954000,macmini-m2-macos26.5.2-rust1.97.1-aarch64-20260814-workers4,9d3ab807a08ef4cf1077dbc23213e2314ce37c87,MEASURED,1786752901842932000,load,aegis_bounded_verification_pool,ML-DSA-65,concurrent_verify_burst,workers4_concurrency4,512,22,0,304542,775000,8339456,true,accepted=4;saturated=0;unexpected=0,4,4,0,0,3309,0,0,0,0,0,"controlled local burst; wall time includes scoped-thread creation, Aegis policy/transcript processing, bounded-pool admission, primitive verification, and joins; work_units counts accepted verifications only"
local-1786752901640954000,macmini-m2-macos26.5.2-rust1.97.1-aarch64-20260814-workers4,9d3ab807a08ef4cf1077dbc23213e2314ce37c87,MEASURED,1786752901845489000,load,aegis_bounded_verification_pool,ML-DSA-65,concurrent_verify_burst,workers4_concurrency4,512,23,0,301666,769000,8339456,true,accepted=4;saturated=0;unexpected=0,4,4,0,0,3309,0,0,0,0,0,"controlled local burst; wall time includes scoped-thread creation, Aegis policy/transcript processing, bounded-pool admission, primitive verification, and joins; work_units counts accepted verifications only"
local-1786752901640954000,macmini-m2-macos26.5.2-rust1.97.1-aarch64-20260814-workers4,9d3ab807a08ef4cf1077dbc23213e2314ce37c87,MEASURED,1786752901846590000,load,aegis_bounded_verification_pool,ML-DSA-65,concurrent_verify_burst,workers4_concurrency4,512,24,0,262708,694000,8339456,true,accepted=4;saturated=0;unexpected=0,4,4,0,0,3309,0,0,0,0,0,"controlled local burst; wall time includes scoped-thread creation, Aegis policy/transcript processing, bounded-pool admission, primitive verification, and joins; work_units counts accepted verifications only"
local-1786752901640954000,macmini-m2-macos26.5.2-rust1.97.1-aarch64-20260814-workers4,9d3ab807a08ef4cf1077dbc23213e2314ce37c87,MEASURED,1786752901847982000,load,aegis_bounded_verification_pool,ML-DSA-65,concurrent_verify_burst,workers4_concurrency4,512,25,0,263959,679000,8339456,true,accepted=4;saturated=0;unexpected=0,4,4,0,0,3309,0,0,0,0,0,"controlled local burst; wall time includes scoped-thread creation, Aegis policy/transcript processing, bounded-pool admission, primitive verification, and joins; work_units counts accepted verifications only"
local-1786752901640954000,macmini-m2-macos26.5.2-rust1.97.1-aarch64-20260814-workers4,9d3ab807a08ef4cf1077dbc23213e2314ce37c87,MEASURED,1786752901849232000,load,aegis_bounded_verification_pool,ML-DSA-65,concurrent_verify_burst,workers4_concurrency4,512,26,0,295334,737000,8339456,true,accepted=4;saturated=0;unexpected=0,4,4,0,0,3309,0,0,0,0,0,"controlled local burst; wall time includes scoped-thread creation, Aegis policy/transcript processing, bounded-pool admission, primitive verification, and joins; work_units counts accepted verifications only"
local-1786752901640954000,macmini-m2-macos26.5.2-rust1.97.1-aarch64-20260814-workers4,9d3ab807a08ef4cf1077dbc23213e2314ce37c87,MEASURED,1786752901851393000,load,aegis_bounded_verification_pool,ML-DSA-65,concurrent_verify_burst,workers4_concurrency4,512,27,0,282292,777000,8339456,true,accepted=4;saturated=0;unexpected=0,4,4,0,0,3309,0,0,0,0,0,"controlled local burst; wall time includes scoped-thread creation, Aegis policy/transcript processing, bounded-pool admission, primitive verification, and joins; work_units counts accepted verifications only"
local-1786752901640954000,macmini-m2-macos26.5.2-rust1.97.1-aarch64-20260814-workers4,9d3ab807a08ef4cf1077dbc23213e2314ce37c87,MEASURED,1786752901853310000,load,aegis_bounded_verification_pool,ML-DSA-65,concurrent_verify_burst,workers4_concurrency4,512,28,0,335792,856000,8339456,true,accepted=4;saturated=0;unexpected=0,4,4,0,0,3309,0,0,0,0,0,"controlled local burst; wall time includes scoped-thread creation, Aegis policy/transcript processing, bounded-pool admission, primitive verification, and joins; work_units counts accepted verifications only"
local-1786752901640954000,macmini-m2-macos26.5.2-rust1.97.1-aarch64-20260814-workers4,9d3ab807a08ef4cf1077dbc23213e2314ce37c87,MEASURED,1786752901855043000,load,aegis_bounded_verification_pool,ML-DSA-65,concurrent_verify_burst,workers4_concurrency4,512,29,0,298458,761000,8339456,true,accepted=4;saturated=0;unexpected=0,4,4,0,0,3309,0,0,0,0,0,"controlled local burst; wall time includes scoped-thread creation, Aegis policy/transcript processing, bounded-pool admission, primitive verification, and joins; work_units counts accepted verifications only"
local-1786752901640954000,macmini-m2-macos26.5.2-rust1.97.1-aarch64-20260814-workers4,9d3ab807a08ef4cf1077dbc23213e2314ce37c87,MEASURED,1786752901856821000,load,aegis_bounded_verification_pool,ML-DSA-65,concurrent_verify_burst,workers4_concurrency4,512,30,0,298667,775000,8339456,true,accepted=4;saturated=0;unexpected=0,4,4,0,0,3309,0,0,0,0,0,"controlled local burst; wall time includes scoped-thread creation, Aegis policy/transcript processing, bounded-pool admission, primitive verification, and joins; work_units counts accepted verifications only"
local-1786752901640954000,macmini-m2-macos26.5.2-rust1.97.1-aarch64-20260814-workers4,9d3ab807a08ef4cf1077dbc23213e2314ce37c87,MEASURED,1786752901858882000,load,aegis_bounded_verification_pool,ML-DSA-65,concurrent_verify_burst,workers4_concurrency4,512,31,0,279459,722000,8339456,true,accepted=4;saturated=0;unexpected=0,4,4,0,0,3309,0,0,0,0,0,"controlled local burst; wall time includes scoped-thread creation, Aegis policy/transcript processing, bounded-pool admission, primitive verification, and joins; work_units counts accepted verifications only"
local-1786752901640954000,macmini-m2-macos26.5.2-rust1.97.1-aarch64-20260814-workers4,9d3ab807a08ef4cf1077dbc23213e2314ce37c87,MEASURED,1786752901860880000,load,aegis_bounded_verification_pool,ML-DSA-65,concurrent_verify_burst,workers4_concurrency4,512,32,0,309917,964000,8339456,true,accepted=4;saturated=0;unexpected=0,4,4,0,0,3309,0,0,0,0,0,"controlled local burst; wall time includes scoped-thread creation, Aegis policy/transcript processing, bounded-pool admission, primitive verification, and joins; work_units counts accepted verifications only"
local-1786752901640954000,macmini-m2-macos26.5.2-rust1.97.1-aarch64-20260814-workers4,9d3ab807a08ef4cf1077dbc23213e2314ce37c87,MEASURED,1786752901862232000,load,aegis_bounded_verification_pool,ML-DSA-65,concurrent_verify_burst,workers4_concurrency4,512,33,0,285292,717000,8339456,true,accepted=4;saturated=0;unexpected=0,4,4,0,0,3309,0,0,0,0,0,"controlled local burst; wall time includes scoped-thread creation, Aegis policy/transcript processing, bounded-pool admission, primitive verification, and joins; work_units counts accepted verifications only"
local-1786752901640954000,macmini-m2-macos26.5.2-rust1.97.1-aarch64-20260814-workers4,9d3ab807a08ef4cf1077dbc23213e2314ce37c87,MEASURED,1786752901863884000,load,aegis_bounded_verification_pool,ML-DSA-65,concurrent_verify_burst,workers4_concurrency4,512,34,0,320000,819000,8339456,true,accepted=4;saturated=0;unexpected=0,4,4,0,0,3309,0,0,0,0,0,"controlled local burst; wall time includes scoped-thread creation, Aegis policy/transcript processing, bounded-pool admission, primitive verification, and joins; work_units counts accepted verifications only"
local-1786752901640954000,macmini-m2-macos26.5.2-rust1.97.1-aarch64-20260814-workers4,9d3ab807a08ef4cf1077dbc23213e2314ce37c87,MEASURED,1786752901865728000,load,aegis_bounded_verification_pool,ML-DSA-65,concurrent_verify_burst,workers4_concurrency4,512,35,0,300000,811000,8339456,true,accepted=4;saturated=0;unexpected=0,4,4,0,0,3309,0,0,0,0,0,"controlled local burst; wall time includes scoped-thread creation, Aegis policy/transcript processing, bounded-pool admission, primitive verification, and joins; work_units counts accepted verifications only"
local-1786752901640954000,macmini-m2-macos26.5.2-rust1.97.1-aarch64-20260814-workers4,9d3ab807a08ef4cf1077dbc23213e2314ce37c87,MEASURED,1786752901867132000,load,aegis_bounded_verification_pool,ML-DSA-65,concurrent_verify_burst,workers4_concurrency4,512,36,0,323667,818000,8355840,true,accepted=4;saturated=0;unexpected=0,4,4,0,0,3309,0,0,0,0,0,"controlled local burst; wall time includes scoped-thread creation, Aegis policy/transcript processing, bounded-pool admission, primitive verification, and joins; work_units counts accepted verifications only"
local-1786752901640954000,macmini-m2-macos26.5.2-rust1.97.1-aarch64-20260814-workers4,9d3ab807a08ef4cf1077dbc23213e2314ce37c87,MEASURED,1786752901869073000,load,aegis_bounded_verification_pool,ML-DSA-65,concurrent_verify_burst,workers4_concurrency4,512,37,0,277958,697000,8355840,true,accepted=4;saturated=0;unexpected=0,4,4,0,0,3309,0,0,0,0,0,"controlled local burst; wall time includes scoped-thread creation, Aegis policy/transcript processing, bounded-pool admission, primitive verification, and joins; work_units counts accepted verifications only"
local-1786752901640954000,macmini-m2-macos26.5.2-rust1.97.1-aarch64-20260814-workers4,9d3ab807a08ef4cf1077dbc23213e2314ce37c87,MEASURED,1786752901870687000,load,aegis_bounded_verification_pool,ML-DSA-65,concurrent_verify_burst,workers4_concurrency4,512,38,0,252167,661000,8355840,true,accepted=4;saturated=0;unexpected=0,4,4,0,0,3309,0,0,0,0,0,"controlled local burst; wall time includes scoped-thread creation, Aegis policy/transcript processing, bounded-pool admission, primitive verification, and joins; work_units counts accepted verifications only"
local-1786752901640954000,macmini-m2-macos26.5.2-rust1.97.1-aarch64-20260814-workers4,9d3ab807a08ef4cf1077dbc23213e2314ce37c87,MEASURED,1786752901872152000,load,aegis_bounded_verification_pool,ML-DSA-65,concurrent_verify_burst,workers4_concurrency4,512,39,0,301709,727000,8355840,true,accepted=4;saturated=0;unexpected=0,4,4,0,0,3309,0,0,0,0,0,"controlled local burst; wall time includes scoped-thread creation, Aegis policy/transcript processing, bounded-pool admission, primitive verification, and joins; work_units counts accepted verifications only"
local-1786752901640954000,macmini-m2-macos26.5.2-rust1.97.1-aarch64-20260814-workers4,9d3ab807a08ef4cf1077dbc23213e2314ce37c87,MEASURED,1786752901873393000,load,aegis_bounded_verification_pool,ML-DSA-65,concurrent_verify_burst,workers4_concurrency4,512,40,0,313292,807000,8355840,true,accepted=4;saturated=0;unexpected=0,4,4,0,0,3309,0,0,0,0,0,"controlled local burst; wall time includes scoped-thread creation, Aegis policy/transcript processing, bounded-pool admission, primitive verification, and joins; work_units counts accepted verifications only"
local-1786752901640954000,macmini-m2-macos26.5.2-rust1.97.1-aarch64-20260814-workers4,9d3ab807a08ef4cf1077dbc23213e2314ce37c87,MEASURED,1786752901875176000,load,aegis_bounded_verification_pool,ML-DSA-65,concurrent_verify_burst,workers4_concurrency4,512,41,0,290958,798000,8355840,true,accepted=4;saturated=0;unexpected=0,4,4,0,0,3309,0,0,0,0,0,"controlled local burst; wall time includes scoped-thread creation, Aegis policy/transcript processing, bounded-pool admission, primitive verification, and joins; work_units counts accepted verifications only"
local-1786752901640954000,macmini-m2-macos26.5.2-rust1.97.1-aarch64-20260814-workers4,9d3ab807a08ef4cf1077dbc23213e2314ce37c87,MEASURED,1786752901876355000,load,aegis_bounded_verification_pool,ML-DSA-65,concurrent_verify_burst,workers4_concurrency4,512,42,0,285708,758000,8355840,true,accepted=4;saturated=0;unexpected=0,4,4,0,0,3309,0,0,0,0,0,"controlled local burst; wall time includes scoped-thread creation, Aegis policy/transcript processing, bounded-pool admission, primitive verification, and joins; work_units counts accepted verifications only"
local-1786752901640954000,macmini-m2-macos26.5.2-rust1.97.1-aarch64-20260814-workers4,9d3ab807a08ef4cf1077dbc23213e2314ce37c87,MEASURED,1786752901878680000,load,aegis_bounded_verification_pool,ML-DSA-65,concurrent_verify_burst,workers4_concurrency4,512,43,0,274041,689000,8355840,true,accepted=4;saturated=0;unexpected=0,4,4,0,0,3309,0,0,0,0,0,"controlled local burst; wall time includes scoped-thread creation, Aegis policy/transcript processing, bounded-pool admission, primitive verification, and joins; work_units counts accepted verifications only"
local-1786752901640954000,macmini-m2-macos26.5.2-rust1.97.1-aarch64-20260814-workers4,9d3ab807a08ef4cf1077dbc23213e2314ce37c87,MEASURED,1786752901880260000,load,aegis_bounded_verification_pool,ML-DSA-65,concurrent_verify_burst,workers4_concurrency4,512,44,0,286792,748000,8355840,true,accepted=4;saturated=0;unexpected=0,4,4,0,0,3309,0,0,0,0,0,"controlled local burst; wall time includes scoped-thread creation, Aegis policy/transcript processing, bounded-pool admission, primitive verification, and joins; work_units counts accepted verifications only"
local-1786752901640954000,macmini-m2-macos26.5.2-rust1.97.1-aarch64-20260814-workers4,9d3ab807a08ef4cf1077dbc23213e2314ce37c87,MEASURED,1786752901882013000,load,aegis_bounded_verification_pool,ML-DSA-65,concurrent_verify_burst,workers4_concurrency4,512,45,0,289750,731000,8355840,true,accepted=4;saturated=0;unexpected=0,4,4,0,0,3309,0,0,0,0,0,"controlled local burst; wall time includes scoped-thread creation, Aegis policy/transcript processing, bounded-pool admission, primitive verification, and joins; work_units counts accepted verifications only"
local-1786752901640954000,macmini-m2-macos26.5.2-rust1.97.1-aarch64-20260814-workers4,9d3ab807a08ef4cf1077dbc23213e2314ce37c87,MEASURED,1786752901883938000,load,aegis_bounded_verification_pool,ML-DSA-65,concurrent_verify_burst,workers4_concurrency4,512,46,0,284375,744000,8355840,true,accepted=4;saturated=0;unexpected=0,4,4,0,0,3309,0,0,0,0,0,"controlled local burst; wall time includes scoped-thread creation, Aegis policy/transcript processing, bounded-pool admission, primitive verification, and joins; work_units counts accepted verifications only"
local-1786752901640954000,macmini-m2-macos26.5.2-rust1.97.1-aarch64-20260814-workers4,9d3ab807a08ef4cf1077dbc23213e2314ce37c87,MEASURED,1786752901887237000,load,aegis_bounded_verification_pool,ML-DSA-65,concurrent_verify_burst,workers4_concurrency4,512,47,0,289625,769000,8355840,true,accepted=4;saturated=0;unexpected=0,4,4,0,0,3309,0,0,0,0,0,"controlled local burst; wall time includes scoped-thread creation, Aegis policy/transcript processing, bounded-pool admission, primitive verification, and joins; work_units counts accepted verifications only"
local-1786752901640954000,macmini-m2-macos26.5.2-rust1.97.1-aarch64-20260814-workers4,9d3ab807a08ef4cf1077dbc23213e2314ce37c87,MEASURED,1786752901888480000,load,aegis_bounded_verification_pool,ML-DSA-65,concurrent_verify_burst,workers4_concurrency4,512,48,0,309042,805000,8355840,true,accepted=4;saturated=0;unexpected=0,4,4,0,0,3309,0,0,0,0,0,"controlled local burst; wall time includes scoped-thread creation, Aegis policy/transcript processing, bounded-pool admission, primitive verification, and joins; work_units counts accepted verifications only"
local-1786752901640954000,macmini-m2-macos26.5.2-rust1.97.1-aarch64-20260814-workers4,9d3ab807a08ef4cf1077dbc23213e2314ce37c87,MEASURED,1786752901890144000,load,aegis_bounded_verification_pool,ML-DSA-65,concurrent_verify_burst,workers4_concurrency4,512,49,0,263542,737000,8355840,true,accepted=4;saturated=0;unexpected=0,4,4,0,0,3309,0,0,0,0,0,"controlled local burst; wall time includes scoped-thread creation, Aegis policy/transcript processing, bounded-pool admission, primitive verification, and joins; work_units counts accepted verifications only"
local-1786752901640954000,macmini-m2-macos26.5.2-rust1.97.1-aarch64-20260814-workers4,9d3ab807a08ef4cf1077dbc23213e2314ce37c87,MEASURED,1786752901892042000,load,aegis_bounded_verification_pool,ML-DSA-65,concurrent_verify_burst,workers4_concurrency4,512,50,0,265958,673000,8355840,true,accepted=4;saturated=0;unexpected=0,4,4,0,0,3309,0,0,0,0,0,"controlled local burst; wall time includes scoped-thread creation, Aegis policy/transcript processing, bounded-pool admission, primitive verification, and joins; work_units counts accepted verifications only"
local-1786752901640954000,macmini-m2-macos26.5.2-rust1.97.1-aarch64-20260814-workers4,9d3ab807a08ef4cf1077dbc23213e2314ce37c87,MEASURED,1786752901893434000,load,aegis_bounded_verification_pool,ML-DSA-65,concurrent_verify_burst,workers4_concurrency4,512,51,0,305459,745000,8355840,true,accepted=4;saturated=0;unexpected=0,4,4,0,0,3309,0,0,0,0,0,"controlled local burst; wall time includes scoped-thread creation, Aegis policy/transcript processing, bounded-pool admission, primitive verification, and joins; work_units counts accepted verifications only"
local-1786752901640954000,macmini-m2-macos26.5.2-rust1.97.1-aarch64-20260814-workers4,9d3ab807a08ef4cf1077dbc23213e2314ce37c87,MEASURED,1786752901895165000,load,aegis_bounded_verification_pool,ML-DSA-65,concurrent_verify_burst,workers4_concurrency4,512,52,0,359417,861000,8355840,true,accepted=4;saturated=0;unexpected=0,4,4,0,0,3309,0,0,0,0,0,"controlled local burst; wall time includes scoped-thread creation, Aegis policy/transcript processing, bounded-pool admission, primitive verification, and joins; work_units counts accepted verifications only"
local-1786752901640954000,macmini-m2-macos26.5.2-rust1.97.1-aarch64-20260814-workers4,9d3ab807a08ef4cf1077dbc23213e2314ce37c87,MEASURED,1786752901896428000,load,aegis_bounded_verification_pool,ML-DSA-65,concurrent_verify_burst,workers4_concurrency4,512,53,0,285500,715000,8372224,true,accepted=4;saturated=0;unexpected=0,4,4,0,0,3309,0,0,0,0,0,"controlled local burst; wall time includes scoped-thread creation, Aegis policy/transcript processing, bounded-pool admission, primitive verification, and joins; work_units counts accepted verifications only"
local-1786752901640954000,macmini-m2-macos26.5.2-rust1.97.1-aarch64-20260814-workers4,9d3ab807a08ef4cf1077dbc23213e2314ce37c87,MEASURED,1786752901898524000,load,aegis_bounded_verification_pool,ML-DSA-65,concurrent_verify_burst,workers4_concurrency4,512,54,0,251541,658000,8372224,true,accepted=4;saturated=0;unexpected=0,4,4,0,0,3309,0,0,0,0,0,"controlled local burst; wall time includes scoped-thread creation, Aegis policy/transcript processing, bounded-pool admission, primitive verification, and joins; work_units counts accepted verifications only"
local-1786752901640954000,macmini-m2-macos26.5.2-rust1.97.1-aarch64-20260814-workers4,9d3ab807a08ef4cf1077dbc23213e2314ce37c87,MEASURED,1786752901900111000,load,aegis_bounded_verification_pool,ML-DSA-65,concurrent_verify_burst,workers4_concurrency4,512,55,0,256709,665000,8372224,true,accepted=4;saturated=0;unexpected=0,4,4,0,0,3309,0,0,0,0,0,"controlled local burst; wall time includes scoped-thread creation, Aegis policy/transcript processing, bounded-pool admission, primitive verification, and joins; work_units counts accepted verifications only"
local-1786752901640954000,macmini-m2-macos26.5.2-rust1.97.1-aarch64-20260814-workers4,9d3ab807a08ef4cf1077dbc23213e2314ce37c87,MEASURED,1786752901902299000,load,aegis_bounded_verification_pool,ML-DSA-65,concurrent_verify_burst,workers4_concurrency4,512,56,0,411125,1088000,8372224,true,accepted=4;saturated=0;unexpected=0,4,4,0,0,3309,0,0,0,0,0,"controlled local burst; wall time includes scoped-thread creation, Aegis policy/transcript processing, bounded-pool admission, primitive verification, and joins; work_units counts accepted verifications only"
local-1786752901640954000,macmini-m2-macos26.5.2-rust1.97.1-aarch64-20260814-workers4,9d3ab807a08ef4cf1077dbc23213e2314ce37c87,MEASURED,1786752901904258000,load,aegis_bounded_verification_pool,ML-DSA-65,concurrent_verify_burst,workers4_concurrency4,512,57,0,277667,716000,8372224,true,accepted=4;saturated=0;unexpected=0,4,4,0,0,3309,0,0,0,0,0,"controlled local burst; wall time includes scoped-thread creation, Aegis policy/transcript processing, bounded-pool admission, primitive verification, and joins; work_units counts accepted verifications only"
local-1786752901640954000,macmini-m2-macos26.5.2-rust1.97.1-aarch64-20260814-workers4,9d3ab807a08ef4cf1077dbc23213e2314ce37c87,MEASURED,1786752901905782000,load,aegis_bounded_verification_pool,ML-DSA-65,concurrent_verify_burst,workers4_concurrency4,512,58,0,261916,672000,8372224,true,accepted=4;saturated=0;unexpected=0,4,4,0,0,3309,0,0,0,0,0,"controlled local burst; wall time includes scoped-thread creation, Aegis policy/transcript processing, bounded-pool admission, primitive verification, and joins; work_units counts accepted verifications only"
local-1786752901640954000,macmini-m2-macos26.5.2-rust1.97.1-aarch64-20260814-workers4,9d3ab807a08ef4cf1077dbc23213e2314ce37c87,MEASURED,1786752901908016000,load,aegis_bounded_verification_pool,ML-DSA-65,concurrent_verify_burst,workers4_concurrency4,512,59,0,259167,680000,8372224,true,accepted=4;saturated=0;unexpected=0,4,4,0,0,3309,0,0,0,0,0,"controlled local burst; wall time includes scoped-thread creation, Aegis policy/transcript processing, bounded-pool admission, primitive verification, and joins; work_units counts accepted verifications only"
local-1786752901640954000,macmini-m2-macos26.5.2-rust1.97.1-aarch64-20260814-workers4,9d3ab807a08ef4cf1077dbc23213e2314ce37c87,MEASURED,1786752901910337000,load,aegis_bounded_verification_pool,ML-DSA-65,concurrent_verify_burst,workers4_concurrency4,512,60,0,290500,744000,8372224,true,accepted=4;saturated=0;unexpected=0,4,4,0,0,3309,0,0,0,0,0,"controlled local burst; wall time includes scoped-thread creation, Aegis policy/transcript processing, bounded-pool admission, primitive verification, and joins; work_units counts accepted verifications only"
local-1786752901640954000,macmini-m2-macos26.5.2-rust1.97.1-aarch64-20260814-workers4,9d3ab807a08ef4cf1077dbc23213e2314ce37c87,MEASURED,1786752901911707000,load,aegis_bounded_verification_pool,ML-DSA-65,concurrent_verify_burst,workers4_concurrency4,512,61,0,274041,704000,8372224,true,accepted=4;saturated=0;unexpected=0,4,4,0,0,3309,0,0,0,0,0,"controlled local burst; wall time includes scoped-thread creation, Aegis policy/transcript processing, bounded-pool admission, primitive verification, and joins; work_units counts accepted verifications only"
local-1786752901640954000,macmini-m2-macos26.5.2-rust1.97.1-aarch64-20260814-workers4,9d3ab807a08ef4cf1077dbc23213e2314ce37c87,MEASURED,1786752901913869000,load,aegis_bounded_verification_pool,ML-DSA-65,concurrent_verify_burst,workers4_concurrency4,512,62,0,263250,670000,8372224,true,accepted=4;saturated=0;unexpected=0,4,4,0,0,3309,0,0,0,0,0,"controlled local burst; wall time includes scoped-thread creation, Aegis policy/transcript processing, bounded-pool admission, primitive verification, and joins; work_units counts accepted verifications only"
local-1786752901640954000,macmini-m2-macos26.5.2-rust1.97.1-aarch64-20260814-workers4,9d3ab807a08ef4cf1077dbc23213e2314ce37c87,MEASURED,1786752901915280000,load,aegis_bounded_verification_pool,ML-DSA-65,concurrent_verify_burst,workers4_concurrency4,512,63,0,275667,716000,8372224,true,accepted=4;saturated=0;unexpected=0,4,4,0,0,3309,0,0,0,0,0,"controlled local burst; wall time includes scoped-thread creation, Aegis policy/transcript processing, bounded-pool admission, primitive verification, and joins; work_units counts accepted verifications only"
local-1786752901640954000,macmini-m2-macos26.5.2-rust1.97.1-aarch64-20260814-workers4,9d3ab807a08ef4cf1077dbc23213e2314ce37c87,MEASURED,1786752901916730000,load,aegis_bounded_verification_pool,ML-DSA-65,concurrent_verify_burst,workers4_concurrency4,512,64,0,291166,705000,8372224,true,accepted=4;saturated=0;unexpected=0,4,4,0,0,3309,0,0,0,0,0,"controlled local burst; wall time includes scoped-thread creation, Aegis policy/transcript processing, bounded-pool admission, primitive verification, and joins; work_units counts accepted verifications only"
local-1786752901640954000,macmini-m2-macos26.5.2-rust1.97.1-aarch64-20260814-workers4,9d3ab807a08ef4cf1077dbc23213e2314ce37c87,MEASURED,1786752901918357000,load,aegis_bounded_verification_pool,ML-DSA-65,concurrent_verify_burst,workers4_concurrency4,512,65,0,264458,763000,8372224,true,accepted=4;saturated=0;unexpected=0,4,4,0,0,3309,0,0,0,0,0,"controlled local burst; wall time includes scoped-thread creation, Aegis policy/transcript processing, bounded-pool admission, primitive verification, and joins; work_units counts accepted verifications only"
local-1786752901640954000,macmini-m2-macos26.5.2-rust1.97.1-aarch64-20260814-workers4,9d3ab807a08ef4cf1077dbc23213e2314ce37c87,MEASURED,1786752901920241000,load,aegis_bounded_verification_pool,ML-DSA-65,concurrent_verify_burst,workers4_concurrency4,512,66,0,277083,701000,8372224,true,accepted=4;saturated=0;unexpected=0,4,4,0,0,3309,0,0,0,0,0,"controlled local burst; wall time includes scoped-thread creation, Aegis policy/transcript processing, bounded-pool admission, primitive verification, and joins; work_units counts accepted verifications only"
local-1786752901640954000,macmini-m2-macos26.5.2-rust1.97.1-aarch64-20260814-workers4,9d3ab807a08ef4cf1077dbc23213e2314ce37c87,MEASURED,1786752901922274000,load,aegis_bounded_verification_pool,ML-DSA-65,concurrent_verify_burst,workers4_concurrency4,512,67,0,269833,682000,8372224,true,accepted=4;saturated=0;unexpected=0,4,4,0,0,3309,0,0,0,0,0,"controlled local burst; wall time includes scoped-thread creation, Aegis policy/transcript processing, bounded-pool admission, primitive verification, and joins; work_units counts accepted verifications only"
local-1786752901640954000,macmini-m2-macos26.5.2-rust1.97.1-aarch64-20260814-workers4,9d3ab807a08ef4cf1077dbc23213e2314ce37c87,MEASURED,1786752901923738000,load,aegis_bounded_verification_pool,ML-DSA-65,concurrent_verify_burst,workers4_concurrency4,512,68,0,300709,762000,8372224,true,accepted=4;saturated=0;unexpected=0,4,4,0,0,3309,0,0,0,0,0,"controlled local burst; wall time includes scoped-thread creation, Aegis policy/transcript processing, bounded-pool admission, primitive verification, and joins; work_units counts accepted verifications only"
local-1786752901640954000,macmini-m2-macos26.5.2-rust1.97.1-aarch64-20260814-workers4,9d3ab807a08ef4cf1077dbc23213e2314ce37c87,MEASURED,1786752901925056000,load,aegis_bounded_verification_pool,ML-DSA-65,concurrent_verify_burst,workers4_concurrency4,512,69,0,264458,669000,8372224,true,accepted=4;saturated=0;unexpected=0,4,4,0,0,3309,0,0,0,0,0,"controlled local burst; wall time includes scoped-thread creation, Aegis policy/transcript processing, bounded-pool admission, primitive verification, and joins; work_units counts accepted verifications only"
local-1786752901640954000,macmini-m2-macos26.5.2-rust1.97.1-aarch64-20260814-workers4,9d3ab807a08ef4cf1077dbc23213e2314ce37c87,MEASURED,1786752901928531000,load,aegis_bounded_verification_pool,ML-DSA-65,concurrent_verify_burst,workers4_concurrency4,512,70,0,289584,727000,8372224,true,accepted=4;saturated=0;unexpected=0,4,4,0,0,3309,0,0,0,0,0,"controlled local burst; wall time includes scoped-thread creation, Aegis policy/transcript processing, bounded-pool admission, primitive verification, and joins; work_units counts accepted verifications only"
local-1786752901640954000,macmini-m2-macos26.5.2-rust1.97.1-aarch64-20260814-workers4,9d3ab807a08ef4cf1077dbc23213e2314ce37c87,MEASURED,1786752901929942000,load,aegis_bounded_verification_pool,ML-DSA-65,concurrent_verify_burst,workers4_concurrency4,512,71,0,373458,850000,8388608,true,accepted=4;saturated=0;unexpected=0,4,4,0,0,3309,0,0,0,0,0,"controlled local burst; wall time includes scoped-thread creation, Aegis policy/transcript processing, bounded-pool admission, primitive verification, and joins; work_units counts accepted verifications only"
local-1786752901640954000,macmini-m2-macos26.5.2-rust1.97.1-aarch64-20260814-workers4,9d3ab807a08ef4cf1077dbc23213e2314ce37c87,MEASURED,1786752901931388000,load,aegis_bounded_verification_pool,ML-DSA-65,concurrent_verify_burst,workers4_concurrency4,512,72,0,283208,708000,8388608,true,accepted=4;saturated=0;unexpected=0,4,4,0,0,3309,0,0,0,0,0,"controlled local burst; wall time includes scoped-thread creation, Aegis policy/transcript processing, bounded-pool admission, primitive verification, and joins; work_units counts accepted verifications only"
local-1786752901640954000,macmini-m2-macos26.5.2-rust1.97.1-aarch64-20260814-workers4,9d3ab807a08ef4cf1077dbc23213e2314ce37c87,MEASURED,1786752901933160000,load,aegis_bounded_verification_pool,ML-DSA-65,concurrent_verify_burst,workers4_concurrency4,512,73,0,291750,696000,8388608,true,accepted=4;saturated=0;unexpected=0,4,4,0,0,3309,0,0,0,0,0,"controlled local burst; wall time includes scoped-thread creation, Aegis policy/transcript processing, bounded-pool admission, primitive verification, and joins; work_units counts accepted verifications only"
local-1786752901640954000,macmini-m2-macos26.5.2-rust1.97.1-aarch64-20260814-workers4,9d3ab807a08ef4cf1077dbc23213e2314ce37c87,MEASURED,1786752901934396000,load,aegis_bounded_verification_pool,ML-DSA-65,concurrent_verify_burst,workers4_concurrency4,512,74,0,305333,719000,8388608,true,accepted=4;saturated=0;unexpected=0,4,4,0,0,3309,0,0,0,0,0,"controlled local burst; wall time includes scoped-thread creation, Aegis policy/transcript processing, bounded-pool admission, primitive verification, and joins; work_units counts accepted verifications only"
local-1786752901640954000,macmini-m2-macos26.5.2-rust1.97.1-aarch64-20260814-workers4,9d3ab807a08ef4cf1077dbc23213e2314ce37c87,MEASURED,1786752901936266000,load,aegis_bounded_verification_pool,ML-DSA-65,concurrent_verify_burst,workers4_concurrency4,512,75,0,314458,742000,8388608,true,accepted=4;saturated=0;unexpected=0,4,4,0,0,3309,0,0,0,0,0,"controlled local burst; wall time includes scoped-thread creation, Aegis policy/transcript processing, bounded-pool admission, primitive verification, and joins; work_units counts accepted verifications only"
local-1786752901640954000,macmini-m2-macos26.5.2-rust1.97.1-aarch64-20260814-workers4,9d3ab807a08ef4cf1077dbc23213e2314ce37c87,MEASURED,1786752901939155000,load,aegis_bounded_verification_pool,ML-DSA-65,concurrent_verify_burst,workers4_concurrency4,512,76,0,297666,754000,8388608,true,accepted=4;saturated=0;unexpected=0,4,4,0,0,3309,0,0,0,0,0,"controlled local burst; wall time includes scoped-thread creation, Aegis policy/transcript processing, bounded-pool admission, primitive verification, and joins; work_units counts accepted verifications only"
local-1786752901640954000,macmini-m2-macos26.5.2-rust1.97.1-aarch64-20260814-workers4,9d3ab807a08ef4cf1077dbc23213e2314ce37c87,MEASURED,1786752901941233000,load,aegis_bounded_verification_pool,ML-DSA-65,concurrent_verify_burst,workers4_concurrency4,512,77,0,293833,706000,8388608,true,accepted=4;saturated=0;unexpected=0,4,4,0,0,3309,0,0,0,0,0,"controlled local burst; wall time includes scoped-thread creation, Aegis policy/transcript processing, bounded-pool admission, primitive verification, and joins; work_units counts accepted verifications only"
local-1786752901640954000,macmini-m2-macos26.5.2-rust1.97.1-aarch64-20260814-workers4,9d3ab807a08ef4cf1077dbc23213e2314ce37c87,MEASURED,1786752901942341000,load,aegis_bounded_verification_pool,ML-DSA-65,concurrent_verify_burst,workers4_concurrency4,512,78,0,286417,700000,8388608,true,accepted=4;saturated=0;unexpected=0,4,4,0,0,3309,0,0,0,0,0,"controlled local burst; wall time includes scoped-thread creation, Aegis policy/transcript processing, bounded-pool admission, primitive verification, and joins; work_units counts accepted verifications only"
local-1786752901640954000,macmini-m2-macos26.5.2-rust1.97.1-aarch64-20260814-workers4,9d3ab807a08ef4cf1077dbc23213e2314ce37c87,MEASURED,1786752901944172000,load,aegis_bounded_verification_pool,ML-DSA-65,concurrent_verify_burst,workers4_concurrency4,512,79,0,309292,772000,8388608,true,accepted=4;saturated=0;unexpected=0,4,4,0,0,3309,0,0,0,0,0,"controlled local burst; wall time includes scoped-thread creation, Aegis policy/transcript processing, bounded-pool admission, primitive verification, and joins; work_units counts accepted verifications only"
local-1786752901640954000,macmini-m2-macos26.5.2-rust1.97.1-aarch64-20260814-workers4,9d3ab807a08ef4cf1077dbc23213e2314ce37c87,MEASURED,1786752901946110000,load,aegis_bounded_verification_pool,ML-DSA-65,concurrent_verify_burst,workers4_concurrency4,512,80,0,304084,738000,8388608,true,accepted=4;saturated=0;unexpected=0,4,4,0,0,3309,0,0,0,0,0,"controlled local burst; wall time includes scoped-thread creation, Aegis policy/transcript processing, bounded-pool admission, primitive verification, and joins; work_units counts accepted verifications only"
local-1786752901640954000,macmini-m2-macos26.5.2-rust1.97.1-aarch64-20260814-workers4,9d3ab807a08ef4cf1077dbc23213e2314ce37c87,MEASURED,1786752901948702000,load,aegis_bounded_verification_pool,ML-DSA-65,concurrent_verify_burst,workers4_concurrency4,512,81,0,294417,704000,8388608,true,accepted=4;saturated=0;unexpected=0,4,4,0,0,3309,0,0,0,0,0,"controlled local burst; wall time includes scoped-thread creation, Aegis policy/transcript processing, bounded-pool admission, primitive verification, and joins; work_units counts accepted verifications only"
local-1786752901640954000,macmini-m2-macos26.5.2-rust1.97.1-aarch64-20260814-workers4,9d3ab807a08ef4cf1077dbc23213e2314ce37c87,MEASURED,1786752901949903000,load,aegis_bounded_verification_pool,ML-DSA-65,concurrent_verify_burst,workers4_concurrency4,512,82,0,308041,730000,8388608,true,accepted=4;saturated=0;unexpected=0,4,4,0,0,3309,0,0,0,0,0,"controlled local burst; wall time includes scoped-thread creation, Aegis policy/transcript processing, bounded-pool admission, primitive verification, and joins; work_units counts accepted verifications only"
local-1786752901640954000,macmini-m2-macos26.5.2-rust1.97.1-aarch64-20260814-workers4,9d3ab807a08ef4cf1077dbc23213e2314ce37c87,MEASURED,1786752901951404000,load,aegis_bounded_verification_pool,ML-DSA-65,concurrent_verify_burst,workers4_concurrency4,512,83,0,344708,779000,8388608,true,accepted=4;saturated=0;unexpected=0,4,4,0,0,3309,0,0,0,0,0,"controlled local burst; wall time includes scoped-thread creation, Aegis policy/transcript processing, bounded-pool admission, primitive verification, and joins; work_units counts accepted verifications only"
local-1786752901640954000,macmini-m2-macos26.5.2-rust1.97.1-aarch64-20260814-workers4,9d3ab807a08ef4cf1077dbc23213e2314ce37c87,MEASURED,1786752901952659000,load,aegis_bounded_verification_pool,ML-DSA-65,concurrent_verify_burst,workers4_concurrency4,512,84,0,317166,758000,8388608,true,accepted=4;saturated=0;unexpected=0,4,4,0,0,3309,0,0,0,0,0,"controlled local burst; wall time includes scoped-thread creation, Aegis policy/transcript processing, bounded-pool admission, primitive verification, and joins; work_units counts accepted verifications only"
local-1786752901640954000,macmini-m2-macos26.5.2-rust1.97.1-aarch64-20260814-workers4,9d3ab807a08ef4cf1077dbc23213e2314ce37c87,MEASURED,1786752901955085000,load,aegis_bounded_verification_pool,ML-DSA-65,concurrent_verify_burst,workers4_concurrency4,512,85,0,289750,694000,8388608,true,accepted=4;saturated=0;unexpected=0,4,4,0,0,3309,0,0,0,0,0,"controlled local burst; wall time includes scoped-thread creation, Aegis policy/transcript processing, bounded-pool admission, primitive verification, and joins; work_units counts accepted verifications only"
local-1786752901640954000,macmini-m2-macos26.5.2-rust1.97.1-aarch64-20260814-workers4,9d3ab807a08ef4cf1077dbc23213e2314ce37c87,MEASURED,1786752901956946000,load,aegis_bounded_verification_pool,ML-DSA-65,concurrent_verify_burst,workers4_concurrency4,512,86,0,290541,699000,8388608,true,accepted=4;saturated=0;unexpected=0,4,4,0,0,3309,0,0,0,0,0,"controlled local burst; wall time includes scoped-thread creation, Aegis policy/transcript processing, bounded-pool admission, primitive verification, and joins; work_units counts accepted verifications only"
local-1786752901640954000,macmini-m2-macos26.5.2-rust1.97.1-aarch64-20260814-workers4,9d3ab807a08ef4cf1077dbc23213e2314ce37c87,MEASURED,1786752901958926000,load,aegis_bounded_verification_pool,ML-DSA-65,concurrent_verify_burst,workers4_concurrency4,512,87,0,325041,757000,8388608,true,accepted=4;saturated=0;unexpected=0,4,4,0,0,3309,0,0,0,0,0,"controlled local burst; wall time includes scoped-thread creation, Aegis policy/transcript processing, bounded-pool admission, primitive verification, and joins; work_units counts accepted verifications only"
local-1786752901640954000,macmini-m2-macos26.5.2-rust1.97.1-aarch64-20260814-workers4,9d3ab807a08ef4cf1077dbc23213e2314ce37c87,MEASURED,1786752901960256000,load,aegis_bounded_verification_pool,ML-DSA-65,concurrent_verify_burst,workers4_concurrency4,512,88,0,303583,735000,8388608,true,accepted=4;saturated=0;unexpected=0,4,4,0,0,3309,0,0,0,0,0,"controlled local burst; wall time includes scoped-thread creation, Aegis policy/transcript processing, bounded-pool admission, primitive verification, and joins; work_units counts accepted verifications only"
local-1786752901640954000,macmini-m2-macos26.5.2-rust1.97.1-aarch64-20260814-workers4,9d3ab807a08ef4cf1077dbc23213e2314ce37c87,MEASURED,1786752901961201000,load,aegis_bounded_verification_pool,ML-DSA-65,concurrent_verify_burst,workers4_concurrency4,512,89,0,282916,687000,8388608,true,accepted=4;saturated=0;unexpected=0,4,4,0,0,3309,0,0,0,0,0,"controlled local burst; wall time includes scoped-thread creation, Aegis policy/transcript processing, bounded-pool admission, primitive verification, and joins; work_units counts accepted verifications only"
local-1786752901640954000,macmini-m2-macos26.5.2-rust1.97.1-aarch64-20260814-workers4,9d3ab807a08ef4cf1077dbc23213e2314ce37c87,MEASURED,1786752901962963000,load,aegis_bounded_verification_pool,ML-DSA-65,concurrent_verify_burst,workers4_concurrency4,512,90,0,286208,711000,8388608,true,accepted=4;saturated=0;unexpected=0,4,4,0,0,3309,0,0,0,0,0,"controlled local burst; wall time includes scoped-thread creation, Aegis policy/transcript processing, bounded-pool admission, primitive verification, and joins; work_units counts accepted verifications only"
local-1786752901640954000,macmini-m2-macos26.5.2-rust1.97.1-aarch64-20260814-workers4,9d3ab807a08ef4cf1077dbc23213e2314ce37c87,MEASURED,1786752901964050000,load,aegis_bounded_verification_pool,ML-DSA-65,concurrent_verify_burst,workers4_concurrency4,512,91,0,301667,741000,8388608,true,accepted=4;saturated=0;unexpected=0,4,4,0,0,3309,0,0,0,0,0,"controlled local burst; wall time includes scoped-thread creation, Aegis policy/transcript processing, bounded-pool admission, primitive verification, and joins; work_units counts accepted verifications only"
local-1786752901640954000,macmini-m2-macos26.5.2-rust1.97.1-aarch64-20260814-workers4,9d3ab807a08ef4cf1077dbc23213e2314ce37c87,MEASURED,1786752901966157000,load,aegis_bounded_verification_pool,ML-DSA-65,concurrent_verify_burst,workers4_concurrency4,512,92,0,300042,738000,8388608,true,accepted=4;saturated=0;unexpected=0,4,4,0,0,3309,0,0,0,0,0,"controlled local burst; wall time includes scoped-thread creation, Aegis policy/transcript processing, bounded-pool admission, primitive verification, and joins; work_units counts accepted verifications only"
local-1786752901640954000,macmini-m2-macos26.5.2-rust1.97.1-aarch64-20260814-workers4,9d3ab807a08ef4cf1077dbc23213e2314ce37c87,MEASURED,1786752901968365000,load,aegis_bounded_verification_pool,ML-DSA-65,concurrent_verify_burst,workers4_concurrency4,512,93,0,294166,732000,8388608,true,accepted=4;saturated=0;unexpected=0,4,4,0,0,3309,0,0,0,0,0,"controlled local burst; wall time includes scoped-thread creation, Aegis policy/transcript processing, bounded-pool admission, primitive verification, and joins; work_units counts accepted verifications only"
local-1786752901640954000,macmini-m2-macos26.5.2-rust1.97.1-aarch64-20260814-workers4,9d3ab807a08ef4cf1077dbc23213e2314ce37c87,MEASURED,1786752901969582000,load,aegis_bounded_verification_pool,ML-DSA-65,concurrent_verify_burst,workers4_concurrency4,512,94,0,291916,697000,8388608,true,accepted=4;saturated=0;unexpected=0,4,4,0,0,3309,0,0,0,0,0,"controlled local burst; wall time includes scoped-thread creation, Aegis policy/transcript processing, bounded-pool admission, primitive verification, and joins; work_units counts accepted verifications only"
local-1786752901640954000,macmini-m2-macos26.5.2-rust1.97.1-aarch64-20260814-workers4,9d3ab807a08ef4cf1077dbc23213e2314ce37c87,MEASURED,1786752901971011000,load,aegis_bounded_verification_pool,ML-DSA-65,concurrent_verify_burst,workers4_concurrency4,512,95,0,316583,754000,8388608,true,accepted=4;saturated=0;unexpected=0,4,4,0,0,3309,0,0,0,0,0,"controlled local burst; wall time includes scoped-thread creation, Aegis policy/transcript processing, bounded-pool admission, primitive verification, and joins; work_units counts accepted verifications only"
local-1786752901640954000,macmini-m2-macos26.5.2-rust1.97.1-aarch64-20260814-workers4,9d3ab807a08ef4cf1077dbc23213e2314ce37c87,MEASURED,1786752901973029000,load,aegis_bounded_verification_pool,ML-DSA-65,concurrent_verify_burst,workers4_concurrency4,512,96,0,328166,791000,8388608,true,accepted=4;saturated=0;unexpected=0,4,4,0,0,3309,0,0,0,0,0,"controlled local burst; wall time includes scoped-thread creation, Aegis policy/transcript processing, bounded-pool admission, primitive verification, and joins; work_units counts accepted verifications only"
local-1786752901640954000,macmini-m2-macos26.5.2-rust1.97.1-aarch64-20260814-workers4,9d3ab807a08ef4cf1077dbc23213e2314ce37c87,MEASURED,1786752901974781000,load,aegis_bounded_verification_pool,ML-DSA-65,concurrent_verify_burst,workers4_concurrency4,512,97,0,291750,695000,8388608,true,accepted=4;saturated=0;unexpected=0,4,4,0,0,3309,0,0,0,0,0,"controlled local burst; wall time includes scoped-thread creation, Aegis policy/transcript processing, bounded-pool admission, primitive verification, and joins; work_units counts accepted verifications only"
local-1786752901640954000,macmini-m2-macos26.5.2-rust1.97.1-aarch64-20260814-workers4,9d3ab807a08ef4cf1077dbc23213e2314ce37c87,MEASURED,1786752901976151000,load,aegis_bounded_verification_pool,ML-DSA-65,concurrent_verify_burst,workers4_concurrency4,512,98,0,291750,693000,8388608,true,accepted=4;saturated=0;unexpected=0,4,4,0,0,3309,0,0,0,0,0,"controlled local burst; wall time includes scoped-thread creation, Aegis policy/transcript processing, bounded-pool admission, primitive verification, and joins; work_units counts accepted verifications only"
local-1786752901640954000,macmini-m2-macos26.5.2-rust1.97.1-aarch64-20260814-workers4,9d3ab807a08ef4cf1077dbc23213e2314ce37c87,MEASURED,1786752901977300000,load,aegis_bounded_verification_pool,ML-DSA-65,concurrent_verify_burst,workers4_concurrency4,512,99,0,318000,780000,8388608,true,accepted=4;saturated=0;unexpected=0,4,4,0,0,3309,0,0,0,0,0,"controlled local burst; wall time includes scoped-thread creation, Aegis policy/transcript processing, bounded-pool admission, primitive verification, and joins; work_units counts accepted verifications only"
local-1786752901640954000,macmini-m2-macos26.5.2-rust1.97.1-aarch64-20260814-workers4,9d3ab807a08ef4cf1077dbc23213e2314ce37c87,MEASURED,1786752901980491000,load,aegis_bounded_verification_pool,ML-DSA-65,concurrent_verify_burst,workers4_concurrency8,512,0,0,600125,1704000,8519680,true,accepted=8;saturated=0;unexpected=0,8,8,0,0,3309,0,0,0,0,0,"controlled local burst; wall time includes scoped-thread creation, Aegis policy/transcript processing, bounded-pool admission, primitive verification, and joins; work_units counts accepted verifications only"
local-1786752901640954000,macmini-m2-macos26.5.2-rust1.97.1-aarch64-20260814-workers4,9d3ab807a08ef4cf1077dbc23213e2314ce37c87,MEASURED,1786752901984624000,load,aegis_bounded_verification_pool,ML-DSA-65,concurrent_verify_burst,workers4_concurrency8,512,1,0,564042,1659000,8519680,true,accepted=8;saturated=0;unexpected=0,8,8,0,0,3309,0,0,0,0,0,"controlled local burst; wall time includes scoped-thread creation, Aegis policy/transcript processing, bounded-pool admission, primitive verification, and joins; work_units counts accepted verifications only"
local-1786752901640954000,macmini-m2-macos26.5.2-rust1.97.1-aarch64-20260814-workers4,9d3ab807a08ef4cf1077dbc23213e2314ce37c87,MEASURED,1786752901988415000,load,aegis_bounded_verification_pool,ML-DSA-65,concurrent_verify_burst,workers4_concurrency8,512,2,0,563042,1596000,8519680,true,accepted=8;saturated=0;unexpected=0,8,8,0,0,3309,0,0,0,0,0,"controlled local burst; wall time includes scoped-thread creation, Aegis policy/transcript processing, bounded-pool admission, primitive verification, and joins; work_units counts accepted verifications only"
local-1786752901640954000,macmini-m2-macos26.5.2-rust1.97.1-aarch64-20260814-workers4,9d3ab807a08ef4cf1077dbc23213e2314ce37c87,MEASURED,1786752901991671000,load,aegis_bounded_verification_pool,ML-DSA-65,concurrent_verify_burst,workers4_concurrency8,512,3,0,615667,1599000,8519680,true,accepted=8;saturated=0;unexpected=0,8,8,0,0,3309,0,0,0,0,0,"controlled local burst; wall time includes scoped-thread creation, Aegis policy/transcript processing, bounded-pool admission, primitive verification, and joins; work_units counts accepted verifications only"
local-1786752901640954000,macmini-m2-macos26.5.2-rust1.97.1-aarch64-20260814-workers4,9d3ab807a08ef4cf1077dbc23213e2314ce37c87,MEASURED,1786752901995349000,load,aegis_bounded_verification_pool,ML-DSA-65,concurrent_verify_burst,workers4_concurrency8,512,4,0,608917,1500000,8519680,true,accepted=8;saturated=0;unexpected=0,8,8,0,0,3309,0,0,0,0,0,"controlled local burst; wall time includes scoped-thread creation, Aegis policy/transcript processing, bounded-pool admission, primitive verification, and joins; work_units counts accepted verifications only"
local-1786752901640954000,macmini-m2-macos26.5.2-rust1.97.1-aarch64-20260814-workers4,9d3ab807a08ef4cf1077dbc23213e2314ce37c87,MEASURED,1786752902001402000,load,aegis_bounded_verification_pool,ML-DSA-65,concurrent_verify_burst,workers4_concurrency8,512,5,0,600583,1681000,8536064,true,accepted=8;saturated=0;unexpected=0,8,8,0,0,3309,0,0,0,0,0,"controlled local burst; wall time includes scoped-thread creation, Aegis policy/transcript processing, bounded-pool admission, primitive verification, and joins; work_units counts accepted verifications only"
local-1786752901640954000,macmini-m2-macos26.5.2-rust1.97.1-aarch64-20260814-workers4,9d3ab807a08ef4cf1077dbc23213e2314ce37c87,MEASURED,1786752902005213000,load,aegis_bounded_verification_pool,ML-DSA-65,concurrent_verify_burst,workers4_concurrency8,512,6,0,587500,1437000,8536064,true,accepted=8;saturated=0;unexpected=0,8,8,0,0,3309,0,0,0,0,0,"controlled local burst; wall time includes scoped-thread creation, Aegis policy/transcript processing, bounded-pool admission, primitive verification, and joins; work_units counts accepted verifications only"
local-1786752901640954000,macmini-m2-macos26.5.2-rust1.97.1-aarch64-20260814-workers4,9d3ab807a08ef4cf1077dbc23213e2314ce37c87,MEASURED,1786752902009462000,load,aegis_bounded_verification_pool,ML-DSA-65,concurrent_verify_burst,workers4_concurrency8,512,7,0,623166,1537000,8536064,true,accepted=8;saturated=0;unexpected=0,8,8,0,0,3309,0,0,0,0,0,"controlled local burst; wall time includes scoped-thread creation, Aegis policy/transcript processing, bounded-pool admission, primitive verification, and joins; work_units counts accepted verifications only"
local-1786752901640954000,macmini-m2-macos26.5.2-rust1.97.1-aarch64-20260814-workers4,9d3ab807a08ef4cf1077dbc23213e2314ce37c87,MEASURED,1786752902013751000,load,aegis_bounded_verification_pool,ML-DSA-65,concurrent_verify_burst,workers4_concurrency8,512,8,0,568042,1587000,8536064,true,accepted=8;saturated=0;unexpected=0,8,8,0,0,3309,0,0,0,0,0,"controlled local burst; wall time includes scoped-thread creation, Aegis policy/transcript processing, bounded-pool admission, primitive verification, and joins; work_units counts accepted verifications only"
local-1786752901640954000,macmini-m2-macos26.5.2-rust1.97.1-aarch64-20260814-workers4,9d3ab807a08ef4cf1077dbc23213e2314ce37c87,MEASURED,1786752902017675000,load,aegis_bounded_verification_pool,ML-DSA-65,concurrent_verify_burst,workers4_concurrency8,512,9,0,587167,1577000,8536064,true,accepted=8;saturated=0;unexpected=0,8,8,0,0,3309,0,0,0,0,0,"controlled local burst; wall time includes scoped-thread creation, Aegis policy/transcript processing, bounded-pool admission, primitive verification, and joins; work_units counts accepted verifications only"
local-1786752901640954000,macmini-m2-macos26.5.2-rust1.97.1-aarch64-20260814-workers4,9d3ab807a08ef4cf1077dbc23213e2314ce37c87,MEASURED,1786752902019961000,load,aegis_bounded_verification_pool,ML-DSA-65,concurrent_verify_burst,workers4_concurrency8,512,10,0,599417,1726000,8536064,true,accepted=8;saturated=0;unexpected=0,8,8,0,0,3309,0,0,0,0,0,"controlled local burst; wall time includes scoped-thread creation, Aegis policy/transcript processing, bounded-pool admission, primitive verification, and joins; work_units counts accepted verifications only"
local-1786752901640954000,macmini-m2-macos26.5.2-rust1.97.1-aarch64-20260814-workers4,9d3ab807a08ef4cf1077dbc23213e2314ce37c87,MEASURED,1786752902023926000,load,aegis_bounded_verification_pool,ML-DSA-65,concurrent_verify_burst,workers4_concurrency8,512,11,0,633291,1506000,8536064,true,accepted=8;saturated=0;unexpected=0,8,8,0,0,3309,0,0,0,0,0,"controlled local burst; wall time includes scoped-thread creation, Aegis policy/transcript processing, bounded-pool admission, primitive verification, and joins; work_units counts accepted verifications only"
local-1786752901640954000,macmini-m2-macos26.5.2-rust1.97.1-aarch64-20260814-workers4,9d3ab807a08ef4cf1077dbc23213e2314ce37c87,MEASURED,1786752902027514000,load,aegis_bounded_verification_pool,ML-DSA-65,concurrent_verify_burst,workers4_concurrency8,512,12,0,864917,1730000,8536064,true,accepted=8;saturated=0;unexpected=0,8,8,0,0,3309,0,0,0,0,0,"controlled local burst; wall time includes scoped-thread creation, Aegis policy/transcript processing, bounded-pool admission, primitive verification, and joins; work_units counts accepted verifications only"
local-1786752901640954000,macmini-m2-macos26.5.2-rust1.97.1-aarch64-20260814-workers4,9d3ab807a08ef4cf1077dbc23213e2314ce37c87,MEASURED,1786752902032477000,load,aegis_bounded_verification_pool,ML-DSA-65,concurrent_verify_burst,workers4_concurrency8,512,13,0,666208,1582000,8536064,true,accepted=8;saturated=0;unexpected=0,8,8,0,0,3309,0,0,0,0,0,"controlled local burst; wall time includes scoped-thread creation, Aegis policy/transcript processing, bounded-pool admission, primitive verification, and joins; work_units counts accepted verifications only"
local-1786752901640954000,macmini-m2-macos26.5.2-rust1.97.1-aarch64-20260814-workers4,9d3ab807a08ef4cf1077dbc23213e2314ce37c87,MEASURED,1786752902036501000,load,aegis_bounded_verification_pool,ML-DSA-65,concurrent_verify_burst,workers4_concurrency8,512,14,0,604792,1706000,8536064,true,accepted=8;saturated=0;unexpected=0,8,8,0,0,3309,0,0,0,0,0,"controlled local burst; wall time includes scoped-thread creation, Aegis policy/transcript processing, bounded-pool admission, primitive verification, and joins; work_units counts accepted verifications only"
local-1786752901640954000,macmini-m2-macos26.5.2-rust1.97.1-aarch64-20260814-workers4,9d3ab807a08ef4cf1077dbc23213e2314ce37c87,MEASURED,1786752902039873000,load,aegis_bounded_verification_pool,ML-DSA-65,concurrent_verify_burst,workers4_concurrency8,512,15,0,584167,1698000,8536064,true,accepted=8;saturated=0;unexpected=0,8,8,0,0,3309,0,0,0,0,0,"controlled local burst; wall time includes scoped-thread creation, Aegis policy/transcript processing, bounded-pool admission, primitive verification, and joins; work_units counts accepted verifications only"
local-1786752901640954000,macmini-m2-macos26.5.2-rust1.97.1-aarch64-20260814-workers4,9d3ab807a08ef4cf1077dbc23213e2314ce37c87,MEASURED,1786752902043429000,load,aegis_bounded_verification_pool,ML-DSA-65,concurrent_verify_burst,workers4_concurrency8,512,16,0,683750,2008000,8536064,true,accepted=8;saturated=0;unexpected=0,8,8,0,0,3309,0,0,0,0,0,"controlled local burst; wall time includes scoped-thread creation, Aegis policy/transcript processing, bounded-pool admission, primitive verification, and joins; work_units counts accepted verifications only"
local-1786752901640954000,macmini-m2-macos26.5.2-rust1.97.1-aarch64-20260814-workers4,9d3ab807a08ef4cf1077dbc23213e2314ce37c87,MEASURED,1786752902045938000,load,aegis_bounded_verification_pool,ML-DSA-65,concurrent_verify_burst,workers4_concurrency8,512,17,0,687000,1922000,8536064,true,accepted=8;saturated=0;unexpected=0,8,8,0,0,3309,0,0,0,0,0,"controlled local burst; wall time includes scoped-thread creation, Aegis policy/transcript processing, bounded-pool admission, primitive verification, and joins; work_units counts accepted verifications only"
local-1786752901640954000,macmini-m2-macos26.5.2-rust1.97.1-aarch64-20260814-workers4,9d3ab807a08ef4cf1077dbc23213e2314ce37c87,MEASURED,1786752902049724000,load,aegis_bounded_verification_pool,ML-DSA-65,concurrent_verify_burst,workers4_concurrency8,512,18,0,661959,1952000,8568832,true,accepted=8;saturated=0;unexpected=0,8,8,0,0,3309,0,0,0,0,0,"controlled local burst; wall time includes scoped-thread creation, Aegis policy/transcript processing, bounded-pool admission, primitive verification, and joins; work_units counts accepted verifications only"
local-1786752901640954000,macmini-m2-macos26.5.2-rust1.97.1-aarch64-20260814-workers4,9d3ab807a08ef4cf1077dbc23213e2314ce37c87,MEASURED,1786752902053225000,load,aegis_bounded_verification_pool,ML-DSA-65,concurrent_verify_burst,workers4_concurrency8,512,19,0,644417,1862000,8568832,true,accepted=8;saturated=0;unexpected=0,8,8,0,0,3309,0,0,0,0,0,"controlled local burst; wall time includes scoped-thread creation, Aegis policy/transcript processing, bounded-pool admission, primitive verification, and joins; work_units counts accepted verifications only"
local-1786752901640954000,macmini-m2-macos26.5.2-rust1.97.1-aarch64-20260814-workers4,9d3ab807a08ef4cf1077dbc23213e2314ce37c87,MEASURED,1786752902056574000,load,aegis_bounded_verification_pool,ML-DSA-65,concurrent_verify_burst,workers4_concurrency8,512,20,0,655250,2036000,8585216,true,accepted=8;saturated=0;unexpected=0,8,8,0,0,3309,0,0,0,0,0,"controlled local burst; wall time includes scoped-thread creation, Aegis policy/transcript processing, bounded-pool admission, primitive verification, and joins; work_units counts accepted verifications only"
local-1786752901640954000,macmini-m2-macos26.5.2-rust1.97.1-aarch64-20260814-workers4,9d3ab807a08ef4cf1077dbc23213e2314ce37c87,MEASURED,1786752902060497000,load,aegis_bounded_verification_pool,ML-DSA-65,concurrent_verify_burst,workers4_concurrency8,512,21,0,644208,1718000,8585216,true,accepted=8;saturated=0;unexpected=0,8,8,0,0,3309,0,0,0,0,0,"controlled local burst; wall time includes scoped-thread creation, Aegis policy/transcript processing, bounded-pool admission, primitive verification, and joins; work_units counts accepted verifications only"
local-1786752901640954000,macmini-m2-macos26.5.2-rust1.97.1-aarch64-20260814-workers4,9d3ab807a08ef4cf1077dbc23213e2314ce37c87,MEASURED,1786752902063331000,load,aegis_bounded_verification_pool,ML-DSA-65,concurrent_verify_burst,workers4_concurrency8,512,22,0,653750,1806000,8585216,true,accepted=8;saturated=0;unexpected=0,8,8,0,0,3309,0,0,0,0,0,"controlled local burst; wall time includes scoped-thread creation, Aegis policy/transcript processing, bounded-pool admission, primitive verification, and joins; work_units counts accepted verifications only"
local-1786752901640954000,macmini-m2-macos26.5.2-rust1.97.1-aarch64-20260814-workers4,9d3ab807a08ef4cf1077dbc23213e2314ce37c87,MEASURED,1786752902067347000,load,aegis_bounded_verification_pool,ML-DSA-65,concurrent_verify_burst,workers4_concurrency8,512,23,0,657833,1835000,8585216,true,accepted=8;saturated=0;unexpected=0,8,8,0,0,3309,0,0,0,0,0,"controlled local burst; wall time includes scoped-thread creation, Aegis policy/transcript processing, bounded-pool admission, primitive verification, and joins; work_units counts accepted verifications only"
local-1786752901640954000,macmini-m2-macos26.5.2-rust1.97.1-aarch64-20260814-workers4,9d3ab807a08ef4cf1077dbc23213e2314ce37c87,MEASURED,1786752902071077000,load,aegis_bounded_verification_pool,ML-DSA-65,concurrent_verify_burst,workers4_concurrency8,512,24,0,617750,1730000,8585216,true,accepted=8;saturated=0;unexpected=0,8,8,0,0,3309,0,0,0,0,0,"controlled local burst; wall time includes scoped-thread creation, Aegis policy/transcript processing, bounded-pool admission, primitive verification, and joins; work_units counts accepted verifications only"
local-1786752901640954000,macmini-m2-macos26.5.2-rust1.97.1-aarch64-20260814-workers4,9d3ab807a08ef4cf1077dbc23213e2314ce37c87,MEASURED,1786752902074910000,load,aegis_bounded_verification_pool,ML-DSA-65,concurrent_verify_burst,workers4_concurrency8,512,25,0,628500,1580000,8585216,true,accepted=8;saturated=0;unexpected=0,8,8,0,0,3309,0,0,0,0,0,"controlled local burst; wall time includes scoped-thread creation, Aegis policy/transcript processing, bounded-pool admission, primitive verification, and joins; work_units counts accepted verifications only"
local-1786752901640954000,macmini-m2-macos26.5.2-rust1.97.1-aarch64-20260814-workers4,9d3ab807a08ef4cf1077dbc23213e2314ce37c87,MEASURED,1786752902078594000,load,aegis_bounded_verification_pool,ML-DSA-65,concurrent_verify_burst,workers4_concurrency8,512,26,0,685292,1779000,8601600,true,accepted=8;saturated=0;unexpected=0,8,8,0,0,3309,0,0,0,0,0,"controlled local burst; wall time includes scoped-thread creation, Aegis policy/transcript processing, bounded-pool admission, primitive verification, and joins; work_units counts accepted verifications only"
local-1786752901640954000,macmini-m2-macos26.5.2-rust1.97.1-aarch64-20260814-workers4,9d3ab807a08ef4cf1077dbc23213e2314ce37c87,MEASURED,1786752902082218000,load,aegis_bounded_verification_pool,ML-DSA-65,concurrent_verify_burst,workers4_concurrency8,512,27,0,686708,1671000,8601600,true,accepted=8;saturated=0;unexpected=0,8,8,0,0,3309,0,0,0,0,0,"controlled local burst; wall time includes scoped-thread creation, Aegis policy/transcript processing, bounded-pool admission, primitive verification, and joins; work_units counts accepted verifications only"
local-1786752901640954000,macmini-m2-macos26.5.2-rust1.97.1-aarch64-20260814-workers4,9d3ab807a08ef4cf1077dbc23213e2314ce37c87,MEASURED,1786752902086908000,load,aegis_bounded_verification_pool,ML-DSA-65,concurrent_verify_burst,workers4_concurrency8,512,28,0,676917,1575000,8601600,true,accepted=8;saturated=0;unexpected=0,8,8,0,0,3309,0,0,0,0,0,"controlled local burst; wall time includes scoped-thread creation, Aegis policy/transcript processing, bounded-pool admission, primitive verification, and joins; work_units counts accepted verifications only"
local-1786752901640954000,macmini-m2-macos26.5.2-rust1.97.1-aarch64-20260814-workers4,9d3ab807a08ef4cf1077dbc23213e2314ce37c87,MEASURED,1786752902090915000,load,aegis_bounded_verification_pool,ML-DSA-65,concurrent_verify_burst,workers4_concurrency8,512,29,0,665166,1759000,8601600,true,accepted=8;saturated=0;unexpected=0,8,8,0,0,3309,0,0,0,0,0,"controlled local burst; wall time includes scoped-thread creation, Aegis policy/transcript processing, bounded-pool admission, primitive verification, and joins; work_units counts accepted verifications only"
local-1786752901640954000,macmini-m2-macos26.5.2-rust1.97.1-aarch64-20260814-workers4,9d3ab807a08ef4cf1077dbc23213e2314ce37c87,MEASURED,1786752902094932000,load,aegis_bounded_verification_pool,ML-DSA-65,concurrent_verify_burst,workers4_concurrency8,512,30,0,687375,1682000,8601600,true,accepted=8;saturated=0;unexpected=0,8,8,0,0,3309,0,0,0,0,0,"controlled local burst; wall time includes scoped-thread creation, Aegis policy/transcript processing, bounded-pool admission, primitive verification, and joins; work_units counts accepted verifications only"
local-1786752901640954000,macmini-m2-macos26.5.2-rust1.97.1-aarch64-20260814-workers4,9d3ab807a08ef4cf1077dbc23213e2314ce37c87,MEASURED,1786752902097864000,load,aegis_bounded_verification_pool,ML-DSA-65,concurrent_verify_burst,workers4_concurrency8,512,31,0,654917,1752000,8601600,true,accepted=8;saturated=0;unexpected=0,8,8,0,0,3309,0,0,0,0,0,"controlled local burst; wall time includes scoped-thread creation, Aegis policy/transcript processing, bounded-pool admission, primitive verification, and joins; work_units counts accepted verifications only"
local-1786752901640954000,macmini-m2-macos26.5.2-rust1.97.1-aarch64-20260814-workers4,9d3ab807a08ef4cf1077dbc23213e2314ce37c87,MEASURED,1786752902102274000,load,aegis_bounded_verification_pool,ML-DSA-65,concurrent_verify_burst,workers4_concurrency8,512,32,0,723000,1761000,8601600,true,accepted=8;saturated=0;unexpected=0,8,8,0,0,3309,0,0,0,0,0,"controlled local burst; wall time includes scoped-thread creation, Aegis policy/transcript processing, bounded-pool admission, primitive verification, and joins; work_units counts accepted verifications only"
local-1786752901640954000,macmini-m2-macos26.5.2-rust1.97.1-aarch64-20260814-workers4,9d3ab807a08ef4cf1077dbc23213e2314ce37c87,MEASURED,1786752902106005000,load,aegis_bounded_verification_pool,ML-DSA-65,concurrent_verify_burst,workers4_concurrency8,512,33,0,713375,1925000,8601600,true,accepted=8;saturated=0;unexpected=0,8,8,0,0,3309,0,0,0,0,0,"controlled local burst; wall time includes scoped-thread creation, Aegis policy/transcript processing, bounded-pool admission, primitive verification, and joins; work_units counts accepted verifications only"
local-1786752901640954000,macmini-m2-macos26.5.2-rust1.97.1-aarch64-20260814-workers4,9d3ab807a08ef4cf1077dbc23213e2314ce37c87,MEASURED,1786752902109467000,load,aegis_bounded_verification_pool,ML-DSA-65,concurrent_verify_burst,workers4_concurrency8,512,34,0,675542,1637000,8601600,true,accepted=8;saturated=0;unexpected=0,8,8,0,0,3309,0,0,0,0,0,"controlled local burst; wall time includes scoped-thread creation, Aegis policy/transcript processing, bounded-pool admission, primitive verification, and joins; work_units counts accepted verifications only"
local-1786752901640954000,macmini-m2-macos26.5.2-rust1.97.1-aarch64-20260814-workers4,9d3ab807a08ef4cf1077dbc23213e2314ce37c87,MEASURED,1786752902113193000,load,aegis_bounded_verification_pool,ML-DSA-65,concurrent_verify_burst,workers4_concurrency8,512,35,0,724250,1641000,8601600,true,accepted=8;saturated=0;unexpected=0,8,8,0,0,3309,0,0,0,0,0,"controlled local burst; wall time includes scoped-thread creation, Aegis policy/transcript processing, bounded-pool admission, primitive verification, and joins; work_units counts accepted verifications only"
local-1786752901640954000,macmini-m2-macos26.5.2-rust1.97.1-aarch64-20260814-workers4,9d3ab807a08ef4cf1077dbc23213e2314ce37c87,MEASURED,1786752902116396000,load,aegis_bounded_verification_pool,ML-DSA-65,concurrent_verify_burst,workers4_concurrency8,512,36,0,692417,1683000,8601600,true,accepted=8;saturated=0;unexpected=0,8,8,0,0,3309,0,0,0,0,0,"controlled local burst; wall time includes scoped-thread creation, Aegis policy/transcript processing, bounded-pool admission, primitive verification, and joins; work_units counts accepted verifications only"
local-1786752901640954000,macmini-m2-macos26.5.2-rust1.97.1-aarch64-20260814-workers4,9d3ab807a08ef4cf1077dbc23213e2314ce37c87,MEASURED,1786752902119366000,load,aegis_bounded_verification_pool,ML-DSA-65,concurrent_verify_burst,workers4_concurrency8,512,37,0,756042,1756000,8601600,true,accepted=8;saturated=0;unexpected=0,8,8,0,0,3309,0,0,0,0,0,"controlled local burst; wall time includes scoped-thread creation, Aegis policy/transcript processing, bounded-pool admission, primitive verification, and joins; work_units counts accepted verifications only"
local-1786752901640954000,macmini-m2-macos26.5.2-rust1.97.1-aarch64-20260814-workers4,9d3ab807a08ef4cf1077dbc23213e2314ce37c87,MEASURED,1786752902123145000,load,aegis_bounded_verification_pool,ML-DSA-65,concurrent_verify_burst,workers4_concurrency8,512,38,0,731917,1601000,8601600,true,accepted=8;saturated=0;unexpected=0,8,8,0,0,3309,0,0,0,0,0,"controlled local burst; wall time includes scoped-thread creation, Aegis policy/transcript processing, bounded-pool admission, primitive verification, and joins; work_units counts accepted verifications only"
local-1786752901640954000,macmini-m2-macos26.5.2-rust1.97.1-aarch64-20260814-workers4,9d3ab807a08ef4cf1077dbc23213e2314ce37c87,MEASURED,1786752902126734000,load,aegis_bounded_verification_pool,ML-DSA-65,concurrent_verify_burst,workers4_concurrency8,512,39,0,732500,1720000,8601600,true,accepted=8;saturated=0;unexpected=0,8,8,0,0,3309,0,0,0,0,0,"controlled local burst; wall time includes scoped-thread creation, Aegis policy/transcript processing, bounded-pool admission, primitive verification, and joins; work_units counts accepted verifications only"
local-1786752901640954000,macmini-m2-macos26.5.2-rust1.97.1-aarch64-20260814-workers4,9d3ab807a08ef4cf1077dbc23213e2314ce37c87,MEASURED,1786752902132041000,load,aegis_bounded_verification_pool,ML-DSA-65,concurrent_verify_burst,workers4_concurrency8,512,40,0,748542,1740000,8617984,true,accepted=8;saturated=0;unexpected=0,8,8,0,0,3309,0,0,0,0,0,"controlled local burst; wall time includes scoped-thread creation, Aegis policy/transcript processing, bounded-pool admission, primitive verification, and joins; work_units counts accepted verifications only"
local-1786752901640954000,macmini-m2-macos26.5.2-rust1.97.1-aarch64-20260814-workers4,9d3ab807a08ef4cf1077dbc23213e2314ce37c87,MEASURED,1786752902134755000,load,aegis_bounded_verification_pool,ML-DSA-65,concurrent_verify_burst,workers4_concurrency8,512,41,0,713250,1598000,8667136,true,accepted=8;saturated=0;unexpected=0,8,8,0,0,3309,0,0,0,0,0,"controlled local burst; wall time includes scoped-thread creation, Aegis policy/transcript processing, bounded-pool admission, primitive verification, and joins; work_units counts accepted verifications only"
local-1786752901640954000,macmini-m2-macos26.5.2-rust1.97.1-aarch64-20260814-workers4,9d3ab807a08ef4cf1077dbc23213e2314ce37c87,MEASURED,1786752902139223000,load,aegis_bounded_verification_pool,ML-DSA-65,concurrent_verify_burst,workers4_concurrency8,512,42,0,721084,1979000,8667136,true,accepted=8;saturated=0;unexpected=0,8,8,0,0,3309,0,0,0,0,0,"controlled local burst; wall time includes scoped-thread creation, Aegis policy/transcript processing, bounded-pool admission, primitive verification, and joins; work_units counts accepted verifications only"
local-1786752901640954000,macmini-m2-macos26.5.2-rust1.97.1-aarch64-20260814-workers4,9d3ab807a08ef4cf1077dbc23213e2314ce37c87,MEASURED,1786752902143810000,load,aegis_bounded_verification_pool,ML-DSA-65,concurrent_verify_burst,workers4_concurrency8,512,43,0,730917,1628000,8683520,true,accepted=8;saturated=0;unexpected=0,8,8,0,0,3309,0,0,0,0,0,"controlled local burst; wall time includes scoped-thread creation, Aegis policy/transcript processing, bounded-pool admission, primitive verification, and joins; work_units counts accepted verifications only"
local-1786752901640954000,macmini-m2-macos26.5.2-rust1.97.1-aarch64-20260814-workers4,9d3ab807a08ef4cf1077dbc23213e2314ce37c87,MEASURED,1786752902146909000,load,aegis_bounded_verification_pool,ML-DSA-65,concurrent_verify_burst,workers4_concurrency8,512,44,0,788917,1727000,8683520,true,accepted=8;saturated=0;unexpected=0,8,8,0,0,3309,0,0,0,0,0,"controlled local burst; wall time includes scoped-thread creation, Aegis policy/transcript processing, bounded-pool admission, primitive verification, and joins; work_units counts accepted verifications only"
local-1786752901640954000,macmini-m2-macos26.5.2-rust1.97.1-aarch64-20260814-workers4,9d3ab807a08ef4cf1077dbc23213e2314ce37c87,MEASURED,1786752902150727000,load,aegis_bounded_verification_pool,ML-DSA-65,concurrent_verify_burst,workers4_concurrency8,512,45,0,759375,1652000,8683520,true,accepted=8;saturated=0;unexpected=0,8,8,0,0,3309,0,0,0,0,0,"controlled local burst; wall time includes scoped-thread creation, Aegis policy/transcript processing, bounded-pool admission, primitive verification, and joins; work_units counts accepted verifications only"
local-1786752901640954000,macmini-m2-macos26.5.2-rust1.97.1-aarch64-20260814-workers4,9d3ab807a08ef4cf1077dbc23213e2314ce37c87,MEASURED,1786752902155216000,load,aegis_bounded_verification_pool,ML-DSA-65,concurrent_verify_burst,workers4_concurrency8,512,46,0,763958,1821000,8683520,true,accepted=8;saturated=0;unexpected=0,8,8,0,0,3309,0,0,0,0,0,"controlled local burst; wall time includes scoped-thread creation, Aegis policy/transcript processing, bounded-pool admission, primitive verification, and joins; work_units counts accepted verifications only"
local-1786752901640954000,macmini-m2-macos26.5.2-rust1.97.1-aarch64-20260814-workers4,9d3ab807a08ef4cf1077dbc23213e2314ce37c87,MEASURED,1786752902158499000,load,aegis_bounded_verification_pool,ML-DSA-65,concurrent_verify_burst,workers4_concurrency8,512,47,0,771500,1931000,8683520,true,accepted=8;saturated=0;unexpected=0,8,8,0,0,3309,0,0,0,0,0,"controlled local burst; wall time includes scoped-thread creation, Aegis policy/transcript processing, bounded-pool admission, primitive verification, and joins; work_units counts accepted verifications only"
local-1786752901640954000,macmini-m2-macos26.5.2-rust1.97.1-aarch64-20260814-workers4,9d3ab807a08ef4cf1077dbc23213e2314ce37c87,MEASURED,1786752902163289000,load,aegis_bounded_verification_pool,ML-DSA-65,concurrent_verify_burst,workers4_concurrency8,512,48,0,734375,1635000,8683520,true,accepted=8;saturated=0;unexpected=0,8,8,0,0,3309,0,0,0,0,0,"controlled local burst; wall time includes scoped-thread creation, Aegis policy/transcript processing, bounded-pool admission, primitive verification, and joins; work_units counts accepted verifications only"
local-1786752901640954000,macmini-m2-macos26.5.2-rust1.97.1-aarch64-20260814-workers4,9d3ab807a08ef4cf1077dbc23213e2314ce37c87,MEASURED,1786752902167656000,load,aegis_bounded_verification_pool,ML-DSA-65,concurrent_verify_burst,workers4_concurrency8,512,49,0,734000,1668000,8683520,true,accepted=8;saturated=0;unexpected=0,8,8,0,0,3309,0,0,0,0,0,"controlled local burst; wall time includes scoped-thread creation, Aegis policy/transcript processing, bounded-pool admission, primitive verification, and joins; work_units counts accepted verifications only"
local-1786752901640954000,macmini-m2-macos26.5.2-rust1.97.1-aarch64-20260814-workers4,9d3ab807a08ef4cf1077dbc23213e2314ce37c87,MEASURED,1786752902171696000,load,aegis_bounded_verification_pool,ML-DSA-65,concurrent_verify_burst,workers4_concurrency8,512,50,0,754334,1649000,8683520,true,accepted=8;saturated=0;unexpected=0,8,8,0,0,3309,0,0,0,0,0,"controlled local burst; wall time includes scoped-thread creation, Aegis policy/transcript processing, bounded-pool admission, primitive verification, and joins; work_units counts accepted verifications only"
local-1786752901640954000,macmini-m2-macos26.5.2-rust1.97.1-aarch64-20260814-workers4,9d3ab807a08ef4cf1077dbc23213e2314ce37c87,MEASURED,1786752902174854000,load,aegis_bounded_verification_pool,ML-DSA-65,concurrent_verify_burst,workers4_concurrency8,512,51,0,755625,1732000,8683520,true,accepted=8;saturated=0;unexpected=0,8,8,0,0,3309,0,0,0,0,0,"controlled local burst; wall time includes scoped-thread creation, Aegis policy/transcript processing, bounded-pool admission, primitive verification, and joins; work_units counts accepted verifications only"
local-1786752901640954000,macmini-m2-macos26.5.2-rust1.97.1-aarch64-20260814-workers4,9d3ab807a08ef4cf1077dbc23213e2314ce37c87,MEASURED,1786752902178487000,load,aegis_bounded_verification_pool,ML-DSA-65,concurrent_verify_burst,workers4_concurrency8,512,52,0,748709,1642000,8683520,true,accepted=8;saturated=0;unexpected=0,8,8,0,0,3309,0,0,0,0,0,"controlled local burst; wall time includes scoped-thread creation, Aegis policy/transcript processing, bounded-pool admission, primitive verification, and joins; work_units counts accepted verifications only"
local-1786752901640954000,macmini-m2-macos26.5.2-rust1.97.1-aarch64-20260814-workers4,9d3ab807a08ef4cf1077dbc23213e2314ce37c87,MEASURED,1786752902182691000,load,aegis_bounded_verification_pool,ML-DSA-65,concurrent_verify_burst,workers4_concurrency8,512,53,0,770083,1741000,8683520,true,accepted=8;saturated=0;unexpected=0,8,8,0,0,3309,0,0,0,0,0,"controlled local burst; wall time includes scoped-thread creation, Aegis policy/transcript processing, bounded-pool admission, primitive verification, and joins; work_units counts accepted verifications only"
local-1786752901640954000,macmini-m2-macos26.5.2-rust1.97.1-aarch64-20260814-workers4,9d3ab807a08ef4cf1077dbc23213e2314ce37c87,MEASURED,1786752902185781000,load,aegis_bounded_verification_pool,ML-DSA-65,concurrent_verify_burst,workers4_concurrency8,512,54,0,782875,1831000,8683520,true,accepted=8;saturated=0;unexpected=0,8,8,0,0,3309,0,0,0,0,0,"controlled local burst; wall time includes scoped-thread creation, Aegis policy/transcript processing, bounded-pool admission, primitive verification, and joins; work_units counts accepted verifications only"
local-1786752901640954000,macmini-m2-macos26.5.2-rust1.97.1-aarch64-20260814-workers4,9d3ab807a08ef4cf1077dbc23213e2314ce37c87,MEASURED,1786752902189436000,load,aegis_bounded_verification_pool,ML-DSA-65,concurrent_verify_burst,workers4_concurrency8,512,55,0,790250,1770000,8683520,true,accepted=8;saturated=0;unexpected=0,8,8,0,0,3309,0,0,0,0,0,"controlled local burst; wall time includes scoped-thread creation, Aegis policy/transcript processing, bounded-pool admission, primitive verification, and joins; work_units counts accepted verifications only"
local-1786752901640954000,macmini-m2-macos26.5.2-rust1.97.1-aarch64-20260814-workers4,9d3ab807a08ef4cf1077dbc23213e2314ce37c87,MEASURED,1786752902192820000,load,aegis_bounded_verification_pool,ML-DSA-65,concurrent_verify_burst,workers4_concurrency8,512,56,0,795000,1744000,8683520,true,accepted=8;saturated=0;unexpected=0,8,8,0,0,3309,0,0,0,0,0,"controlled local burst; wall time includes scoped-thread creation, Aegis policy/transcript processing, bounded-pool admission, primitive verification, and joins; work_units counts accepted verifications only"
local-1786752901640954000,macmini-m2-macos26.5.2-rust1.97.1-aarch64-20260814-workers4,9d3ab807a08ef4cf1077dbc23213e2314ce37c87,MEASURED,1786752902195780000,load,aegis_bounded_verification_pool,ML-DSA-65,concurrent_verify_burst,workers4_concurrency8,512,57,0,748166,1983000,8683520,true,accepted=8;saturated=0;unexpected=0,8,8,0,0,3309,0,0,0,0,0,"controlled local burst; wall time includes scoped-thread creation, Aegis policy/transcript processing, bounded-pool admission, primitive verification, and joins; work_units counts accepted verifications only"
local-1786752901640954000,macmini-m2-macos26.5.2-rust1.97.1-aarch64-20260814-workers4,9d3ab807a08ef4cf1077dbc23213e2314ce37c87,MEASURED,1786752902198974000,load,aegis_bounded_verification_pool,ML-DSA-65,concurrent_verify_burst,workers4_concurrency8,512,58,0,708417,1641000,8683520,true,accepted=8;saturated=0;unexpected=0,8,8,0,0,3309,0,0,0,0,0,"controlled local burst; wall time includes scoped-thread creation, Aegis policy/transcript processing, bounded-pool admission, primitive verification, and joins; work_units counts accepted verifications only"
local-1786752901640954000,macmini-m2-macos26.5.2-rust1.97.1-aarch64-20260814-workers4,9d3ab807a08ef4cf1077dbc23213e2314ce37c87,MEASURED,1786752902202006000,load,aegis_bounded_verification_pool,ML-DSA-65,concurrent_verify_burst,workers4_concurrency8,512,59,0,791459,1761000,8683520,true,accepted=8;saturated=0;unexpected=0,8,8,0,0,3309,0,0,0,0,0,"controlled local burst; wall time includes scoped-thread creation, Aegis policy/transcript processing, bounded-pool admission, primitive verification, and joins; work_units counts accepted verifications only"
local-1786752901640954000,macmini-m2-macos26.5.2-rust1.97.1-aarch64-20260814-workers4,9d3ab807a08ef4cf1077dbc23213e2314ce37c87,MEASURED,1786752902204595000,load,aegis_bounded_verification_pool,ML-DSA-65,concurrent_verify_burst,workers4_concurrency8,512,60,0,750500,1627000,8683520,true,accepted=8;saturated=0;unexpected=0,8,8,0,0,3309,0,0,0,0,0,"controlled local burst; wall time includes scoped-thread creation, Aegis policy/transcript processing, bounded-pool admission, primitive verification, and joins; work_units counts accepted verifications only"
local-1786752901640954000,macmini-m2-macos26.5.2-rust1.97.1-aarch64-20260814-workers4,9d3ab807a08ef4cf1077dbc23213e2314ce37c87,MEASURED,1786752902208399000,load,aegis_bounded_verification_pool,ML-DSA-65,concurrent_verify_burst,workers4_concurrency8,512,61,0,751042,1836000,8683520,true,accepted=8;saturated=0;unexpected=0,8,8,0,0,3309,0,0,0,0,0,"controlled local burst; wall time includes scoped-thread creation, Aegis policy/transcript processing, bounded-pool admission, primitive verification, and joins; work_units counts accepted verifications only"
local-1786752901640954000,macmini-m2-macos26.5.2-rust1.97.1-aarch64-20260814-workers4,9d3ab807a08ef4cf1077dbc23213e2314ce37c87,MEASURED,1786752902211460000,load,aegis_bounded_verification_pool,ML-DSA-65,concurrent_verify_burst,workers4_concurrency8,512,62,0,764250,1664000,8683520,true,accepted=8;saturated=0;unexpected=0,8,8,0,0,3309,0,0,0,0,0,"controlled local burst; wall time includes scoped-thread creation, Aegis policy/transcript processing, bounded-pool admission, primitive verification, and joins; work_units counts accepted verifications only"
local-1786752901640954000,macmini-m2-macos26.5.2-rust1.97.1-aarch64-20260814-workers4,9d3ab807a08ef4cf1077dbc23213e2314ce37c87,MEASURED,1786752902216162000,load,aegis_bounded_verification_pool,ML-DSA-65,concurrent_verify_burst,workers4_concurrency8,512,63,0,776833,1927000,8683520,true,accepted=8;saturated=0;unexpected=0,8,8,0,0,3309,0,0,0,0,0,"controlled local burst; wall time includes scoped-thread creation, Aegis policy/transcript processing, bounded-pool admission, primitive verification, and joins; work_units counts accepted verifications only"
local-1786752901640954000,macmini-m2-macos26.5.2-rust1.97.1-aarch64-20260814-workers4,9d3ab807a08ef4cf1077dbc23213e2314ce37c87,MEASURED,1786752902219426000,load,aegis_bounded_verification_pool,ML-DSA-65,concurrent_verify_burst,workers4_concurrency8,512,64,0,769792,1633000,8683520,true,accepted=8;saturated=0;unexpected=0,8,8,0,0,3309,0,0,0,0,0,"controlled local burst; wall time includes scoped-thread creation, Aegis policy/transcript processing, bounded-pool admission, primitive verification, and joins; work_units counts accepted verifications only"
local-1786752901640954000,macmini-m2-macos26.5.2-rust1.97.1-aarch64-20260814-workers4,9d3ab807a08ef4cf1077dbc23213e2314ce37c87,MEASURED,1786752902223324000,load,aegis_bounded_verification_pool,ML-DSA-65,concurrent_verify_burst,workers4_concurrency8,512,65,0,814166,2004000,8683520,true,accepted=8;saturated=0;unexpected=0,8,8,0,0,3309,0,0,0,0,0,"controlled local burst; wall time includes scoped-thread creation, Aegis policy/transcript processing, bounded-pool admission, primitive verification, and joins; work_units counts accepted verifications only"
local-1786752901640954000,macmini-m2-macos26.5.2-rust1.97.1-aarch64-20260814-workers4,9d3ab807a08ef4cf1077dbc23213e2314ce37c87,MEASURED,1786752902227438000,load,aegis_bounded_verification_pool,ML-DSA-65,concurrent_verify_burst,workers4_concurrency8,512,66,0,813375,1879000,8683520,true,accepted=8;saturated=0;unexpected=0,8,8,0,0,3309,0,0,0,0,0,"controlled local burst; wall time includes scoped-thread creation, Aegis policy/transcript processing, bounded-pool admission, primitive verification, and joins; work_units counts accepted verifications only"
local-1786752901640954000,macmini-m2-macos26.5.2-rust1.97.1-aarch64-20260814-workers4,9d3ab807a08ef4cf1077dbc23213e2314ce37c87,MEASURED,1786752902230781000,load,aegis_bounded_verification_pool,ML-DSA-65,concurrent_verify_burst,workers4_concurrency8,512,67,0,798875,1791000,8683520,true,accepted=8;saturated=0;unexpected=0,8,8,0,0,3309,0,0,0,0,0,"controlled local burst; wall time includes scoped-thread creation, Aegis policy/transcript processing, bounded-pool admission, primitive verification, and joins; work_units counts accepted verifications only"
local-1786752901640954000,macmini-m2-macos26.5.2-rust1.97.1-aarch64-20260814-workers4,9d3ab807a08ef4cf1077dbc23213e2314ce37c87,MEASURED,1786752902233885000,load,aegis_bounded_verification_pool,ML-DSA-65,concurrent_verify_burst,workers4_concurrency8,512,68,0,792625,1729000,8683520,true,accepted=8;saturated=0;unexpected=0,8,8,0,0,3309,0,0,0,0,0,"controlled local burst; wall time includes scoped-thread creation, Aegis policy/transcript processing, bounded-pool admission, primitive verification, and joins; work_units counts accepted verifications only"
local-1786752901640954000,macmini-m2-macos26.5.2-rust1.97.1-aarch64-20260814-workers4,9d3ab807a08ef4cf1077dbc23213e2314ce37c87,MEASURED,1786752902237573000,load,aegis_bounded_verification_pool,ML-DSA-65,concurrent_verify_burst,workers4_concurrency8,512,69,0,826250,1811000,8683520,true,accepted=8;saturated=0;unexpected=0,8,8,0,0,3309,0,0,0,0,0,"controlled local burst; wall time includes scoped-thread creation, Aegis policy/transcript processing, bounded-pool admission, primitive verification, and joins; work_units counts accepted verifications only"
local-1786752901640954000,macmini-m2-macos26.5.2-rust1.97.1-aarch64-20260814-workers4,9d3ab807a08ef4cf1077dbc23213e2314ce37c87,MEASURED,1786752902240875000,load,aegis_bounded_verification_pool,ML-DSA-65,concurrent_verify_burst,workers4_concurrency8,512,70,0,830958,1716000,8683520,true,accepted=8;saturated=0;unexpected=0,8,8,0,0,3309,0,0,0,0,0,"controlled local burst; wall time includes scoped-thread creation, Aegis policy/transcript processing, bounded-pool admission, primitive verification, and joins; work_units counts accepted verifications only"
local-1786752901640954000,macmini-m2-macos26.5.2-rust1.97.1-aarch64-20260814-workers4,9d3ab807a08ef4cf1077dbc23213e2314ce37c87,MEASURED,1786752902244917000,load,aegis_bounded_verification_pool,ML-DSA-65,concurrent_verify_burst,workers4_concurrency8,512,71,0,769042,2102000,8683520,true,accepted=8;saturated=0;unexpected=0,8,8,0,0,3309,0,0,0,0,0,"controlled local burst; wall time includes scoped-thread creation, Aegis policy/transcript processing, bounded-pool admission, primitive verification, and joins; work_units counts accepted verifications only"
local-1786752901640954000,macmini-m2-macos26.5.2-rust1.97.1-aarch64-20260814-workers4,9d3ab807a08ef4cf1077dbc23213e2314ce37c87,MEASURED,1786752902248633000,load,aegis_bounded_verification_pool,ML-DSA-65,concurrent_verify_burst,workers4_concurrency8,512,72,0,839083,1845000,8683520,true,accepted=8;saturated=0;unexpected=0,8,8,0,0,3309,0,0,0,0,0,"controlled local burst; wall time includes scoped-thread creation, Aegis policy/transcript processing, bounded-pool admission, primitive verification, and joins; work_units counts accepted verifications only"
local-1786752901640954000,macmini-m2-macos26.5.2-rust1.97.1-aarch64-20260814-workers4,9d3ab807a08ef4cf1077dbc23213e2314ce37c87,MEASURED,1786752902252339000,load,aegis_bounded_verification_pool,ML-DSA-65,concurrent_verify_burst,workers4_concurrency8,512,73,0,794417,1904000,8683520,true,accepted=8;saturated=0;unexpected=0,8,8,0,0,3309,0,0,0,0,0,"controlled local burst; wall time includes scoped-thread creation, Aegis policy/transcript processing, bounded-pool admission, primitive verification, and joins; work_units counts accepted verifications only"
local-1786752901640954000,macmini-m2-macos26.5.2-rust1.97.1-aarch64-20260814-workers4,9d3ab807a08ef4cf1077dbc23213e2314ce37c87,MEASURED,1786752902255812000,load,aegis_bounded_verification_pool,ML-DSA-65,concurrent_verify_burst,workers4_concurrency8,512,74,0,894833,1855000,8683520,true,accepted=8;saturated=0;unexpected=0,8,8,0,0,3309,0,0,0,0,0,"controlled local burst; wall time includes scoped-thread creation, Aegis policy/transcript processing, bounded-pool admission, primitive verification, and joins; work_units counts accepted verifications only"
local-1786752901640954000,macmini-m2-macos26.5.2-rust1.97.1-aarch64-20260814-workers4,9d3ab807a08ef4cf1077dbc23213e2314ce37c87,MEASURED,1786752902259936000,load,aegis_bounded_verification_pool,ML-DSA-65,concurrent_verify_burst,workers4_concurrency8,512,75,0,831500,1739000,8683520,true,accepted=8;saturated=0;unexpected=0,8,8,0,0,3309,0,0,0,0,0,"controlled local burst; wall time includes scoped-thread creation, Aegis policy/transcript processing, bounded-pool admission, primitive verification, and joins; work_units counts accepted verifications only"
local-1786752901640954000,macmini-m2-macos26.5.2-rust1.97.1-aarch64-20260814-workers4,9d3ab807a08ef4cf1077dbc23213e2314ce37c87,MEASURED,1786752902263226000,load,aegis_bounded_verification_pool,ML-DSA-65,concurrent_verify_burst,workers4_concurrency8,512,76,0,836708,1931000,8683520,true,accepted=8;saturated=0;unexpected=0,8,8,0,0,3309,0,0,0,0,0,"controlled local burst; wall time includes scoped-thread creation, Aegis policy/transcript processing, bounded-pool admission, primitive verification, and joins; work_units counts accepted verifications only"
local-1786752901640954000,macmini-m2-macos26.5.2-rust1.97.1-aarch64-20260814-workers4,9d3ab807a08ef4cf1077dbc23213e2314ce37c87,MEASURED,1786752902267480000,load,aegis_bounded_verification_pool,ML-DSA-65,concurrent_verify_burst,workers4_concurrency8,512,77,0,809959,1717000,8699904,true,accepted=8;saturated=0;unexpected=0,8,8,0,0,3309,0,0,0,0,0,"controlled local burst; wall time includes scoped-thread creation, Aegis policy/transcript processing, bounded-pool admission, primitive verification, and joins; work_units counts accepted verifications only"
local-1786752901640954000,macmini-m2-macos26.5.2-rust1.97.1-aarch64-20260814-workers4,9d3ab807a08ef4cf1077dbc23213e2314ce37c87,MEASURED,1786752902271018000,load,aegis_bounded_verification_pool,ML-DSA-65,concurrent_verify_burst,workers4_concurrency8,512,78,0,874583,1825000,8699904,true,accepted=8;saturated=0;unexpected=0,8,8,0,0,3309,0,0,0,0,0,"controlled local burst; wall time includes scoped-thread creation, Aegis policy/transcript processing, bounded-pool admission, primitive verification, and joins; work_units counts accepted verifications only"
local-1786752901640954000,macmini-m2-macos26.5.2-rust1.97.1-aarch64-20260814-workers4,9d3ab807a08ef4cf1077dbc23213e2314ce37c87,MEASURED,1786752902274245000,load,aegis_bounded_verification_pool,ML-DSA-65,concurrent_verify_burst,workers4_concurrency8,512,79,0,850833,1780000,8699904,true,accepted=8;saturated=0;unexpected=0,8,8,0,0,3309,0,0,0,0,0,"controlled local burst; wall time includes scoped-thread creation, Aegis policy/transcript processing, bounded-pool admission, primitive verification, and joins; work_units counts accepted verifications only"
local-1786752901640954000,macmini-m2-macos26.5.2-rust1.97.1-aarch64-20260814-workers4,9d3ab807a08ef4cf1077dbc23213e2314ce37c87,MEASURED,1786752902276832000,load,aegis_bounded_verification_pool,ML-DSA-65,concurrent_verify_burst,workers4_concurrency8,512,80,0,869208,1971000,8699904,true,accepted=8;saturated=0;unexpected=0,8,8,0,0,3309,0,0,0,0,0,"controlled local burst; wall time includes scoped-thread creation, Aegis policy/transcript processing, bounded-pool admission, primitive verification, and joins; work_units counts accepted verifications only"
local-1786752901640954000,macmini-m2-macos26.5.2-rust1.97.1-aarch64-20260814-workers4,9d3ab807a08ef4cf1077dbc23213e2314ce37c87,MEASURED,1786752902280423000,load,aegis_bounded_verification_pool,ML-DSA-65,concurrent_verify_burst,workers4_concurrency8,512,81,0,875500,2038000,8699904,true,accepted=8;saturated=0;unexpected=0,8,8,0,0,3309,0,0,0,0,0,"controlled local burst; wall time includes scoped-thread creation, Aegis policy/transcript processing, bounded-pool admission, primitive verification, and joins; work_units counts accepted verifications only"
local-1786752901640954000,macmini-m2-macos26.5.2-rust1.97.1-aarch64-20260814-workers4,9d3ab807a08ef4cf1077dbc23213e2314ce37c87,MEASURED,1786752902283274000,load,aegis_bounded_verification_pool,ML-DSA-65,concurrent_verify_burst,workers4_concurrency8,512,82,0,868750,1765000,8699904,true,accepted=8;saturated=0;unexpected=0,8,8,0,0,3309,0,0,0,0,0,"controlled local burst; wall time includes scoped-thread creation, Aegis policy/transcript processing, bounded-pool admission, primitive verification, and joins; work_units counts accepted verifications only"
local-1786752901640954000,macmini-m2-macos26.5.2-rust1.97.1-aarch64-20260814-workers4,9d3ab807a08ef4cf1077dbc23213e2314ce37c87,MEASURED,1786752902287157000,load,aegis_bounded_verification_pool,ML-DSA-65,concurrent_verify_burst,workers4_concurrency8,512,83,0,850583,1994000,8699904,true,accepted=8;saturated=0;unexpected=0,8,8,0,0,3309,0,0,0,0,0,"controlled local burst; wall time includes scoped-thread creation, Aegis policy/transcript processing, bounded-pool admission, primitive verification, and joins; work_units counts accepted verifications only"
local-1786752901640954000,macmini-m2-macos26.5.2-rust1.97.1-aarch64-20260814-workers4,9d3ab807a08ef4cf1077dbc23213e2314ce37c87,MEASURED,1786752902290211000,load,aegis_bounded_verification_pool,ML-DSA-65,concurrent_verify_burst,workers4_concurrency8,512,84,0,877792,1780000,8699904,true,accepted=8;saturated=0;unexpected=0,8,8,0,0,3309,0,0,0,0,0,"controlled local burst; wall time includes scoped-thread creation, Aegis policy/transcript processing, bounded-pool admission, primitive verification, and joins; work_units counts accepted verifications only"
local-1786752901640954000,macmini-m2-macos26.5.2-rust1.97.1-aarch64-20260814-workers4,9d3ab807a08ef4cf1077dbc23213e2314ce37c87,MEASURED,1786752902293770000,load,aegis_bounded_verification_pool,ML-DSA-65,concurrent_verify_burst,workers4_concurrency8,512,85,0,893708,1921000,8699904,true,accepted=8;saturated=0;unexpected=0,8,8,0,0,3309,0,0,0,0,0,"controlled local burst; wall time includes scoped-thread creation, Aegis policy/transcript processing, bounded-pool admission, primitive verification, and joins; work_units counts accepted verifications only"
local-1786752901640954000,macmini-m2-macos26.5.2-rust1.97.1-aarch64-20260814-workers4,9d3ab807a08ef4cf1077dbc23213e2314ce37c87,MEASURED,1786752902297432000,load,aegis_bounded_verification_pool,ML-DSA-65,concurrent_verify_burst,workers4_concurrency8,512,86,0,884333,1855000,8699904,true,accepted=8;saturated=0;unexpected=0,8,8,0,0,3309,0,0,0,0,0,"controlled local burst; wall time includes scoped-thread creation, Aegis policy/transcript processing, bounded-pool admission, primitive verification, and joins; work_units counts accepted verifications only"
local-1786752901640954000,macmini-m2-macos26.5.2-rust1.97.1-aarch64-20260814-workers4,9d3ab807a08ef4cf1077dbc23213e2314ce37c87,MEASURED,1786752902302136000,load,aegis_bounded_verification_pool,ML-DSA-65,concurrent_verify_burst,workers4_concurrency8,512,87,0,862833,1764000,8699904,true,accepted=8;saturated=0;unexpected=0,8,8,0,0,3309,0,0,0,0,0,"controlled local burst; wall time includes scoped-thread creation, Aegis policy/transcript processing, bounded-pool admission, primitive verification, and joins; work_units counts accepted verifications only"
local-1786752901640954000,macmini-m2-macos26.5.2-rust1.97.1-aarch64-20260814-workers4,9d3ab807a08ef4cf1077dbc23213e2314ce37c87,MEASURED,1786752902305534000,load,aegis_bounded_verification_pool,ML-DSA-65,concurrent_verify_burst,workers4_concurrency8,512,88,0,945417,2014000,8699904,true,accepted=8;saturated=0;unexpected=0,8,8,0,0,3309,0,0,0,0,0,"controlled local burst; wall time includes scoped-thread creation, Aegis policy/transcript processing, bounded-pool admission, primitive verification, and joins; work_units counts accepted verifications only"
local-1786752901640954000,macmini-m2-macos26.5.2-rust1.97.1-aarch64-20260814-workers4,9d3ab807a08ef4cf1077dbc23213e2314ce37c87,MEASURED,1786752902308585000,load,aegis_bounded_verification_pool,ML-DSA-65,concurrent_verify_burst,workers4_concurrency8,512,89,0,867917,1784000,8699904,true,accepted=8;saturated=0;unexpected=0,8,8,0,0,3309,0,0,0,0,0,"controlled local burst; wall time includes scoped-thread creation, Aegis policy/transcript processing, bounded-pool admission, primitive verification, and joins; work_units counts accepted verifications only"
local-1786752901640954000,macmini-m2-macos26.5.2-rust1.97.1-aarch64-20260814-workers4,9d3ab807a08ef4cf1077dbc23213e2314ce37c87,MEASURED,1786752902311946000,load,aegis_bounded_verification_pool,ML-DSA-65,concurrent_verify_burst,workers4_concurrency8,512,90,0,939959,1856000,8699904,true,accepted=8;saturated=0;unexpected=0,8,8,0,0,3309,0,0,0,0,0,"controlled local burst; wall time includes scoped-thread creation, Aegis policy/transcript processing, bounded-pool admission, primitive verification, and joins; work_units counts accepted verifications only"
local-1786752901640954000,macmini-m2-macos26.5.2-rust1.97.1-aarch64-20260814-workers4,9d3ab807a08ef4cf1077dbc23213e2314ce37c87,MEASURED,1786752902315899000,load,aegis_bounded_verification_pool,ML-DSA-65,concurrent_verify_burst,workers4_concurrency8,512,91,0,850041,1753000,8699904,true,accepted=8;saturated=0;unexpected=0,8,8,0,0,3309,0,0,0,0,0,"controlled local burst; wall time includes scoped-thread creation, Aegis policy/transcript processing, bounded-pool admission, primitive verification, and joins; work_units counts accepted verifications only"
local-1786752901640954000,macmini-m2-macos26.5.2-rust1.97.1-aarch64-20260814-workers4,9d3ab807a08ef4cf1077dbc23213e2314ce37c87,MEASURED,1786752902318964000,load,aegis_bounded_verification_pool,ML-DSA-65,concurrent_verify_burst,workers4_concurrency8,512,92,0,911667,1892000,8699904,true,accepted=8;saturated=0;unexpected=0,8,8,0,0,3309,0,0,0,0,0,"controlled local burst; wall time includes scoped-thread creation, Aegis policy/transcript processing, bounded-pool admission, primitive verification, and joins; work_units counts accepted verifications only"
local-1786752901640954000,macmini-m2-macos26.5.2-rust1.97.1-aarch64-20260814-workers4,9d3ab807a08ef4cf1077dbc23213e2314ce37c87,MEASURED,1786752902323176000,load,aegis_bounded_verification_pool,ML-DSA-65,concurrent_verify_burst,workers4_concurrency8,512,93,0,865792,1758000,8699904,true,accepted=8;saturated=0;unexpected=0,8,8,0,0,3309,0,0,0,0,0,"controlled local burst; wall time includes scoped-thread creation, Aegis policy/transcript processing, bounded-pool admission, primitive verification, and joins; work_units counts accepted verifications only"
local-1786752901640954000,macmini-m2-macos26.5.2-rust1.97.1-aarch64-20260814-workers4,9d3ab807a08ef4cf1077dbc23213e2314ce37c87,MEASURED,1786752902326512000,load,aegis_bounded_verification_pool,ML-DSA-65,concurrent_verify_burst,workers4_concurrency8,512,94,0,945333,2319000,8699904,true,accepted=8;saturated=0;unexpected=0,8,8,0,0,3309,0,0,0,0,0,"controlled local burst; wall time includes scoped-thread creation, Aegis policy/transcript processing, bounded-pool admission, primitive verification, and joins; work_units counts accepted verifications only"
local-1786752901640954000,macmini-m2-macos26.5.2-rust1.97.1-aarch64-20260814-workers4,9d3ab807a08ef4cf1077dbc23213e2314ce37c87,MEASURED,1786752902330754000,load,aegis_bounded_verification_pool,ML-DSA-65,concurrent_verify_burst,workers4_concurrency8,512,95,0,847958,1920000,8716288,true,accepted=8;saturated=0;unexpected=0,8,8,0,0,3309,0,0,0,0,0,"controlled local burst; wall time includes scoped-thread creation, Aegis policy/transcript processing, bounded-pool admission, primitive verification, and joins; work_units counts accepted verifications only"
local-1786752901640954000,macmini-m2-macos26.5.2-rust1.97.1-aarch64-20260814-workers4,9d3ab807a08ef4cf1077dbc23213e2314ce37c87,MEASURED,1786752902336413000,load,aegis_bounded_verification_pool,ML-DSA-65,concurrent_verify_burst,workers4_concurrency8,512,96,0,821042,1901000,8716288,true,accepted=8;saturated=0;unexpected=0,8,8,0,0,3309,0,0,0,0,0,"controlled local burst; wall time includes scoped-thread creation, Aegis policy/transcript processing, bounded-pool admission, primitive verification, and joins; work_units counts accepted verifications only"
local-1786752901640954000,macmini-m2-macos26.5.2-rust1.97.1-aarch64-20260814-workers4,9d3ab807a08ef4cf1077dbc23213e2314ce37c87,MEASURED,1786752902340483000,load,aegis_bounded_verification_pool,ML-DSA-65,concurrent_verify_burst,workers4_concurrency8,512,97,0,931333,2196000,8716288,true,accepted=8;saturated=0;unexpected=0,8,8,0,0,3309,0,0,0,0,0,"controlled local burst; wall time includes scoped-thread creation, Aegis policy/transcript processing, bounded-pool admission, primitive verification, and joins; work_units counts accepted verifications only"
local-1786752901640954000,macmini-m2-macos26.5.2-rust1.97.1-aarch64-20260814-workers4,9d3ab807a08ef4cf1077dbc23213e2314ce37c87,MEASURED,1786752902344225000,load,aegis_bounded_verification_pool,ML-DSA-65,concurrent_verify_burst,workers4_concurrency8,512,98,0,844875,1915000,8716288,true,accepted=8;saturated=0;unexpected=0,8,8,0,0,3309,0,0,0,0,0,"controlled local burst; wall time includes scoped-thread creation, Aegis policy/transcript processing, bounded-pool admission, primitive verification, and joins; work_units counts accepted verifications only"
local-1786752901640954000,macmini-m2-macos26.5.2-rust1.97.1-aarch64-20260814-workers4,9d3ab807a08ef4cf1077dbc23213e2314ce37c87,MEASURED,1786752902347060000,load,aegis_bounded_verification_pool,ML-DSA-65,concurrent_verify_burst,workers4_concurrency8,512,99,0,947916,2236000,8716288,true,accepted=8;saturated=0;unexpected=0,8,8,0,0,3309,0,0,0,0,0,"controlled local burst; wall time includes scoped-thread creation, Aegis policy/transcript processing, bounded-pool admission, primitive verification, and joins; work_units counts accepted verifications only"
local-1786752901640954000,macmini-m2-macos26.5.2-rust1.97.1-aarch64-20260814-workers4,9d3ab807a08ef4cf1077dbc23213e2314ce37c87,MEASURED,1786752902354002000,load,aegis_bounded_verification_pool,ML-DSA-65,concurrent_verify_burst,workers4_concurrency16,512,0,0,1825333,4573000,8994816,true,accepted=16;saturated=0;unexpected=0,16,16,0,0,3309,0,0,0,0,0,"controlled local burst; wall time includes scoped-thread creation, Aegis policy/transcript processing, bounded-pool admission, primitive verification, and joins; work_units counts accepted verifications only"
local-1786752901640954000,macmini-m2-macos26.5.2-rust1.97.1-aarch64-20260814-workers4,9d3ab807a08ef4cf1077dbc23213e2314ce37c87,MEASURED,1786752902363658000,load,aegis_bounded_verification_pool,ML-DSA-65,concurrent_verify_burst,workers4_concurrency16,512,1,0,1827208,3978000,8994816,true,accepted=16;saturated=0;unexpected=0,16,16,0,0,3309,0,0,0,0,0,"controlled local burst; wall time includes scoped-thread creation, Aegis policy/transcript processing, bounded-pool admission, primitive verification, and joins; work_units counts accepted verifications only"
local-1786752901640954000,macmini-m2-macos26.5.2-rust1.97.1-aarch64-20260814-workers4,9d3ab807a08ef4cf1077dbc23213e2314ce37c87,MEASURED,1786752902371611000,load,aegis_bounded_verification_pool,ML-DSA-65,concurrent_verify_burst,workers4_concurrency16,512,2,0,1750750,4278000,9011200,true,accepted=16;saturated=0;unexpected=0,16,16,0,0,3309,0,0,0,0,0,"controlled local burst; wall time includes scoped-thread creation, Aegis policy/transcript processing, bounded-pool admission, primitive verification, and joins; work_units counts accepted verifications only"
local-1786752901640954000,macmini-m2-macos26.5.2-rust1.97.1-aarch64-20260814-workers4,9d3ab807a08ef4cf1077dbc23213e2314ce37c87,MEASURED,1786752902379058000,load,aegis_bounded_verification_pool,ML-DSA-65,concurrent_verify_burst,workers4_concurrency16,512,3,0,1709583,3904000,9027584,true,accepted=16;saturated=0;unexpected=0,16,16,0,0,3309,0,0,0,0,0,"controlled local burst; wall time includes scoped-thread creation, Aegis policy/transcript processing, bounded-pool admission, primitive verification, and joins; work_units counts accepted verifications only"
local-1786752901640954000,macmini-m2-macos26.5.2-rust1.97.1-aarch64-20260814-workers4,9d3ab807a08ef4cf1077dbc23213e2314ce37c87,MEASURED,1786752902386127000,load,aegis_bounded_verification_pool,ML-DSA-65,concurrent_verify_burst,workers4_concurrency16,512,4,0,1734250,4023000,9027584,true,accepted=16;saturated=0;unexpected=0,16,16,0,0,3309,0,0,0,0,0,"controlled local burst; wall time includes scoped-thread creation, Aegis policy/transcript processing, bounded-pool admission, primitive verification, and joins; work_units counts accepted verifications only"
local-1786752901640954000,macmini-m2-macos26.5.2-rust1.97.1-aarch64-20260814-workers4,9d3ab807a08ef4cf1077dbc23213e2314ce37c87,MEASURED,1786752902392814000,load,aegis_bounded_verification_pool,ML-DSA-65,concurrent_verify_burst,workers4_concurrency16,512,5,0,1785666,4157000,9043968,true,accepted=16;saturated=0;unexpected=0,16,16,0,0,3309,0,0,0,0,0,"controlled local burst; wall time includes scoped-thread creation, Aegis policy/transcript processing, bounded-pool admission, primitive verification, and joins; work_units counts accepted verifications only"
local-1786752901640954000,macmini-m2-macos26.5.2-rust1.97.1-aarch64-20260814-workers4,9d3ab807a08ef4cf1077dbc23213e2314ce37c87,MEASURED,1786752902401692000,load,aegis_bounded_verification_pool,ML-DSA-65,concurrent_verify_burst,workers4_concurrency16,512,6,0,1823625,4155000,9043968,true,accepted=16;saturated=0;unexpected=0,16,16,0,0,3309,0,0,0,0,0,"controlled local burst; wall time includes scoped-thread creation, Aegis policy/transcript processing, bounded-pool admission, primitive verification, and joins; work_units counts accepted verifications only"
local-1786752901640954000,macmini-m2-macos26.5.2-rust1.97.1-aarch64-20260814-workers4,9d3ab807a08ef4cf1077dbc23213e2314ce37c87,MEASURED,1786752902408193000,load,aegis_bounded_verification_pool,ML-DSA-65,concurrent_verify_burst,workers4_concurrency16,512,7,0,1902667,4421000,9043968,true,accepted=16;saturated=0;unexpected=0,16,16,0,0,3309,0,0,0,0,0,"controlled local burst; wall time includes scoped-thread creation, Aegis policy/transcript processing, bounded-pool admission, primitive verification, and joins; work_units counts accepted verifications only"
local-1786752901640954000,macmini-m2-macos26.5.2-rust1.97.1-aarch64-20260814-workers4,9d3ab807a08ef4cf1077dbc23213e2314ce37c87,MEASURED,1786752902416375000,load,aegis_bounded_verification_pool,ML-DSA-65,concurrent_verify_burst,workers4_concurrency16,512,8,0,1902500,4139000,9043968,true,accepted=16;saturated=0;unexpected=0,16,16,0,0,3309,0,0,0,0,0,"controlled local burst; wall time includes scoped-thread creation, Aegis policy/transcript processing, bounded-pool admission, primitive verification, and joins; work_units counts accepted verifications only"
local-1786752901640954000,macmini-m2-macos26.5.2-rust1.97.1-aarch64-20260814-workers4,9d3ab807a08ef4cf1077dbc23213e2314ce37c87,MEASURED,1786752902424076000,load,aegis_bounded_verification_pool,ML-DSA-65,concurrent_verify_burst,workers4_concurrency16,512,9,0,1993542,4562000,9043968,true,accepted=16;saturated=0;unexpected=0,16,16,0,0,3309,0,0,0,0,0,"controlled local burst; wall time includes scoped-thread creation, Aegis policy/transcript processing, bounded-pool admission, primitive verification, and joins; work_units counts accepted verifications only"
local-1786752901640954000,macmini-m2-macos26.5.2-rust1.97.1-aarch64-20260814-workers4,9d3ab807a08ef4cf1077dbc23213e2314ce37c87,MEASURED,1786752902433231000,load,aegis_bounded_verification_pool,ML-DSA-65,concurrent_verify_burst,workers4_concurrency16,512,10,0,1845375,4203000,9076736,true,accepted=16;saturated=0;unexpected=0,16,16,0,0,3309,0,0,0,0,0,"controlled local burst; wall time includes scoped-thread creation, Aegis policy/transcript processing, bounded-pool admission, primitive verification, and joins; work_units counts accepted verifications only"
local-1786752901640954000,macmini-m2-macos26.5.2-rust1.97.1-aarch64-20260814-workers4,9d3ab807a08ef4cf1077dbc23213e2314ce37c87,MEASURED,1786752902439495000,load,aegis_bounded_verification_pool,ML-DSA-65,concurrent_verify_burst,workers4_concurrency16,512,11,0,1922541,4217000,9076736,true,accepted=16;saturated=0;unexpected=0,16,16,0,0,3309,0,0,0,0,0,"controlled local burst; wall time includes scoped-thread creation, Aegis policy/transcript processing, bounded-pool admission, primitive verification, and joins; work_units counts accepted verifications only"
local-1786752901640954000,macmini-m2-macos26.5.2-rust1.97.1-aarch64-20260814-workers4,9d3ab807a08ef4cf1077dbc23213e2314ce37c87,MEASURED,1786752902446473000,load,aegis_bounded_verification_pool,ML-DSA-65,concurrent_verify_burst,workers4_concurrency16,512,12,0,1995000,4341000,9076736,true,accepted=16;saturated=0;unexpected=0,16,16,0,0,3309,0,0,0,0,0,"controlled local burst; wall time includes scoped-thread creation, Aegis policy/transcript processing, bounded-pool admission, primitive verification, and joins; work_units counts accepted verifications only"
local-1786752901640954000,macmini-m2-macos26.5.2-rust1.97.1-aarch64-20260814-workers4,9d3ab807a08ef4cf1077dbc23213e2314ce37c87,MEASURED,1786752902456705000,load,aegis_bounded_verification_pool,ML-DSA-65,concurrent_verify_burst,workers4_concurrency16,512,13,0,1919584,4122000,9093120,true,accepted=16;saturated=0;unexpected=0,16,16,0,0,3309,0,0,0,0,0,"controlled local burst; wall time includes scoped-thread creation, Aegis policy/transcript processing, bounded-pool admission, primitive verification, and joins; work_units counts accepted verifications only"
local-1786752901640954000,macmini-m2-macos26.5.2-rust1.97.1-aarch64-20260814-workers4,9d3ab807a08ef4cf1077dbc23213e2314ce37c87,MEASURED,1786752902463775000,load,aegis_bounded_verification_pool,ML-DSA-65,concurrent_verify_burst,workers4_concurrency16,512,14,0,1907500,4131000,9109504,true,accepted=16;saturated=0;unexpected=0,16,16,0,0,3309,0,0,0,0,0,"controlled local burst; wall time includes scoped-thread creation, Aegis policy/transcript processing, bounded-pool admission, primitive verification, and joins; work_units counts accepted verifications only"
local-1786752901640954000,macmini-m2-macos26.5.2-rust1.97.1-aarch64-20260814-workers4,9d3ab807a08ef4cf1077dbc23213e2314ce37c87,MEASURED,1786752902471185000,load,aegis_bounded_verification_pool,ML-DSA-65,concurrent_verify_burst,workers4_concurrency16,512,15,0,1937458,4091000,9109504,true,accepted=16;saturated=0;unexpected=0,16,16,0,0,3309,0,0,0,0,0,"controlled local burst; wall time includes scoped-thread creation, Aegis policy/transcript processing, bounded-pool admission, primitive verification, and joins; work_units counts accepted verifications only"
local-1786752901640954000,macmini-m2-macos26.5.2-rust1.97.1-aarch64-20260814-workers4,9d3ab807a08ef4cf1077dbc23213e2314ce37c87,MEASURED,1786752902478376000,load,aegis_bounded_verification_pool,ML-DSA-65,concurrent_verify_burst,workers4_concurrency16,512,16,0,1938917,4136000,9109504,true,accepted=16;saturated=0;unexpected=0,16,16,0,0,3309,0,0,0,0,0,"controlled local burst; wall time includes scoped-thread creation, Aegis policy/transcript processing, bounded-pool admission, primitive verification, and joins; work_units counts accepted verifications only"
local-1786752901640954000,macmini-m2-macos26.5.2-rust1.97.1-aarch64-20260814-workers4,9d3ab807a08ef4cf1077dbc23213e2314ce37c87,MEASURED,1786752902484948000,load,aegis_bounded_verification_pool,ML-DSA-65,concurrent_verify_burst,workers4_concurrency16,512,17,0,1956041,4231000,9125888,true,accepted=16;saturated=0;unexpected=0,16,16,0,0,3309,0,0,0,0,0,"controlled local burst; wall time includes scoped-thread creation, Aegis policy/transcript processing, bounded-pool admission, primitive verification, and joins; work_units counts accepted verifications only"
local-1786752901640954000,macmini-m2-macos26.5.2-rust1.97.1-aarch64-20260814-workers4,9d3ab807a08ef4cf1077dbc23213e2314ce37c87,MEASURED,1786752902492130000,load,aegis_bounded_verification_pool,ML-DSA-65,concurrent_verify_burst,workers4_concurrency16,512,18,0,1940667,4208000,9142272,true,accepted=16;saturated=0;unexpected=0,16,16,0,0,3309,0,0,0,0,0,"controlled local burst; wall time includes scoped-thread creation, Aegis policy/transcript processing, bounded-pool admission, primitive verification, and joins; work_units counts accepted verifications only"
local-1786752901640954000,macmini-m2-macos26.5.2-rust1.97.1-aarch64-20260814-workers4,9d3ab807a08ef4cf1077dbc23213e2314ce37c87,MEASURED,1786752902498797000,load,aegis_bounded_verification_pool,ML-DSA-65,concurrent_verify_burst,workers4_concurrency16,512,19,0,2007708,4093000,9142272,true,accepted=16;saturated=0;unexpected=0,16,16,0,0,3309,0,0,0,0,0,"controlled local burst; wall time includes scoped-thread creation, Aegis policy/transcript processing, bounded-pool admission, primitive verification, and joins; work_units counts accepted verifications only"
local-1786752901640954000,macmini-m2-macos26.5.2-rust1.97.1-aarch64-20260814-workers4,9d3ab807a08ef4cf1077dbc23213e2314ce37c87,MEASURED,1786752902505949000,load,aegis_bounded_verification_pool,ML-DSA-65,concurrent_verify_burst,workers4_concurrency16,512,20,0,1981542,4133000,9142272,true,accepted=16;saturated=0;unexpected=0,16,16,0,0,3309,0,0,0,0,0,"controlled local burst; wall time includes scoped-thread creation, Aegis policy/transcript processing, bounded-pool admission, primitive verification, and joins; work_units counts accepted verifications only"
local-1786752901640954000,macmini-m2-macos26.5.2-rust1.97.1-aarch64-20260814-workers4,9d3ab807a08ef4cf1077dbc23213e2314ce37c87,MEASURED,1786752902512658000,load,aegis_bounded_verification_pool,ML-DSA-65,concurrent_verify_burst,workers4_concurrency16,512,21,0,2017542,3941000,9142272,true,accepted=16;saturated=0;unexpected=0,16,16,0,0,3309,0,0,0,0,0,"controlled local burst; wall time includes scoped-thread creation, Aegis policy/transcript processing, bounded-pool admission, primitive verification, and joins; work_units counts accepted verifications only"
local-1786752901640954000,macmini-m2-macos26.5.2-rust1.97.1-aarch64-20260814-workers4,9d3ab807a08ef4cf1077dbc23213e2314ce37c87,MEASURED,1786752902521468000,load,aegis_bounded_verification_pool,ML-DSA-65,concurrent_verify_burst,workers4_concurrency16,512,22,0,2220750,4302000,9142272,true,accepted=16;saturated=0;unexpected=0,16,16,0,0,3309,0,0,0,0,0,"controlled local burst; wall time includes scoped-thread creation, Aegis policy/transcript processing, bounded-pool admission, primitive verification, and joins; work_units counts accepted verifications only"
local-1786752901640954000,macmini-m2-macos26.5.2-rust1.97.1-aarch64-20260814-workers4,9d3ab807a08ef4cf1077dbc23213e2314ce37c87,MEASURED,1786752902529441000,load,aegis_bounded_verification_pool,ML-DSA-65,concurrent_verify_burst,workers4_concurrency16,512,23,0,2074541,4674000,9142272,true,accepted=16;saturated=0;unexpected=0,16,16,0,0,3309,0,0,0,0,0,"controlled local burst; wall time includes scoped-thread creation, Aegis policy/transcript processing, bounded-pool admission, primitive verification, and joins; work_units counts accepted verifications only"
local-1786752901640954000,macmini-m2-macos26.5.2-rust1.97.1-aarch64-20260814-workers4,9d3ab807a08ef4cf1077dbc23213e2314ce37c87,MEASURED,1786752902535628000,load,aegis_bounded_verification_pool,ML-DSA-65,concurrent_verify_burst,workers4_concurrency16,512,24,0,2150583,4497000,9142272,true,accepted=16;saturated=0;unexpected=0,16,16,0,0,3309,0,0,0,0,0,"controlled local burst; wall time includes scoped-thread creation, Aegis policy/transcript processing, bounded-pool admission, primitive verification, and joins; work_units counts accepted verifications only"
local-1786752901640954000,macmini-m2-macos26.5.2-rust1.97.1-aarch64-20260814-workers4,9d3ab807a08ef4cf1077dbc23213e2314ce37c87,MEASURED,1786752902544066000,load,aegis_bounded_verification_pool,ML-DSA-65,concurrent_verify_burst,workers4_concurrency16,512,25,0,2163584,4482000,9142272,true,accepted=16;saturated=0;unexpected=0,16,16,0,0,3309,0,0,0,0,0,"controlled local burst; wall time includes scoped-thread creation, Aegis policy/transcript processing, bounded-pool admission, primitive verification, and joins; work_units counts accepted verifications only"
local-1786752901640954000,macmini-m2-macos26.5.2-rust1.97.1-aarch64-20260814-workers4,9d3ab807a08ef4cf1077dbc23213e2314ce37c87,MEASURED,1786752902552256000,load,aegis_bounded_verification_pool,ML-DSA-65,concurrent_verify_burst,workers4_concurrency16,512,26,0,2094709,4651000,9142272,true,accepted=16;saturated=0;unexpected=0,16,16,0,0,3309,0,0,0,0,0,"controlled local burst; wall time includes scoped-thread creation, Aegis policy/transcript processing, bounded-pool admission, primitive verification, and joins; work_units counts accepted verifications only"
local-1786752901640954000,macmini-m2-macos26.5.2-rust1.97.1-aarch64-20260814-workers4,9d3ab807a08ef4cf1077dbc23213e2314ce37c87,MEASURED,1786752902561402000,load,aegis_bounded_verification_pool,ML-DSA-65,concurrent_verify_burst,workers4_concurrency16,512,27,0,2164917,4338000,9142272,true,accepted=16;saturated=0;unexpected=0,16,16,0,0,3309,0,0,0,0,0,"controlled local burst; wall time includes scoped-thread creation, Aegis policy/transcript processing, bounded-pool admission, primitive verification, and joins; work_units counts accepted verifications only"
local-1786752901640954000,macmini-m2-macos26.5.2-rust1.97.1-aarch64-20260814-workers4,9d3ab807a08ef4cf1077dbc23213e2314ce37c87,MEASURED,1786752902570426000,load,aegis_bounded_verification_pool,ML-DSA-65,concurrent_verify_burst,workers4_concurrency16,512,28,0,2297583,4489000,9158656,true,accepted=16;saturated=0;unexpected=0,16,16,0,0,3309,0,0,0,0,0,"controlled local burst; wall time includes scoped-thread creation, Aegis policy/transcript processing, bounded-pool admission, primitive verification, and joins; work_units counts accepted verifications only"
local-1786752901640954000,macmini-m2-macos26.5.2-rust1.97.1-aarch64-20260814-workers4,9d3ab807a08ef4cf1077dbc23213e2314ce37c87,MEASURED,1786752902579812000,load,aegis_bounded_verification_pool,ML-DSA-65,concurrent_verify_burst,workers4_concurrency16,512,29,0,2393583,4797000,9158656,true,accepted=16;saturated=0;unexpected=0,16,16,0,0,3309,0,0,0,0,0,"controlled local burst; wall time includes scoped-thread creation, Aegis policy/transcript processing, bounded-pool admission, primitive verification, and joins; work_units counts accepted verifications only"
local-1786752901640954000,macmini-m2-macos26.5.2-rust1.97.1-aarch64-20260814-workers4,9d3ab807a08ef4cf1077dbc23213e2314ce37c87,MEASURED,1786752902590127000,load,aegis_bounded_verification_pool,ML-DSA-65,concurrent_verify_burst,workers4_concurrency16,512,30,0,2166208,4919000,9158656,true,accepted=16;saturated=0;unexpected=0,16,16,0,0,3309,0,0,0,0,0,"controlled local burst; wall time includes scoped-thread creation, Aegis policy/transcript processing, bounded-pool admission, primitive verification, and joins; work_units counts accepted verifications only"
local-1786752901640954000,macmini-m2-macos26.5.2-rust1.97.1-aarch64-20260814-workers4,9d3ab807a08ef4cf1077dbc23213e2314ce37c87,MEASURED,1786752902600154000,load,aegis_bounded_verification_pool,ML-DSA-65,concurrent_verify_burst,workers4_concurrency16,512,31,0,2217125,4670000,9158656,true,accepted=16;saturated=0;unexpected=0,16,16,0,0,3309,0,0,0,0,0,"controlled local burst; wall time includes scoped-thread creation, Aegis policy/transcript processing, bounded-pool admission, primitive verification, and joins; work_units counts accepted verifications only"
local-1786752901640954000,macmini-m2-macos26.5.2-rust1.97.1-aarch64-20260814-workers4,9d3ab807a08ef4cf1077dbc23213e2314ce37c87,MEASURED,1786752902610548000,load,aegis_bounded_verification_pool,ML-DSA-65,concurrent_verify_burst,workers4_concurrency16,512,32,0,2326459,4790000,9158656,true,accepted=16;saturated=0;unexpected=0,16,16,0,0,3309,0,0,0,0,0,"controlled local burst; wall time includes scoped-thread creation, Aegis policy/transcript processing, bounded-pool admission, primitive verification, and joins; work_units counts accepted verifications only"
local-1786752901640954000,macmini-m2-macos26.5.2-rust1.97.1-aarch64-20260814-workers4,9d3ab807a08ef4cf1077dbc23213e2314ce37c87,MEASURED,1786752902619095000,load,aegis_bounded_verification_pool,ML-DSA-65,concurrent_verify_burst,workers4_concurrency16,512,33,0,2349916,4951000,9207808,true,accepted=16;saturated=0;unexpected=0,16,16,0,0,3309,0,0,0,0,0,"controlled local burst; wall time includes scoped-thread creation, Aegis policy/transcript processing, bounded-pool admission, primitive verification, and joins; work_units counts accepted verifications only"
local-1786752901640954000,macmini-m2-macos26.5.2-rust1.97.1-aarch64-20260814-workers4,9d3ab807a08ef4cf1077dbc23213e2314ce37c87,MEASURED,1786752902626230000,load,aegis_bounded_verification_pool,ML-DSA-65,concurrent_verify_burst,workers4_concurrency16,512,34,0,2394208,5544000,9224192,true,accepted=16;saturated=0;unexpected=0,16,16,0,0,3309,0,0,0,0,0,"controlled local burst; wall time includes scoped-thread creation, Aegis policy/transcript processing, bounded-pool admission, primitive verification, and joins; work_units counts accepted verifications only"
local-1786752901640954000,macmini-m2-macos26.5.2-rust1.97.1-aarch64-20260814-workers4,9d3ab807a08ef4cf1077dbc23213e2314ce37c87,MEASURED,1786752902632571000,load,aegis_bounded_verification_pool,ML-DSA-65,concurrent_verify_burst,workers4_concurrency16,512,35,0,2344833,4605000,9224192,true,accepted=16;saturated=0;unexpected=0,16,16,0,0,3309,0,0,0,0,0,"controlled local burst; wall time includes scoped-thread creation, Aegis policy/transcript processing, bounded-pool admission, primitive verification, and joins; work_units counts accepted verifications only"
local-1786752901640954000,macmini-m2-macos26.5.2-rust1.97.1-aarch64-20260814-workers4,9d3ab807a08ef4cf1077dbc23213e2314ce37c87,MEASURED,1786752902641841000,load,aegis_bounded_verification_pool,ML-DSA-65,concurrent_verify_burst,workers4_concurrency16,512,36,0,2319167,4662000,9224192,true,accepted=16;saturated=0;unexpected=0,16,16,0,0,3309,0,0,0,0,0,"controlled local burst; wall time includes scoped-thread creation, Aegis policy/transcript processing, bounded-pool admission, primitive verification, and joins; work_units counts accepted verifications only"
local-1786752901640954000,macmini-m2-macos26.5.2-rust1.97.1-aarch64-20260814-workers4,9d3ab807a08ef4cf1077dbc23213e2314ce37c87,MEASURED,1786752902648706000,load,aegis_bounded_verification_pool,ML-DSA-65,concurrent_verify_burst,workers4_concurrency16,512,37,0,2206209,4762000,9224192,true,accepted=16;saturated=0;unexpected=0,16,16,0,0,3309,0,0,0,0,0,"controlled local burst; wall time includes scoped-thread creation, Aegis policy/transcript processing, bounded-pool admission, primitive verification, and joins; work_units counts accepted verifications only"
local-1786752901640954000,macmini-m2-macos26.5.2-rust1.97.1-aarch64-20260814-workers4,9d3ab807a08ef4cf1077dbc23213e2314ce37c87,MEASURED,1786752902657311000,load,aegis_bounded_verification_pool,ML-DSA-65,concurrent_verify_burst,workers4_concurrency16,512,38,0,2338917,4587000,9224192,true,accepted=16;saturated=0;unexpected=0,16,16,0,0,3309,0,0,0,0,0,"controlled local burst; wall time includes scoped-thread creation, Aegis policy/transcript processing, bounded-pool admission, primitive verification, and joins; work_units counts accepted verifications only"
local-1786752901640954000,macmini-m2-macos26.5.2-rust1.97.1-aarch64-20260814-workers4,9d3ab807a08ef4cf1077dbc23213e2314ce37c87,MEASURED,1786752902666660000,load,aegis_bounded_verification_pool,ML-DSA-65,concurrent_verify_burst,workers4_concurrency16,512,39,0,2355833,4968000,9240576,true,accepted=16;saturated=0;unexpected=0,16,16,0,0,3309,0,0,0,0,0,"controlled local burst; wall time includes scoped-thread creation, Aegis policy/transcript processing, bounded-pool admission, primitive verification, and joins; work_units counts accepted verifications only"
local-1786752901640954000,macmini-m2-macos26.5.2-rust1.97.1-aarch64-20260814-workers4,9d3ab807a08ef4cf1077dbc23213e2314ce37c87,MEASURED,1786752902673887000,load,aegis_bounded_verification_pool,ML-DSA-65,concurrent_verify_burst,workers4_concurrency16,512,40,0,2435542,4994000,9256960,true,accepted=16;saturated=0;unexpected=0,16,16,0,0,3309,0,0,0,0,0,"controlled local burst; wall time includes scoped-thread creation, Aegis policy/transcript processing, bounded-pool admission, primitive verification, and joins; work_units counts accepted verifications only"
local-1786752901640954000,macmini-m2-macos26.5.2-rust1.97.1-aarch64-20260814-workers4,9d3ab807a08ef4cf1077dbc23213e2314ce37c87,MEASURED,1786752902681689000,load,aegis_bounded_verification_pool,ML-DSA-65,concurrent_verify_burst,workers4_concurrency16,512,41,0,2434958,4935000,9256960,true,accepted=16;saturated=0;unexpected=0,16,16,0,0,3309,0,0,0,0,0,"controlled local burst; wall time includes scoped-thread creation, Aegis policy/transcript processing, bounded-pool admission, primitive verification, and joins; work_units counts accepted verifications only"
local-1786752901640954000,macmini-m2-macos26.5.2-rust1.97.1-aarch64-20260814-workers4,9d3ab807a08ef4cf1077dbc23213e2314ce37c87,MEASURED,1786752902688541000,load,aegis_bounded_verification_pool,ML-DSA-65,concurrent_verify_burst,workers4_concurrency16,512,42,0,2233167,5127000,9256960,true,accepted=16;saturated=0;unexpected=0,16,16,0,0,3309,0,0,0,0,0,"controlled local burst; wall time includes scoped-thread creation, Aegis policy/transcript processing, bounded-pool admission, primitive verification, and joins; work_units counts accepted verifications only"
local-1786752901640954000,macmini-m2-macos26.5.2-rust1.97.1-aarch64-20260814-workers4,9d3ab807a08ef4cf1077dbc23213e2314ce37c87,MEASURED,1786752902697558000,load,aegis_bounded_verification_pool,ML-DSA-65,concurrent_verify_burst,workers4_concurrency16,512,43,0,2758334,5613000,9256960,true,accepted=16;saturated=0;unexpected=0,16,16,0,0,3309,0,0,0,0,0,"controlled local burst; wall time includes scoped-thread creation, Aegis policy/transcript processing, bounded-pool admission, primitive verification, and joins; work_units counts accepted verifications only"
local-1786752901640954000,macmini-m2-macos26.5.2-rust1.97.1-aarch64-20260814-workers4,9d3ab807a08ef4cf1077dbc23213e2314ce37c87,MEASURED,1786752902706870000,load,aegis_bounded_verification_pool,ML-DSA-65,concurrent_verify_burst,workers4_concurrency16,512,44,0,2401500,4528000,9256960,true,accepted=16;saturated=0;unexpected=0,16,16,0,0,3309,0,0,0,0,0,"controlled local burst; wall time includes scoped-thread creation, Aegis policy/transcript processing, bounded-pool admission, primitive verification, and joins; work_units counts accepted verifications only"
local-1786752901640954000,macmini-m2-macos26.5.2-rust1.97.1-aarch64-20260814-workers4,9d3ab807a08ef4cf1077dbc23213e2314ce37c87,MEASURED,1786752902715291000,load,aegis_bounded_verification_pool,ML-DSA-65,concurrent_verify_burst,workers4_concurrency16,512,45,0,2580208,4924000,9256960,true,accepted=16;saturated=0;unexpected=0,16,16,0,0,3309,0,0,0,0,0,"controlled local burst; wall time includes scoped-thread creation, Aegis policy/transcript processing, bounded-pool admission, primitive verification, and joins; work_units counts accepted verifications only"
local-1786752901640954000,macmini-m2-macos26.5.2-rust1.97.1-aarch64-20260814-workers4,9d3ab807a08ef4cf1077dbc23213e2314ce37c87,MEASURED,1786752902722570000,load,aegis_bounded_verification_pool,ML-DSA-65,concurrent_verify_burst,workers4_concurrency16,512,46,0,2482834,4818000,9256960,true,accepted=16;saturated=0;unexpected=0,16,16,0,0,3309,0,0,0,0,0,"controlled local burst; wall time includes scoped-thread creation, Aegis policy/transcript processing, bounded-pool admission, primitive verification, and joins; work_units counts accepted verifications only"
local-1786752901640954000,macmini-m2-macos26.5.2-rust1.97.1-aarch64-20260814-workers4,9d3ab807a08ef4cf1077dbc23213e2314ce37c87,MEASURED,1786752902731555000,load,aegis_bounded_verification_pool,ML-DSA-65,concurrent_verify_burst,workers4_concurrency16,512,47,0,2629083,5163000,9256960,true,accepted=16;saturated=0;unexpected=0,16,16,0,0,3309,0,0,0,0,0,"controlled local burst; wall time includes scoped-thread creation, Aegis policy/transcript processing, bounded-pool admission, primitive verification, and joins; work_units counts accepted verifications only"
local-1786752901640954000,macmini-m2-macos26.5.2-rust1.97.1-aarch64-20260814-workers4,9d3ab807a08ef4cf1077dbc23213e2314ce37c87,MEASURED,1786752902740911000,load,aegis_bounded_verification_pool,ML-DSA-65,concurrent_verify_burst,workers4_concurrency16,512,48,0,2738583,5166000,9256960,true,accepted=16;saturated=0;unexpected=0,16,16,0,0,3309,0,0,0,0,0,"controlled local burst; wall time includes scoped-thread creation, Aegis policy/transcript processing, bounded-pool admission, primitive verification, and joins; work_units counts accepted verifications only"
local-1786752901640954000,macmini-m2-macos26.5.2-rust1.97.1-aarch64-20260814-workers4,9d3ab807a08ef4cf1077dbc23213e2314ce37c87,MEASURED,1786752902748671000,load,aegis_bounded_verification_pool,ML-DSA-65,concurrent_verify_burst,workers4_concurrency16,512,49,0,2544084,5027000,9256960,true,accepted=16;saturated=0;unexpected=0,16,16,0,0,3309,0,0,0,0,0,"controlled local burst; wall time includes scoped-thread creation, Aegis policy/transcript processing, bounded-pool admission, primitive verification, and joins; work_units counts accepted verifications only"
local-1786752901640954000,macmini-m2-macos26.5.2-rust1.97.1-aarch64-20260814-workers4,9d3ab807a08ef4cf1077dbc23213e2314ce37c87,MEASURED,1786752902757876000,load,aegis_bounded_verification_pool,ML-DSA-65,concurrent_verify_burst,workers4_concurrency16,512,50,0,2547667,5123000,9273344,true,accepted=16;saturated=0;unexpected=0,16,16,0,0,3309,0,0,0,0,0,"controlled local burst; wall time includes scoped-thread creation, Aegis policy/transcript processing, bounded-pool admission, primitive verification, and joins; work_units counts accepted verifications only"
local-1786752901640954000,macmini-m2-macos26.5.2-rust1.97.1-aarch64-20260814-workers4,9d3ab807a08ef4cf1077dbc23213e2314ce37c87,MEASURED,1786752902765539000,load,aegis_bounded_verification_pool,ML-DSA-65,concurrent_verify_burst,workers4_concurrency16,512,51,0,2478792,5130000,9273344,true,accepted=16;saturated=0;unexpected=0,16,16,0,0,3309,0,0,0,0,0,"controlled local burst; wall time includes scoped-thread creation, Aegis policy/transcript processing, bounded-pool admission, primitive verification, and joins; work_units counts accepted verifications only"
local-1786752901640954000,macmini-m2-macos26.5.2-rust1.97.1-aarch64-20260814-workers4,9d3ab807a08ef4cf1077dbc23213e2314ce37c87,MEASURED,1786752902773564000,load,aegis_bounded_verification_pool,ML-DSA-65,concurrent_verify_burst,workers4_concurrency16,512,52,0,2525958,4528000,9289728,true,accepted=16;saturated=0;unexpected=0,16,16,0,0,3309,0,0,0,0,0,"controlled local burst; wall time includes scoped-thread creation, Aegis policy/transcript processing, bounded-pool admission, primitive verification, and joins; work_units counts accepted verifications only"
local-1786752901640954000,macmini-m2-macos26.5.2-rust1.97.1-aarch64-20260814-workers4,9d3ab807a08ef4cf1077dbc23213e2314ce37c87,MEASURED,1786752902782088000,load,aegis_bounded_verification_pool,ML-DSA-65,concurrent_verify_burst,workers4_concurrency16,512,53,0,2493125,4523000,9289728,true,accepted=16;saturated=0;unexpected=0,16,16,0,0,3309,0,0,0,0,0,"controlled local burst; wall time includes scoped-thread creation, Aegis policy/transcript processing, bounded-pool admission, primitive verification, and joins; work_units counts accepted verifications only"
local-1786752901640954000,macmini-m2-macos26.5.2-rust1.97.1-aarch64-20260814-workers4,9d3ab807a08ef4cf1077dbc23213e2314ce37c87,MEASURED,1786752902789483000,load,aegis_bounded_verification_pool,ML-DSA-65,concurrent_verify_burst,workers4_concurrency16,512,54,0,2428417,4627000,9289728,true,accepted=16;saturated=0;unexpected=0,16,16,0,0,3309,0,0,0,0,0,"controlled local burst; wall time includes scoped-thread creation, Aegis policy/transcript processing, bounded-pool admission, primitive verification, and joins; work_units counts accepted verifications only"
local-1786752901640954000,macmini-m2-macos26.5.2-rust1.97.1-aarch64-20260814-workers4,9d3ab807a08ef4cf1077dbc23213e2314ce37c87,MEASURED,1786752902796913000,load,aegis_bounded_verification_pool,ML-DSA-65,concurrent_verify_burst,workers4_concurrency16,512,55,0,2501334,4691000,9289728,true,accepted=16;saturated=0;unexpected=0,16,16,0,0,3309,0,0,0,0,0,"controlled local burst; wall time includes scoped-thread creation, Aegis policy/transcript processing, bounded-pool admission, primitive verification, and joins; work_units counts accepted verifications only"
local-1786752901640954000,macmini-m2-macos26.5.2-rust1.97.1-aarch64-20260814-workers4,9d3ab807a08ef4cf1077dbc23213e2314ce37c87,MEASURED,1786752902805572000,load,aegis_bounded_verification_pool,ML-DSA-65,concurrent_verify_burst,workers4_concurrency16,512,56,0,2678917,4669000,9289728,true,accepted=16;saturated=0;unexpected=0,16,16,0,0,3309,0,0,0,0,0,"controlled local burst; wall time includes scoped-thread creation, Aegis policy/transcript processing, bounded-pool admission, primitive verification, and joins; work_units counts accepted verifications only"
local-1786752901640954000,macmini-m2-macos26.5.2-rust1.97.1-aarch64-20260814-workers4,9d3ab807a08ef4cf1077dbc23213e2314ce37c87,MEASURED,1786752902814339000,load,aegis_bounded_verification_pool,ML-DSA-65,concurrent_verify_burst,workers4_concurrency16,512,57,0,2639291,4860000,9289728,true,accepted=16;saturated=0;unexpected=0,16,16,0,0,3309,0,0,0,0,0,"controlled local burst; wall time includes scoped-thread creation, Aegis policy/transcript processing, bounded-pool admission, primitive verification, and joins; work_units counts accepted verifications only"
local-1786752901640954000,macmini-m2-macos26.5.2-rust1.97.1-aarch64-20260814-workers4,9d3ab807a08ef4cf1077dbc23213e2314ce37c87,MEASURED,1786752902822290000,load,aegis_bounded_verification_pool,ML-DSA-65,concurrent_verify_burst,workers4_concurrency16,512,58,0,2626917,4836000,9289728,true,accepted=16;saturated=0;unexpected=0,16,16,0,0,3309,0,0,0,0,0,"controlled local burst; wall time includes scoped-thread creation, Aegis policy/transcript processing, bounded-pool admission, primitive verification, and joins; work_units counts accepted verifications only"
local-1786752901640954000,macmini-m2-macos26.5.2-rust1.97.1-aarch64-20260814-workers4,9d3ab807a08ef4cf1077dbc23213e2314ce37c87,MEASURED,1786752902829637000,load,aegis_bounded_verification_pool,ML-DSA-65,concurrent_verify_burst,workers4_concurrency16,512,59,0,2550666,4787000,9289728,true,accepted=16;saturated=0;unexpected=0,16,16,0,0,3309,0,0,0,0,0,"controlled local burst; wall time includes scoped-thread creation, Aegis policy/transcript processing, bounded-pool admission, primitive verification, and joins; work_units counts accepted verifications only"
local-1786752901640954000,macmini-m2-macos26.5.2-rust1.97.1-aarch64-20260814-workers4,9d3ab807a08ef4cf1077dbc23213e2314ce37c87,MEASURED,1786752902836878000,load,aegis_bounded_verification_pool,ML-DSA-65,concurrent_verify_burst,workers4_concurrency16,512,60,0,2544583,4957000,9289728,true,accepted=16;saturated=0;unexpected=0,16,16,0,0,3309,0,0,0,0,0,"controlled local burst; wall time includes scoped-thread creation, Aegis policy/transcript processing, bounded-pool admission, primitive verification, and joins; work_units counts accepted verifications only"
local-1786752901640954000,macmini-m2-macos26.5.2-rust1.97.1-aarch64-20260814-workers4,9d3ab807a08ef4cf1077dbc23213e2314ce37c87,MEASURED,1786752902844029000,load,aegis_bounded_verification_pool,ML-DSA-65,concurrent_verify_burst,workers4_concurrency16,512,61,0,2567000,4939000,9289728,true,accepted=16;saturated=0;unexpected=0,16,16,0,0,3309,0,0,0,0,0,"controlled local burst; wall time includes scoped-thread creation, Aegis policy/transcript processing, bounded-pool admission, primitive verification, and joins; work_units counts accepted verifications only"
local-1786752901640954000,macmini-m2-macos26.5.2-rust1.97.1-aarch64-20260814-workers4,9d3ab807a08ef4cf1077dbc23213e2314ce37c87,MEASURED,1786752902852405000,load,aegis_bounded_verification_pool,ML-DSA-65,concurrent_verify_burst,workers4_concurrency16,512,62,0,2568416,4814000,9289728,true,accepted=16;saturated=0;unexpected=0,16,16,0,0,3309,0,0,0,0,0,"controlled local burst; wall time includes scoped-thread creation, Aegis policy/transcript processing, bounded-pool admission, primitive verification, and joins; work_units counts accepted verifications only"
local-1786752901640954000,macmini-m2-macos26.5.2-rust1.97.1-aarch64-20260814-workers4,9d3ab807a08ef4cf1077dbc23213e2314ce37c87,MEASURED,1786752902860388000,load,aegis_bounded_verification_pool,ML-DSA-65,concurrent_verify_burst,workers4_concurrency16,512,63,0,2578333,4812000,9289728,true,accepted=16;saturated=0;unexpected=0,16,16,0,0,3309,0,0,0,0,0,"controlled local burst; wall time includes scoped-thread creation, Aegis policy/transcript processing, bounded-pool admission, primitive verification, and joins; work_units counts accepted verifications only"
local-1786752901640954000,macmini-m2-macos26.5.2-rust1.97.1-aarch64-20260814-workers4,9d3ab807a08ef4cf1077dbc23213e2314ce37c87,MEASURED,1786752902867310000,load,aegis_bounded_verification_pool,ML-DSA-65,concurrent_verify_burst,workers4_concurrency16,512,64,0,2673750,4559000,9289728,true,accepted=16;saturated=0;unexpected=0,16,16,0,0,3309,0,0,0,0,0,"controlled local burst; wall time includes scoped-thread creation, Aegis policy/transcript processing, bounded-pool admission, primitive verification, and joins; work_units counts accepted verifications only"
local-1786752901640954000,macmini-m2-macos26.5.2-rust1.97.1-aarch64-20260814-workers4,9d3ab807a08ef4cf1077dbc23213e2314ce37c87,MEASURED,1786752902874920000,load,aegis_bounded_verification_pool,ML-DSA-65,concurrent_verify_burst,workers4_concurrency16,512,65,0,2733375,4726000,9289728,true,accepted=16;saturated=0;unexpected=0,16,16,0,0,3309,0,0,0,0,0,"controlled local burst; wall time includes scoped-thread creation, Aegis policy/transcript processing, bounded-pool admission, primitive verification, and joins; work_units counts accepted verifications only"
local-1786752901640954000,macmini-m2-macos26.5.2-rust1.97.1-aarch64-20260814-workers4,9d3ab807a08ef4cf1077dbc23213e2314ce37c87,MEASURED,1786752902883728000,load,aegis_bounded_verification_pool,ML-DSA-65,concurrent_verify_burst,workers4_concurrency16,512,66,0,2742541,5127000,9306112,true,accepted=16;saturated=0;unexpected=0,16,16,0,0,3309,0,0,0,0,0,"controlled local burst; wall time includes scoped-thread creation, Aegis policy/transcript processing, bounded-pool admission, primitive verification, and joins; work_units counts accepted verifications only"
local-1786752901640954000,macmini-m2-macos26.5.2-rust1.97.1-aarch64-20260814-workers4,9d3ab807a08ef4cf1077dbc23213e2314ce37c87,MEASURED,1786752902891473000,load,aegis_bounded_verification_pool,ML-DSA-65,concurrent_verify_burst,workers4_concurrency16,512,67,0,2705958,4979000,9306112,true,accepted=16;saturated=0;unexpected=0,16,16,0,0,3309,0,0,0,0,0,"controlled local burst; wall time includes scoped-thread creation, Aegis policy/transcript processing, bounded-pool admission, primitive verification, and joins; work_units counts accepted verifications only"
local-1786752901640954000,macmini-m2-macos26.5.2-rust1.97.1-aarch64-20260814-workers4,9d3ab807a08ef4cf1077dbc23213e2314ce37c87,MEASURED,1786752902899963000,load,aegis_bounded_verification_pool,ML-DSA-65,concurrent_verify_burst,workers4_concurrency16,512,68,0,2667125,5172000,9306112,true,accepted=16;saturated=0;unexpected=0,16,16,0,0,3309,0,0,0,0,0,"controlled local burst; wall time includes scoped-thread creation, Aegis policy/transcript processing, bounded-pool admission, primitive verification, and joins; work_units counts accepted verifications only"
local-1786752901640954000,macmini-m2-macos26.5.2-rust1.97.1-aarch64-20260814-workers4,9d3ab807a08ef4cf1077dbc23213e2314ce37c87,MEASURED,1786752902907276000,load,aegis_bounded_verification_pool,ML-DSA-65,concurrent_verify_burst,workers4_concurrency16,512,69,0,2734333,5157000,9306112,true,accepted=16;saturated=0;unexpected=0,16,16,0,0,3309,0,0,0,0,0,"controlled local burst; wall time includes scoped-thread creation, Aegis policy/transcript processing, bounded-pool admission, primitive verification, and joins; work_units counts accepted verifications only"
local-1786752901640954000,macmini-m2-macos26.5.2-rust1.97.1-aarch64-20260814-workers4,9d3ab807a08ef4cf1077dbc23213e2314ce37c87,MEASURED,1786752902915047000,load,aegis_bounded_verification_pool,ML-DSA-65,concurrent_verify_burst,workers4_concurrency16,512,70,0,2672250,4887000,9322496,true,accepted=16;saturated=0;unexpected=0,16,16,0,0,3309,0,0,0,0,0,"controlled local burst; wall time includes scoped-thread creation, Aegis policy/transcript processing, bounded-pool admission, primitive verification, and joins; work_units counts accepted verifications only"
local-1786752901640954000,macmini-m2-macos26.5.2-rust1.97.1-aarch64-20260814-workers4,9d3ab807a08ef4cf1077dbc23213e2314ce37c87,MEASURED,1786752902923069000,load,aegis_bounded_verification_pool,ML-DSA-65,concurrent_verify_burst,workers4_concurrency16,512,71,0,2813084,5011000,9322496,true,accepted=16;saturated=0;unexpected=0,16,16,0,0,3309,0,0,0,0,0,"controlled local burst; wall time includes scoped-thread creation, Aegis policy/transcript processing, bounded-pool admission, primitive verification, and joins; work_units counts accepted verifications only"
local-1786752901640954000,macmini-m2-macos26.5.2-rust1.97.1-aarch64-20260814-workers4,9d3ab807a08ef4cf1077dbc23213e2314ce37c87,MEASURED,1786752902933670000,load,aegis_bounded_verification_pool,ML-DSA-65,concurrent_verify_burst,workers4_concurrency16,512,72,0,3118875,5302000,9322496,true,accepted=16;saturated=0;unexpected=0,16,16,0,0,3309,0,0,0,0,0,"controlled local burst; wall time includes scoped-thread creation, Aegis policy/transcript processing, bounded-pool admission, primitive verification, and joins; work_units counts accepted verifications only"
local-1786752901640954000,macmini-m2-macos26.5.2-rust1.97.1-aarch64-20260814-workers4,9d3ab807a08ef4cf1077dbc23213e2314ce37c87,MEASURED,1786752902944654000,load,aegis_bounded_verification_pool,ML-DSA-65,concurrent_verify_burst,workers4_concurrency16,512,73,0,3108959,5320000,9322496,true,accepted=16;saturated=0;unexpected=0,16,16,0,0,3309,0,0,0,0,0,"controlled local burst; wall time includes scoped-thread creation, Aegis policy/transcript processing, bounded-pool admission, primitive verification, and joins; work_units counts accepted verifications only"
local-1786752901640954000,macmini-m2-macos26.5.2-rust1.97.1-aarch64-20260814-workers4,9d3ab807a08ef4cf1077dbc23213e2314ce37c87,MEASURED,1786752902953207000,load,aegis_bounded_verification_pool,ML-DSA-65,concurrent_verify_burst,workers4_concurrency16,512,74,0,2877250,5469000,9322496,true,accepted=16;saturated=0;unexpected=0,16,16,0,0,3309,0,0,0,0,0,"controlled local burst; wall time includes scoped-thread creation, Aegis policy/transcript processing, bounded-pool admission, primitive verification, and joins; work_units counts accepted verifications only"
local-1786752901640954000,macmini-m2-macos26.5.2-rust1.97.1-aarch64-20260814-workers4,9d3ab807a08ef4cf1077dbc23213e2314ce37c87,MEASURED,1786752902963181000,load,aegis_bounded_verification_pool,ML-DSA-65,concurrent_verify_burst,workers4_concurrency16,512,75,0,2872917,5075000,9322496,true,accepted=16;saturated=0;unexpected=0,16,16,0,0,3309,0,0,0,0,0,"controlled local burst; wall time includes scoped-thread creation, Aegis policy/transcript processing, bounded-pool admission, primitive verification, and joins; work_units counts accepted verifications only"
local-1786752901640954000,macmini-m2-macos26.5.2-rust1.97.1-aarch64-20260814-workers4,9d3ab807a08ef4cf1077dbc23213e2314ce37c87,MEASURED,1786752902973235000,load,aegis_bounded_verification_pool,ML-DSA-65,concurrent_verify_burst,workers4_concurrency16,512,76,0,3375167,5942000,9322496,true,accepted=16;saturated=0;unexpected=0,16,16,0,0,3309,0,0,0,0,0,"controlled local burst; wall time includes scoped-thread creation, Aegis policy/transcript processing, bounded-pool admission, primitive verification, and joins; work_units counts accepted verifications only"
local-1786752901640954000,macmini-m2-macos26.5.2-rust1.97.1-aarch64-20260814-workers4,9d3ab807a08ef4cf1077dbc23213e2314ce37c87,MEASURED,1786752902982921000,load,aegis_bounded_verification_pool,ML-DSA-65,concurrent_verify_burst,workers4_concurrency16,512,77,0,3057542,5616000,9322496,true,accepted=16;saturated=0;unexpected=0,16,16,0,0,3309,0,0,0,0,0,"controlled local burst; wall time includes scoped-thread creation, Aegis policy/transcript processing, bounded-pool admission, primitive verification, and joins; work_units counts accepted verifications only"
local-1786752901640954000,macmini-m2-macos26.5.2-rust1.97.1-aarch64-20260814-workers4,9d3ab807a08ef4cf1077dbc23213e2314ce37c87,MEASURED,1786752902994795000,load,aegis_bounded_verification_pool,ML-DSA-65,concurrent_verify_burst,workers4_concurrency16,512,78,0,3360375,6032000,9322496,true,accepted=16;saturated=0;unexpected=0,16,16,0,0,3309,0,0,0,0,0,"controlled local burst; wall time includes scoped-thread creation, Aegis policy/transcript processing, bounded-pool admission, primitive verification, and joins; work_units counts accepted verifications only"
local-1786752901640954000,macmini-m2-macos26.5.2-rust1.97.1-aarch64-20260814-workers4,9d3ab807a08ef4cf1077dbc23213e2314ce37c87,MEASURED,1786752903004715000,load,aegis_bounded_verification_pool,ML-DSA-65,concurrent_verify_burst,workers4_concurrency16,512,79,0,2828125,5259000,9322496,true,accepted=16;saturated=0;unexpected=0,16,16,0,0,3309,0,0,0,0,0,"controlled local burst; wall time includes scoped-thread creation, Aegis policy/transcript processing, bounded-pool admission, primitive verification, and joins; work_units counts accepted verifications only"
local-1786752901640954000,macmini-m2-macos26.5.2-rust1.97.1-aarch64-20260814-workers4,9d3ab807a08ef4cf1077dbc23213e2314ce37c87,MEASURED,1786752903014932000,load,aegis_bounded_verification_pool,ML-DSA-65,concurrent_verify_burst,workers4_concurrency16,512,80,0,3869500,6415000,9322496,true,accepted=16;saturated=0;unexpected=0,16,16,0,0,3309,0,0,0,0,0,"controlled local burst; wall time includes scoped-thread creation, Aegis policy/transcript processing, bounded-pool admission, primitive verification, and joins; work_units counts accepted verifications only"
local-1786752901640954000,macmini-m2-macos26.5.2-rust1.97.1-aarch64-20260814-workers4,9d3ab807a08ef4cf1077dbc23213e2314ce37c87,MEASURED,1786752903025651000,load,aegis_bounded_verification_pool,ML-DSA-65,concurrent_verify_burst,workers4_concurrency16,512,81,0,3645541,6611000,9322496,true,accepted=16;saturated=0;unexpected=0,16,16,0,0,3309,0,0,0,0,0,"controlled local burst; wall time includes scoped-thread creation, Aegis policy/transcript processing, bounded-pool admission, primitive verification, and joins; work_units counts accepted verifications only"
local-1786752901640954000,macmini-m2-macos26.5.2-rust1.97.1-aarch64-20260814-workers4,9d3ab807a08ef4cf1077dbc23213e2314ce37c87,MEASURED,1786752903036837000,load,aegis_bounded_verification_pool,ML-DSA-65,concurrent_verify_burst,workers4_concurrency16,512,82,0,3774208,6171000,9338880,true,accepted=16;saturated=0;unexpected=0,16,16,0,0,3309,0,0,0,0,0,"controlled local burst; wall time includes scoped-thread creation, Aegis policy/transcript processing, bounded-pool admission, primitive verification, and joins; work_units counts accepted verifications only"
local-1786752901640954000,macmini-m2-macos26.5.2-rust1.97.1-aarch64-20260814-workers4,9d3ab807a08ef4cf1077dbc23213e2314ce37c87,MEASURED,1786752903045927000,load,aegis_bounded_verification_pool,ML-DSA-65,concurrent_verify_burst,workers4_concurrency16,512,83,0,3021333,5447000,9338880,true,accepted=16;saturated=0;unexpected=0,16,16,0,0,3309,0,0,0,0,0,"controlled local burst; wall time includes scoped-thread creation, Aegis policy/transcript processing, bounded-pool admission, primitive verification, and joins; work_units counts accepted verifications only"
local-1786752901640954000,macmini-m2-macos26.5.2-rust1.97.1-aarch64-20260814-workers4,9d3ab807a08ef4cf1077dbc23213e2314ce37c87,MEASURED,1786752903056079000,load,aegis_bounded_verification_pool,ML-DSA-65,concurrent_verify_burst,workers4_concurrency16,512,84,0,3165959,5358000,9338880,true,accepted=16;saturated=0;unexpected=0,16,16,0,0,3309,0,0,0,0,0,"controlled local burst; wall time includes scoped-thread creation, Aegis policy/transcript processing, bounded-pool admission, primitive verification, and joins; work_units counts accepted verifications only"
local-1786752901640954000,macmini-m2-macos26.5.2-rust1.97.1-aarch64-20260814-workers4,9d3ab807a08ef4cf1077dbc23213e2314ce37c87,MEASURED,1786752903063571000,load,aegis_bounded_verification_pool,ML-DSA-65,concurrent_verify_burst,workers4_concurrency16,512,85,0,3348458,5608000,9338880,true,accepted=16;saturated=0;unexpected=0,16,16,0,0,3309,0,0,0,0,0,"controlled local burst; wall time includes scoped-thread creation, Aegis policy/transcript processing, bounded-pool admission, primitive verification, and joins; work_units counts accepted verifications only"
local-1786752901640954000,macmini-m2-macos26.5.2-rust1.97.1-aarch64-20260814-workers4,9d3ab807a08ef4cf1077dbc23213e2314ce37c87,MEASURED,1786752903072241000,load,aegis_bounded_verification_pool,ML-DSA-65,concurrent_verify_burst,workers4_concurrency16,512,86,0,3040708,5387000,9338880,true,accepted=16;saturated=0;unexpected=0,16,16,0,0,3309,0,0,0,0,0,"controlled local burst; wall time includes scoped-thread creation, Aegis policy/transcript processing, bounded-pool admission, primitive verification, and joins; work_units counts accepted verifications only"
local-1786752901640954000,macmini-m2-macos26.5.2-rust1.97.1-aarch64-20260814-workers4,9d3ab807a08ef4cf1077dbc23213e2314ce37c87,MEASURED,1786752903080853000,load,aegis_bounded_verification_pool,ML-DSA-65,concurrent_verify_burst,workers4_concurrency16,512,87,0,3012250,5411000,9338880,true,accepted=16;saturated=0;unexpected=0,16,16,0,0,3309,0,0,0,0,0,"controlled local burst; wall time includes scoped-thread creation, Aegis policy/transcript processing, bounded-pool admission, primitive verification, and joins; work_units counts accepted verifications only"
local-1786752901640954000,macmini-m2-macos26.5.2-rust1.97.1-aarch64-20260814-workers4,9d3ab807a08ef4cf1077dbc23213e2314ce37c87,MEASURED,1786752903089867000,load,aegis_bounded_verification_pool,ML-DSA-65,concurrent_verify_burst,workers4_concurrency16,512,88,0,3358709,6153000,9338880,true,accepted=16;saturated=0;unexpected=0,16,16,0,0,3309,0,0,0,0,0,"controlled local burst; wall time includes scoped-thread creation, Aegis policy/transcript processing, bounded-pool admission, primitive verification, and joins; work_units counts accepted verifications only"
local-1786752901640954000,macmini-m2-macos26.5.2-rust1.97.1-aarch64-20260814-workers4,9d3ab807a08ef4cf1077dbc23213e2314ce37c87,MEASURED,1786752903099179000,load,aegis_bounded_verification_pool,ML-DSA-65,concurrent_verify_burst,workers4_concurrency16,512,89,0,3112708,5628000,9338880,true,accepted=16;saturated=0;unexpected=0,16,16,0,0,3309,0,0,0,0,0,"controlled local burst; wall time includes scoped-thread creation, Aegis policy/transcript processing, bounded-pool admission, primitive verification, and joins; work_units counts accepted verifications only"
local-1786752901640954000,macmini-m2-macos26.5.2-rust1.97.1-aarch64-20260814-workers4,9d3ab807a08ef4cf1077dbc23213e2314ce37c87,MEASURED,1786752903108269000,load,aegis_bounded_verification_pool,ML-DSA-65,concurrent_verify_burst,workers4_concurrency16,512,90,0,3442125,6563000,9371648,true,accepted=16;saturated=0;unexpected=0,16,16,0,0,3309,0,0,0,0,0,"controlled local burst; wall time includes scoped-thread creation, Aegis policy/transcript processing, bounded-pool admission, primitive verification, and joins; work_units counts accepted verifications only"
local-1786752901640954000,macmini-m2-macos26.5.2-rust1.97.1-aarch64-20260814-workers4,9d3ab807a08ef4cf1077dbc23213e2314ce37c87,MEASURED,1786752903116542000,load,aegis_bounded_verification_pool,ML-DSA-65,concurrent_verify_burst,workers4_concurrency16,512,91,0,3237000,6175000,9371648,true,accepted=16;saturated=0;unexpected=0,16,16,0,0,3309,0,0,0,0,0,"controlled local burst; wall time includes scoped-thread creation, Aegis policy/transcript processing, bounded-pool admission, primitive verification, and joins; work_units counts accepted verifications only"
local-1786752901640954000,macmini-m2-macos26.5.2-rust1.97.1-aarch64-20260814-workers4,9d3ab807a08ef4cf1077dbc23213e2314ce37c87,MEASURED,1786752903127435000,load,aegis_bounded_verification_pool,ML-DSA-65,concurrent_verify_burst,workers4_concurrency16,512,92,0,3114916,5373000,9371648,true,accepted=16;saturated=0;unexpected=0,16,16,0,0,3309,0,0,0,0,0,"controlled local burst; wall time includes scoped-thread creation, Aegis policy/transcript processing, bounded-pool admission, primitive verification, and joins; work_units counts accepted verifications only"
local-1786752901640954000,macmini-m2-macos26.5.2-rust1.97.1-aarch64-20260814-workers4,9d3ab807a08ef4cf1077dbc23213e2314ce37c87,MEASURED,1786752903137879000,load,aegis_bounded_verification_pool,ML-DSA-65,concurrent_verify_burst,workers4_concurrency16,512,93,0,3462375,6076000,9371648,true,accepted=16;saturated=0;unexpected=0,16,16,0,0,3309,0,0,0,0,0,"controlled local burst; wall time includes scoped-thread creation, Aegis policy/transcript processing, bounded-pool admission, primitive verification, and joins; work_units counts accepted verifications only"
local-1786752901640954000,macmini-m2-macos26.5.2-rust1.97.1-aarch64-20260814-workers4,9d3ab807a08ef4cf1077dbc23213e2314ce37c87,MEASURED,1786752903146217000,load,aegis_bounded_verification_pool,ML-DSA-65,concurrent_verify_burst,workers4_concurrency16,512,94,0,3592791,5934000,9371648,true,accepted=16;saturated=0;unexpected=0,16,16,0,0,3309,0,0,0,0,0,"controlled local burst; wall time includes scoped-thread creation, Aegis policy/transcript processing, bounded-pool admission, primitive verification, and joins; work_units counts accepted verifications only"
local-1786752901640954000,macmini-m2-macos26.5.2-rust1.97.1-aarch64-20260814-workers4,9d3ab807a08ef4cf1077dbc23213e2314ce37c87,MEASURED,1786752903155552000,load,aegis_bounded_verification_pool,ML-DSA-65,concurrent_verify_burst,workers4_concurrency16,512,95,0,3280917,5454000,9371648,true,accepted=16;saturated=0;unexpected=0,16,16,0,0,3309,0,0,0,0,0,"controlled local burst; wall time includes scoped-thread creation, Aegis policy/transcript processing, bounded-pool admission, primitive verification, and joins; work_units counts accepted verifications only"
local-1786752901640954000,macmini-m2-macos26.5.2-rust1.97.1-aarch64-20260814-workers4,9d3ab807a08ef4cf1077dbc23213e2314ce37c87,MEASURED,1786752903167185000,load,aegis_bounded_verification_pool,ML-DSA-65,concurrent_verify_burst,workers4_concurrency16,512,96,0,3322625,5877000,9371648,true,accepted=16;saturated=0;unexpected=0,16,16,0,0,3309,0,0,0,0,0,"controlled local burst; wall time includes scoped-thread creation, Aegis policy/transcript processing, bounded-pool admission, primitive verification, and joins; work_units counts accepted verifications only"
local-1786752901640954000,macmini-m2-macos26.5.2-rust1.97.1-aarch64-20260814-workers4,9d3ab807a08ef4cf1077dbc23213e2314ce37c87,MEASURED,1786752903182020000,load,aegis_bounded_verification_pool,ML-DSA-65,concurrent_verify_burst,workers4_concurrency16,512,97,0,3649166,6394000,9371648,true,accepted=16;saturated=0;unexpected=0,16,16,0,0,3309,0,0,0,0,0,"controlled local burst; wall time includes scoped-thread creation, Aegis policy/transcript processing, bounded-pool admission, primitive verification, and joins; work_units counts accepted verifications only"
local-1786752901640954000,macmini-m2-macos26.5.2-rust1.97.1-aarch64-20260814-workers4,9d3ab807a08ef4cf1077dbc23213e2314ce37c87,MEASURED,1786752903190413000,load,aegis_bounded_verification_pool,ML-DSA-65,concurrent_verify_burst,workers4_concurrency16,512,98,0,3335584,5403000,9371648,true,accepted=16;saturated=0;unexpected=0,16,16,0,0,3309,0,0,0,0,0,"controlled local burst; wall time includes scoped-thread creation, Aegis policy/transcript processing, bounded-pool admission, primitive verification, and joins; work_units counts accepted verifications only"
local-1786752901640954000,macmini-m2-macos26.5.2-rust1.97.1-aarch64-20260814-workers4,9d3ab807a08ef4cf1077dbc23213e2314ce37c87,MEASURED,1786752903201445000,load,aegis_bounded_verification_pool,ML-DSA-65,concurrent_verify_burst,workers4_concurrency16,512,99,0,4511667,7185000,9388032,true,accepted=16;saturated=0;unexpected=0,16,16,0,0,3309,0,0,0,0,0,"controlled local burst; wall time includes scoped-thread creation, Aegis policy/transcript processing, bounded-pool admission, primitive verification, and joins; work_units counts accepted verifications only"
local-1786752901640954000,macmini-m2-macos26.5.2-rust1.97.1-aarch64-20260814-workers4,9d3ab807a08ef4cf1077dbc23213e2314ce37c87,MEASURED,1786752903251672000,load,aegis_bounded_verification_pool,ML-DSA-65,concurrent_verify_burst,workers4_concurrency64,512,0,0,14785000,24567000,11255808,true,accepted=64;saturated=0;unexpected=0,64,64,0,0,3309,0,0,0,0,0,"controlled local burst; wall time includes scoped-thread creation, Aegis policy/transcript processing, bounded-pool admission, primitive verification, and joins; work_units counts accepted verifications only"
local-1786752901640954000,macmini-m2-macos26.5.2-rust1.97.1-aarch64-20260814-workers4,9d3ab807a08ef4cf1077dbc23213e2314ce37c87,MEASURED,1786752903293238000,load,aegis_bounded_verification_pool,ML-DSA-65,concurrent_verify_burst,workers4_concurrency64,512,1,0,12893333,24035000,11288576,true,accepted=64;saturated=0;unexpected=0,64,64,0,0,3309,0,0,0,0,0,"controlled local burst; wall time includes scoped-thread creation, Aegis policy/transcript processing, bounded-pool admission, primitive verification, and joins; work_units counts accepted verifications only"
local-1786752901640954000,macmini-m2-macos26.5.2-rust1.97.1-aarch64-20260814-workers4,9d3ab807a08ef4cf1077dbc23213e2314ce37c87,MEASURED,1786752903332278000,load,aegis_bounded_verification_pool,ML-DSA-65,concurrent_verify_burst,workers4_concurrency64,512,2,0,12942541,22254000,11288576,true,accepted=64;saturated=0;unexpected=0,64,64,0,0,3309,0,0,0,0,0,"controlled local burst; wall time includes scoped-thread creation, Aegis policy/transcript processing, bounded-pool admission, primitive verification, and joins; work_units counts accepted verifications only"
local-1786752901640954000,macmini-m2-macos26.5.2-rust1.97.1-aarch64-20260814-workers4,9d3ab807a08ef4cf1077dbc23213e2314ce37c87,MEASURED,1786752903367982000,load,aegis_bounded_verification_pool,ML-DSA-65,concurrent_verify_burst,workers4_concurrency64,512,3,0,13174791,23190000,11288576,true,accepted=64;saturated=0;unexpected=0,64,64,0,0,3309,0,0,0,0,0,"controlled local burst; wall time includes scoped-thread creation, Aegis policy/transcript processing, bounded-pool admission, primitive verification, and joins; work_units counts accepted verifications only"
local-1786752901640954000,macmini-m2-macos26.5.2-rust1.97.1-aarch64-20260814-workers4,9d3ab807a08ef4cf1077dbc23213e2314ce37c87,MEASURED,1786752903408908000,load,aegis_bounded_verification_pool,ML-DSA-65,concurrent_verify_burst,workers4_concurrency64,512,4,0,14525000,26001000,11321344,true,accepted=64;saturated=0;unexpected=0,64,64,0,0,3309,0,0,0,0,0,"controlled local burst; wall time includes scoped-thread creation, Aegis policy/transcript processing, bounded-pool admission, primitive verification, and joins; work_units counts accepted verifications only"
local-1786752901640954000,macmini-m2-macos26.5.2-rust1.97.1-aarch64-20260814-workers4,9d3ab807a08ef4cf1077dbc23213e2314ce37c87,MEASURED,1786752903445434000,load,aegis_bounded_verification_pool,ML-DSA-65,concurrent_verify_burst,workers4_concurrency64,512,5,0,13872667,23279000,11370496,true,accepted=64;saturated=0;unexpected=0,64,64,0,0,3309,0,0,0,0,0,"controlled local burst; wall time includes scoped-thread creation, Aegis policy/transcript processing, bounded-pool admission, primitive verification, and joins; work_units counts accepted verifications only"
local-1786752901640954000,macmini-m2-macos26.5.2-rust1.97.1-aarch64-20260814-workers4,9d3ab807a08ef4cf1077dbc23213e2314ce37c87,MEASURED,1786752903484009000,load,aegis_bounded_verification_pool,ML-DSA-65,concurrent_verify_burst,workers4_concurrency64,512,6,0,13932084,24876000,11370496,true,accepted=64;saturated=0;unexpected=0,64,64,0,0,3309,0,0,0,0,0,"controlled local burst; wall time includes scoped-thread creation, Aegis policy/transcript processing, bounded-pool admission, primitive verification, and joins; work_units counts accepted verifications only"
local-1786752901640954000,macmini-m2-macos26.5.2-rust1.97.1-aarch64-20260814-workers4,9d3ab807a08ef4cf1077dbc23213e2314ce37c87,MEASURED,1786752903519182000,load,aegis_bounded_verification_pool,ML-DSA-65,concurrent_verify_burst,workers4_concurrency64,512,7,0,14301542,24281000,11403264,true,accepted=64;saturated=0;unexpected=0,64,64,0,0,3309,0,0,0,0,0,"controlled local burst; wall time includes scoped-thread creation, Aegis policy/transcript processing, bounded-pool admission, primitive verification, and joins; work_units counts accepted verifications only"
local-1786752901640954000,macmini-m2-macos26.5.2-rust1.97.1-aarch64-20260814-workers4,9d3ab807a08ef4cf1077dbc23213e2314ce37c87,MEASURED,1786752903555732000,load,aegis_bounded_verification_pool,ML-DSA-65,concurrent_verify_burst,workers4_concurrency64,512,8,0,14437083,25128000,11436032,true,accepted=64;saturated=0;unexpected=0,64,64,0,0,3309,0,0,0,0,0,"controlled local burst; wall time includes scoped-thread creation, Aegis policy/transcript processing, bounded-pool admission, primitive verification, and joins; work_units counts accepted verifications only"
local-1786752901640954000,macmini-m2-macos26.5.2-rust1.97.1-aarch64-20260814-workers4,9d3ab807a08ef4cf1077dbc23213e2314ce37c87,MEASURED,1786752903595727000,load,aegis_bounded_verification_pool,ML-DSA-65,concurrent_verify_burst,workers4_concurrency64,512,9,0,14559333,25020000,11436032,true,accepted=64;saturated=0;unexpected=0,64,64,0,0,3309,0,0,0,0,0,"controlled local burst; wall time includes scoped-thread creation, Aegis policy/transcript processing, bounded-pool admission, primitive verification, and joins; work_units counts accepted verifications only"
local-1786752901640954000,macmini-m2-macos26.5.2-rust1.97.1-aarch64-20260814-workers4,9d3ab807a08ef4cf1077dbc23213e2314ce37c87,MEASURED,1786752903634690000,load,aegis_bounded_verification_pool,ML-DSA-65,concurrent_verify_burst,workers4_concurrency64,512,10,0,14971708,24600000,11452416,true,accepted=64;saturated=0;unexpected=0,64,64,0,0,3309,0,0,0,0,0,"controlled local burst; wall time includes scoped-thread creation, Aegis policy/transcript processing, bounded-pool admission, primitive verification, and joins; work_units counts accepted verifications only"
local-1786752901640954000,macmini-m2-macos26.5.2-rust1.97.1-aarch64-20260814-workers4,9d3ab807a08ef4cf1077dbc23213e2314ce37c87,MEASURED,1786752903674765000,load,aegis_bounded_verification_pool,ML-DSA-65,concurrent_verify_burst,workers4_concurrency64,512,11,0,15400583,24602000,11452416,true,accepted=64;saturated=0;unexpected=0,64,64,0,0,3309,0,0,0,0,0,"controlled local burst; wall time includes scoped-thread creation, Aegis policy/transcript processing, bounded-pool admission, primitive verification, and joins; work_units counts accepted verifications only"
local-1786752901640954000,macmini-m2-macos26.5.2-rust1.97.1-aarch64-20260814-workers4,9d3ab807a08ef4cf1077dbc23213e2314ce37c87,MEASURED,1786752903713661000,load,aegis_bounded_verification_pool,ML-DSA-65,concurrent_verify_burst,workers4_concurrency64,512,12,0,15889000,26025000,11452416,true,accepted=64;saturated=0;unexpected=0,64,64,0,0,3309,0,0,0,0,0,"controlled local burst; wall time includes scoped-thread creation, Aegis policy/transcript processing, bounded-pool admission, primitive verification, and joins; work_units counts accepted verifications only"
local-1786752901640954000,macmini-m2-macos26.5.2-rust1.97.1-aarch64-20260814-workers4,9d3ab807a08ef4cf1077dbc23213e2314ce37c87,MEASURED,1786752903755837000,load,aegis_bounded_verification_pool,ML-DSA-65,concurrent_verify_burst,workers4_concurrency64,512,13,0,15770208,24945000,11468800,true,accepted=64;saturated=0;unexpected=0,64,64,0,0,3309,0,0,0,0,0,"controlled local burst; wall time includes scoped-thread creation, Aegis policy/transcript processing, bounded-pool admission, primitive verification, and joins; work_units counts accepted verifications only"
local-1786752901640954000,macmini-m2-macos26.5.2-rust1.97.1-aarch64-20260814-workers4,9d3ab807a08ef4cf1077dbc23213e2314ce37c87,MEASURED,1786752903796759000,load,aegis_bounded_verification_pool,ML-DSA-65,concurrent_verify_burst,workers4_concurrency64,512,14,0,15801959,25582000,11468800,true,accepted=64;saturated=0;unexpected=0,64,64,0,0,3309,0,0,0,0,0,"controlled local burst; wall time includes scoped-thread creation, Aegis policy/transcript processing, bounded-pool admission, primitive verification, and joins; work_units counts accepted verifications only"
local-1786752901640954000,macmini-m2-macos26.5.2-rust1.97.1-aarch64-20260814-workers4,9d3ab807a08ef4cf1077dbc23213e2314ce37c87,MEASURED,1786752903835737000,load,aegis_bounded_verification_pool,ML-DSA-65,concurrent_verify_burst,workers4_concurrency64,512,15,0,16258209,27713000,11501568,true,accepted=64;saturated=0;unexpected=0,64,64,0,0,3309,0,0,0,0,0,"controlled local burst; wall time includes scoped-thread creation, Aegis policy/transcript processing, bounded-pool admission, primitive verification, and joins; work_units counts accepted verifications only"
local-1786752901640954000,macmini-m2-macos26.5.2-rust1.97.1-aarch64-20260814-workers4,9d3ab807a08ef4cf1077dbc23213e2314ce37c87,MEASURED,1786752903878350000,load,aegis_bounded_verification_pool,ML-DSA-65,concurrent_verify_burst,workers4_concurrency64,512,16,0,16571833,26469000,11517952,true,accepted=64;saturated=0;unexpected=0,64,64,0,0,3309,0,0,0,0,0,"controlled local burst; wall time includes scoped-thread creation, Aegis policy/transcript processing, bounded-pool admission, primitive verification, and joins; work_units counts accepted verifications only"
local-1786752901640954000,macmini-m2-macos26.5.2-rust1.97.1-aarch64-20260814-workers4,9d3ab807a08ef4cf1077dbc23213e2314ce37c87,MEASURED,1786752903917041000,load,aegis_bounded_verification_pool,ML-DSA-65,concurrent_verify_burst,workers4_concurrency64,512,17,0,16535834,27125000,11534336,true,accepted=64;saturated=0;unexpected=0,64,64,0,0,3309,0,0,0,0,0,"controlled local burst; wall time includes scoped-thread creation, Aegis policy/transcript processing, bounded-pool admission, primitive verification, and joins; work_units counts accepted verifications only"
local-1786752901640954000,macmini-m2-macos26.5.2-rust1.97.1-aarch64-20260814-workers4,9d3ab807a08ef4cf1077dbc23213e2314ce37c87,MEASURED,1786752903953077000,load,aegis_bounded_verification_pool,ML-DSA-65,concurrent_verify_burst,workers4_concurrency64,512,18,0,16631500,27673000,11534336,true,accepted=64;saturated=0;unexpected=0,64,64,0,0,3309,0,0,0,0,0,"controlled local burst; wall time includes scoped-thread creation, Aegis policy/transcript processing, bounded-pool admission, primitive verification, and joins; work_units counts accepted verifications only"
local-1786752901640954000,macmini-m2-macos26.5.2-rust1.97.1-aarch64-20260814-workers4,9d3ab807a08ef4cf1077dbc23213e2314ce37c87,MEASURED,1786752903996181000,load,aegis_bounded_verification_pool,ML-DSA-65,concurrent_verify_burst,workers4_concurrency64,512,19,0,16419959,26841000,11550720,true,accepted=64;saturated=0;unexpected=0,64,64,0,0,3309,0,0,0,0,0,"controlled local burst; wall time includes scoped-thread creation, Aegis policy/transcript processing, bounded-pool admission, primitive verification, and joins; work_units counts accepted verifications only"
local-1786752901640954000,macmini-m2-macos26.5.2-rust1.97.1-aarch64-20260814-workers4,9d3ab807a08ef4cf1077dbc23213e2314ce37c87,MEASURED,1786752904035822000,load,aegis_bounded_verification_pool,ML-DSA-65,concurrent_verify_burst,workers4_concurrency64,512,20,0,16633666,27273000,11567104,true,accepted=64;saturated=0;unexpected=0,64,64,0,0,3309,0,0,0,0,0,"controlled local burst; wall time includes scoped-thread creation, Aegis policy/transcript processing, bounded-pool admission, primitive verification, and joins; work_units counts accepted verifications only"
local-1786752901640954000,macmini-m2-macos26.5.2-rust1.97.1-aarch64-20260814-workers4,9d3ab807a08ef4cf1077dbc23213e2314ce37c87,MEASURED,1786752904077399000,load,aegis_bounded_verification_pool,ML-DSA-65,concurrent_verify_burst,workers4_concurrency64,512,21,0,16291708,27245000,11567104,true,accepted=64;saturated=0;unexpected=0,64,64,0,0,3309,0,0,0,0,0,"controlled local burst; wall time includes scoped-thread creation, Aegis policy/transcript processing, bounded-pool admission, primitive verification, and joins; work_units counts accepted verifications only"
local-1786752901640954000,macmini-m2-macos26.5.2-rust1.97.1-aarch64-20260814-workers4,9d3ab807a08ef4cf1077dbc23213e2314ce37c87,MEASURED,1786752904115337000,load,aegis_bounded_verification_pool,ML-DSA-65,concurrent_verify_burst,workers4_concurrency64,512,22,0,15788833,25445000,11583488,true,accepted=64;saturated=0;unexpected=0,64,64,0,0,3309,0,0,0,0,0,"controlled local burst; wall time includes scoped-thread creation, Aegis policy/transcript processing, bounded-pool admission, primitive verification, and joins; work_units counts accepted verifications only"
local-1786752901640954000,macmini-m2-macos26.5.2-rust1.97.1-aarch64-20260814-workers4,9d3ab807a08ef4cf1077dbc23213e2314ce37c87,MEASURED,1786752904152400000,load,aegis_bounded_verification_pool,ML-DSA-65,concurrent_verify_burst,workers4_concurrency64,512,23,0,16476708,25892000,11616256,true,accepted=64;saturated=0;unexpected=0,64,64,0,0,3309,0,0,0,0,0,"controlled local burst; wall time includes scoped-thread creation, Aegis policy/transcript processing, bounded-pool admission, primitive verification, and joins; work_units counts accepted verifications only"
local-1786752901640954000,macmini-m2-macos26.5.2-rust1.97.1-aarch64-20260814-workers4,9d3ab807a08ef4cf1077dbc23213e2314ce37c87,MEASURED,1786752904192405000,load,aegis_bounded_verification_pool,ML-DSA-65,concurrent_verify_burst,workers4_concurrency64,512,24,0,16674959,25864000,11616256,true,accepted=64;saturated=0;unexpected=0,64,64,0,0,3309,0,0,0,0,0,"controlled local burst; wall time includes scoped-thread creation, Aegis policy/transcript processing, bounded-pool admission, primitive verification, and joins; work_units counts accepted verifications only"
local-1786752901640954000,macmini-m2-macos26.5.2-rust1.97.1-aarch64-20260814-workers4,9d3ab807a08ef4cf1077dbc23213e2314ce37c87,MEASURED,1786752904232746000,load,aegis_bounded_verification_pool,ML-DSA-65,concurrent_verify_burst,workers4_concurrency64,512,25,0,16963709,27348000,11616256,true,accepted=64;saturated=0;unexpected=0,64,64,0,0,3309,0,0,0,0,0,"controlled local burst; wall time includes scoped-thread creation, Aegis policy/transcript processing, bounded-pool admission, primitive verification, and joins; work_units counts accepted verifications only"
local-1786752901640954000,macmini-m2-macos26.5.2-rust1.97.1-aarch64-20260814-workers4,9d3ab807a08ef4cf1077dbc23213e2314ce37c87,MEASURED,1786752904275485000,load,aegis_bounded_verification_pool,ML-DSA-65,concurrent_verify_burst,workers4_concurrency64,512,26,0,17468042,27852000,11616256,true,accepted=64;saturated=0;unexpected=0,64,64,0,0,3309,0,0,0,0,0,"controlled local burst; wall time includes scoped-thread creation, Aegis policy/transcript processing, bounded-pool admission, primitive verification, and joins; work_units counts accepted verifications only"
local-1786752901640954000,macmini-m2-macos26.5.2-rust1.97.1-aarch64-20260814-workers4,9d3ab807a08ef4cf1077dbc23213e2314ce37c87,MEASURED,1786752904318179000,load,aegis_bounded_verification_pool,ML-DSA-65,concurrent_verify_burst,workers4_concurrency64,512,27,0,17414583,28204000,11616256,true,accepted=64;saturated=0;unexpected=0,64,64,0,0,3309,0,0,0,0,0,"controlled local burst; wall time includes scoped-thread creation, Aegis policy/transcript processing, bounded-pool admission, primitive verification, and joins; work_units counts accepted verifications only"
local-1786752901640954000,macmini-m2-macos26.5.2-rust1.97.1-aarch64-20260814-workers4,9d3ab807a08ef4cf1077dbc23213e2314ce37c87,MEASURED,1786752904359087000,load,aegis_bounded_verification_pool,ML-DSA-65,concurrent_verify_burst,workers4_concurrency64,512,28,0,17589917,28704000,11616256,true,accepted=64;saturated=0;unexpected=0,64,64,0,0,3309,0,0,0,0,0,"controlled local burst; wall time includes scoped-thread creation, Aegis policy/transcript processing, bounded-pool admission, primitive verification, and joins; work_units counts accepted verifications only"
local-1786752901640954000,macmini-m2-macos26.5.2-rust1.97.1-aarch64-20260814-workers4,9d3ab807a08ef4cf1077dbc23213e2314ce37c87,MEASURED,1786752904403304000,load,aegis_bounded_verification_pool,ML-DSA-65,concurrent_verify_burst,workers4_concurrency64,512,29,0,17052917,27532000,11616256,true,accepted=64;saturated=0;unexpected=0,64,64,0,0,3309,0,0,0,0,0,"controlled local burst; wall time includes scoped-thread creation, Aegis policy/transcript processing, bounded-pool admission, primitive verification, and joins; work_units counts accepted verifications only"
local-1786752901640954000,macmini-m2-macos26.5.2-rust1.97.1-aarch64-20260814-workers4,9d3ab807a08ef4cf1077dbc23213e2314ce37c87,MEASURED,1786752904448299000,load,aegis_bounded_verification_pool,ML-DSA-65,concurrent_verify_burst,workers4_concurrency64,512,30,0,16773666,27071000,11616256,true,accepted=64;saturated=0;unexpected=0,64,64,0,0,3309,0,0,0,0,0,"controlled local burst; wall time includes scoped-thread creation, Aegis policy/transcript processing, bounded-pool admission, primitive verification, and joins; work_units counts accepted verifications only"
local-1786752901640954000,macmini-m2-macos26.5.2-rust1.97.1-aarch64-20260814-workers4,9d3ab807a08ef4cf1077dbc23213e2314ce37c87,MEASURED,1786752904488422000,load,aegis_bounded_verification_pool,ML-DSA-65,concurrent_verify_burst,workers4_concurrency64,512,31,0,16358708,26452000,11616256,true,accepted=64;saturated=0;unexpected=0,64,64,0,0,3309,0,0,0,0,0,"controlled local burst; wall time includes scoped-thread creation, Aegis policy/transcript processing, bounded-pool admission, primitive verification, and joins; work_units counts accepted verifications only"
local-1786752901640954000,macmini-m2-macos26.5.2-rust1.97.1-aarch64-20260814-workers4,9d3ab807a08ef4cf1077dbc23213e2314ce37c87,MEASURED,1786752904526344000,load,aegis_bounded_verification_pool,ML-DSA-65,concurrent_verify_burst,workers4_concurrency64,512,32,0,16505458,25773000,11616256,true,accepted=64;saturated=0;unexpected=0,64,64,0,0,3309,0,0,0,0,0,"controlled local burst; wall time includes scoped-thread creation, Aegis policy/transcript processing, bounded-pool admission, primitive verification, and joins; work_units counts accepted verifications only"
local-1786752901640954000,macmini-m2-macos26.5.2-rust1.97.1-aarch64-20260814-workers4,9d3ab807a08ef4cf1077dbc23213e2314ce37c87,MEASURED,1786752904565107000,load,aegis_bounded_verification_pool,ML-DSA-65,concurrent_verify_burst,workers4_concurrency64,512,33,0,16317459,26930000,11616256,true,accepted=64;saturated=0;unexpected=0,64,64,0,0,3309,0,0,0,0,0,"controlled local burst; wall time includes scoped-thread creation, Aegis policy/transcript processing, bounded-pool admission, primitive verification, and joins; work_units counts accepted verifications only"
local-1786752901640954000,macmini-m2-macos26.5.2-rust1.97.1-aarch64-20260814-workers4,9d3ab807a08ef4cf1077dbc23213e2314ce37c87,MEASURED,1786752904606243000,load,aegis_bounded_verification_pool,ML-DSA-65,concurrent_verify_burst,workers4_concurrency64,512,34,0,16417125,25886000,11616256,true,accepted=64;saturated=0;unexpected=0,64,64,0,0,3309,0,0,0,0,0,"controlled local burst; wall time includes scoped-thread creation, Aegis policy/transcript processing, bounded-pool admission, primitive verification, and joins; work_units counts accepted verifications only"
local-1786752901640954000,macmini-m2-macos26.5.2-rust1.97.1-aarch64-20260814-workers4,9d3ab807a08ef4cf1077dbc23213e2314ce37c87,MEASURED,1786752904645965000,load,aegis_bounded_verification_pool,ML-DSA-65,concurrent_verify_burst,workers4_concurrency64,512,35,0,16206834,25751000,11616256,true,accepted=64;saturated=0;unexpected=0,64,64,0,0,3309,0,0,0,0,0,"controlled local burst; wall time includes scoped-thread creation, Aegis policy/transcript processing, bounded-pool admission, primitive verification, and joins; work_units counts accepted verifications only"
local-1786752901640954000,macmini-m2-macos26.5.2-rust1.97.1-aarch64-20260814-workers4,9d3ab807a08ef4cf1077dbc23213e2314ce37c87,MEASURED,1786752904687332000,load,aegis_bounded_verification_pool,ML-DSA-65,concurrent_verify_burst,workers4_concurrency64,512,36,0,16305167,25565000,11616256,true,accepted=64;saturated=0;unexpected=0,64,64,0,0,3309,0,0,0,0,0,"controlled local burst; wall time includes scoped-thread creation, Aegis policy/transcript processing, bounded-pool admission, primitive verification, and joins; work_units counts accepted verifications only"
local-1786752901640954000,macmini-m2-macos26.5.2-rust1.97.1-aarch64-20260814-workers4,9d3ab807a08ef4cf1077dbc23213e2314ce37c87,MEASURED,1786752904724356000,load,aegis_bounded_verification_pool,ML-DSA-65,concurrent_verify_burst,workers4_concurrency64,512,37,0,16048833,25929000,11616256,true,accepted=64;saturated=0;unexpected=0,64,64,0,0,3309,0,0,0,0,0,"controlled local burst; wall time includes scoped-thread creation, Aegis policy/transcript processing, bounded-pool admission, primitive verification, and joins; work_units counts accepted verifications only"
local-1786752901640954000,macmini-m2-macos26.5.2-rust1.97.1-aarch64-20260814-workers4,9d3ab807a08ef4cf1077dbc23213e2314ce37c87,MEASURED,1786752904762775000,load,aegis_bounded_verification_pool,ML-DSA-65,concurrent_verify_burst,workers4_concurrency64,512,38,0,16370375,25363000,11616256,true,accepted=64;saturated=0;unexpected=0,64,64,0,0,3309,0,0,0,0,0,"controlled local burst; wall time includes scoped-thread creation, Aegis policy/transcript processing, bounded-pool admission, primitive verification, and joins; work_units counts accepted verifications only"
local-1786752901640954000,macmini-m2-macos26.5.2-rust1.97.1-aarch64-20260814-workers4,9d3ab807a08ef4cf1077dbc23213e2314ce37c87,MEASURED,1786752904800644000,load,aegis_bounded_verification_pool,ML-DSA-65,concurrent_verify_burst,workers4_concurrency64,512,39,0,16427875,27474000,11616256,true,accepted=64;saturated=0;unexpected=0,64,64,0,0,3309,0,0,0,0,0,"controlled local burst; wall time includes scoped-thread creation, Aegis policy/transcript processing, bounded-pool admission, primitive verification, and joins; work_units counts accepted verifications only"
local-1786752901640954000,macmini-m2-macos26.5.2-rust1.97.1-aarch64-20260814-workers4,9d3ab807a08ef4cf1077dbc23213e2314ce37c87,MEASURED,1786752904837867000,load,aegis_bounded_verification_pool,ML-DSA-65,concurrent_verify_burst,workers4_concurrency64,512,40,0,16709250,27488000,11632640,true,accepted=64;saturated=0;unexpected=0,64,64,0,0,3309,0,0,0,0,0,"controlled local burst; wall time includes scoped-thread creation, Aegis policy/transcript processing, bounded-pool admission, primitive verification, and joins; work_units counts accepted verifications only"
local-1786752901640954000,macmini-m2-macos26.5.2-rust1.97.1-aarch64-20260814-workers4,9d3ab807a08ef4cf1077dbc23213e2314ce37c87,MEASURED,1786752904882646000,load,aegis_bounded_verification_pool,ML-DSA-65,concurrent_verify_burst,workers4_concurrency64,512,41,0,16290750,26184000,11632640,true,accepted=64;saturated=0;unexpected=0,64,64,0,0,3309,0,0,0,0,0,"controlled local burst; wall time includes scoped-thread creation, Aegis policy/transcript processing, bounded-pool admission, primitive verification, and joins; work_units counts accepted verifications only"
local-1786752901640954000,macmini-m2-macos26.5.2-rust1.97.1-aarch64-20260814-workers4,9d3ab807a08ef4cf1077dbc23213e2314ce37c87,MEASURED,1786752904923119000,load,aegis_bounded_verification_pool,ML-DSA-65,concurrent_verify_burst,workers4_concurrency64,512,42,0,18575125,26739000,11632640,true,accepted=64;saturated=0;unexpected=0,64,64,0,0,3309,0,0,0,0,0,"controlled local burst; wall time includes scoped-thread creation, Aegis policy/transcript processing, bounded-pool admission, primitive verification, and joins; work_units counts accepted verifications only"
local-1786752901640954000,macmini-m2-macos26.5.2-rust1.97.1-aarch64-20260814-workers4,9d3ab807a08ef4cf1077dbc23213e2314ce37c87,MEASURED,1786752904964403000,load,aegis_bounded_verification_pool,ML-DSA-65,concurrent_verify_burst,workers4_concurrency64,512,43,0,16606000,25965000,11632640,true,accepted=64;saturated=0;unexpected=0,64,64,0,0,3309,0,0,0,0,0,"controlled local burst; wall time includes scoped-thread creation, Aegis policy/transcript processing, bounded-pool admission, primitive verification, and joins; work_units counts accepted verifications only"
local-1786752901640954000,macmini-m2-macos26.5.2-rust1.97.1-aarch64-20260814-workers4,9d3ab807a08ef4cf1077dbc23213e2314ce37c87,MEASURED,1786752905006401000,load,aegis_bounded_verification_pool,ML-DSA-65,concurrent_verify_burst,workers4_concurrency64,512,44,0,16542916,25893000,11632640,true,accepted=64;saturated=0;unexpected=0,64,64,0,0,3309,0,0,0,0,0,"controlled local burst; wall time includes scoped-thread creation, Aegis policy/transcript processing, bounded-pool admission, primitive verification, and joins; work_units counts accepted verifications only"
local-1786752901640954000,macmini-m2-macos26.5.2-rust1.97.1-aarch64-20260814-workers4,9d3ab807a08ef4cf1077dbc23213e2314ce37c87,MEASURED,1786752905051115000,load,aegis_bounded_verification_pool,ML-DSA-65,concurrent_verify_burst,workers4_concurrency64,512,45,0,17659625,28817000,11632640,true,accepted=64;saturated=0;unexpected=0,64,64,0,0,3309,0,0,0,0,0,"controlled local burst; wall time includes scoped-thread creation, Aegis policy/transcript processing, bounded-pool admission, primitive verification, and joins; work_units counts accepted verifications only"
local-1786752901640954000,macmini-m2-macos26.5.2-rust1.97.1-aarch64-20260814-workers4,9d3ab807a08ef4cf1077dbc23213e2314ce37c87,MEASURED,1786752905096051000,load,aegis_bounded_verification_pool,ML-DSA-65,concurrent_verify_burst,workers4_concurrency64,512,46,0,17619417,26563000,11649024,true,accepted=64;saturated=0;unexpected=0,64,64,0,0,3309,0,0,0,0,0,"controlled local burst; wall time includes scoped-thread creation, Aegis policy/transcript processing, bounded-pool admission, primitive verification, and joins; work_units counts accepted verifications only"
local-1786752901640954000,macmini-m2-macos26.5.2-rust1.97.1-aarch64-20260814-workers4,9d3ab807a08ef4cf1077dbc23213e2314ce37c87,MEASURED,1786752905139187000,load,aegis_bounded_verification_pool,ML-DSA-65,concurrent_verify_burst,workers4_concurrency64,512,47,0,17145667,27541000,11649024,true,accepted=64;saturated=0;unexpected=0,64,64,0,0,3309,0,0,0,0,0,"controlled local burst; wall time includes scoped-thread creation, Aegis policy/transcript processing, bounded-pool admission, primitive verification, and joins; work_units counts accepted verifications only"
local-1786752901640954000,macmini-m2-macos26.5.2-rust1.97.1-aarch64-20260814-workers4,9d3ab807a08ef4cf1077dbc23213e2314ce37c87,MEASURED,1786752905181228000,load,aegis_bounded_verification_pool,ML-DSA-65,concurrent_verify_burst,workers4_concurrency64,512,48,0,16963791,26695000,11649024,true,accepted=64;saturated=0;unexpected=0,64,64,0,0,3309,0,0,0,0,0,"controlled local burst; wall time includes scoped-thread creation, Aegis policy/transcript processing, bounded-pool admission, primitive verification, and joins; work_units counts accepted verifications only"
local-1786752901640954000,macmini-m2-macos26.5.2-rust1.97.1-aarch64-20260814-workers4,9d3ab807a08ef4cf1077dbc23213e2314ce37c87,MEASURED,1786752905220315000,load,aegis_bounded_verification_pool,ML-DSA-65,concurrent_verify_burst,workers4_concurrency64,512,49,0,16883833,26698000,11649024,true,accepted=64;saturated=0;unexpected=0,64,64,0,0,3309,0,0,0,0,0,"controlled local burst; wall time includes scoped-thread creation, Aegis policy/transcript processing, bounded-pool admission, primitive verification, and joins; work_units counts accepted verifications only"
local-1786752901640954000,macmini-m2-macos26.5.2-rust1.97.1-aarch64-20260814-workers4,9d3ab807a08ef4cf1077dbc23213e2314ce37c87,MEASURED,1786752905258401000,load,aegis_bounded_verification_pool,ML-DSA-65,concurrent_verify_burst,workers4_concurrency64,512,50,0,16775500,25754000,11649024,true,accepted=64;saturated=0;unexpected=0,64,64,0,0,3309,0,0,0,0,0,"controlled local burst; wall time includes scoped-thread creation, Aegis policy/transcript processing, bounded-pool admission, primitive verification, and joins; work_units counts accepted verifications only"
local-1786752901640954000,macmini-m2-macos26.5.2-rust1.97.1-aarch64-20260814-workers4,9d3ab807a08ef4cf1077dbc23213e2314ce37c87,MEASURED,1786752905295939000,load,aegis_bounded_verification_pool,ML-DSA-65,concurrent_verify_burst,workers4_concurrency64,512,51,0,16513167,26059000,11649024,true,accepted=64;saturated=0;unexpected=0,64,64,0,0,3309,0,0,0,0,0,"controlled local burst; wall time includes scoped-thread creation, Aegis policy/transcript processing, bounded-pool admission, primitive verification, and joins; work_units counts accepted verifications only"
local-1786752901640954000,macmini-m2-macos26.5.2-rust1.97.1-aarch64-20260814-workers4,9d3ab807a08ef4cf1077dbc23213e2314ce37c87,MEASURED,1786752905335663000,load,aegis_bounded_verification_pool,ML-DSA-65,concurrent_verify_burst,workers4_concurrency64,512,52,0,16412167,27374000,11649024,true,accepted=64;saturated=0;unexpected=0,64,64,0,0,3309,0,0,0,0,0,"controlled local burst; wall time includes scoped-thread creation, Aegis policy/transcript processing, bounded-pool admission, primitive verification, and joins; work_units counts accepted verifications only"
local-1786752901640954000,macmini-m2-macos26.5.2-rust1.97.1-aarch64-20260814-workers4,9d3ab807a08ef4cf1077dbc23213e2314ce37c87,MEASURED,1786752905380125000,load,aegis_bounded_verification_pool,ML-DSA-65,concurrent_verify_burst,workers4_concurrency64,512,53,0,16506291,26308000,11649024,true,accepted=64;saturated=0;unexpected=0,64,64,0,0,3309,0,0,0,0,0,"controlled local burst; wall time includes scoped-thread creation, Aegis policy/transcript processing, bounded-pool admission, primitive verification, and joins; work_units counts accepted verifications only"
local-1786752901640954000,macmini-m2-macos26.5.2-rust1.97.1-aarch64-20260814-workers4,9d3ab807a08ef4cf1077dbc23213e2314ce37c87,MEASURED,1786752905419774000,load,aegis_bounded_verification_pool,ML-DSA-65,concurrent_verify_burst,workers4_concurrency64,512,54,0,16680916,27316000,11649024,true,accepted=64;saturated=0;unexpected=0,64,64,0,0,3309,0,0,0,0,0,"controlled local burst; wall time includes scoped-thread creation, Aegis policy/transcript processing, bounded-pool admission, primitive verification, and joins; work_units counts accepted verifications only"
local-1786752901640954000,macmini-m2-macos26.5.2-rust1.97.1-aarch64-20260814-workers4,9d3ab807a08ef4cf1077dbc23213e2314ce37c87,MEASURED,1786752905458990000,load,aegis_bounded_verification_pool,ML-DSA-65,concurrent_verify_burst,workers4_concurrency64,512,55,0,16816417,26698000,11649024,true,accepted=64;saturated=0;unexpected=0,64,64,0,0,3309,0,0,0,0,0,"controlled local burst; wall time includes scoped-thread creation, Aegis policy/transcript processing, bounded-pool admission, primitive verification, and joins; work_units counts accepted verifications only"
local-1786752901640954000,macmini-m2-macos26.5.2-rust1.97.1-aarch64-20260814-workers4,9d3ab807a08ef4cf1077dbc23213e2314ce37c87,MEASURED,1786752905504555000,load,aegis_bounded_verification_pool,ML-DSA-65,concurrent_verify_burst,workers4_concurrency64,512,56,0,17465083,28948000,11698176,true,accepted=64;saturated=0;unexpected=0,64,64,0,0,3309,0,0,0,0,0,"controlled local burst; wall time includes scoped-thread creation, Aegis policy/transcript processing, bounded-pool admission, primitive verification, and joins; work_units counts accepted verifications only"
local-1786752901640954000,macmini-m2-macos26.5.2-rust1.97.1-aarch64-20260814-workers4,9d3ab807a08ef4cf1077dbc23213e2314ce37c87,MEASURED,1786752905543554000,load,aegis_bounded_verification_pool,ML-DSA-65,concurrent_verify_burst,workers4_concurrency64,512,57,0,17005792,27302000,11698176,true,accepted=64;saturated=0;unexpected=0,64,64,0,0,3309,0,0,0,0,0,"controlled local burst; wall time includes scoped-thread creation, Aegis policy/transcript processing, bounded-pool admission, primitive verification, and joins; work_units counts accepted verifications only"
local-1786752901640954000,macmini-m2-macos26.5.2-rust1.97.1-aarch64-20260814-workers4,9d3ab807a08ef4cf1077dbc23213e2314ce37c87,MEASURED,1786752905583821000,load,aegis_bounded_verification_pool,ML-DSA-65,concurrent_verify_burst,workers4_concurrency64,512,58,0,17172167,27815000,11698176,true,accepted=64;saturated=0;unexpected=0,64,64,0,0,3309,0,0,0,0,0,"controlled local burst; wall time includes scoped-thread creation, Aegis policy/transcript processing, bounded-pool admission, primitive verification, and joins; work_units counts accepted verifications only"
local-1786752901640954000,macmini-m2-macos26.5.2-rust1.97.1-aarch64-20260814-workers4,9d3ab807a08ef4cf1077dbc23213e2314ce37c87,MEASURED,1786752905626732000,load,aegis_bounded_verification_pool,ML-DSA-65,concurrent_verify_burst,workers4_concurrency64,512,59,0,16650292,26692000,11698176,true,accepted=64;saturated=0;unexpected=0,64,64,0,0,3309,0,0,0,0,0,"controlled local burst; wall time includes scoped-thread creation, Aegis policy/transcript processing, bounded-pool admission, primitive verification, and joins; work_units counts accepted verifications only"
local-1786752901640954000,macmini-m2-macos26.5.2-rust1.97.1-aarch64-20260814-workers4,9d3ab807a08ef4cf1077dbc23213e2314ce37c87,MEASURED,1786752905669681000,load,aegis_bounded_verification_pool,ML-DSA-65,concurrent_verify_burst,workers4_concurrency64,512,60,0,16525333,26764000,11698176,true,accepted=64;saturated=0;unexpected=0,64,64,0,0,3309,0,0,0,0,0,"controlled local burst; wall time includes scoped-thread creation, Aegis policy/transcript processing, bounded-pool admission, primitive verification, and joins; work_units counts accepted verifications only"
local-1786752901640954000,macmini-m2-macos26.5.2-rust1.97.1-aarch64-20260814-workers4,9d3ab807a08ef4cf1077dbc23213e2314ce37c87,MEASURED,1786752905712439000,load,aegis_bounded_verification_pool,ML-DSA-65,concurrent_verify_burst,workers4_concurrency64,512,61,0,16718416,27323000,11698176,true,accepted=64;saturated=0;unexpected=0,64,64,0,0,3309,0,0,0,0,0,"controlled local burst; wall time includes scoped-thread creation, Aegis policy/transcript processing, bounded-pool admission, primitive verification, and joins; work_units counts accepted verifications only"
local-1786752901640954000,macmini-m2-macos26.5.2-rust1.97.1-aarch64-20260814-workers4,9d3ab807a08ef4cf1077dbc23213e2314ce37c87,MEASURED,1786752905753066000,load,aegis_bounded_verification_pool,ML-DSA-65,concurrent_verify_burst,workers4_concurrency64,512,62,0,16534083,26853000,11698176,true,accepted=64;saturated=0;unexpected=0,64,64,0,0,3309,0,0,0,0,0,"controlled local burst; wall time includes scoped-thread creation, Aegis policy/transcript processing, bounded-pool admission, primitive verification, and joins; work_units counts accepted verifications only"
local-1786752901640954000,macmini-m2-macos26.5.2-rust1.97.1-aarch64-20260814-workers4,9d3ab807a08ef4cf1077dbc23213e2314ce37c87,MEASURED,1786752905791376000,load,aegis_bounded_verification_pool,ML-DSA-65,concurrent_verify_burst,workers4_concurrency64,512,63,0,17229084,27093000,11698176,true,accepted=64;saturated=0;unexpected=0,64,64,0,0,3309,0,0,0,0,0,"controlled local burst; wall time includes scoped-thread creation, Aegis policy/transcript processing, bounded-pool admission, primitive verification, and joins; work_units counts accepted verifications only"
local-1786752901640954000,macmini-m2-macos26.5.2-rust1.97.1-aarch64-20260814-workers4,9d3ab807a08ef4cf1077dbc23213e2314ce37c87,MEASURED,1786752905832025000,load,aegis_bounded_verification_pool,ML-DSA-65,concurrent_verify_burst,workers4_concurrency64,512,64,0,17276791,27220000,11698176,true,accepted=64;saturated=0;unexpected=0,64,64,0,0,3309,0,0,0,0,0,"controlled local burst; wall time includes scoped-thread creation, Aegis policy/transcript processing, bounded-pool admission, primitive verification, and joins; work_units counts accepted verifications only"
local-1786752901640954000,macmini-m2-macos26.5.2-rust1.97.1-aarch64-20260814-workers4,9d3ab807a08ef4cf1077dbc23213e2314ce37c87,MEASURED,1786752905873796000,load,aegis_bounded_verification_pool,ML-DSA-65,concurrent_verify_burst,workers4_concurrency64,512,65,0,17329000,28183000,11714560,true,accepted=64;saturated=0;unexpected=0,64,64,0,0,3309,0,0,0,0,0,"controlled local burst; wall time includes scoped-thread creation, Aegis policy/transcript processing, bounded-pool admission, primitive verification, and joins; work_units counts accepted verifications only"
local-1786752901640954000,macmini-m2-macos26.5.2-rust1.97.1-aarch64-20260814-workers4,9d3ab807a08ef4cf1077dbc23213e2314ce37c87,MEASURED,1786752905915332000,load,aegis_bounded_verification_pool,ML-DSA-65,concurrent_verify_burst,workers4_concurrency64,512,66,0,17253542,26945000,11714560,true,accepted=64;saturated=0;unexpected=0,64,64,0,0,3309,0,0,0,0,0,"controlled local burst; wall time includes scoped-thread creation, Aegis policy/transcript processing, bounded-pool admission, primitive verification, and joins; work_units counts accepted verifications only"
local-1786752901640954000,macmini-m2-macos26.5.2-rust1.97.1-aarch64-20260814-workers4,9d3ab807a08ef4cf1077dbc23213e2314ce37c87,MEASURED,1786752905956084000,load,aegis_bounded_verification_pool,ML-DSA-65,concurrent_verify_burst,workers4_concurrency64,512,67,0,16597209,27324000,11714560,true,accepted=64;saturated=0;unexpected=0,64,64,0,0,3309,0,0,0,0,0,"controlled local burst; wall time includes scoped-thread creation, Aegis policy/transcript processing, bounded-pool admission, primitive verification, and joins; work_units counts accepted verifications only"
local-1786752901640954000,macmini-m2-macos26.5.2-rust1.97.1-aarch64-20260814-workers4,9d3ab807a08ef4cf1077dbc23213e2314ce37c87,MEASURED,1786752905997068000,load,aegis_bounded_verification_pool,ML-DSA-65,concurrent_verify_burst,workers4_concurrency64,512,68,0,15960167,25750000,11714560,true,accepted=64;saturated=0;unexpected=0,64,64,0,0,3309,0,0,0,0,0,"controlled local burst; wall time includes scoped-thread creation, Aegis policy/transcript processing, bounded-pool admission, primitive verification, and joins; work_units counts accepted verifications only"
local-1786752901640954000,macmini-m2-macos26.5.2-rust1.97.1-aarch64-20260814-workers4,9d3ab807a08ef4cf1077dbc23213e2314ce37c87,MEASURED,1786752906039094000,load,aegis_bounded_verification_pool,ML-DSA-65,concurrent_verify_burst,workers4_concurrency64,512,69,0,16746917,28226000,11714560,true,accepted=64;saturated=0;unexpected=0,64,64,0,0,3309,0,0,0,0,0,"controlled local burst; wall time includes scoped-thread creation, Aegis policy/transcript processing, bounded-pool admission, primitive verification, and joins; work_units counts accepted verifications only"
local-1786752901640954000,macmini-m2-macos26.5.2-rust1.97.1-aarch64-20260814-workers4,9d3ab807a08ef4cf1077dbc23213e2314ce37c87,MEASURED,1786752906076844000,load,aegis_bounded_verification_pool,ML-DSA-65,concurrent_verify_burst,workers4_concurrency64,512,70,0,15980584,26323000,11714560,true,accepted=64;saturated=0;unexpected=0,64,64,0,0,3309,0,0,0,0,0,"controlled local burst; wall time includes scoped-thread creation, Aegis policy/transcript processing, bounded-pool admission, primitive verification, and joins; work_units counts accepted verifications only"
local-1786752901640954000,macmini-m2-macos26.5.2-rust1.97.1-aarch64-20260814-workers4,9d3ab807a08ef4cf1077dbc23213e2314ce37c87,MEASURED,1786752906115239000,load,aegis_bounded_verification_pool,ML-DSA-65,concurrent_verify_burst,workers4_concurrency64,512,71,0,16074333,26352000,11714560,true,accepted=64;saturated=0;unexpected=0,64,64,0,0,3309,0,0,0,0,0,"controlled local burst; wall time includes scoped-thread creation, Aegis policy/transcript processing, bounded-pool admission, primitive verification, and joins; work_units counts accepted verifications only"
local-1786752901640954000,macmini-m2-macos26.5.2-rust1.97.1-aarch64-20260814-workers4,9d3ab807a08ef4cf1077dbc23213e2314ce37c87,MEASURED,1786752906154258000,load,aegis_bounded_verification_pool,ML-DSA-65,concurrent_verify_burst,workers4_concurrency64,512,72,0,15919292,26443000,11714560,true,accepted=64;saturated=0;unexpected=0,64,64,0,0,3309,0,0,0,0,0,"controlled local burst; wall time includes scoped-thread creation, Aegis policy/transcript processing, bounded-pool admission, primitive verification, and joins; work_units counts accepted verifications only"
local-1786752901640954000,macmini-m2-macos26.5.2-rust1.97.1-aarch64-20260814-workers4,9d3ab807a08ef4cf1077dbc23213e2314ce37c87,MEASURED,1786752906198644000,load,aegis_bounded_verification_pool,ML-DSA-65,concurrent_verify_burst,workers4_concurrency64,512,73,0,17012583,26725000,11714560,true,accepted=64;saturated=0;unexpected=0,64,64,0,0,3309,0,0,0,0,0,"controlled local burst; wall time includes scoped-thread creation, Aegis policy/transcript processing, bounded-pool admission, primitive verification, and joins; work_units counts accepted verifications only"
local-1786752901640954000,macmini-m2-macos26.5.2-rust1.97.1-aarch64-20260814-workers4,9d3ab807a08ef4cf1077dbc23213e2314ce37c87,MEASURED,1786752906242029000,load,aegis_bounded_verification_pool,ML-DSA-65,concurrent_verify_burst,workers4_concurrency64,512,74,0,17143042,26620000,11714560,true,accepted=64;saturated=0;unexpected=0,64,64,0,0,3309,0,0,0,0,0,"controlled local burst; wall time includes scoped-thread creation, Aegis policy/transcript processing, bounded-pool admission, primitive verification, and joins; work_units counts accepted verifications only"
local-1786752901640954000,macmini-m2-macos26.5.2-rust1.97.1-aarch64-20260814-workers4,9d3ab807a08ef4cf1077dbc23213e2314ce37c87,MEASURED,1786752906282171000,load,aegis_bounded_verification_pool,ML-DSA-65,concurrent_verify_burst,workers4_concurrency64,512,75,0,17292334,27436000,11714560,true,accepted=64;saturated=0;unexpected=0,64,64,0,0,3309,0,0,0,0,0,"controlled local burst; wall time includes scoped-thread creation, Aegis policy/transcript processing, bounded-pool admission, primitive verification, and joins; work_units counts accepted verifications only"
local-1786752901640954000,macmini-m2-macos26.5.2-rust1.97.1-aarch64-20260814-workers4,9d3ab807a08ef4cf1077dbc23213e2314ce37c87,MEASURED,1786752906327266000,load,aegis_bounded_verification_pool,ML-DSA-65,concurrent_verify_burst,workers4_concurrency64,512,76,0,17071042,26502000,11714560,true,accepted=64;saturated=0;unexpected=0,64,64,0,0,3309,0,0,0,0,0,"controlled local burst; wall time includes scoped-thread creation, Aegis policy/transcript processing, bounded-pool admission, primitive verification, and joins; work_units counts accepted verifications only"
local-1786752901640954000,macmini-m2-macos26.5.2-rust1.97.1-aarch64-20260814-workers4,9d3ab807a08ef4cf1077dbc23213e2314ce37c87,MEASURED,1786752906367303000,load,aegis_bounded_verification_pool,ML-DSA-65,concurrent_verify_burst,workers4_concurrency64,512,77,0,16961416,27998000,11714560,true,accepted=64;saturated=0;unexpected=0,64,64,0,0,3309,0,0,0,0,0,"controlled local burst; wall time includes scoped-thread creation, Aegis policy/transcript processing, bounded-pool admission, primitive verification, and joins; work_units counts accepted verifications only"
local-1786752901640954000,macmini-m2-macos26.5.2-rust1.97.1-aarch64-20260814-workers4,9d3ab807a08ef4cf1077dbc23213e2314ce37c87,MEASURED,1786752906405517000,load,aegis_bounded_verification_pool,ML-DSA-65,concurrent_verify_burst,workers4_concurrency64,512,78,0,16150959,26148000,11714560,true,accepted=64;saturated=0;unexpected=0,64,64,0,0,3309,0,0,0,0,0,"controlled local burst; wall time includes scoped-thread creation, Aegis policy/transcript processing, bounded-pool admission, primitive verification, and joins; work_units counts accepted verifications only"
local-1786752901640954000,macmini-m2-macos26.5.2-rust1.97.1-aarch64-20260814-workers4,9d3ab807a08ef4cf1077dbc23213e2314ce37c87,MEASURED,1786752906445719000,load,aegis_bounded_verification_pool,ML-DSA-65,concurrent_verify_burst,workers4_concurrency64,512,79,0,16948583,26630000,11714560,true,accepted=64;saturated=0;unexpected=0,64,64,0,0,3309,0,0,0,0,0,"controlled local burst; wall time includes scoped-thread creation, Aegis policy/transcript processing, bounded-pool admission, primitive verification, and joins; work_units counts accepted verifications only"
local-1786752901640954000,macmini-m2-macos26.5.2-rust1.97.1-aarch64-20260814-workers4,9d3ab807a08ef4cf1077dbc23213e2314ce37c87,MEASURED,1786752906483945000,load,aegis_bounded_verification_pool,ML-DSA-65,concurrent_verify_burst,workers4_concurrency64,512,80,0,16800375,27261000,11714560,true,accepted=64;saturated=0;unexpected=0,64,64,0,0,3309,0,0,0,0,0,"controlled local burst; wall time includes scoped-thread creation, Aegis policy/transcript processing, bounded-pool admission, primitive verification, and joins; work_units counts accepted verifications only"
local-1786752901640954000,macmini-m2-macos26.5.2-rust1.97.1-aarch64-20260814-workers4,9d3ab807a08ef4cf1077dbc23213e2314ce37c87,MEASURED,1786752906523751000,load,aegis_bounded_verification_pool,ML-DSA-65,concurrent_verify_burst,workers4_concurrency64,512,81,0,17310625,28062000,11714560,true,accepted=64;saturated=0;unexpected=0,64,64,0,0,3309,0,0,0,0,0,"controlled local burst; wall time includes scoped-thread creation, Aegis policy/transcript processing, bounded-pool admission, primitive verification, and joins; work_units counts accepted verifications only"
local-1786752901640954000,macmini-m2-macos26.5.2-rust1.97.1-aarch64-20260814-workers4,9d3ab807a08ef4cf1077dbc23213e2314ce37c87,MEASURED,1786752906560412000,load,aegis_bounded_verification_pool,ML-DSA-65,concurrent_verify_burst,workers4_concurrency64,512,82,0,15979334,25843000,11714560,true,accepted=64;saturated=0;unexpected=0,64,64,0,0,3309,0,0,0,0,0,"controlled local burst; wall time includes scoped-thread creation, Aegis policy/transcript processing, bounded-pool admission, primitive verification, and joins; work_units counts accepted verifications only"
local-1786752901640954000,macmini-m2-macos26.5.2-rust1.97.1-aarch64-20260814-workers4,9d3ab807a08ef4cf1077dbc23213e2314ce37c87,MEASURED,1786752906608644000,load,aegis_bounded_verification_pool,ML-DSA-65,concurrent_verify_burst,workers4_concurrency64,512,83,0,17990459,27280000,11714560,true,accepted=64;saturated=0;unexpected=0,64,64,0,0,3309,0,0,0,0,0,"controlled local burst; wall time includes scoped-thread creation, Aegis policy/transcript processing, bounded-pool admission, primitive verification, and joins; work_units counts accepted verifications only"
local-1786752901640954000,macmini-m2-macos26.5.2-rust1.97.1-aarch64-20260814-workers4,9d3ab807a08ef4cf1077dbc23213e2314ce37c87,MEASURED,1786752906658512000,load,aegis_bounded_verification_pool,ML-DSA-65,concurrent_verify_burst,workers4_concurrency64,512,84,0,17921459,29514000,11714560,true,accepted=64;saturated=0;unexpected=0,64,64,0,0,3309,0,0,0,0,0,"controlled local burst; wall time includes scoped-thread creation, Aegis policy/transcript processing, bounded-pool admission, primitive verification, and joins; work_units counts accepted verifications only"
local-1786752901640954000,macmini-m2-macos26.5.2-rust1.97.1-aarch64-20260814-workers4,9d3ab807a08ef4cf1077dbc23213e2314ce37c87,MEASURED,1786752906701256000,load,aegis_bounded_verification_pool,ML-DSA-65,concurrent_verify_burst,workers4_concurrency64,512,85,0,18059209,29148000,11714560,true,accepted=64;saturated=0;unexpected=0,64,64,0,0,3309,0,0,0,0,0,"controlled local burst; wall time includes scoped-thread creation, Aegis policy/transcript processing, bounded-pool admission, primitive verification, and joins; work_units counts accepted verifications only"
local-1786752901640954000,macmini-m2-macos26.5.2-rust1.97.1-aarch64-20260814-workers4,9d3ab807a08ef4cf1077dbc23213e2314ce37c87,MEASURED,1786752906743855000,load,aegis_bounded_verification_pool,ML-DSA-65,concurrent_verify_burst,workers4_concurrency64,512,86,0,18213542,29478000,11714560,true,accepted=64;saturated=0;unexpected=0,64,64,0,0,3309,0,0,0,0,0,"controlled local burst; wall time includes scoped-thread creation, Aegis policy/transcript processing, bounded-pool admission, primitive verification, and joins; work_units counts accepted verifications only"
local-1786752901640954000,macmini-m2-macos26.5.2-rust1.97.1-aarch64-20260814-workers4,9d3ab807a08ef4cf1077dbc23213e2314ce37c87,MEASURED,1786752906784841000,load,aegis_bounded_verification_pool,ML-DSA-65,concurrent_verify_burst,workers4_concurrency64,512,87,0,17837583,29512000,11714560,true,accepted=64;saturated=0;unexpected=0,64,64,0,0,3309,0,0,0,0,0,"controlled local burst; wall time includes scoped-thread creation, Aegis policy/transcript processing, bounded-pool admission, primitive verification, and joins; work_units counts accepted verifications only"
local-1786752901640954000,macmini-m2-macos26.5.2-rust1.97.1-aarch64-20260814-workers4,9d3ab807a08ef4cf1077dbc23213e2314ce37c87,MEASURED,1786752906827138000,load,aegis_bounded_verification_pool,ML-DSA-65,concurrent_verify_burst,workers4_concurrency64,512,88,0,16149125,26481000,11714560,true,accepted=64;saturated=0;unexpected=0,64,64,0,0,3309,0,0,0,0,0,"controlled local burst; wall time includes scoped-thread creation, Aegis policy/transcript processing, bounded-pool admission, primitive verification, and joins; work_units counts accepted verifications only"
local-1786752901640954000,macmini-m2-macos26.5.2-rust1.97.1-aarch64-20260814-workers4,9d3ab807a08ef4cf1077dbc23213e2314ce37c87,MEASURED,1786752906865995000,load,aegis_bounded_verification_pool,ML-DSA-65,concurrent_verify_burst,workers4_concurrency64,512,89,0,16199042,26043000,11714560,true,accepted=64;saturated=0;unexpected=0,64,64,0,0,3309,0,0,0,0,0,"controlled local burst; wall time includes scoped-thread creation, Aegis policy/transcript processing, bounded-pool admission, primitive verification, and joins; work_units counts accepted verifications only"
local-1786752901640954000,macmini-m2-macos26.5.2-rust1.97.1-aarch64-20260814-workers4,9d3ab807a08ef4cf1077dbc23213e2314ce37c87,MEASURED,1786752906905992000,load,aegis_bounded_verification_pool,ML-DSA-65,concurrent_verify_burst,workers4_concurrency64,512,90,0,16476583,25697000,11714560,true,accepted=64;saturated=0;unexpected=0,64,64,0,0,3309,0,0,0,0,0,"controlled local burst; wall time includes scoped-thread creation, Aegis policy/transcript processing, bounded-pool admission, primitive verification, and joins; work_units counts accepted verifications only"
local-1786752901640954000,macmini-m2-macos26.5.2-rust1.97.1-aarch64-20260814-workers4,9d3ab807a08ef4cf1077dbc23213e2314ce37c87,MEASURED,1786752906944928000,load,aegis_bounded_verification_pool,ML-DSA-65,concurrent_verify_burst,workers4_concurrency64,512,91,0,16346083,25497000,11714560,true,accepted=64;saturated=0;unexpected=0,64,64,0,0,3309,0,0,0,0,0,"controlled local burst; wall time includes scoped-thread creation, Aegis policy/transcript processing, bounded-pool admission, primitive verification, and joins; work_units counts accepted verifications only"
local-1786752901640954000,macmini-m2-macos26.5.2-rust1.97.1-aarch64-20260814-workers4,9d3ab807a08ef4cf1077dbc23213e2314ce37c87,MEASURED,1786752906984617000,load,aegis_bounded_verification_pool,ML-DSA-65,concurrent_verify_burst,workers4_concurrency64,512,92,0,16135208,25483000,11714560,true,accepted=64;saturated=0;unexpected=0,64,64,0,0,3309,0,0,0,0,0,"controlled local burst; wall time includes scoped-thread creation, Aegis policy/transcript processing, bounded-pool admission, primitive verification, and joins; work_units counts accepted verifications only"
local-1786752901640954000,macmini-m2-macos26.5.2-rust1.97.1-aarch64-20260814-workers4,9d3ab807a08ef4cf1077dbc23213e2314ce37c87,MEASURED,1786752907026492000,load,aegis_bounded_verification_pool,ML-DSA-65,concurrent_verify_burst,workers4_concurrency64,512,93,0,16386333,25537000,11714560,true,accepted=64;saturated=0;unexpected=0,64,64,0,0,3309,0,0,0,0,0,"controlled local burst; wall time includes scoped-thread creation, Aegis policy/transcript processing, bounded-pool admission, primitive verification, and joins; work_units counts accepted verifications only"
local-1786752901640954000,macmini-m2-macos26.5.2-rust1.97.1-aarch64-20260814-workers4,9d3ab807a08ef4cf1077dbc23213e2314ce37c87,MEASURED,1786752907067308000,load,aegis_bounded_verification_pool,ML-DSA-65,concurrent_verify_burst,workers4_concurrency64,512,94,0,16140667,26350000,11714560,true,accepted=64;saturated=0;unexpected=0,64,64,0,0,3309,0,0,0,0,0,"controlled local burst; wall time includes scoped-thread creation, Aegis policy/transcript processing, bounded-pool admission, primitive verification, and joins; work_units counts accepted verifications only"
local-1786752901640954000,macmini-m2-macos26.5.2-rust1.97.1-aarch64-20260814-workers4,9d3ab807a08ef4cf1077dbc23213e2314ce37c87,MEASURED,1786752907106028000,load,aegis_bounded_verification_pool,ML-DSA-65,concurrent_verify_burst,workers4_concurrency64,512,95,0,16434375,25686000,11714560,true,accepted=64;saturated=0;unexpected=0,64,64,0,0,3309,0,0,0,0,0,"controlled local burst; wall time includes scoped-thread creation, Aegis policy/transcript processing, bounded-pool admission, primitive verification, and joins; work_units counts accepted verifications only"
local-1786752901640954000,macmini-m2-macos26.5.2-rust1.97.1-aarch64-20260814-workers4,9d3ab807a08ef4cf1077dbc23213e2314ce37c87,MEASURED,1786752907150680000,load,aegis_bounded_verification_pool,ML-DSA-65,concurrent_verify_burst,workers4_concurrency64,512,96,0,17202791,27359000,11714560,true,accepted=64;saturated=0;unexpected=0,64,64,0,0,3309,0,0,0,0,0,"controlled local burst; wall time includes scoped-thread creation, Aegis policy/transcript processing, bounded-pool admission, primitive verification, and joins; work_units counts accepted verifications only"
local-1786752901640954000,macmini-m2-macos26.5.2-rust1.97.1-aarch64-20260814-workers4,9d3ab807a08ef4cf1077dbc23213e2314ce37c87,MEASURED,1786752907190874000,load,aegis_bounded_verification_pool,ML-DSA-65,concurrent_verify_burst,workers4_concurrency64,512,97,0,15966875,25926000,11714560,true,accepted=64;saturated=0;unexpected=0,64,64,0,0,3309,0,0,0,0,0,"controlled local burst; wall time includes scoped-thread creation, Aegis policy/transcript processing, bounded-pool admission, primitive verification, and joins; work_units counts accepted verifications only"
local-1786752901640954000,macmini-m2-macos26.5.2-rust1.97.1-aarch64-20260814-workers4,9d3ab807a08ef4cf1077dbc23213e2314ce37c87,MEASURED,1786752907232055000,load,aegis_bounded_verification_pool,ML-DSA-65,concurrent_verify_burst,workers4_concurrency64,512,98,0,16915000,28355000,11714560,true,accepted=64;saturated=0;unexpected=0,64,64,0,0,3309,0,0,0,0,0,"controlled local burst; wall time includes scoped-thread creation, Aegis policy/transcript processing, bounded-pool admission, primitive verification, and joins; work_units counts accepted verifications only"
local-1786752901640954000,macmini-m2-macos26.5.2-rust1.97.1-aarch64-20260814-workers4,9d3ab807a08ef4cf1077dbc23213e2314ce37c87,MEASURED,1786752907274419000,load,aegis_bounded_verification_pool,ML-DSA-65,concurrent_verify_burst,workers4_concurrency64,512,99,0,17408542,27955000,11714560,true,accepted=64;saturated=0;unexpected=0,64,64,0,0,3309,0,0,0,0,0,"controlled local burst; wall time includes scoped-thread creation, Aegis policy/transcript processing, bounded-pool admission, primitive verification, and joins; work_units counts accepted verifications only"
local-1786752901640954000,macmini-m2-macos26.5.2-rust1.97.1-aarch64-20260814-workers4,9d3ab807a08ef4cf1077dbc23213e2314ce37c87,MEASURED,1786752907315297000,load,aegis_bounded_verification_pool,ML-DSA-65,concurrent_verify_burst,workers4_concurrency65,512,0,0,16341250,27101000,11829248,true,accepted=65;saturated=0;unexpected=0,65,65,0,0,3309,0,0,0,0,0,"controlled local burst; wall time includes scoped-thread creation, Aegis policy/transcript processing, bounded-pool admission, primitive verification, and joins; work_units counts accepted verifications only"
local-1786752901640954000,macmini-m2-macos26.5.2-rust1.97.1-aarch64-20260814-workers4,9d3ab807a08ef4cf1077dbc23213e2314ce37c87,MEASURED,1786752907358148000,load,aegis_bounded_verification_pool,ML-DSA-65,concurrent_verify_burst,workers4_concurrency65,512,1,0,17653084,29428000,11829248,true,accepted=65;saturated=0;unexpected=0,65,65,0,0,3309,0,0,0,0,0,"controlled local burst; wall time includes scoped-thread creation, Aegis policy/transcript processing, bounded-pool admission, primitive verification, and joins; work_units counts accepted verifications only"
local-1786752901640954000,macmini-m2-macos26.5.2-rust1.97.1-aarch64-20260814-workers4,9d3ab807a08ef4cf1077dbc23213e2314ce37c87,MEASURED,1786752907398114000,load,aegis_bounded_verification_pool,ML-DSA-65,concurrent_verify_burst,workers4_concurrency65,512,2,0,16510458,26812000,11829248,true,accepted=65;saturated=0;unexpected=0,65,65,0,0,3309,0,0,0,0,0,"controlled local burst; wall time includes scoped-thread creation, Aegis policy/transcript processing, bounded-pool admission, primitive verification, and joins; work_units counts accepted verifications only"
local-1786752901640954000,macmini-m2-macos26.5.2-rust1.97.1-aarch64-20260814-workers4,9d3ab807a08ef4cf1077dbc23213e2314ce37c87,MEASURED,1786752907439865000,load,aegis_bounded_verification_pool,ML-DSA-65,concurrent_verify_burst,workers4_concurrency65,512,3,0,16599250,27117000,11829248,true,accepted=65;saturated=0;unexpected=0,65,65,0,0,3309,0,0,0,0,0,"controlled local burst; wall time includes scoped-thread creation, Aegis policy/transcript processing, bounded-pool admission, primitive verification, and joins; work_units counts accepted verifications only"
local-1786752901640954000,macmini-m2-macos26.5.2-rust1.97.1-aarch64-20260814-workers4,9d3ab807a08ef4cf1077dbc23213e2314ce37c87,MEASURED,1786752907478488000,load,aegis_bounded_verification_pool,ML-DSA-65,concurrent_verify_burst,workers4_concurrency65,512,4,0,16612666,26256000,11845632,true,accepted=65;saturated=0;unexpected=0,65,65,0,0,3309,0,0,0,0,0,"controlled local burst; wall time includes scoped-thread creation, Aegis policy/transcript processing, bounded-pool admission, primitive verification, and joins; work_units counts accepted verifications only"
local-1786752901640954000,macmini-m2-macos26.5.2-rust1.97.1-aarch64-20260814-workers4,9d3ab807a08ef4cf1077dbc23213e2314ce37c87,MEASURED,1786752907518218000,load,aegis_bounded_verification_pool,ML-DSA-65,concurrent_verify_burst,workers4_concurrency65,512,5,0,16404333,26614000,11845632,true,accepted=65;saturated=0;unexpected=0,65,65,0,0,3309,0,0,0,0,0,"controlled local burst; wall time includes scoped-thread creation, Aegis policy/transcript processing, bounded-pool admission, primitive verification, and joins; work_units counts accepted verifications only"
local-1786752901640954000,macmini-m2-macos26.5.2-rust1.97.1-aarch64-20260814-workers4,9d3ab807a08ef4cf1077dbc23213e2314ce37c87,MEASURED,1786752907565037000,load,aegis_bounded_verification_pool,ML-DSA-65,concurrent_verify_burst,workers4_concurrency65,512,6,0,17640042,28660000,11845632,true,accepted=65;saturated=0;unexpected=0,65,65,0,0,3309,0,0,0,0,0,"controlled local burst; wall time includes scoped-thread creation, Aegis policy/transcript processing, bounded-pool admission, primitive verification, and joins; work_units counts accepted verifications only"
local-1786752901640954000,macmini-m2-macos26.5.2-rust1.97.1-aarch64-20260814-workers4,9d3ab807a08ef4cf1077dbc23213e2314ce37c87,MEASURED,1786752907609947000,load,aegis_bounded_verification_pool,ML-DSA-65,concurrent_verify_burst,workers4_concurrency65,512,7,0,16930708,27179000,11862016,true,accepted=65;saturated=0;unexpected=0,65,65,0,0,3309,0,0,0,0,0,"controlled local burst; wall time includes scoped-thread creation, Aegis policy/transcript processing, bounded-pool admission, primitive verification, and joins; work_units counts accepted verifications only"
local-1786752901640954000,macmini-m2-macos26.5.2-rust1.97.1-aarch64-20260814-workers4,9d3ab807a08ef4cf1077dbc23213e2314ce37c87,MEASURED,1786752907651222000,load,aegis_bounded_verification_pool,ML-DSA-65,concurrent_verify_burst,workers4_concurrency65,512,8,0,17037875,28412000,11862016,true,accepted=65;saturated=0;unexpected=0,65,65,0,0,3309,0,0,0,0,0,"controlled local burst; wall time includes scoped-thread creation, Aegis policy/transcript processing, bounded-pool admission, primitive verification, and joins; work_units counts accepted verifications only"
local-1786752901640954000,macmini-m2-macos26.5.2-rust1.97.1-aarch64-20260814-workers4,9d3ab807a08ef4cf1077dbc23213e2314ce37c87,MEASURED,1786752907692214000,load,aegis_bounded_verification_pool,ML-DSA-65,concurrent_verify_burst,workers4_concurrency65,512,9,0,16965000,26911000,11862016,true,accepted=65;saturated=0;unexpected=0,65,65,0,0,3309,0,0,0,0,0,"controlled local burst; wall time includes scoped-thread creation, Aegis policy/transcript processing, bounded-pool admission, primitive verification, and joins; work_units counts accepted verifications only"
local-1786752901640954000,macmini-m2-macos26.5.2-rust1.97.1-aarch64-20260814-workers4,9d3ab807a08ef4cf1077dbc23213e2314ce37c87,MEASURED,1786752907733906000,load,aegis_bounded_verification_pool,ML-DSA-65,concurrent_verify_burst,workers4_concurrency65,512,10,0,16612375,26668000,11862016,true,accepted=65;saturated=0;unexpected=0,65,65,0,0,3309,0,0,0,0,0,"controlled local burst; wall time includes scoped-thread creation, Aegis policy/transcript processing, bounded-pool admission, primitive verification, and joins; work_units counts accepted verifications only"
local-1786752901640954000,macmini-m2-macos26.5.2-rust1.97.1-aarch64-20260814-workers4,9d3ab807a08ef4cf1077dbc23213e2314ce37c87,MEASURED,1786752907773885000,load,aegis_bounded_verification_pool,ML-DSA-65,concurrent_verify_burst,workers4_concurrency65,512,11,0,16292875,26078000,11862016,true,accepted=65;saturated=0;unexpected=0,65,65,0,0,3309,0,0,0,0,0,"controlled local burst; wall time includes scoped-thread creation, Aegis policy/transcript processing, bounded-pool admission, primitive verification, and joins; work_units counts accepted verifications only"
local-1786752901640954000,macmini-m2-macos26.5.2-rust1.97.1-aarch64-20260814-workers4,9d3ab807a08ef4cf1077dbc23213e2314ce37c87,MEASURED,1786752907813286000,load,aegis_bounded_verification_pool,ML-DSA-65,concurrent_verify_burst,workers4_concurrency65,512,12,0,15989708,26230000,11862016,true,accepted=65;saturated=0;unexpected=0,65,65,0,0,3309,0,0,0,0,0,"controlled local burst; wall time includes scoped-thread creation, Aegis policy/transcript processing, bounded-pool admission, primitive verification, and joins; work_units counts accepted verifications only"
local-1786752901640954000,macmini-m2-macos26.5.2-rust1.97.1-aarch64-20260814-workers4,9d3ab807a08ef4cf1077dbc23213e2314ce37c87,MEASURED,1786752907851882000,load,aegis_bounded_verification_pool,ML-DSA-65,concurrent_verify_burst,workers4_concurrency65,512,13,0,16556750,26036000,11862016,true,accepted=65;saturated=0;unexpected=0,65,65,0,0,3309,0,0,0,0,0,"controlled local burst; wall time includes scoped-thread creation, Aegis policy/transcript processing, bounded-pool admission, primitive verification, and joins; work_units counts accepted verifications only"
local-1786752901640954000,macmini-m2-macos26.5.2-rust1.97.1-aarch64-20260814-workers4,9d3ab807a08ef4cf1077dbc23213e2314ce37c87,MEASURED,1786752907890320000,load,aegis_bounded_verification_pool,ML-DSA-65,concurrent_verify_burst,workers4_concurrency65,512,14,0,16633875,26098000,11862016,true,accepted=65;saturated=0;unexpected=0,65,65,0,0,3309,0,0,0,0,0,"controlled local burst; wall time includes scoped-thread creation, Aegis policy/transcript processing, bounded-pool admission, primitive verification, and joins; work_units counts accepted verifications only"
local-1786752901640954000,macmini-m2-macos26.5.2-rust1.97.1-aarch64-20260814-workers4,9d3ab807a08ef4cf1077dbc23213e2314ce37c87,MEASURED,1786752907929728000,load,aegis_bounded_verification_pool,ML-DSA-65,concurrent_verify_burst,workers4_concurrency65,512,15,0,16710458,26736000,11862016,true,accepted=65;saturated=0;unexpected=0,65,65,0,0,3309,0,0,0,0,0,"controlled local burst; wall time includes scoped-thread creation, Aegis policy/transcript processing, bounded-pool admission, primitive verification, and joins; work_units counts accepted verifications only"
local-1786752901640954000,macmini-m2-macos26.5.2-rust1.97.1-aarch64-20260814-workers4,9d3ab807a08ef4cf1077dbc23213e2314ce37c87,MEASURED,1786752907970513000,load,aegis_bounded_verification_pool,ML-DSA-65,concurrent_verify_burst,workers4_concurrency65,512,16,0,16782667,26580000,11862016,true,accepted=65;saturated=0;unexpected=0,65,65,0,0,3309,0,0,0,0,0,"controlled local burst; wall time includes scoped-thread creation, Aegis policy/transcript processing, bounded-pool admission, primitive verification, and joins; work_units counts accepted verifications only"
local-1786752901640954000,macmini-m2-macos26.5.2-rust1.97.1-aarch64-20260814-workers4,9d3ab807a08ef4cf1077dbc23213e2314ce37c87,MEASURED,1786752908018600000,load,aegis_bounded_verification_pool,ML-DSA-65,concurrent_verify_burst,workers4_concurrency65,512,17,0,18019166,28281000,11862016,true,accepted=65;saturated=0;unexpected=0,65,65,0,0,3309,0,0,0,0,0,"controlled local burst; wall time includes scoped-thread creation, Aegis policy/transcript processing, bounded-pool admission, primitive verification, and joins; work_units counts accepted verifications only"
local-1786752901640954000,macmini-m2-macos26.5.2-rust1.97.1-aarch64-20260814-workers4,9d3ab807a08ef4cf1077dbc23213e2314ce37c87,MEASURED,1786752908062553000,load,aegis_bounded_verification_pool,ML-DSA-65,concurrent_verify_burst,workers4_concurrency65,512,18,0,18060458,29270000,11862016,true,accepted=65;saturated=0;unexpected=0,65,65,0,0,3309,0,0,0,0,0,"controlled local burst; wall time includes scoped-thread creation, Aegis policy/transcript processing, bounded-pool admission, primitive verification, and joins; work_units counts accepted verifications only"
local-1786752901640954000,macmini-m2-macos26.5.2-rust1.97.1-aarch64-20260814-workers4,9d3ab807a08ef4cf1077dbc23213e2314ce37c87,MEASURED,1786752908105720000,load,aegis_bounded_verification_pool,ML-DSA-65,concurrent_verify_burst,workers4_concurrency65,512,19,0,17170417,28586000,11862016,true,accepted=65;saturated=0;unexpected=0,65,65,0,0,3309,0,0,0,0,0,"controlled local burst; wall time includes scoped-thread creation, Aegis policy/transcript processing, bounded-pool admission, primitive verification, and joins; work_units counts accepted verifications only"
local-1786752901640954000,macmini-m2-macos26.5.2-rust1.97.1-aarch64-20260814-workers4,9d3ab807a08ef4cf1077dbc23213e2314ce37c87,MEASURED,1786752908147166000,load,aegis_bounded_verification_pool,ML-DSA-65,concurrent_verify_burst,workers4_concurrency65,512,20,0,17343000,28096000,11862016,true,accepted=65;saturated=0;unexpected=0,65,65,0,0,3309,0,0,0,0,0,"controlled local burst; wall time includes scoped-thread creation, Aegis policy/transcript processing, bounded-pool admission, primitive verification, and joins; work_units counts accepted verifications only"
local-1786752901640954000,macmini-m2-macos26.5.2-rust1.97.1-aarch64-20260814-workers4,9d3ab807a08ef4cf1077dbc23213e2314ce37c87,MEASURED,1786752908184573000,load,aegis_bounded_verification_pool,ML-DSA-65,concurrent_verify_burst,workers4_concurrency65,512,21,0,17865708,28453000,11862016,true,accepted=65;saturated=0;unexpected=0,65,65,0,0,3309,0,0,0,0,0,"controlled local burst; wall time includes scoped-thread creation, Aegis policy/transcript processing, bounded-pool admission, primitive verification, and joins; work_units counts accepted verifications only"
local-1786752901640954000,macmini-m2-macos26.5.2-rust1.97.1-aarch64-20260814-workers4,9d3ab807a08ef4cf1077dbc23213e2314ce37c87,MEASURED,1786752908224872000,load,aegis_bounded_verification_pool,ML-DSA-65,concurrent_verify_burst,workers4_concurrency65,512,22,0,17326458,25909000,11862016,true,accepted=65;saturated=0;unexpected=0,65,65,0,0,3309,0,0,0,0,0,"controlled local burst; wall time includes scoped-thread creation, Aegis policy/transcript processing, bounded-pool admission, primitive verification, and joins; work_units counts accepted verifications only"
local-1786752901640954000,macmini-m2-macos26.5.2-rust1.97.1-aarch64-20260814-workers4,9d3ab807a08ef4cf1077dbc23213e2314ce37c87,MEASURED,1786752908266435000,load,aegis_bounded_verification_pool,ML-DSA-65,concurrent_verify_burst,workers4_concurrency65,512,23,0,16815416,27651000,11862016,true,accepted=65;saturated=0;unexpected=0,65,65,0,0,3309,0,0,0,0,0,"controlled local burst; wall time includes scoped-thread creation, Aegis policy/transcript processing, bounded-pool admission, primitive verification, and joins; work_units counts accepted verifications only"
local-1786752901640954000,macmini-m2-macos26.5.2-rust1.97.1-aarch64-20260814-workers4,9d3ab807a08ef4cf1077dbc23213e2314ce37c87,MEASURED,1786752908370853000,load,aegis_bounded_verification_pool,ML-DSA-65,concurrent_verify_burst,workers4_concurrency65,512,24,0,76488416,33876000,11878400,true,accepted=65;saturated=0;unexpected=0,65,65,0,0,3309,0,0,0,0,0,"controlled local burst; wall time includes scoped-thread creation, Aegis policy/transcript processing, bounded-pool admission, primitive verification, and joins; work_units counts accepted verifications only"
local-1786752901640954000,macmini-m2-macos26.5.2-rust1.97.1-aarch64-20260814-workers4,9d3ab807a08ef4cf1077dbc23213e2314ce37c87,MEASURED,1786752908439842000,load,aegis_bounded_verification_pool,ML-DSA-65,concurrent_verify_burst,workers4_concurrency65,512,25,0,16561041,27137000,11878400,true,accepted=65;saturated=0;unexpected=0,65,65,0,0,3309,0,0,0,0,0,"controlled local burst; wall time includes scoped-thread creation, Aegis policy/transcript processing, bounded-pool admission, primitive verification, and joins; work_units counts accepted verifications only"
local-1786752901640954000,macmini-m2-macos26.5.2-rust1.97.1-aarch64-20260814-workers4,9d3ab807a08ef4cf1077dbc23213e2314ce37c87,MEASURED,1786752908477330000,load,aegis_bounded_verification_pool,ML-DSA-65,concurrent_verify_burst,workers4_concurrency65,512,26,0,16950208,26656000,11878400,true,accepted=65;saturated=0;unexpected=0,65,65,0,0,3309,0,0,0,0,0,"controlled local burst; wall time includes scoped-thread creation, Aegis policy/transcript processing, bounded-pool admission, primitive verification, and joins; work_units counts accepted verifications only"
local-1786752901640954000,macmini-m2-macos26.5.2-rust1.97.1-aarch64-20260814-workers4,9d3ab807a08ef4cf1077dbc23213e2314ce37c87,MEASURED,1786752908519115000,load,aegis_bounded_verification_pool,ML-DSA-65,concurrent_verify_burst,workers4_concurrency65,512,27,0,17586583,26651000,11878400,true,accepted=65;saturated=0;unexpected=0,65,65,0,0,3309,0,0,0,0,0,"controlled local burst; wall time includes scoped-thread creation, Aegis policy/transcript processing, bounded-pool admission, primitive verification, and joins; work_units counts accepted verifications only"
local-1786752901640954000,macmini-m2-macos26.5.2-rust1.97.1-aarch64-20260814-workers4,9d3ab807a08ef4cf1077dbc23213e2314ce37c87,MEASURED,1786752908563789000,load,aegis_bounded_verification_pool,ML-DSA-65,concurrent_verify_burst,workers4_concurrency65,512,28,0,17254000,27767000,11878400,true,accepted=65;saturated=0;unexpected=0,65,65,0,0,3309,0,0,0,0,0,"controlled local burst; wall time includes scoped-thread creation, Aegis policy/transcript processing, bounded-pool admission, primitive verification, and joins; work_units counts accepted verifications only"
local-1786752901640954000,macmini-m2-macos26.5.2-rust1.97.1-aarch64-20260814-workers4,9d3ab807a08ef4cf1077dbc23213e2314ce37c87,MEASURED,1786752908604302000,load,aegis_bounded_verification_pool,ML-DSA-65,concurrent_verify_burst,workers4_concurrency65,512,29,0,17691708,28843000,11878400,true,accepted=65;saturated=0;unexpected=0,65,65,0,0,3309,0,0,0,0,0,"controlled local burst; wall time includes scoped-thread creation, Aegis policy/transcript processing, bounded-pool admission, primitive verification, and joins; work_units counts accepted verifications only"
local-1786752901640954000,macmini-m2-macos26.5.2-rust1.97.1-aarch64-20260814-workers4,9d3ab807a08ef4cf1077dbc23213e2314ce37c87,MEASURED,1786752908646011000,load,aegis_bounded_verification_pool,ML-DSA-65,concurrent_verify_burst,workers4_concurrency65,512,30,0,17510333,28195000,11878400,true,accepted=65;saturated=0;unexpected=0,65,65,0,0,3309,0,0,0,0,0,"controlled local burst; wall time includes scoped-thread creation, Aegis policy/transcript processing, bounded-pool admission, primitive verification, and joins; work_units counts accepted verifications only"
local-1786752901640954000,macmini-m2-macos26.5.2-rust1.97.1-aarch64-20260814-workers4,9d3ab807a08ef4cf1077dbc23213e2314ce37c87,MEASURED,1786752908689904000,load,aegis_bounded_verification_pool,ML-DSA-65,concurrent_verify_burst,workers4_concurrency65,512,31,0,17864625,27357000,11878400,true,accepted=65;saturated=0;unexpected=0,65,65,0,0,3309,0,0,0,0,0,"controlled local burst; wall time includes scoped-thread creation, Aegis policy/transcript processing, bounded-pool admission, primitive verification, and joins; work_units counts accepted verifications only"
local-1786752901640954000,macmini-m2-macos26.5.2-rust1.97.1-aarch64-20260814-workers4,9d3ab807a08ef4cf1077dbc23213e2314ce37c87,MEASURED,1786752908733213000,load,aegis_bounded_verification_pool,ML-DSA-65,concurrent_verify_burst,workers4_concurrency65,512,32,0,16628625,27753000,11878400,true,accepted=65;saturated=0;unexpected=0,65,65,0,0,3309,0,0,0,0,0,"controlled local burst; wall time includes scoped-thread creation, Aegis policy/transcript processing, bounded-pool admission, primitive verification, and joins; work_units counts accepted verifications only"
local-1786752901640954000,macmini-m2-macos26.5.2-rust1.97.1-aarch64-20260814-workers4,9d3ab807a08ef4cf1077dbc23213e2314ce37c87,MEASURED,1786752908777111000,load,aegis_bounded_verification_pool,ML-DSA-65,concurrent_verify_burst,workers4_concurrency65,512,33,0,17302709,26746000,11878400,true,accepted=65;saturated=0;unexpected=0,65,65,0,0,3309,0,0,0,0,0,"controlled local burst; wall time includes scoped-thread creation, Aegis policy/transcript processing, bounded-pool admission, primitive verification, and joins; work_units counts accepted verifications only"
local-1786752901640954000,macmini-m2-macos26.5.2-rust1.97.1-aarch64-20260814-workers4,9d3ab807a08ef4cf1077dbc23213e2314ce37c87,MEASURED,1786752908816654000,load,aegis_bounded_verification_pool,ML-DSA-65,concurrent_verify_burst,workers4_concurrency65,512,34,0,16755375,28301000,11878400,true,accepted=65;saturated=0;unexpected=0,65,65,0,0,3309,0,0,0,0,0,"controlled local burst; wall time includes scoped-thread creation, Aegis policy/transcript processing, bounded-pool admission, primitive verification, and joins; work_units counts accepted verifications only"
local-1786752901640954000,macmini-m2-macos26.5.2-rust1.97.1-aarch64-20260814-workers4,9d3ab807a08ef4cf1077dbc23213e2314ce37c87,MEASURED,1786752908860329000,load,aegis_bounded_verification_pool,ML-DSA-65,concurrent_verify_burst,workers4_concurrency65,512,35,0,16743875,28202000,11878400,true,accepted=65;saturated=0;unexpected=0,65,65,0,0,3309,0,0,0,0,0,"controlled local burst; wall time includes scoped-thread creation, Aegis policy/transcript processing, bounded-pool admission, primitive verification, and joins; work_units counts accepted verifications only"
local-1786752901640954000,macmini-m2-macos26.5.2-rust1.97.1-aarch64-20260814-workers4,9d3ab807a08ef4cf1077dbc23213e2314ce37c87,MEASURED,1786752908900973000,load,aegis_bounded_verification_pool,ML-DSA-65,concurrent_verify_burst,workers4_concurrency65,512,36,0,17569000,27249000,11878400,true,accepted=65;saturated=0;unexpected=0,65,65,0,0,3309,0,0,0,0,0,"controlled local burst; wall time includes scoped-thread creation, Aegis policy/transcript processing, bounded-pool admission, primitive verification, and joins; work_units counts accepted verifications only"
local-1786752901640954000,macmini-m2-macos26.5.2-rust1.97.1-aarch64-20260814-workers4,9d3ab807a08ef4cf1077dbc23213e2314ce37c87,MEASURED,1786752908940116000,load,aegis_bounded_verification_pool,ML-DSA-65,concurrent_verify_burst,workers4_concurrency65,512,37,0,16631459,26344000,11878400,true,accepted=65;saturated=0;unexpected=0,65,65,0,0,3309,0,0,0,0,0,"controlled local burst; wall time includes scoped-thread creation, Aegis policy/transcript processing, bounded-pool admission, primitive verification, and joins; work_units counts accepted verifications only"
local-1786752901640954000,macmini-m2-macos26.5.2-rust1.97.1-aarch64-20260814-workers4,9d3ab807a08ef4cf1077dbc23213e2314ce37c87,MEASURED,1786752908980780000,load,aegis_bounded_verification_pool,ML-DSA-65,concurrent_verify_burst,workers4_concurrency65,512,38,0,16574292,25923000,11878400,true,accepted=65;saturated=0;unexpected=0,65,65,0,0,3309,0,0,0,0,0,"controlled local burst; wall time includes scoped-thread creation, Aegis policy/transcript processing, bounded-pool admission, primitive verification, and joins; work_units counts accepted verifications only"
local-1786752901640954000,macmini-m2-macos26.5.2-rust1.97.1-aarch64-20260814-workers4,9d3ab807a08ef4cf1077dbc23213e2314ce37c87,MEASURED,1786752909019729000,load,aegis_bounded_verification_pool,ML-DSA-65,concurrent_verify_burst,workers4_concurrency65,512,39,0,16899208,26116000,11878400,true,accepted=65;saturated=0;unexpected=0,65,65,0,0,3309,0,0,0,0,0,"controlled local burst; wall time includes scoped-thread creation, Aegis policy/transcript processing, bounded-pool admission, primitive verification, and joins; work_units counts accepted verifications only"
local-1786752901640954000,macmini-m2-macos26.5.2-rust1.97.1-aarch64-20260814-workers4,9d3ab807a08ef4cf1077dbc23213e2314ce37c87,MEASURED,1786752909059391000,load,aegis_bounded_verification_pool,ML-DSA-65,concurrent_verify_burst,workers4_concurrency65,512,40,0,16332542,27012000,11878400,true,accepted=65;saturated=0;unexpected=0,65,65,0,0,3309,0,0,0,0,0,"controlled local burst; wall time includes scoped-thread creation, Aegis policy/transcript processing, bounded-pool admission, primitive verification, and joins; work_units counts accepted verifications only"
local-1786752901640954000,macmini-m2-macos26.5.2-rust1.97.1-aarch64-20260814-workers4,9d3ab807a08ef4cf1077dbc23213e2314ce37c87,MEASURED,1786752909098575000,load,aegis_bounded_verification_pool,ML-DSA-65,concurrent_verify_burst,workers4_concurrency65,512,41,0,16516917,26033000,11878400,true,accepted=65;saturated=0;unexpected=0,65,65,0,0,3309,0,0,0,0,0,"controlled local burst; wall time includes scoped-thread creation, Aegis policy/transcript processing, bounded-pool admission, primitive verification, and joins; work_units counts accepted verifications only"
local-1786752901640954000,macmini-m2-macos26.5.2-rust1.97.1-aarch64-20260814-workers4,9d3ab807a08ef4cf1077dbc23213e2314ce37c87,MEASURED,1786752909136756000,load,aegis_bounded_verification_pool,ML-DSA-65,concurrent_verify_burst,workers4_concurrency65,512,42,0,16975000,27776000,11878400,true,accepted=65;saturated=0;unexpected=0,65,65,0,0,3309,0,0,0,0,0,"controlled local burst; wall time includes scoped-thread creation, Aegis policy/transcript processing, bounded-pool admission, primitive verification, and joins; work_units counts accepted verifications only"
local-1786752901640954000,macmini-m2-macos26.5.2-rust1.97.1-aarch64-20260814-workers4,9d3ab807a08ef4cf1077dbc23213e2314ce37c87,MEASURED,1786752909178794000,load,aegis_bounded_verification_pool,ML-DSA-65,concurrent_verify_burst,workers4_concurrency65,512,43,0,17259917,27800000,11878400,true,accepted=65;saturated=0;unexpected=0,65,65,0,0,3309,0,0,0,0,0,"controlled local burst; wall time includes scoped-thread creation, Aegis policy/transcript processing, bounded-pool admission, primitive verification, and joins; work_units counts accepted verifications only"
local-1786752901640954000,macmini-m2-macos26.5.2-rust1.97.1-aarch64-20260814-workers4,9d3ab807a08ef4cf1077dbc23213e2314ce37c87,MEASURED,1786752909219400000,load,aegis_bounded_verification_pool,ML-DSA-65,concurrent_verify_burst,workers4_concurrency65,512,44,0,16721375,27252000,11878400,true,accepted=65;saturated=0;unexpected=0,65,65,0,0,3309,0,0,0,0,0,"controlled local burst; wall time includes scoped-thread creation, Aegis policy/transcript processing, bounded-pool admission, primitive verification, and joins; work_units counts accepted verifications only"
local-1786752901640954000,macmini-m2-macos26.5.2-rust1.97.1-aarch64-20260814-workers4,9d3ab807a08ef4cf1077dbc23213e2314ce37c87,MEASURED,1786752909259976000,load,aegis_bounded_verification_pool,ML-DSA-65,concurrent_verify_burst,workers4_concurrency65,512,45,0,17320250,27019000,11878400,true,accepted=65;saturated=0;unexpected=0,65,65,0,0,3309,0,0,0,0,0,"controlled local burst; wall time includes scoped-thread creation, Aegis policy/transcript processing, bounded-pool admission, primitive verification, and joins; work_units counts accepted verifications only"
local-1786752901640954000,macmini-m2-macos26.5.2-rust1.97.1-aarch64-20260814-workers4,9d3ab807a08ef4cf1077dbc23213e2314ce37c87,MEASURED,1786752909298536000,load,aegis_bounded_verification_pool,ML-DSA-65,concurrent_verify_burst,workers4_concurrency65,512,46,0,17387458,27799000,11878400,true,accepted=65;saturated=0;unexpected=0,65,65,0,0,3309,0,0,0,0,0,"controlled local burst; wall time includes scoped-thread creation, Aegis policy/transcript processing, bounded-pool admission, primitive verification, and joins; work_units counts accepted verifications only"
local-1786752901640954000,macmini-m2-macos26.5.2-rust1.97.1-aarch64-20260814-workers4,9d3ab807a08ef4cf1077dbc23213e2314ce37c87,MEASURED,1786752909338632000,load,aegis_bounded_verification_pool,ML-DSA-65,concurrent_verify_burst,workers4_concurrency65,512,47,0,16460042,26354000,11878400,true,accepted=65;saturated=0;unexpected=0,65,65,0,0,3309,0,0,0,0,0,"controlled local burst; wall time includes scoped-thread creation, Aegis policy/transcript processing, bounded-pool admission, primitive verification, and joins; work_units counts accepted verifications only"
local-1786752901640954000,macmini-m2-macos26.5.2-rust1.97.1-aarch64-20260814-workers4,9d3ab807a08ef4cf1077dbc23213e2314ce37c87,MEASURED,1786752909377894000,load,aegis_bounded_verification_pool,ML-DSA-65,concurrent_verify_burst,workers4_concurrency65,512,48,0,16884125,26539000,11878400,true,accepted=65;saturated=0;unexpected=0,65,65,0,0,3309,0,0,0,0,0,"controlled local burst; wall time includes scoped-thread creation, Aegis policy/transcript processing, bounded-pool admission, primitive verification, and joins; work_units counts accepted verifications only"
local-1786752901640954000,macmini-m2-macos26.5.2-rust1.97.1-aarch64-20260814-workers4,9d3ab807a08ef4cf1077dbc23213e2314ce37c87,MEASURED,1786752909423566000,load,aegis_bounded_verification_pool,ML-DSA-65,concurrent_verify_burst,workers4_concurrency65,512,49,0,17446958,28983000,11878400,true,accepted=65;saturated=0;unexpected=0,65,65,0,0,3309,0,0,0,0,0,"controlled local burst; wall time includes scoped-thread creation, Aegis policy/transcript processing, bounded-pool admission, primitive verification, and joins; work_units counts accepted verifications only"
local-1786752901640954000,macmini-m2-macos26.5.2-rust1.97.1-aarch64-20260814-workers4,9d3ab807a08ef4cf1077dbc23213e2314ce37c87,MEASURED,1786752909467097000,load,aegis_bounded_verification_pool,ML-DSA-65,concurrent_verify_burst,workers4_concurrency65,512,50,0,16768458,27012000,11878400,true,accepted=65;saturated=0;unexpected=0,65,65,0,0,3309,0,0,0,0,0,"controlled local burst; wall time includes scoped-thread creation, Aegis policy/transcript processing, bounded-pool admission, primitive verification, and joins; work_units counts accepted verifications only"
local-1786752901640954000,macmini-m2-macos26.5.2-rust1.97.1-aarch64-20260814-workers4,9d3ab807a08ef4cf1077dbc23213e2314ce37c87,MEASURED,1786752909504356000,load,aegis_bounded_verification_pool,ML-DSA-65,concurrent_verify_burst,workers4_concurrency65,512,51,0,16414500,25939000,11878400,true,accepted=65;saturated=0;unexpected=0,65,65,0,0,3309,0,0,0,0,0,"controlled local burst; wall time includes scoped-thread creation, Aegis policy/transcript processing, bounded-pool admission, primitive verification, and joins; work_units counts accepted verifications only"
local-1786752901640954000,macmini-m2-macos26.5.2-rust1.97.1-aarch64-20260814-workers4,9d3ab807a08ef4cf1077dbc23213e2314ce37c87,MEASURED,1786752909549031000,load,aegis_bounded_verification_pool,ML-DSA-65,concurrent_verify_burst,workers4_concurrency65,512,52,0,17742875,29168000,11878400,true,accepted=65;saturated=0;unexpected=0,65,65,0,0,3309,0,0,0,0,0,"controlled local burst; wall time includes scoped-thread creation, Aegis policy/transcript processing, bounded-pool admission, primitive verification, and joins; work_units counts accepted verifications only"
local-1786752901640954000,macmini-m2-macos26.5.2-rust1.97.1-aarch64-20260814-workers4,9d3ab807a08ef4cf1077dbc23213e2314ce37c87,MEASURED,1786752909600501000,load,aegis_bounded_verification_pool,ML-DSA-65,concurrent_verify_burst,workers4_concurrency65,512,53,0,18120000,27946000,11878400,true,accepted=65;saturated=0;unexpected=0,65,65,0,0,3309,0,0,0,0,0,"controlled local burst; wall time includes scoped-thread creation, Aegis policy/transcript processing, bounded-pool admission, primitive verification, and joins; work_units counts accepted verifications only"
local-1786752901640954000,macmini-m2-macos26.5.2-rust1.97.1-aarch64-20260814-workers4,9d3ab807a08ef4cf1077dbc23213e2314ce37c87,MEASURED,1786752909682739000,load,aegis_bounded_verification_pool,ML-DSA-65,concurrent_verify_burst,workers4_concurrency65,512,54,0,34508042,33417000,11894784,true,accepted=65;saturated=0;unexpected=0,65,65,0,0,3309,0,0,0,0,0,"controlled local burst; wall time includes scoped-thread creation, Aegis policy/transcript processing, bounded-pool admission, primitive verification, and joins; work_units counts accepted verifications only"
local-1786752901640954000,macmini-m2-macos26.5.2-rust1.97.1-aarch64-20260814-workers4,9d3ab807a08ef4cf1077dbc23213e2314ce37c87,MEASURED,1786752909734827000,load,aegis_bounded_verification_pool,ML-DSA-65,concurrent_verify_burst,workers4_concurrency65,512,55,0,22553833,29796000,11894784,true,accepted=65;saturated=0;unexpected=0,65,65,0,0,3309,0,0,0,0,0,"controlled local burst; wall time includes scoped-thread creation, Aegis policy/transcript processing, bounded-pool admission, primitive verification, and joins; work_units counts accepted verifications only"
local-1786752901640954000,macmini-m2-macos26.5.2-rust1.97.1-aarch64-20260814-workers4,9d3ab807a08ef4cf1077dbc23213e2314ce37c87,MEASURED,1786752909790246000,load,aegis_bounded_verification_pool,ML-DSA-65,concurrent_verify_burst,workers4_concurrency65,512,56,0,23799042,32241000,11894784,true,accepted=65;saturated=0;unexpected=0,65,65,0,0,3309,0,0,0,0,0,"controlled local burst; wall time includes scoped-thread creation, Aegis policy/transcript processing, bounded-pool admission, primitive verification, and joins; work_units counts accepted verifications only"
local-1786752901640954000,macmini-m2-macos26.5.2-rust1.97.1-aarch64-20260814-workers4,9d3ab807a08ef4cf1077dbc23213e2314ce37c87,MEASURED,1786752909835798000,load,aegis_bounded_verification_pool,ML-DSA-65,concurrent_verify_burst,workers4_concurrency65,512,57,0,19209041,29542000,11894784,true,accepted=65;saturated=0;unexpected=0,65,65,0,0,3309,0,0,0,0,0,"controlled local burst; wall time includes scoped-thread creation, Aegis policy/transcript processing, bounded-pool admission, primitive verification, and joins; work_units counts accepted verifications only"
local-1786752901640954000,macmini-m2-macos26.5.2-rust1.97.1-aarch64-20260814-workers4,9d3ab807a08ef4cf1077dbc23213e2314ce37c87,MEASURED,1786752909885680000,load,aegis_bounded_verification_pool,ML-DSA-65,concurrent_verify_burst,workers4_concurrency65,512,58,0,18379041,28632000,11894784,true,accepted=65;saturated=0;unexpected=0,65,65,0,0,3309,0,0,0,0,0,"controlled local burst; wall time includes scoped-thread creation, Aegis policy/transcript processing, bounded-pool admission, primitive verification, and joins; work_units counts accepted verifications only"
local-1786752901640954000,macmini-m2-macos26.5.2-rust1.97.1-aarch64-20260814-workers4,9d3ab807a08ef4cf1077dbc23213e2314ce37c87,MEASURED,1786752909927891000,load,aegis_bounded_verification_pool,ML-DSA-65,concurrent_verify_burst,workers4_concurrency65,512,59,0,17781458,28349000,11894784,true,accepted=65;saturated=0;unexpected=0,65,65,0,0,3309,0,0,0,0,0,"controlled local burst; wall time includes scoped-thread creation, Aegis policy/transcript processing, bounded-pool admission, primitive verification, and joins; work_units counts accepted verifications only"
local-1786752901640954000,macmini-m2-macos26.5.2-rust1.97.1-aarch64-20260814-workers4,9d3ab807a08ef4cf1077dbc23213e2314ce37c87,MEASURED,1786752909970134000,load,aegis_bounded_verification_pool,ML-DSA-65,concurrent_verify_burst,workers4_concurrency65,512,60,0,17530167,29264000,11894784,true,accepted=65;saturated=0;unexpected=0,65,65,0,0,3309,0,0,0,0,0,"controlled local burst; wall time includes scoped-thread creation, Aegis policy/transcript processing, bounded-pool admission, primitive verification, and joins; work_units counts accepted verifications only"
local-1786752901640954000,macmini-m2-macos26.5.2-rust1.97.1-aarch64-20260814-workers4,9d3ab807a08ef4cf1077dbc23213e2314ce37c87,MEASURED,1786752910015052000,load,aegis_bounded_verification_pool,ML-DSA-65,concurrent_verify_burst,workers4_concurrency65,512,61,0,17780000,29377000,11894784,true,accepted=65;saturated=0;unexpected=0,65,65,0,0,3309,0,0,0,0,0,"controlled local burst; wall time includes scoped-thread creation, Aegis policy/transcript processing, bounded-pool admission, primitive verification, and joins; work_units counts accepted verifications only"
local-1786752901640954000,macmini-m2-macos26.5.2-rust1.97.1-aarch64-20260814-workers4,9d3ab807a08ef4cf1077dbc23213e2314ce37c87,MEASURED,1786752910062910000,load,aegis_bounded_verification_pool,ML-DSA-65,concurrent_verify_burst,workers4_concurrency65,512,62,0,19544375,29371000,11894784,true,accepted=65;saturated=0;unexpected=0,65,65,0,0,3309,0,0,0,0,0,"controlled local burst; wall time includes scoped-thread creation, Aegis policy/transcript processing, bounded-pool admission, primitive verification, and joins; work_units counts accepted verifications only"
local-1786752901640954000,macmini-m2-macos26.5.2-rust1.97.1-aarch64-20260814-workers4,9d3ab807a08ef4cf1077dbc23213e2314ce37c87,MEASURED,1786752910111523000,load,aegis_bounded_verification_pool,ML-DSA-65,concurrent_verify_burst,workers4_concurrency65,512,63,0,19510875,31733000,11894784,true,accepted=65;saturated=0;unexpected=0,65,65,0,0,3309,0,0,0,0,0,"controlled local burst; wall time includes scoped-thread creation, Aegis policy/transcript processing, bounded-pool admission, primitive verification, and joins; work_units counts accepted verifications only"
local-1786752901640954000,macmini-m2-macos26.5.2-rust1.97.1-aarch64-20260814-workers4,9d3ab807a08ef4cf1077dbc23213e2314ce37c87,MEASURED,1786752910157470000,load,aegis_bounded_verification_pool,ML-DSA-65,concurrent_verify_burst,workers4_concurrency65,512,64,0,18502250,30357000,11894784,true,accepted=65;saturated=0;unexpected=0,65,65,0,0,3309,0,0,0,0,0,"controlled local burst; wall time includes scoped-thread creation, Aegis policy/transcript processing, bounded-pool admission, primitive verification, and joins; work_units counts accepted verifications only"
local-1786752901640954000,macmini-m2-macos26.5.2-rust1.97.1-aarch64-20260814-workers4,9d3ab807a08ef4cf1077dbc23213e2314ce37c87,MEASURED,1786752910203229000,load,aegis_bounded_verification_pool,ML-DSA-65,concurrent_verify_burst,workers4_concurrency65,512,65,0,19034458,31026000,11894784,true,accepted=65;saturated=0;unexpected=0,65,65,0,0,3309,0,0,0,0,0,"controlled local burst; wall time includes scoped-thread creation, Aegis policy/transcript processing, bounded-pool admission, primitive verification, and joins; work_units counts accepted verifications only"
local-1786752901640954000,macmini-m2-macos26.5.2-rust1.97.1-aarch64-20260814-workers4,9d3ab807a08ef4cf1077dbc23213e2314ce37c87,MEASURED,1786752910247267000,load,aegis_bounded_verification_pool,ML-DSA-65,concurrent_verify_burst,workers4_concurrency65,512,66,0,18818125,29715000,11894784,true,accepted=65;saturated=0;unexpected=0,65,65,0,0,3309,0,0,0,0,0,"controlled local burst; wall time includes scoped-thread creation, Aegis policy/transcript processing, bounded-pool admission, primitive verification, and joins; work_units counts accepted verifications only"
local-1786752901640954000,macmini-m2-macos26.5.2-rust1.97.1-aarch64-20260814-workers4,9d3ab807a08ef4cf1077dbc23213e2314ce37c87,MEASURED,1786752910291981000,load,aegis_bounded_verification_pool,ML-DSA-65,concurrent_verify_burst,workers4_concurrency65,512,67,0,18787000,30007000,11894784,true,accepted=65;saturated=0;unexpected=0,65,65,0,0,3309,0,0,0,0,0,"controlled local burst; wall time includes scoped-thread creation, Aegis policy/transcript processing, bounded-pool admission, primitive verification, and joins; work_units counts accepted verifications only"
local-1786752901640954000,macmini-m2-macos26.5.2-rust1.97.1-aarch64-20260814-workers4,9d3ab807a08ef4cf1077dbc23213e2314ce37c87,MEASURED,1786752910339364000,load,aegis_bounded_verification_pool,ML-DSA-65,concurrent_verify_burst,workers4_concurrency65,512,68,0,19798833,29371000,11894784,true,accepted=65;saturated=0;unexpected=0,65,65,0,0,3309,0,0,0,0,0,"controlled local burst; wall time includes scoped-thread creation, Aegis policy/transcript processing, bounded-pool admission, primitive verification, and joins; work_units counts accepted verifications only"
local-1786752901640954000,macmini-m2-macos26.5.2-rust1.97.1-aarch64-20260814-workers4,9d3ab807a08ef4cf1077dbc23213e2314ce37c87,MEASURED,1786752910383066000,load,aegis_bounded_verification_pool,ML-DSA-65,concurrent_verify_burst,workers4_concurrency65,512,69,0,19084916,30921000,11894784,true,accepted=65;saturated=0;unexpected=0,65,65,0,0,3309,0,0,0,0,0,"controlled local burst; wall time includes scoped-thread creation, Aegis policy/transcript processing, bounded-pool admission, primitive verification, and joins; work_units counts accepted verifications only"
local-1786752901640954000,macmini-m2-macos26.5.2-rust1.97.1-aarch64-20260814-workers4,9d3ab807a08ef4cf1077dbc23213e2314ce37c87,MEASURED,1786752910431944000,load,aegis_bounded_verification_pool,ML-DSA-65,concurrent_verify_burst,workers4_concurrency65,512,70,0,20978792,31115000,11894784,true,accepted=65;saturated=0;unexpected=0,65,65,0,0,3309,0,0,0,0,0,"controlled local burst; wall time includes scoped-thread creation, Aegis policy/transcript processing, bounded-pool admission, primitive verification, and joins; work_units counts accepted verifications only"
local-1786752901640954000,macmini-m2-macos26.5.2-rust1.97.1-aarch64-20260814-workers4,9d3ab807a08ef4cf1077dbc23213e2314ce37c87,MEASURED,1786752910489799000,load,aegis_bounded_verification_pool,ML-DSA-65,concurrent_verify_burst,workers4_concurrency65,512,71,0,25196083,32484000,11894784,true,accepted=65;saturated=0;unexpected=0,65,65,0,0,3309,0,0,0,0,0,"controlled local burst; wall time includes scoped-thread creation, Aegis policy/transcript processing, bounded-pool admission, primitive verification, and joins; work_units counts accepted verifications only"
local-1786752901640954000,macmini-m2-macos26.5.2-rust1.97.1-aarch64-20260814-workers4,9d3ab807a08ef4cf1077dbc23213e2314ce37c87,MEASURED,1786752910632725000,load,aegis_bounded_verification_pool,ML-DSA-65,concurrent_verify_burst,workers4_concurrency65,512,72,0,21217541,28078000,11894784,true,accepted=65;saturated=0;unexpected=0,65,65,0,0,3309,0,0,0,0,0,"controlled local burst; wall time includes scoped-thread creation, Aegis policy/transcript processing, bounded-pool admission, primitive verification, and joins; work_units counts accepted verifications only"
local-1786752901640954000,macmini-m2-macos26.5.2-rust1.97.1-aarch64-20260814-workers4,9d3ab807a08ef4cf1077dbc23213e2314ce37c87,MEASURED,1786752910679062000,load,aegis_bounded_verification_pool,ML-DSA-65,concurrent_verify_burst,workers4_concurrency65,512,73,0,18958375,30300000,11894784,true,accepted=65;saturated=0;unexpected=0,65,65,0,0,3309,0,0,0,0,0,"controlled local burst; wall time includes scoped-thread creation, Aegis policy/transcript processing, bounded-pool admission, primitive verification, and joins; work_units counts accepted verifications only"
local-1786752901640954000,macmini-m2-macos26.5.2-rust1.97.1-aarch64-20260814-workers4,9d3ab807a08ef4cf1077dbc23213e2314ce37c87,MEASURED,1786752910723608000,load,aegis_bounded_verification_pool,ML-DSA-65,concurrent_verify_burst,workers4_concurrency65,512,74,0,19306167,26911000,11894784,true,accepted=65;saturated=0;unexpected=0,65,65,0,0,3309,0,0,0,0,0,"controlled local burst; wall time includes scoped-thread creation, Aegis policy/transcript processing, bounded-pool admission, primitive verification, and joins; work_units counts accepted verifications only"
local-1786752901640954000,macmini-m2-macos26.5.2-rust1.97.1-aarch64-20260814-workers4,9d3ab807a08ef4cf1077dbc23213e2314ce37c87,MEASURED,1786752910767008000,load,aegis_bounded_verification_pool,ML-DSA-65,concurrent_verify_burst,workers4_concurrency65,512,75,0,18238541,29381000,11894784,true,accepted=65;saturated=0;unexpected=0,65,65,0,0,3309,0,0,0,0,0,"controlled local burst; wall time includes scoped-thread creation, Aegis policy/transcript processing, bounded-pool admission, primitive verification, and joins; work_units counts accepted verifications only"
local-1786752901640954000,macmini-m2-macos26.5.2-rust1.97.1-aarch64-20260814-workers4,9d3ab807a08ef4cf1077dbc23213e2314ce37c87,MEASURED,1786752910808950000,load,aegis_bounded_verification_pool,ML-DSA-65,concurrent_verify_burst,workers4_concurrency65,512,76,0,18486500,29203000,11894784,true,accepted=65;saturated=0;unexpected=0,65,65,0,0,3309,0,0,0,0,0,"controlled local burst; wall time includes scoped-thread creation, Aegis policy/transcript processing, bounded-pool admission, primitive verification, and joins; work_units counts accepted verifications only"
local-1786752901640954000,macmini-m2-macos26.5.2-rust1.97.1-aarch64-20260814-workers4,9d3ab807a08ef4cf1077dbc23213e2314ce37c87,MEASURED,1786752910855059000,load,aegis_bounded_verification_pool,ML-DSA-65,concurrent_verify_burst,workers4_concurrency65,512,77,0,18543583,29875000,11894784,true,accepted=65;saturated=0;unexpected=0,65,65,0,0,3309,0,0,0,0,0,"controlled local burst; wall time includes scoped-thread creation, Aegis policy/transcript processing, bounded-pool admission, primitive verification, and joins; work_units counts accepted verifications only"
local-1786752901640954000,macmini-m2-macos26.5.2-rust1.97.1-aarch64-20260814-workers4,9d3ab807a08ef4cf1077dbc23213e2314ce37c87,MEASURED,1786752910896333000,load,aegis_bounded_verification_pool,ML-DSA-65,concurrent_verify_burst,workers4_concurrency65,512,78,0,18399667,28798000,11894784,true,accepted=65;saturated=0;unexpected=0,65,65,0,0,3309,0,0,0,0,0,"controlled local burst; wall time includes scoped-thread creation, Aegis policy/transcript processing, bounded-pool admission, primitive verification, and joins; work_units counts accepted verifications only"
local-1786752901640954000,macmini-m2-macos26.5.2-rust1.97.1-aarch64-20260814-workers4,9d3ab807a08ef4cf1077dbc23213e2314ce37c87,MEASURED,1786752910942516000,load,aegis_bounded_verification_pool,ML-DSA-65,concurrent_verify_burst,workers4_concurrency65,512,79,0,18741208,29031000,11894784,true,accepted=65;saturated=0;unexpected=0,65,65,0,0,3309,0,0,0,0,0,"controlled local burst; wall time includes scoped-thread creation, Aegis policy/transcript processing, bounded-pool admission, primitive verification, and joins; work_units counts accepted verifications only"
local-1786752901640954000,macmini-m2-macos26.5.2-rust1.97.1-aarch64-20260814-workers4,9d3ab807a08ef4cf1077dbc23213e2314ce37c87,MEASURED,1786752910988355000,load,aegis_bounded_verification_pool,ML-DSA-65,concurrent_verify_burst,workers4_concurrency65,512,80,0,17780542,29031000,11894784,true,accepted=65;saturated=0;unexpected=0,65,65,0,0,3309,0,0,0,0,0,"controlled local burst; wall time includes scoped-thread creation, Aegis policy/transcript processing, bounded-pool admission, primitive verification, and joins; work_units counts accepted verifications only"
local-1786752901640954000,macmini-m2-macos26.5.2-rust1.97.1-aarch64-20260814-workers4,9d3ab807a08ef4cf1077dbc23213e2314ce37c87,MEASURED,1786752911039062000,load,aegis_bounded_verification_pool,ML-DSA-65,concurrent_verify_burst,workers4_concurrency65,512,81,0,19896125,28503000,11894784,true,accepted=65;saturated=0;unexpected=0,65,65,0,0,3309,0,0,0,0,0,"controlled local burst; wall time includes scoped-thread creation, Aegis policy/transcript processing, bounded-pool admission, primitive verification, and joins; work_units counts accepted verifications only"
local-1786752901640954000,macmini-m2-macos26.5.2-rust1.97.1-aarch64-20260814-workers4,9d3ab807a08ef4cf1077dbc23213e2314ce37c87,MEASURED,1786752911086092000,load,aegis_bounded_verification_pool,ML-DSA-65,concurrent_verify_burst,workers4_concurrency65,512,82,0,18526459,29076000,11894784,true,accepted=65;saturated=0;unexpected=0,65,65,0,0,3309,0,0,0,0,0,"controlled local burst; wall time includes scoped-thread creation, Aegis policy/transcript processing, bounded-pool admission, primitive verification, and joins; work_units counts accepted verifications only"
local-1786752901640954000,macmini-m2-macos26.5.2-rust1.97.1-aarch64-20260814-workers4,9d3ab807a08ef4cf1077dbc23213e2314ce37c87,MEASURED,1786752911127283000,load,aegis_bounded_verification_pool,ML-DSA-65,concurrent_verify_burst,workers4_concurrency65,512,83,0,18211458,28968000,11894784,true,accepted=65;saturated=0;unexpected=0,65,65,0,0,3309,0,0,0,0,0,"controlled local burst; wall time includes scoped-thread creation, Aegis policy/transcript processing, bounded-pool admission, primitive verification, and joins; work_units counts accepted verifications only"
local-1786752901640954000,macmini-m2-macos26.5.2-rust1.97.1-aarch64-20260814-workers4,9d3ab807a08ef4cf1077dbc23213e2314ce37c87,MEASURED,1786752911170182000,load,aegis_bounded_verification_pool,ML-DSA-65,concurrent_verify_burst,workers4_concurrency65,512,84,0,17661000,28736000,11894784,true,accepted=65;saturated=0;unexpected=0,65,65,0,0,3309,0,0,0,0,0,"controlled local burst; wall time includes scoped-thread creation, Aegis policy/transcript processing, bounded-pool admission, primitive verification, and joins; work_units counts accepted verifications only"
local-1786752901640954000,macmini-m2-macos26.5.2-rust1.97.1-aarch64-20260814-workers4,9d3ab807a08ef4cf1077dbc23213e2314ce37c87,MEASURED,1786752911213912000,load,aegis_bounded_verification_pool,ML-DSA-65,concurrent_verify_burst,workers4_concurrency65,512,85,0,18131708,28555000,11894784,true,accepted=65;saturated=0;unexpected=0,65,65,0,0,3309,0,0,0,0,0,"controlled local burst; wall time includes scoped-thread creation, Aegis policy/transcript processing, bounded-pool admission, primitive verification, and joins; work_units counts accepted verifications only"
local-1786752901640954000,macmini-m2-macos26.5.2-rust1.97.1-aarch64-20260814-workers4,9d3ab807a08ef4cf1077dbc23213e2314ce37c87,MEASURED,1786752911257343000,load,aegis_bounded_verification_pool,ML-DSA-65,concurrent_verify_burst,workers4_concurrency65,512,86,0,18091125,28608000,11894784,true,accepted=65;saturated=0;unexpected=0,65,65,0,0,3309,0,0,0,0,0,"controlled local burst; wall time includes scoped-thread creation, Aegis policy/transcript processing, bounded-pool admission, primitive verification, and joins; work_units counts accepted verifications only"
local-1786752901640954000,macmini-m2-macos26.5.2-rust1.97.1-aarch64-20260814-workers4,9d3ab807a08ef4cf1077dbc23213e2314ce37c87,MEASURED,1786752911301092000,load,aegis_bounded_verification_pool,ML-DSA-65,concurrent_verify_burst,workers4_concurrency65,512,87,0,17978792,28629000,11894784,true,accepted=65;saturated=0;unexpected=0,65,65,0,0,3309,0,0,0,0,0,"controlled local burst; wall time includes scoped-thread creation, Aegis policy/transcript processing, bounded-pool admission, primitive verification, and joins; work_units counts accepted verifications only"
local-1786752901640954000,macmini-m2-macos26.5.2-rust1.97.1-aarch64-20260814-workers4,9d3ab807a08ef4cf1077dbc23213e2314ce37c87,MEASURED,1786752911348353000,load,aegis_bounded_verification_pool,ML-DSA-65,concurrent_verify_burst,workers4_concurrency65,512,88,0,18214791,29008000,11894784,true,accepted=65;saturated=0;unexpected=0,65,65,0,0,3309,0,0,0,0,0,"controlled local burst; wall time includes scoped-thread creation, Aegis policy/transcript processing, bounded-pool admission, primitive verification, and joins; work_units counts accepted verifications only"
local-1786752901640954000,macmini-m2-macos26.5.2-rust1.97.1-aarch64-20260814-workers4,9d3ab807a08ef4cf1077dbc23213e2314ce37c87,MEASURED,1786752911390147000,load,aegis_bounded_verification_pool,ML-DSA-65,concurrent_verify_burst,workers4_concurrency65,512,89,0,17155500,26945000,11894784,true,accepted=65;saturated=0;unexpected=0,65,65,0,0,3309,0,0,0,0,0,"controlled local burst; wall time includes scoped-thread creation, Aegis policy/transcript processing, bounded-pool admission, primitive verification, and joins; work_units counts accepted verifications only"
local-1786752901640954000,macmini-m2-macos26.5.2-rust1.97.1-aarch64-20260814-workers4,9d3ab807a08ef4cf1077dbc23213e2314ce37c87,MEASURED,1786752911433971000,load,aegis_bounded_verification_pool,ML-DSA-65,concurrent_verify_burst,workers4_concurrency65,512,90,0,17554042,28250000,11894784,true,accepted=65;saturated=0;unexpected=0,65,65,0,0,3309,0,0,0,0,0,"controlled local burst; wall time includes scoped-thread creation, Aegis policy/transcript processing, bounded-pool admission, primitive verification, and joins; work_units counts accepted verifications only"
local-1786752901640954000,macmini-m2-macos26.5.2-rust1.97.1-aarch64-20260814-workers4,9d3ab807a08ef4cf1077dbc23213e2314ce37c87,MEASURED,1786752911476589000,load,aegis_bounded_verification_pool,ML-DSA-65,concurrent_verify_burst,workers4_concurrency65,512,91,0,18203334,27848000,11894784,true,accepted=65;saturated=0;unexpected=0,65,65,0,0,3309,0,0,0,0,0,"controlled local burst; wall time includes scoped-thread creation, Aegis policy/transcript processing, bounded-pool admission, primitive verification, and joins; work_units counts accepted verifications only"
local-1786752901640954000,macmini-m2-macos26.5.2-rust1.97.1-aarch64-20260814-workers4,9d3ab807a08ef4cf1077dbc23213e2314ce37c87,MEASURED,1786752911525414000,load,aegis_bounded_verification_pool,ML-DSA-65,concurrent_verify_burst,workers4_concurrency65,512,92,0,17877708,27644000,11894784,true,accepted=65;saturated=0;unexpected=0,65,65,0,0,3309,0,0,0,0,0,"controlled local burst; wall time includes scoped-thread creation, Aegis policy/transcript processing, bounded-pool admission, primitive verification, and joins; work_units counts accepted verifications only"
local-1786752901640954000,macmini-m2-macos26.5.2-rust1.97.1-aarch64-20260814-workers4,9d3ab807a08ef4cf1077dbc23213e2314ce37c87,MEASURED,1786752911565898000,load,aegis_bounded_verification_pool,ML-DSA-65,concurrent_verify_burst,workers4_concurrency65,512,93,0,17691250,27570000,11894784,true,accepted=65;saturated=0;unexpected=0,65,65,0,0,3309,0,0,0,0,0,"controlled local burst; wall time includes scoped-thread creation, Aegis policy/transcript processing, bounded-pool admission, primitive verification, and joins; work_units counts accepted verifications only"
local-1786752901640954000,macmini-m2-macos26.5.2-rust1.97.1-aarch64-20260814-workers4,9d3ab807a08ef4cf1077dbc23213e2314ce37c87,MEASURED,1786752911611462000,load,aegis_bounded_verification_pool,ML-DSA-65,concurrent_verify_burst,workers4_concurrency65,512,94,0,17139083,27878000,11894784,true,accepted=65;saturated=0;unexpected=0,65,65,0,0,3309,0,0,0,0,0,"controlled local burst; wall time includes scoped-thread creation, Aegis policy/transcript processing, bounded-pool admission, primitive verification, and joins; work_units counts accepted verifications only"
local-1786752901640954000,macmini-m2-macos26.5.2-rust1.97.1-aarch64-20260814-workers4,9d3ab807a08ef4cf1077dbc23213e2314ce37c87,MEASURED,1786752911654679000,load,aegis_bounded_verification_pool,ML-DSA-65,concurrent_verify_burst,workers4_concurrency65,512,95,0,16751333,27599000,11894784,true,accepted=65;saturated=0;unexpected=0,65,65,0,0,3309,0,0,0,0,0,"controlled local burst; wall time includes scoped-thread creation, Aegis policy/transcript processing, bounded-pool admission, primitive verification, and joins; work_units counts accepted verifications only"
local-1786752901640954000,macmini-m2-macos26.5.2-rust1.97.1-aarch64-20260814-workers4,9d3ab807a08ef4cf1077dbc23213e2314ce37c87,MEASURED,1786752911695096000,load,aegis_bounded_verification_pool,ML-DSA-65,concurrent_verify_burst,workers4_concurrency65,512,96,0,17151833,27340000,11894784,true,accepted=65;saturated=0;unexpected=0,65,65,0,0,3309,0,0,0,0,0,"controlled local burst; wall time includes scoped-thread creation, Aegis policy/transcript processing, bounded-pool admission, primitive verification, and joins; work_units counts accepted verifications only"
local-1786752901640954000,macmini-m2-macos26.5.2-rust1.97.1-aarch64-20260814-workers4,9d3ab807a08ef4cf1077dbc23213e2314ce37c87,MEASURED,1786752911738066000,load,aegis_bounded_verification_pool,ML-DSA-65,concurrent_verify_burst,workers4_concurrency65,512,97,0,16940709,27175000,11894784,true,accepted=65;saturated=0;unexpected=0,65,65,0,0,3309,0,0,0,0,0,"controlled local burst; wall time includes scoped-thread creation, Aegis policy/transcript processing, bounded-pool admission, primitive verification, and joins; work_units counts accepted verifications only"
local-1786752901640954000,macmini-m2-macos26.5.2-rust1.97.1-aarch64-20260814-workers4,9d3ab807a08ef4cf1077dbc23213e2314ce37c87,MEASURED,1786752911778313000,load,aegis_bounded_verification_pool,ML-DSA-65,concurrent_verify_burst,workers4_concurrency65,512,98,0,17320375,27313000,11894784,true,accepted=65;saturated=0;unexpected=0,65,65,0,0,3309,0,0,0,0,0,"controlled local burst; wall time includes scoped-thread creation, Aegis policy/transcript processing, bounded-pool admission, primitive verification, and joins; work_units counts accepted verifications only"
local-1786752901640954000,macmini-m2-macos26.5.2-rust1.97.1-aarch64-20260814-workers4,9d3ab807a08ef4cf1077dbc23213e2314ce37c87,MEASURED,1786752911821165000,load,aegis_bounded_verification_pool,ML-DSA-65,concurrent_verify_burst,workers4_concurrency65,512,99,0,17113792,26768000,11894784,true,accepted=65;saturated=0;unexpected=0,65,65,0,0,3309,0,0,0,0,0,"controlled local burst; wall time includes scoped-thread creation, Aegis policy/transcript processing, bounded-pool admission, primitive verification, and joins; work_units counts accepted verifications only"
local-1786752901640954000,macmini-m2-macos26.5.2-rust1.97.1-aarch64-20260814-workers4,9d3ab807a08ef4cf1077dbc23213e2314ce37c87,MEASURED,1786752911887872000,load,aegis_bounded_verification_pool,ML-DSA-65,concurrent_verify_burst,workers4_concurrency128,512,0,0,17812667,31647000,13008896,true,accepted=65;saturated=63;unexpected=0,65,128,0,0,3309,0,0,0,0,0,"controlled local burst; wall time includes scoped-thread creation, Aegis policy/transcript processing, bounded-pool admission, primitive verification, and joins; work_units counts accepted verifications only"
local-1786752901640954000,macmini-m2-macos26.5.2-rust1.97.1-aarch64-20260814-workers4,9d3ab807a08ef4cf1077dbc23213e2314ce37c87,MEASURED,1786752911951454000,load,aegis_bounded_verification_pool,ML-DSA-65,concurrent_verify_burst,workers4_concurrency128,512,1,0,17894958,31491000,13025280,true,accepted=66;saturated=62;unexpected=0,66,128,0,0,3309,0,0,0,0,0,"controlled local burst; wall time includes scoped-thread creation, Aegis policy/transcript processing, bounded-pool admission, primitive verification, and joins; work_units counts accepted verifications only"
local-1786752901640954000,macmini-m2-macos26.5.2-rust1.97.1-aarch64-20260814-workers4,9d3ab807a08ef4cf1077dbc23213e2314ce37c87,MEASURED,1786752912017010000,load,aegis_bounded_verification_pool,ML-DSA-65,concurrent_verify_burst,workers4_concurrency128,512,2,0,18581250,30796000,13025280,true,accepted=66;saturated=62;unexpected=0,66,128,0,0,3309,0,0,0,0,0,"controlled local burst; wall time includes scoped-thread creation, Aegis policy/transcript processing, bounded-pool admission, primitive verification, and joins; work_units counts accepted verifications only"
local-1786752901640954000,macmini-m2-macos26.5.2-rust1.97.1-aarch64-20260814-workers4,9d3ab807a08ef4cf1077dbc23213e2314ce37c87,MEASURED,1786752912085957000,load,aegis_bounded_verification_pool,ML-DSA-65,concurrent_verify_burst,workers4_concurrency128,512,3,0,18315000,30660000,13025280,true,accepted=65;saturated=63;unexpected=0,65,128,0,0,3309,0,0,0,0,0,"controlled local burst; wall time includes scoped-thread creation, Aegis policy/transcript processing, bounded-pool admission, primitive verification, and joins; work_units counts accepted verifications only"
local-1786752901640954000,macmini-m2-macos26.5.2-rust1.97.1-aarch64-20260814-workers4,9d3ab807a08ef4cf1077dbc23213e2314ce37c87,MEASURED,1786752912149765000,load,aegis_bounded_verification_pool,ML-DSA-65,concurrent_verify_burst,workers4_concurrency128,512,4,0,18404542,31705000,13058048,true,accepted=66;saturated=62;unexpected=0,66,128,0,0,3309,0,0,0,0,0,"controlled local burst; wall time includes scoped-thread creation, Aegis policy/transcript processing, bounded-pool admission, primitive verification, and joins; work_units counts accepted verifications only"
local-1786752901640954000,macmini-m2-macos26.5.2-rust1.97.1-aarch64-20260814-workers4,9d3ab807a08ef4cf1077dbc23213e2314ce37c87,MEASURED,1786752912219556000,load,aegis_bounded_verification_pool,ML-DSA-65,concurrent_verify_burst,workers4_concurrency128,512,5,0,19445250,30404000,13058048,true,accepted=65;saturated=63;unexpected=0,65,128,0,0,3309,0,0,0,0,0,"controlled local burst; wall time includes scoped-thread creation, Aegis policy/transcript processing, bounded-pool admission, primitive verification, and joins; work_units counts accepted verifications only"
local-1786752901640954000,macmini-m2-macos26.5.2-rust1.97.1-aarch64-20260814-workers4,9d3ab807a08ef4cf1077dbc23213e2314ce37c87,MEASURED,1786752912284484000,load,aegis_bounded_verification_pool,ML-DSA-65,concurrent_verify_burst,workers4_concurrency128,512,6,0,18386250,31683000,13074432,true,accepted=65;saturated=63;unexpected=0,65,128,0,0,3309,0,0,0,0,0,"controlled local burst; wall time includes scoped-thread creation, Aegis policy/transcript processing, bounded-pool admission, primitive verification, and joins; work_units counts accepted verifications only"
local-1786752901640954000,macmini-m2-macos26.5.2-rust1.97.1-aarch64-20260814-workers4,9d3ab807a08ef4cf1077dbc23213e2314ce37c87,MEASURED,1786752912350280000,load,aegis_bounded_verification_pool,ML-DSA-65,concurrent_verify_burst,workers4_concurrency128,512,7,0,18002125,30681000,13074432,true,accepted=65;saturated=63;unexpected=0,65,128,0,0,3309,0,0,0,0,0,"controlled local burst; wall time includes scoped-thread creation, Aegis policy/transcript processing, bounded-pool admission, primitive verification, and joins; work_units counts accepted verifications only"
local-1786752901640954000,macmini-m2-macos26.5.2-rust1.97.1-aarch64-20260814-workers4,9d3ab807a08ef4cf1077dbc23213e2314ce37c87,MEASURED,1786752912413847000,load,aegis_bounded_verification_pool,ML-DSA-65,concurrent_verify_burst,workers4_concurrency128,512,8,0,17790458,31504000,13074432,true,accepted=65;saturated=63;unexpected=0,65,128,0,0,3309,0,0,0,0,0,"controlled local burst; wall time includes scoped-thread creation, Aegis policy/transcript processing, bounded-pool admission, primitive verification, and joins; work_units counts accepted verifications only"
local-1786752901640954000,macmini-m2-macos26.5.2-rust1.97.1-aarch64-20260814-workers4,9d3ab807a08ef4cf1077dbc23213e2314ce37c87,MEASURED,1786752912482162000,load,aegis_bounded_verification_pool,ML-DSA-65,concurrent_verify_burst,workers4_concurrency128,512,9,0,18163292,29812000,13074432,true,accepted=65;saturated=63;unexpected=0,65,128,0,0,3309,0,0,0,0,0,"controlled local burst; wall time includes scoped-thread creation, Aegis policy/transcript processing, bounded-pool admission, primitive verification, and joins; work_units counts accepted verifications only"
local-1786752901640954000,macmini-m2-macos26.5.2-rust1.97.1-aarch64-20260814-workers4,9d3ab807a08ef4cf1077dbc23213e2314ce37c87,MEASURED,1786752912555174000,load,aegis_bounded_verification_pool,ML-DSA-65,concurrent_verify_burst,workers4_concurrency128,512,10,0,17802958,31714000,13074432,true,accepted=65;saturated=63;unexpected=0,65,128,0,0,3309,0,0,0,0,0,"controlled local burst; wall time includes scoped-thread creation, Aegis policy/transcript processing, bounded-pool admission, primitive verification, and joins; work_units counts accepted verifications only"
local-1786752901640954000,macmini-m2-macos26.5.2-rust1.97.1-aarch64-20260814-workers4,9d3ab807a08ef4cf1077dbc23213e2314ce37c87,MEASURED,1786752912622896000,load,aegis_bounded_verification_pool,ML-DSA-65,concurrent_verify_burst,workers4_concurrency128,512,11,0,18043417,31880000,13074432,true,accepted=65;saturated=63;unexpected=0,65,128,0,0,3309,0,0,0,0,0,"controlled local burst; wall time includes scoped-thread creation, Aegis policy/transcript processing, bounded-pool admission, primitive verification, and joins; work_units counts accepted verifications only"
local-1786752901640954000,macmini-m2-macos26.5.2-rust1.97.1-aarch64-20260814-workers4,9d3ab807a08ef4cf1077dbc23213e2314ce37c87,MEASURED,1786752912690730000,load,aegis_bounded_verification_pool,ML-DSA-65,concurrent_verify_burst,workers4_concurrency128,512,12,0,18414916,30068000,13074432,true,accepted=66;saturated=62;unexpected=0,66,128,0,0,3309,0,0,0,0,0,"controlled local burst; wall time includes scoped-thread creation, Aegis policy/transcript processing, bounded-pool admission, primitive verification, and joins; work_units counts accepted verifications only"
local-1786752901640954000,macmini-m2-macos26.5.2-rust1.97.1-aarch64-20260814-workers4,9d3ab807a08ef4cf1077dbc23213e2314ce37c87,MEASURED,1786752912756146000,load,aegis_bounded_verification_pool,ML-DSA-65,concurrent_verify_burst,workers4_concurrency128,512,13,0,18533041,31114000,13074432,true,accepted=65;saturated=63;unexpected=0,65,128,0,0,3309,0,0,0,0,0,"controlled local burst; wall time includes scoped-thread creation, Aegis policy/transcript processing, bounded-pool admission, primitive verification, and joins; work_units counts accepted verifications only"
local-1786752901640954000,macmini-m2-macos26.5.2-rust1.97.1-aarch64-20260814-workers4,9d3ab807a08ef4cf1077dbc23213e2314ce37c87,MEASURED,1786752912825857000,load,aegis_bounded_verification_pool,ML-DSA-65,concurrent_verify_burst,workers4_concurrency128,512,14,0,18608208,31551000,13074432,true,accepted=66;saturated=62;unexpected=0,66,128,0,0,3309,0,0,0,0,0,"controlled local burst; wall time includes scoped-thread creation, Aegis policy/transcript processing, bounded-pool admission, primitive verification, and joins; work_units counts accepted verifications only"
local-1786752901640954000,macmini-m2-macos26.5.2-rust1.97.1-aarch64-20260814-workers4,9d3ab807a08ef4cf1077dbc23213e2314ce37c87,MEASURED,1786752912895871000,load,aegis_bounded_verification_pool,ML-DSA-65,concurrent_verify_burst,workers4_concurrency128,512,15,0,18887709,30587000,13074432,true,accepted=67;saturated=61;unexpected=0,67,128,0,0,3309,0,0,0,0,0,"controlled local burst; wall time includes scoped-thread creation, Aegis policy/transcript processing, bounded-pool admission, primitive verification, and joins; work_units counts accepted verifications only"
local-1786752901640954000,macmini-m2-macos26.5.2-rust1.97.1-aarch64-20260814-workers4,9d3ab807a08ef4cf1077dbc23213e2314ce37c87,MEASURED,1786752912969144000,load,aegis_bounded_verification_pool,ML-DSA-65,concurrent_verify_burst,workers4_concurrency128,512,16,0,18797500,32178000,13074432,true,accepted=67;saturated=61;unexpected=0,67,128,0,0,3309,0,0,0,0,0,"controlled local burst; wall time includes scoped-thread creation, Aegis policy/transcript processing, bounded-pool admission, primitive verification, and joins; work_units counts accepted verifications only"
local-1786752901640954000,macmini-m2-macos26.5.2-rust1.97.1-aarch64-20260814-workers4,9d3ab807a08ef4cf1077dbc23213e2314ce37c87,MEASURED,1786752913034654000,load,aegis_bounded_verification_pool,ML-DSA-65,concurrent_verify_burst,workers4_concurrency128,512,17,0,18899584,31928000,13074432,true,accepted=65;saturated=63;unexpected=0,65,128,0,0,3309,0,0,0,0,0,"controlled local burst; wall time includes scoped-thread creation, Aegis policy/transcript processing, bounded-pool admission, primitive verification, and joins; work_units counts accepted verifications only"
local-1786752901640954000,macmini-m2-macos26.5.2-rust1.97.1-aarch64-20260814-workers4,9d3ab807a08ef4cf1077dbc23213e2314ce37c87,MEASURED,1786752913107143000,load,aegis_bounded_verification_pool,ML-DSA-65,concurrent_verify_burst,workers4_concurrency128,512,18,0,18036458,30404000,13074432,true,accepted=65;saturated=63;unexpected=0,65,128,0,0,3309,0,0,0,0,0,"controlled local burst; wall time includes scoped-thread creation, Aegis policy/transcript processing, bounded-pool admission, primitive verification, and joins; work_units counts accepted verifications only"
local-1786752901640954000,macmini-m2-macos26.5.2-rust1.97.1-aarch64-20260814-workers4,9d3ab807a08ef4cf1077dbc23213e2314ce37c87,MEASURED,1786752913173608000,load,aegis_bounded_verification_pool,ML-DSA-65,concurrent_verify_burst,workers4_concurrency128,512,19,0,18110042,30648000,13074432,true,accepted=65;saturated=63;unexpected=0,65,128,0,0,3309,0,0,0,0,0,"controlled local burst; wall time includes scoped-thread creation, Aegis policy/transcript processing, bounded-pool admission, primitive verification, and joins; work_units counts accepted verifications only"
local-1786752901640954000,macmini-m2-macos26.5.2-rust1.97.1-aarch64-20260814-workers4,9d3ab807a08ef4cf1077dbc23213e2314ce37c87,MEASURED,1786752913241289000,load,aegis_bounded_verification_pool,ML-DSA-65,concurrent_verify_burst,workers4_concurrency128,512,20,0,18230417,31311000,13074432,true,accepted=65;saturated=63;unexpected=0,65,128,0,0,3309,0,0,0,0,0,"controlled local burst; wall time includes scoped-thread creation, Aegis policy/transcript processing, bounded-pool admission, primitive verification, and joins; work_units counts accepted verifications only"
local-1786752901640954000,macmini-m2-macos26.5.2-rust1.97.1-aarch64-20260814-workers4,9d3ab807a08ef4cf1077dbc23213e2314ce37c87,MEASURED,1786752913307381000,load,aegis_bounded_verification_pool,ML-DSA-65,concurrent_verify_burst,workers4_concurrency128,512,21,0,18001084,31339000,13074432,true,accepted=66;saturated=62;unexpected=0,66,128,0,0,3309,0,0,0,0,0,"controlled local burst; wall time includes scoped-thread creation, Aegis policy/transcript processing, bounded-pool admission, primitive verification, and joins; work_units counts accepted verifications only"
local-1786752901640954000,macmini-m2-macos26.5.2-rust1.97.1-aarch64-20260814-workers4,9d3ab807a08ef4cf1077dbc23213e2314ce37c87,MEASURED,1786752913377962000,load,aegis_bounded_verification_pool,ML-DSA-65,concurrent_verify_burst,workers4_concurrency128,512,22,0,18823667,30965000,13074432,true,accepted=66;saturated=62;unexpected=0,66,128,0,0,3309,0,0,0,0,0,"controlled local burst; wall time includes scoped-thread creation, Aegis policy/transcript processing, bounded-pool admission, primitive verification, and joins; work_units counts accepted verifications only"
local-1786752901640954000,macmini-m2-macos26.5.2-rust1.97.1-aarch64-20260814-workers4,9d3ab807a08ef4cf1077dbc23213e2314ce37c87,MEASURED,1786752913446522000,load,aegis_bounded_verification_pool,ML-DSA-65,concurrent_verify_burst,workers4_concurrency128,512,23,0,18474792,31687000,13074432,true,accepted=67;saturated=61;unexpected=0,67,128,0,0,3309,0,0,0,0,0,"controlled local burst; wall time includes scoped-thread creation, Aegis policy/transcript processing, bounded-pool admission, primitive verification, and joins; work_units counts accepted verifications only"
local-1786752901640954000,macmini-m2-macos26.5.2-rust1.97.1-aarch64-20260814-workers4,9d3ab807a08ef4cf1077dbc23213e2314ce37c87,MEASURED,1786752913515560000,load,aegis_bounded_verification_pool,ML-DSA-65,concurrent_verify_burst,workers4_concurrency128,512,24,0,18812833,31735000,13074432,true,accepted=66;saturated=62;unexpected=0,66,128,0,0,3309,0,0,0,0,0,"controlled local burst; wall time includes scoped-thread creation, Aegis policy/transcript processing, bounded-pool admission, primitive verification, and joins; work_units counts accepted verifications only"
local-1786752901640954000,macmini-m2-macos26.5.2-rust1.97.1-aarch64-20260814-workers4,9d3ab807a08ef4cf1077dbc23213e2314ce37c87,MEASURED,1786752913582737000,load,aegis_bounded_verification_pool,ML-DSA-65,concurrent_verify_burst,workers4_concurrency128,512,25,0,18473083,31647000,13074432,true,accepted=65;saturated=63;unexpected=0,65,128,0,0,3309,0,0,0,0,0,"controlled local burst; wall time includes scoped-thread creation, Aegis policy/transcript processing, bounded-pool admission, primitive verification, and joins; work_units counts accepted verifications only"
local-1786752901640954000,macmini-m2-macos26.5.2-rust1.97.1-aarch64-20260814-workers4,9d3ab807a08ef4cf1077dbc23213e2314ce37c87,MEASURED,1786752913649318000,load,aegis_bounded_verification_pool,ML-DSA-65,concurrent_verify_burst,workers4_concurrency128,512,26,0,18127125,30283000,13074432,true,accepted=65;saturated=63;unexpected=0,65,128,0,0,3309,0,0,0,0,0,"controlled local burst; wall time includes scoped-thread creation, Aegis policy/transcript processing, bounded-pool admission, primitive verification, and joins; work_units counts accepted verifications only"
local-1786752901640954000,macmini-m2-macos26.5.2-rust1.97.1-aarch64-20260814-workers4,9d3ab807a08ef4cf1077dbc23213e2314ce37c87,MEASURED,1786752913715782000,load,aegis_bounded_verification_pool,ML-DSA-65,concurrent_verify_burst,workers4_concurrency128,512,27,0,18855958,32209000,13074432,true,accepted=68;saturated=60;unexpected=0,68,128,0,0,3309,0,0,0,0,0,"controlled local burst; wall time includes scoped-thread creation, Aegis policy/transcript processing, bounded-pool admission, primitive verification, and joins; work_units counts accepted verifications only"
local-1786752901640954000,macmini-m2-macos26.5.2-rust1.97.1-aarch64-20260814-workers4,9d3ab807a08ef4cf1077dbc23213e2314ce37c87,MEASURED,1786752913777035000,load,aegis_bounded_verification_pool,ML-DSA-65,concurrent_verify_burst,workers4_concurrency128,512,28,0,18219417,31856000,13074432,true,accepted=66;saturated=62;unexpected=0,66,128,0,0,3309,0,0,0,0,0,"controlled local burst; wall time includes scoped-thread creation, Aegis policy/transcript processing, bounded-pool admission, primitive verification, and joins; work_units counts accepted verifications only"
local-1786752901640954000,macmini-m2-macos26.5.2-rust1.97.1-aarch64-20260814-workers4,9d3ab807a08ef4cf1077dbc23213e2314ce37c87,MEASURED,1786752913846107000,load,aegis_bounded_verification_pool,ML-DSA-65,concurrent_verify_burst,workers4_concurrency128,512,29,0,18214458,32563000,13074432,true,accepted=65;saturated=63;unexpected=0,65,128,0,0,3309,0,0,0,0,0,"controlled local burst; wall time includes scoped-thread creation, Aegis policy/transcript processing, bounded-pool admission, primitive verification, and joins; work_units counts accepted verifications only"
local-1786752901640954000,macmini-m2-macos26.5.2-rust1.97.1-aarch64-20260814-workers4,9d3ab807a08ef4cf1077dbc23213e2314ce37c87,MEASURED,1786752913913875000,load,aegis_bounded_verification_pool,ML-DSA-65,concurrent_verify_burst,workers4_concurrency128,512,30,0,18736917,30470000,13074432,true,accepted=67;saturated=61;unexpected=0,67,128,0,0,3309,0,0,0,0,0,"controlled local burst; wall time includes scoped-thread creation, Aegis policy/transcript processing, bounded-pool admission, primitive verification, and joins; work_units counts accepted verifications only"
local-1786752901640954000,macmini-m2-macos26.5.2-rust1.97.1-aarch64-20260814-workers4,9d3ab807a08ef4cf1077dbc23213e2314ce37c87,MEASURED,1786752913987785000,load,aegis_bounded_verification_pool,ML-DSA-65,concurrent_verify_burst,workers4_concurrency128,512,31,0,18173666,31034000,13074432,true,accepted=65;saturated=63;unexpected=0,65,128,0,0,3309,0,0,0,0,0,"controlled local burst; wall time includes scoped-thread creation, Aegis policy/transcript processing, bounded-pool admission, primitive verification, and joins; work_units counts accepted verifications only"
local-1786752901640954000,macmini-m2-macos26.5.2-rust1.97.1-aarch64-20260814-workers4,9d3ab807a08ef4cf1077dbc23213e2314ce37c87,MEASURED,1786752914057219000,load,aegis_bounded_verification_pool,ML-DSA-65,concurrent_verify_burst,workers4_concurrency128,512,32,0,19047958,32131000,13074432,true,accepted=66;saturated=62;unexpected=0,66,128,0,0,3309,0,0,0,0,0,"controlled local burst; wall time includes scoped-thread creation, Aegis policy/transcript processing, bounded-pool admission, primitive verification, and joins; work_units counts accepted verifications only"
local-1786752901640954000,macmini-m2-macos26.5.2-rust1.97.1-aarch64-20260814-workers4,9d3ab807a08ef4cf1077dbc23213e2314ce37c87,MEASURED,1786752914122302000,load,aegis_bounded_verification_pool,ML-DSA-65,concurrent_verify_burst,workers4_concurrency128,512,33,0,18724916,31457000,13074432,true,accepted=66;saturated=62;unexpected=0,66,128,0,0,3309,0,0,0,0,0,"controlled local burst; wall time includes scoped-thread creation, Aegis policy/transcript processing, bounded-pool admission, primitive verification, and joins; work_units counts accepted verifications only"
local-1786752901640954000,macmini-m2-macos26.5.2-rust1.97.1-aarch64-20260814-workers4,9d3ab807a08ef4cf1077dbc23213e2314ce37c87,MEASURED,1786752914185323000,load,aegis_bounded_verification_pool,ML-DSA-65,concurrent_verify_burst,workers4_concurrency128,512,34,0,18892750,31128000,13074432,true,accepted=66;saturated=62;unexpected=0,66,128,0,0,3309,0,0,0,0,0,"controlled local burst; wall time includes scoped-thread creation, Aegis policy/transcript processing, bounded-pool admission, primitive verification, and joins; work_units counts accepted verifications only"
local-1786752901640954000,macmini-m2-macos26.5.2-rust1.97.1-aarch64-20260814-workers4,9d3ab807a08ef4cf1077dbc23213e2314ce37c87,MEASURED,1786752914247957000,load,aegis_bounded_verification_pool,ML-DSA-65,concurrent_verify_burst,workers4_concurrency128,512,35,0,18501459,31430000,13074432,true,accepted=65;saturated=63;unexpected=0,65,128,0,0,3309,0,0,0,0,0,"controlled local burst; wall time includes scoped-thread creation, Aegis policy/transcript processing, bounded-pool admission, primitive verification, and joins; work_units counts accepted verifications only"
local-1786752901640954000,macmini-m2-macos26.5.2-rust1.97.1-aarch64-20260814-workers4,9d3ab807a08ef4cf1077dbc23213e2314ce37c87,MEASURED,1786752914314025000,load,aegis_bounded_verification_pool,ML-DSA-65,concurrent_verify_burst,workers4_concurrency128,512,36,0,18540375,31129000,13074432,true,accepted=66;saturated=62;unexpected=0,66,128,0,0,3309,0,0,0,0,0,"controlled local burst; wall time includes scoped-thread creation, Aegis policy/transcript processing, bounded-pool admission, primitive verification, and joins; work_units counts accepted verifications only"
local-1786752901640954000,macmini-m2-macos26.5.2-rust1.97.1-aarch64-20260814-workers4,9d3ab807a08ef4cf1077dbc23213e2314ce37c87,MEASURED,1786752914377933000,load,aegis_bounded_verification_pool,ML-DSA-65,concurrent_verify_burst,workers4_concurrency128,512,37,0,18341000,30705000,13074432,true,accepted=66;saturated=62;unexpected=0,66,128,0,0,3309,0,0,0,0,0,"controlled local burst; wall time includes scoped-thread creation, Aegis policy/transcript processing, bounded-pool admission, primitive verification, and joins; work_units counts accepted verifications only"
local-1786752901640954000,macmini-m2-macos26.5.2-rust1.97.1-aarch64-20260814-workers4,9d3ab807a08ef4cf1077dbc23213e2314ce37c87,MEASURED,1786752914443944000,load,aegis_bounded_verification_pool,ML-DSA-65,concurrent_verify_burst,workers4_concurrency128,512,38,0,18735417,31610000,13074432,true,accepted=65;saturated=63;unexpected=0,65,128,0,0,3309,0,0,0,0,0,"controlled local burst; wall time includes scoped-thread creation, Aegis policy/transcript processing, bounded-pool admission, primitive verification, and joins; work_units counts accepted verifications only"
local-1786752901640954000,macmini-m2-macos26.5.2-rust1.97.1-aarch64-20260814-workers4,9d3ab807a08ef4cf1077dbc23213e2314ce37c87,MEASURED,1786752914515547000,load,aegis_bounded_verification_pool,ML-DSA-65,concurrent_verify_burst,workers4_concurrency128,512,39,0,19649459,33023000,13074432,true,accepted=66;saturated=62;unexpected=0,66,128,0,0,3309,0,0,0,0,0,"controlled local burst; wall time includes scoped-thread creation, Aegis policy/transcript processing, bounded-pool admission, primitive verification, and joins; work_units counts accepted verifications only"
local-1786752901640954000,macmini-m2-macos26.5.2-rust1.97.1-aarch64-20260814-workers4,9d3ab807a08ef4cf1077dbc23213e2314ce37c87,MEASURED,1786752914583284000,load,aegis_bounded_verification_pool,ML-DSA-65,concurrent_verify_burst,workers4_concurrency128,512,40,0,19049375,32702000,13074432,true,accepted=65;saturated=63;unexpected=0,65,128,0,0,3309,0,0,0,0,0,"controlled local burst; wall time includes scoped-thread creation, Aegis policy/transcript processing, bounded-pool admission, primitive verification, and joins; work_units counts accepted verifications only"
local-1786752901640954000,macmini-m2-macos26.5.2-rust1.97.1-aarch64-20260814-workers4,9d3ab807a08ef4cf1077dbc23213e2314ce37c87,MEASURED,1786752914654157000,load,aegis_bounded_verification_pool,ML-DSA-65,concurrent_verify_burst,workers4_concurrency128,512,41,0,17974417,30754000,13074432,true,accepted=65;saturated=63;unexpected=0,65,128,0,0,3309,0,0,0,0,0,"controlled local burst; wall time includes scoped-thread creation, Aegis policy/transcript processing, bounded-pool admission, primitive verification, and joins; work_units counts accepted verifications only"
local-1786752901640954000,macmini-m2-macos26.5.2-rust1.97.1-aarch64-20260814-workers4,9d3ab807a08ef4cf1077dbc23213e2314ce37c87,MEASURED,1786752914723747000,load,aegis_bounded_verification_pool,ML-DSA-65,concurrent_verify_burst,workers4_concurrency128,512,42,0,23334542,33153000,13074432,true,accepted=65;saturated=63;unexpected=0,65,128,0,0,3309,0,0,0,0,0,"controlled local burst; wall time includes scoped-thread creation, Aegis policy/transcript processing, bounded-pool admission, primitive verification, and joins; work_units counts accepted verifications only"
local-1786752901640954000,macmini-m2-macos26.5.2-rust1.97.1-aarch64-20260814-workers4,9d3ab807a08ef4cf1077dbc23213e2314ce37c87,MEASURED,1786752914796365000,load,aegis_bounded_verification_pool,ML-DSA-65,concurrent_verify_burst,workers4_concurrency128,512,43,0,19776625,31301000,13074432,true,accepted=65;saturated=63;unexpected=0,65,128,0,0,3309,0,0,0,0,0,"controlled local burst; wall time includes scoped-thread creation, Aegis policy/transcript processing, bounded-pool admission, primitive verification, and joins; work_units counts accepted verifications only"
local-1786752901640954000,macmini-m2-macos26.5.2-rust1.97.1-aarch64-20260814-workers4,9d3ab807a08ef4cf1077dbc23213e2314ce37c87,MEASURED,1786752914868727000,load,aegis_bounded_verification_pool,ML-DSA-65,concurrent_verify_burst,workers4_concurrency128,512,44,0,20558334,31720000,13074432,true,accepted=66;saturated=62;unexpected=0,66,128,0,0,3309,0,0,0,0,0,"controlled local burst; wall time includes scoped-thread creation, Aegis policy/transcript processing, bounded-pool admission, primitive verification, and joins; work_units counts accepted verifications only"
local-1786752901640954000,macmini-m2-macos26.5.2-rust1.97.1-aarch64-20260814-workers4,9d3ab807a08ef4cf1077dbc23213e2314ce37c87,MEASURED,1786752914937760000,load,aegis_bounded_verification_pool,ML-DSA-65,concurrent_verify_burst,workers4_concurrency128,512,45,0,20642500,32664000,13074432,true,accepted=66;saturated=62;unexpected=0,66,128,0,0,3309,0,0,0,0,0,"controlled local burst; wall time includes scoped-thread creation, Aegis policy/transcript processing, bounded-pool admission, primitive verification, and joins; work_units counts accepted verifications only"
local-1786752901640954000,macmini-m2-macos26.5.2-rust1.97.1-aarch64-20260814-workers4,9d3ab807a08ef4cf1077dbc23213e2314ce37c87,MEASURED,1786752915009246000,load,aegis_bounded_verification_pool,ML-DSA-65,concurrent_verify_burst,workers4_concurrency128,512,46,0,20418333,31899000,13107200,true,accepted=65;saturated=63;unexpected=0,65,128,0,0,3309,0,0,0,0,0,"controlled local burst; wall time includes scoped-thread creation, Aegis policy/transcript processing, bounded-pool admission, primitive verification, and joins; work_units counts accepted verifications only"
local-1786752901640954000,macmini-m2-macos26.5.2-rust1.97.1-aarch64-20260814-workers4,9d3ab807a08ef4cf1077dbc23213e2314ce37c87,MEASURED,1786752915083966000,load,aegis_bounded_verification_pool,ML-DSA-65,concurrent_verify_burst,workers4_concurrency128,512,47,0,21575833,32794000,13107200,true,accepted=66;saturated=62;unexpected=0,66,128,0,0,3309,0,0,0,0,0,"controlled local burst; wall time includes scoped-thread creation, Aegis policy/transcript processing, bounded-pool admission, primitive verification, and joins; work_units counts accepted verifications only"
local-1786752901640954000,macmini-m2-macos26.5.2-rust1.97.1-aarch64-20260814-workers4,9d3ab807a08ef4cf1077dbc23213e2314ce37c87,MEASURED,1786752915161313000,load,aegis_bounded_verification_pool,ML-DSA-65,concurrent_verify_burst,workers4_concurrency128,512,48,0,21452833,35013000,13107200,true,accepted=66;saturated=62;unexpected=0,66,128,0,0,3309,0,0,0,0,0,"controlled local burst; wall time includes scoped-thread creation, Aegis policy/transcript processing, bounded-pool admission, primitive verification, and joins; work_units counts accepted verifications only"
local-1786752901640954000,macmini-m2-macos26.5.2-rust1.97.1-aarch64-20260814-workers4,9d3ab807a08ef4cf1077dbc23213e2314ce37c87,MEASURED,1786752915244943000,load,aegis_bounded_verification_pool,ML-DSA-65,concurrent_verify_burst,workers4_concurrency128,512,49,0,22523125,34752000,13107200,true,accepted=65;saturated=63;unexpected=0,65,128,0,0,3309,0,0,0,0,0,"controlled local burst; wall time includes scoped-thread creation, Aegis policy/transcript processing, bounded-pool admission, primitive verification, and joins; work_units counts accepted verifications only"
local-1786752901640954000,macmini-m2-macos26.5.2-rust1.97.1-aarch64-20260814-workers4,9d3ab807a08ef4cf1077dbc23213e2314ce37c87,MEASURED,1786752915326966000,load,aegis_bounded_verification_pool,ML-DSA-65,concurrent_verify_burst,workers4_concurrency128,512,50,0,25017750,38886000,13107200,true,accepted=67;saturated=61;unexpected=0,67,128,0,0,3309,0,0,0,0,0,"controlled local burst; wall time includes scoped-thread creation, Aegis policy/transcript processing, bounded-pool admission, primitive verification, and joins; work_units counts accepted verifications only"
local-1786752901640954000,macmini-m2-macos26.5.2-rust1.97.1-aarch64-20260814-workers4,9d3ab807a08ef4cf1077dbc23213e2314ce37c87,MEASURED,1786752915403788000,load,aegis_bounded_verification_pool,ML-DSA-65,concurrent_verify_burst,workers4_concurrency128,512,51,0,19485584,34196000,13107200,true,accepted=65;saturated=63;unexpected=0,65,128,0,0,3309,0,0,0,0,0,"controlled local burst; wall time includes scoped-thread creation, Aegis policy/transcript processing, bounded-pool admission, primitive verification, and joins; work_units counts accepted verifications only"
local-1786752901640954000,macmini-m2-macos26.5.2-rust1.97.1-aarch64-20260814-workers4,9d3ab807a08ef4cf1077dbc23213e2314ce37c87,MEASURED,1786752915480802000,load,aegis_bounded_verification_pool,ML-DSA-65,concurrent_verify_burst,workers4_concurrency128,512,52,0,22148541,33656000,13107200,true,accepted=65;saturated=63;unexpected=0,65,128,0,0,3309,0,0,0,0,0,"controlled local burst; wall time includes scoped-thread creation, Aegis policy/transcript processing, bounded-pool admission, primitive verification, and joins; work_units counts accepted verifications only"
local-1786752901640954000,macmini-m2-macos26.5.2-rust1.97.1-aarch64-20260814-workers4,9d3ab807a08ef4cf1077dbc23213e2314ce37c87,MEASURED,1786752915564616000,load,aegis_bounded_verification_pool,ML-DSA-65,concurrent_verify_burst,workers4_concurrency128,512,53,0,21302292,31351000,13107200,true,accepted=65;saturated=63;unexpected=0,65,128,0,0,3309,0,0,0,0,0,"controlled local burst; wall time includes scoped-thread creation, Aegis policy/transcript processing, bounded-pool admission, primitive verification, and joins; work_units counts accepted verifications only"
local-1786752901640954000,macmini-m2-macos26.5.2-rust1.97.1-aarch64-20260814-workers4,9d3ab807a08ef4cf1077dbc23213e2314ce37c87,MEASURED,1786752915637429000,load,aegis_bounded_verification_pool,ML-DSA-65,concurrent_verify_burst,workers4_concurrency128,512,54,0,21207292,32825000,13107200,true,accepted=65;saturated=63;unexpected=0,65,128,0,0,3309,0,0,0,0,0,"controlled local burst; wall time includes scoped-thread creation, Aegis policy/transcript processing, bounded-pool admission, primitive verification, and joins; work_units counts accepted verifications only"
local-1786752901640954000,macmini-m2-macos26.5.2-rust1.97.1-aarch64-20260814-workers4,9d3ab807a08ef4cf1077dbc23213e2314ce37c87,MEASURED,1786752915711283000,load,aegis_bounded_verification_pool,ML-DSA-65,concurrent_verify_burst,workers4_concurrency128,512,55,0,18955167,32301000,13107200,true,accepted=65;saturated=63;unexpected=0,65,128,0,0,3309,0,0,0,0,0,"controlled local burst; wall time includes scoped-thread creation, Aegis policy/transcript processing, bounded-pool admission, primitive verification, and joins; work_units counts accepted verifications only"
local-1786752901640954000,macmini-m2-macos26.5.2-rust1.97.1-aarch64-20260814-workers4,9d3ab807a08ef4cf1077dbc23213e2314ce37c87,MEASURED,1786752915790611000,load,aegis_bounded_verification_pool,ML-DSA-65,concurrent_verify_burst,workers4_concurrency128,512,56,0,22829208,35080000,13107200,true,accepted=66;saturated=62;unexpected=0,66,128,0,0,3309,0,0,0,0,0,"controlled local burst; wall time includes scoped-thread creation, Aegis policy/transcript processing, bounded-pool admission, primitive verification, and joins; work_units counts accepted verifications only"
local-1786752901640954000,macmini-m2-macos26.5.2-rust1.97.1-aarch64-20260814-workers4,9d3ab807a08ef4cf1077dbc23213e2314ce37c87,MEASURED,1786752915895675000,load,aegis_bounded_verification_pool,ML-DSA-65,concurrent_verify_burst,workers4_concurrency128,512,57,0,34347167,33589000,13107200,true,accepted=65;saturated=63;unexpected=0,65,128,0,0,3309,0,0,0,0,0,"controlled local burst; wall time includes scoped-thread creation, Aegis policy/transcript processing, bounded-pool admission, primitive verification, and joins; work_units counts accepted verifications only"
local-1786752901640954000,macmini-m2-macos26.5.2-rust1.97.1-aarch64-20260814-workers4,9d3ab807a08ef4cf1077dbc23213e2314ce37c87,MEASURED,1786752916025737000,load,aegis_bounded_verification_pool,ML-DSA-65,concurrent_verify_burst,workers4_concurrency128,512,58,0,33915959,34858000,13107200,true,accepted=64;saturated=64;unexpected=0,64,128,0,0,3309,0,0,0,0,0,"controlled local burst; wall time includes scoped-thread creation, Aegis policy/transcript processing, bounded-pool admission, primitive verification, and joins; work_units counts accepted verifications only"
local-1786752901640954000,macmini-m2-macos26.5.2-rust1.97.1-aarch64-20260814-workers4,9d3ab807a08ef4cf1077dbc23213e2314ce37c87,MEASURED,1786752916222009000,load,aegis_bounded_verification_pool,ML-DSA-65,concurrent_verify_burst,workers4_concurrency128,512,59,0,107351458,35652000,13107200,true,accepted=64;saturated=64;unexpected=0,64,128,0,0,3309,0,0,0,0,0,"controlled local burst; wall time includes scoped-thread creation, Aegis policy/transcript processing, bounded-pool admission, primitive verification, and joins; work_units counts accepted verifications only"
local-1786752901640954000,macmini-m2-macos26.5.2-rust1.97.1-aarch64-20260814-workers4,9d3ab807a08ef4cf1077dbc23213e2314ce37c87,MEASURED,1786752916321619000,load,aegis_bounded_verification_pool,ML-DSA-65,concurrent_verify_burst,workers4_concurrency128,512,60,0,26152333,37710000,13107200,true,accepted=66;saturated=62;unexpected=0,66,128,0,0,3309,0,0,0,0,0,"controlled local burst; wall time includes scoped-thread creation, Aegis policy/transcript processing, bounded-pool admission, primitive verification, and joins; work_units counts accepted verifications only"
local-1786752901640954000,macmini-m2-macos26.5.2-rust1.97.1-aarch64-20260814-workers4,9d3ab807a08ef4cf1077dbc23213e2314ce37c87,MEASURED,1786752916435661000,load,aegis_bounded_verification_pool,ML-DSA-65,concurrent_verify_burst,workers4_concurrency128,512,61,0,22899292,35187000,13107200,true,accepted=65;saturated=63;unexpected=0,65,128,0,0,3309,0,0,0,0,0,"controlled local burst; wall time includes scoped-thread creation, Aegis policy/transcript processing, bounded-pool admission, primitive verification, and joins; work_units counts accepted verifications only"
local-1786752901640954000,macmini-m2-macos26.5.2-rust1.97.1-aarch64-20260814-workers4,9d3ab807a08ef4cf1077dbc23213e2314ce37c87,MEASURED,1786752916508305000,load,aegis_bounded_verification_pool,ML-DSA-65,concurrent_verify_burst,workers4_concurrency128,512,62,0,18952084,32909000,13123584,true,accepted=65;saturated=63;unexpected=0,65,128,0,0,3309,0,0,0,0,0,"controlled local burst; wall time includes scoped-thread creation, Aegis policy/transcript processing, bounded-pool admission, primitive verification, and joins; work_units counts accepted verifications only"
local-1786752901640954000,macmini-m2-macos26.5.2-rust1.97.1-aarch64-20260814-workers4,9d3ab807a08ef4cf1077dbc23213e2314ce37c87,MEASURED,1786752916580851000,load,aegis_bounded_verification_pool,ML-DSA-65,concurrent_verify_burst,workers4_concurrency128,512,63,0,20006458,34836000,13123584,true,accepted=65;saturated=63;unexpected=0,65,128,0,0,3309,0,0,0,0,0,"controlled local burst; wall time includes scoped-thread creation, Aegis policy/transcript processing, bounded-pool admission, primitive verification, and joins; work_units counts accepted verifications only"
local-1786752901640954000,macmini-m2-macos26.5.2-rust1.97.1-aarch64-20260814-workers4,9d3ab807a08ef4cf1077dbc23213e2314ce37c87,MEASURED,1786752916659470000,load,aegis_bounded_verification_pool,ML-DSA-65,concurrent_verify_burst,workers4_concurrency128,512,64,0,19736500,35361000,13123584,true,accepted=66;saturated=62;unexpected=0,66,128,0,0,3309,0,0,0,0,0,"controlled local burst; wall time includes scoped-thread creation, Aegis policy/transcript processing, bounded-pool admission, primitive verification, and joins; work_units counts accepted verifications only"
local-1786752901640954000,macmini-m2-macos26.5.2-rust1.97.1-aarch64-20260814-workers4,9d3ab807a08ef4cf1077dbc23213e2314ce37c87,MEASURED,1786752916732383000,load,aegis_bounded_verification_pool,ML-DSA-65,concurrent_verify_burst,workers4_concurrency128,512,65,0,20181292,35806000,13123584,true,accepted=67;saturated=61;unexpected=0,67,128,0,0,3309,0,0,0,0,0,"controlled local burst; wall time includes scoped-thread creation, Aegis policy/transcript processing, bounded-pool admission, primitive verification, and joins; work_units counts accepted verifications only"
local-1786752901640954000,macmini-m2-macos26.5.2-rust1.97.1-aarch64-20260814-workers4,9d3ab807a08ef4cf1077dbc23213e2314ce37c87,MEASURED,1786752916805607000,load,aegis_bounded_verification_pool,ML-DSA-65,concurrent_verify_burst,workers4_concurrency128,512,66,0,19189250,34541000,13123584,true,accepted=65;saturated=63;unexpected=0,65,128,0,0,3309,0,0,0,0,0,"controlled local burst; wall time includes scoped-thread creation, Aegis policy/transcript processing, bounded-pool admission, primitive verification, and joins; work_units counts accepted verifications only"
local-1786752901640954000,macmini-m2-macos26.5.2-rust1.97.1-aarch64-20260814-workers4,9d3ab807a08ef4cf1077dbc23213e2314ce37c87,MEASURED,1786752916881321000,load,aegis_bounded_verification_pool,ML-DSA-65,concurrent_verify_burst,workers4_concurrency128,512,67,0,19554416,33669000,13123584,true,accepted=66;saturated=62;unexpected=0,66,128,0,0,3309,0,0,0,0,0,"controlled local burst; wall time includes scoped-thread creation, Aegis policy/transcript processing, bounded-pool admission, primitive verification, and joins; work_units counts accepted verifications only"
local-1786752901640954000,macmini-m2-macos26.5.2-rust1.97.1-aarch64-20260814-workers4,9d3ab807a08ef4cf1077dbc23213e2314ce37c87,MEASURED,1786752916957324000,load,aegis_bounded_verification_pool,ML-DSA-65,concurrent_verify_burst,workers4_concurrency128,512,68,0,20178792,34004000,13123584,true,accepted=68;saturated=60;unexpected=0,68,128,0,0,3309,0,0,0,0,0,"controlled local burst; wall time includes scoped-thread creation, Aegis policy/transcript processing, bounded-pool admission, primitive verification, and joins; work_units counts accepted verifications only"
local-1786752901640954000,macmini-m2-macos26.5.2-rust1.97.1-aarch64-20260814-workers4,9d3ab807a08ef4cf1077dbc23213e2314ce37c87,MEASURED,1786752917029921000,load,aegis_bounded_verification_pool,ML-DSA-65,concurrent_verify_burst,workers4_concurrency128,512,69,0,21185458,32212000,13123584,true,accepted=66;saturated=62;unexpected=0,66,128,0,0,3309,0,0,0,0,0,"controlled local burst; wall time includes scoped-thread creation, Aegis policy/transcript processing, bounded-pool admission, primitive verification, and joins; work_units counts accepted verifications only"
local-1786752901640954000,macmini-m2-macos26.5.2-rust1.97.1-aarch64-20260814-workers4,9d3ab807a08ef4cf1077dbc23213e2314ce37c87,MEASURED,1786752917108253000,load,aegis_bounded_verification_pool,ML-DSA-65,concurrent_verify_burst,workers4_concurrency128,512,70,0,21462083,32055000,13123584,true,accepted=66;saturated=62;unexpected=0,66,128,0,0,3309,0,0,0,0,0,"controlled local burst; wall time includes scoped-thread creation, Aegis policy/transcript processing, bounded-pool admission, primitive verification, and joins; work_units counts accepted verifications only"
local-1786752901640954000,macmini-m2-macos26.5.2-rust1.97.1-aarch64-20260814-workers4,9d3ab807a08ef4cf1077dbc23213e2314ce37c87,MEASURED,1786752917184058000,load,aegis_bounded_verification_pool,ML-DSA-65,concurrent_verify_burst,workers4_concurrency128,512,71,0,18483666,31865000,13123584,true,accepted=65;saturated=63;unexpected=0,65,128,0,0,3309,0,0,0,0,0,"controlled local burst; wall time includes scoped-thread creation, Aegis policy/transcript processing, bounded-pool admission, primitive verification, and joins; work_units counts accepted verifications only"
local-1786752901640954000,macmini-m2-macos26.5.2-rust1.97.1-aarch64-20260814-workers4,9d3ab807a08ef4cf1077dbc23213e2314ce37c87,MEASURED,1786752917249250000,load,aegis_bounded_verification_pool,ML-DSA-65,concurrent_verify_burst,workers4_concurrency128,512,72,0,19117500,32533000,13123584,true,accepted=68;saturated=60;unexpected=0,68,128,0,0,3309,0,0,0,0,0,"controlled local burst; wall time includes scoped-thread creation, Aegis policy/transcript processing, bounded-pool admission, primitive verification, and joins; work_units counts accepted verifications only"
local-1786752901640954000,macmini-m2-macos26.5.2-rust1.97.1-aarch64-20260814-workers4,9d3ab807a08ef4cf1077dbc23213e2314ce37c87,MEASURED,1786752917317785000,load,aegis_bounded_verification_pool,ML-DSA-65,concurrent_verify_burst,workers4_concurrency128,512,73,0,19560250,34943000,13139968,true,accepted=66;saturated=62;unexpected=0,66,128,0,0,3309,0,0,0,0,0,"controlled local burst; wall time includes scoped-thread creation, Aegis policy/transcript processing, bounded-pool admission, primitive verification, and joins; work_units counts accepted verifications only"
local-1786752901640954000,macmini-m2-macos26.5.2-rust1.97.1-aarch64-20260814-workers4,9d3ab807a08ef4cf1077dbc23213e2314ce37c87,MEASURED,1786752917395147000,load,aegis_bounded_verification_pool,ML-DSA-65,concurrent_verify_burst,workers4_concurrency128,512,74,0,21086584,34576000,13139968,true,accepted=66;saturated=62;unexpected=0,66,128,0,0,3309,0,0,0,0,0,"controlled local burst; wall time includes scoped-thread creation, Aegis policy/transcript processing, bounded-pool admission, primitive verification, and joins; work_units counts accepted verifications only"
local-1786752901640954000,macmini-m2-macos26.5.2-rust1.97.1-aarch64-20260814-workers4,9d3ab807a08ef4cf1077dbc23213e2314ce37c87,MEASURED,1786752917471802000,load,aegis_bounded_verification_pool,ML-DSA-65,concurrent_verify_burst,workers4_concurrency128,512,75,0,20450917,33537000,13139968,true,accepted=66;saturated=62;unexpected=0,66,128,0,0,3309,0,0,0,0,0,"controlled local burst; wall time includes scoped-thread creation, Aegis policy/transcript processing, bounded-pool admission, primitive verification, and joins; work_units counts accepted verifications only"
local-1786752901640954000,macmini-m2-macos26.5.2-rust1.97.1-aarch64-20260814-workers4,9d3ab807a08ef4cf1077dbc23213e2314ce37c87,MEASURED,1786752917546062000,load,aegis_bounded_verification_pool,ML-DSA-65,concurrent_verify_burst,workers4_concurrency128,512,76,0,18606583,32483000,13139968,true,accepted=67;saturated=61;unexpected=0,67,128,0,0,3309,0,0,0,0,0,"controlled local burst; wall time includes scoped-thread creation, Aegis policy/transcript processing, bounded-pool admission, primitive verification, and joins; work_units counts accepted verifications only"
local-1786752901640954000,macmini-m2-macos26.5.2-rust1.97.1-aarch64-20260814-workers4,9d3ab807a08ef4cf1077dbc23213e2314ce37c87,MEASURED,1786752917617666000,load,aegis_bounded_verification_pool,ML-DSA-65,concurrent_verify_burst,workers4_concurrency128,512,77,0,18255500,31361000,13139968,true,accepted=67;saturated=61;unexpected=0,67,128,0,0,3309,0,0,0,0,0,"controlled local burst; wall time includes scoped-thread creation, Aegis policy/transcript processing, bounded-pool admission, primitive verification, and joins; work_units counts accepted verifications only"
local-1786752901640954000,macmini-m2-macos26.5.2-rust1.97.1-aarch64-20260814-workers4,9d3ab807a08ef4cf1077dbc23213e2314ce37c87,MEASURED,1786752917684484000,load,aegis_bounded_verification_pool,ML-DSA-65,concurrent_verify_burst,workers4_concurrency128,512,78,0,18712875,31602000,13139968,true,accepted=66;saturated=62;unexpected=0,66,128,0,0,3309,0,0,0,0,0,"controlled local burst; wall time includes scoped-thread creation, Aegis policy/transcript processing, bounded-pool admission, primitive verification, and joins; work_units counts accepted verifications only"
local-1786752901640954000,macmini-m2-macos26.5.2-rust1.97.1-aarch64-20260814-workers4,9d3ab807a08ef4cf1077dbc23213e2314ce37c87,MEASURED,1786752917756540000,load,aegis_bounded_verification_pool,ML-DSA-65,concurrent_verify_burst,workers4_concurrency128,512,79,0,20062500,32400000,13139968,true,accepted=65;saturated=63;unexpected=0,65,128,0,0,3309,0,0,0,0,0,"controlled local burst; wall time includes scoped-thread creation, Aegis policy/transcript processing, bounded-pool admission, primitive verification, and joins; work_units counts accepted verifications only"
local-1786752901640954000,macmini-m2-macos26.5.2-rust1.97.1-aarch64-20260814-workers4,9d3ab807a08ef4cf1077dbc23213e2314ce37c87,MEASURED,1786752917826089000,load,aegis_bounded_verification_pool,ML-DSA-65,concurrent_verify_burst,workers4_concurrency128,512,80,0,20183209,34645000,13139968,true,accepted=68;saturated=60;unexpected=0,68,128,0,0,3309,0,0,0,0,0,"controlled local burst; wall time includes scoped-thread creation, Aegis policy/transcript processing, bounded-pool admission, primitive verification, and joins; work_units counts accepted verifications only"
local-1786752901640954000,macmini-m2-macos26.5.2-rust1.97.1-aarch64-20260814-workers4,9d3ab807a08ef4cf1077dbc23213e2314ce37c87,MEASURED,1786752917897341000,load,aegis_bounded_verification_pool,ML-DSA-65,concurrent_verify_burst,workers4_concurrency128,512,81,0,19230125,33940000,13139968,true,accepted=65;saturated=63;unexpected=0,65,128,0,0,3309,0,0,0,0,0,"controlled local burst; wall time includes scoped-thread creation, Aegis policy/transcript processing, bounded-pool admission, primitive verification, and joins; work_units counts accepted verifications only"
local-1786752901640954000,macmini-m2-macos26.5.2-rust1.97.1-aarch64-20260814-workers4,9d3ab807a08ef4cf1077dbc23213e2314ce37c87,MEASURED,1786752917967983000,load,aegis_bounded_verification_pool,ML-DSA-65,concurrent_verify_burst,workers4_concurrency128,512,82,0,18399917,32524000,13139968,true,accepted=65;saturated=63;unexpected=0,65,128,0,0,3309,0,0,0,0,0,"controlled local burst; wall time includes scoped-thread creation, Aegis policy/transcript processing, bounded-pool admission, primitive verification, and joins; work_units counts accepted verifications only"
local-1786752901640954000,macmini-m2-macos26.5.2-rust1.97.1-aarch64-20260814-workers4,9d3ab807a08ef4cf1077dbc23213e2314ce37c87,MEASURED,1786752918033409000,load,aegis_bounded_verification_pool,ML-DSA-65,concurrent_verify_burst,workers4_concurrency128,512,83,0,18689959,32213000,13139968,true,accepted=65;saturated=63;unexpected=0,65,128,0,0,3309,0,0,0,0,0,"controlled local burst; wall time includes scoped-thread creation, Aegis policy/transcript processing, bounded-pool admission, primitive verification, and joins; work_units counts accepted verifications only"
local-1786752901640954000,macmini-m2-macos26.5.2-rust1.97.1-aarch64-20260814-workers4,9d3ab807a08ef4cf1077dbc23213e2314ce37c87,MEASURED,1786752918098865000,load,aegis_bounded_verification_pool,ML-DSA-65,concurrent_verify_burst,workers4_concurrency128,512,84,0,18636500,32143000,13139968,true,accepted=65;saturated=63;unexpected=0,65,128,0,0,3309,0,0,0,0,0,"controlled local burst; wall time includes scoped-thread creation, Aegis policy/transcript processing, bounded-pool admission, primitive verification, and joins; work_units counts accepted verifications only"
local-1786752901640954000,macmini-m2-macos26.5.2-rust1.97.1-aarch64-20260814-workers4,9d3ab807a08ef4cf1077dbc23213e2314ce37c87,MEASURED,1786752918165591000,load,aegis_bounded_verification_pool,ML-DSA-65,concurrent_verify_burst,workers4_concurrency128,512,85,0,18806084,31360000,13139968,true,accepted=65;saturated=63;unexpected=0,65,128,0,0,3309,0,0,0,0,0,"controlled local burst; wall time includes scoped-thread creation, Aegis policy/transcript processing, bounded-pool admission, primitive verification, and joins; work_units counts accepted verifications only"
local-1786752901640954000,macmini-m2-macos26.5.2-rust1.97.1-aarch64-20260814-workers4,9d3ab807a08ef4cf1077dbc23213e2314ce37c87,MEASURED,1786752918235179000,load,aegis_bounded_verification_pool,ML-DSA-65,concurrent_verify_burst,workers4_concurrency128,512,86,0,18948875,32130000,13139968,true,accepted=66;saturated=62;unexpected=0,66,128,0,0,3309,0,0,0,0,0,"controlled local burst; wall time includes scoped-thread creation, Aegis policy/transcript processing, bounded-pool admission, primitive verification, and joins; work_units counts accepted verifications only"
local-1786752901640954000,macmini-m2-macos26.5.2-rust1.97.1-aarch64-20260814-workers4,9d3ab807a08ef4cf1077dbc23213e2314ce37c87,MEASURED,1786752918302334000,load,aegis_bounded_verification_pool,ML-DSA-65,concurrent_verify_burst,workers4_concurrency128,512,87,0,19464917,32412000,13139968,true,accepted=65;saturated=63;unexpected=0,65,128,0,0,3309,0,0,0,0,0,"controlled local burst; wall time includes scoped-thread creation, Aegis policy/transcript processing, bounded-pool admission, primitive verification, and joins; work_units counts accepted verifications only"
local-1786752901640954000,macmini-m2-macos26.5.2-rust1.97.1-aarch64-20260814-workers4,9d3ab807a08ef4cf1077dbc23213e2314ce37c87,MEASURED,1786752918374763000,load,aegis_bounded_verification_pool,ML-DSA-65,concurrent_verify_burst,workers4_concurrency128,512,88,0,18986041,33609000,13139968,true,accepted=66;saturated=62;unexpected=0,66,128,0,0,3309,0,0,0,0,0,"controlled local burst; wall time includes scoped-thread creation, Aegis policy/transcript processing, bounded-pool admission, primitive verification, and joins; work_units counts accepted verifications only"
local-1786752901640954000,macmini-m2-macos26.5.2-rust1.97.1-aarch64-20260814-workers4,9d3ab807a08ef4cf1077dbc23213e2314ce37c87,MEASURED,1786752918439669000,load,aegis_bounded_verification_pool,ML-DSA-65,concurrent_verify_burst,workers4_concurrency128,512,89,0,19729417,33641000,13139968,true,accepted=65;saturated=63;unexpected=0,65,128,0,0,3309,0,0,0,0,0,"controlled local burst; wall time includes scoped-thread creation, Aegis policy/transcript processing, bounded-pool admission, primitive verification, and joins; work_units counts accepted verifications only"
local-1786752901640954000,macmini-m2-macos26.5.2-rust1.97.1-aarch64-20260814-workers4,9d3ab807a08ef4cf1077dbc23213e2314ce37c87,MEASURED,1786752918509211000,load,aegis_bounded_verification_pool,ML-DSA-65,concurrent_verify_burst,workers4_concurrency128,512,90,0,18544292,28337000,13139968,true,accepted=64;saturated=64;unexpected=0,64,128,0,0,3309,0,0,0,0,0,"controlled local burst; wall time includes scoped-thread creation, Aegis policy/transcript processing, bounded-pool admission, primitive verification, and joins; work_units counts accepted verifications only"
local-1786752901640954000,macmini-m2-macos26.5.2-rust1.97.1-aarch64-20260814-workers4,9d3ab807a08ef4cf1077dbc23213e2314ce37c87,MEASURED,1786752918577296000,load,aegis_bounded_verification_pool,ML-DSA-65,concurrent_verify_burst,workers4_concurrency128,512,91,0,17815416,31219000,13139968,true,accepted=65;saturated=63;unexpected=0,65,128,0,0,3309,0,0,0,0,0,"controlled local burst; wall time includes scoped-thread creation, Aegis policy/transcript processing, bounded-pool admission, primitive verification, and joins; work_units counts accepted verifications only"
local-1786752901640954000,macmini-m2-macos26.5.2-rust1.97.1-aarch64-20260814-workers4,9d3ab807a08ef4cf1077dbc23213e2314ce37c87,MEASURED,1786752918646087000,load,aegis_bounded_verification_pool,ML-DSA-65,concurrent_verify_burst,workers4_concurrency128,512,92,0,18219541,31471000,13139968,true,accepted=66;saturated=62;unexpected=0,66,128,0,0,3309,0,0,0,0,0,"controlled local burst; wall time includes scoped-thread creation, Aegis policy/transcript processing, bounded-pool admission, primitive verification, and joins; work_units counts accepted verifications only"
local-1786752901640954000,macmini-m2-macos26.5.2-rust1.97.1-aarch64-20260814-workers4,9d3ab807a08ef4cf1077dbc23213e2314ce37c87,MEASURED,1786752918723240000,load,aegis_bounded_verification_pool,ML-DSA-65,concurrent_verify_burst,workers4_concurrency128,512,93,0,22113500,36580000,13139968,true,accepted=67;saturated=61;unexpected=0,67,128,0,0,3309,0,0,0,0,0,"controlled local burst; wall time includes scoped-thread creation, Aegis policy/transcript processing, bounded-pool admission, primitive verification, and joins; work_units counts accepted verifications only"
local-1786752901640954000,macmini-m2-macos26.5.2-rust1.97.1-aarch64-20260814-workers4,9d3ab807a08ef4cf1077dbc23213e2314ce37c87,MEASURED,1786752918807273000,load,aegis_bounded_verification_pool,ML-DSA-65,concurrent_verify_burst,workers4_concurrency128,512,94,0,22750541,32439000,13139968,true,accepted=65;saturated=63;unexpected=0,65,128,0,0,3309,0,0,0,0,0,"controlled local burst; wall time includes scoped-thread creation, Aegis policy/transcript processing, bounded-pool admission, primitive verification, and joins; work_units counts accepted verifications only"
local-1786752901640954000,macmini-m2-macos26.5.2-rust1.97.1-aarch64-20260814-workers4,9d3ab807a08ef4cf1077dbc23213e2314ce37c87,MEASURED,1786752918876632000,load,aegis_bounded_verification_pool,ML-DSA-65,concurrent_verify_burst,workers4_concurrency128,512,95,0,18344834,32586000,13139968,true,accepted=65;saturated=63;unexpected=0,65,128,0,0,3309,0,0,0,0,0,"controlled local burst; wall time includes scoped-thread creation, Aegis policy/transcript processing, bounded-pool admission, primitive verification, and joins; work_units counts accepted verifications only"
local-1786752901640954000,macmini-m2-macos26.5.2-rust1.97.1-aarch64-20260814-workers4,9d3ab807a08ef4cf1077dbc23213e2314ce37c87,MEASURED,1786752918949624000,load,aegis_bounded_verification_pool,ML-DSA-65,concurrent_verify_burst,workers4_concurrency128,512,96,0,21320791,31872000,13139968,true,accepted=65;saturated=63;unexpected=0,65,128,0,0,3309,0,0,0,0,0,"controlled local burst; wall time includes scoped-thread creation, Aegis policy/transcript processing, bounded-pool admission, primitive verification, and joins; work_units counts accepted verifications only"
local-1786752901640954000,macmini-m2-macos26.5.2-rust1.97.1-aarch64-20260814-workers4,9d3ab807a08ef4cf1077dbc23213e2314ce37c87,MEASURED,1786752919019362000,load,aegis_bounded_verification_pool,ML-DSA-65,concurrent_verify_burst,workers4_concurrency128,512,97,0,20440083,28713000,13139968,true,accepted=65;saturated=63;unexpected=0,65,128,0,0,3309,0,0,0,0,0,"controlled local burst; wall time includes scoped-thread creation, Aegis policy/transcript processing, bounded-pool admission, primitive verification, and joins; work_units counts accepted verifications only"
local-1786752901640954000,macmini-m2-macos26.5.2-rust1.97.1-aarch64-20260814-workers4,9d3ab807a08ef4cf1077dbc23213e2314ce37c87,MEASURED,1786752919084863000,load,aegis_bounded_verification_pool,ML-DSA-65,concurrent_verify_burst,workers4_concurrency128,512,98,0,18480333,31397000,13139968,true,accepted=66;saturated=62;unexpected=0,66,128,0,0,3309,0,0,0,0,0,"controlled local burst; wall time includes scoped-thread creation, Aegis policy/transcript processing, bounded-pool admission, primitive verification, and joins; work_units counts accepted verifications only"
local-1786752901640954000,macmini-m2-macos26.5.2-rust1.97.1-aarch64-20260814-workers4,9d3ab807a08ef4cf1077dbc23213e2314ce37c87,MEASURED,1786752919171370000,load,aegis_bounded_verification_pool,ML-DSA-65,concurrent_verify_burst,workers4_concurrency128,512,99,0,18103125,32574000,13139968,true,accepted=65;saturated=63;unexpected=0,65,128,0,0,3309,0,0,0,0,0,"controlled local burst; wall time includes scoped-thread creation, Aegis policy/transcript processing, bounded-pool admission, primitive verification, and joins; work_units counts accepted verifications only"
